new_id,original_id
0,2
1,7
2,76
3,82
4,90
5,172
6,198
7,578
8,999
9,1362
10,1568
11,6962
12,21655
13,33451
14,53180
15,68152
16,102693
17,345941
18,385836
19,524179
20,600390
21,632428
22,682435
23,701240
24,715232
25,1049660
26,1065420
27,1188028
28,1251961
29,1262358
30,1267087
31,1345464
32,1353407
33,1664278
34,1713733
35,1720507
36,1727399
37,1742972
38,2183101
39,2191706
40,2265528
41,2269927
42,2422651
43,2562212
44,2631789
45,2857731
46,3010755
47,3089492
48,3200236
49,3317300
50,3322043
51,3335817
52,3378329
53,3423900
54,3667838
55,3738859
56,3829533
57,3866261
58,3939201
59,4138668
60,4157638
61,4314931
62,4351941
63,4443469
64,4485130
65,4529694
66,4648143
67,5070344
68,5104021
69,5227880
70,5279889
71,5289007
72,5374926
73,5408127
74,5414445
75,5448204
76,5474806
77,5487474
78,5696396
79,5804723
80,5880610
81,5890285
82,5990098
83,6122371
84,6136490
85,6323064
86,6351392
87,6356413
88,6389939
89,6409468
90,6493457
91,6532979
92,6557279
93,6665922
94,6831559
95,6846207
96,6862565
97,7035297
98,7073359
99,7120201
100,7168835
101,7187242
102,7190103
103,7369663
104,7568031
105,7651864
106,7656437
107,7691709
108,7727355
109,7759045
110,7783240
111,7791432
112,7808550
113,7835488
114,7886832
115,7894286
116,8015578
117,8131079
118,8159361
119,8189280
120,8191636
121,8220783
122,8331779
123,8467650
124,8505696
125,8708052
126,8796651
127,9079824
128,9133915
129,9387571
130,9396837
131,9434946
132,9463449
133,9572621
134,9596735
135,9691912
136,9833404
137,9875514
138,9988686
139,10224860
140,10248507
141,10294626
142,10441609
143,10442565
144,10736734
145,10756722
146,10785244
147,10802271
148,10814276
149,10868449
150,10873197
151,10967004
152,11142603
153,11487529
154,11501811
155,11591905
156,11678783
157,11681908
158,11740065
159,11770893
160,11868251
161,11933830
162,11955277
163,11983626
164,12048908
165,12199644
166,12199827
167,12746440
168,12858635
169,12888156
170,13040817
171,13045851
172,13054654
173,13185693
174,13197383
175,13309890
176,13487737
177,13551430
178,13587715
179,13929433
180,13975706
181,14047894
182,14082440
183,14116848
184,14216428
185,14226476
186,14263490
187,14437398
188,14738543
189,14985533
190,15284598
191,15465432
192,15517908
193,15673543
194,15747685
195,15812312
196,15818113
197,15843564
198,16039993
199,16192499
200,16229667
201,16273807
202,16348301
203,16680194
204,16729224
205,16932095
206,16964966
207,17037277
208,17205811
209,17241751
210,17278367
211,17331614
212,17401835
213,17470677
214,17475924
215,17645387
216,17789024
217,17956487
218,17981483
219,18000005
220,18003973
221,18025997
222,18077943
223,18150882
224,18242700
225,18444838
226,18642433
227,18706036
228,18731724
229,18754148
230,18822521
231,18931306
232,18943780
233,19054170
234,19058715
235,19109925
236,19119943
237,19220123
238,19354330
239,19403549
240,19519968
241,19656348
242,19676142
243,19680388
244,19691924
245,19695226
246,19755027
247,19787664
248,19811622
249,19902009
250,19970247
251,20157477
252,20171198
253,20420655
254,20501951
255,20538612
256,20578464
257,20635954
258,20670655
259,20717714
260,20763716
261,20871536
262,20998440
263,21110988
264,21147329
265,21310153
266,21321240
267,21493477
268,21739181
269,21742962
270,21876312
271,22002938
272,22048234
273,22137458
274,22154321
275,22338385
276,22404564
277,22551129
278,22606964
279,22650993
280,22750285
281,22910511
282,23070982
283,23072563
284,23116987
285,23144840
286,23367334
287,23453006
288,23541861
289,23552460
290,23595139
291,23686084
292,23726909
293,24043063
294,24058013
295,24064216
296,24113176
297,24201007
298,24218036
299,24220309
300,24233141
301,24237549
302,24274633
303,24461227
304,24461336
305,24482267
306,24499235
307,24704008
308,24828643
309,24907241
310,24916987
311,25097095
312,25176905
313,25194192
314,25195473
315,25309164
316,25313328
317,25321552
318,25353937
319,25420011
320,25541352
321,25682056
322,25806645
323,25869041
324,25932483
325,25945332
326,26047437
327,26058889
328,26069588
329,26103219
330,26147815
331,26192522
332,26215473
333,26251245
334,26309313
335,26371587
336,26451210
337,26681457
338,26936489
339,26938230
340,27046549
341,27341715
342,27455528
343,27520598
344,27646791
345,27687373
346,27697147
347,27700097
348,27999238
349,28124453
350,28356547
351,28442544
352,28461446
353,28554497
354,28561934
355,28647327
356,28718875
357,28762239
358,28858133
359,28894089
360,29006804
361,29194653
362,29240674
363,29319444
364,29384124
365,29475594
366,29622826
367,29661977
368,29733573
369,29742412
370,29791807
371,29890224
372,29947567
373,30130130
374,30165175
375,30318187
376,30384036
377,30388741
378,30516065
379,30684203
380,30695907
381,30943090
382,30950152
383,30977052
384,30997671
385,31064818
386,31136144
387,31282060
388,31464483
389,31538683
390,31845998
391,31898248
392,31913159
393,31956900
394,32056632
395,32100739
396,32383189
397,32458984
398,32704203
399,32731519
400,32769122
401,32805651
402,32907625
403,32989719
404,33018812
405,33122679
406,33336785
407,33346917
408,33348665
409,33424797
410,33516015
411,33833423
412,34079560
413,34144530
414,34172115
415,34444643
416,34495255
417,34495668
418,34584545
419,34836835
420,34942002
421,35158119
422,35268178
423,35306541
424,35361932
425,35406785
426,35521663
427,35534229
428,35617960
429,35746760
430,35759957
431,35799170
432,35839083
433,35840968
434,35916636
435,36066931
436,36091001
437,36223531
438,36443713
439,36467091
440,36573224
441,36584248
442,36589913
443,36626695
444,36748776
445,36805127
446,36995348
447,37042026
448,37067323
449,37070535
450,37075885
451,37100066
452,37128090
453,37141903
454,37263636
455,37288731
456,37396574
457,37411688
458,37420732
459,37508873
460,37516522
461,37558394
462,37616790
463,37958909
464,38186615
465,38217906
466,38261156
467,38306725
468,38342524
469,38343943
470,38368656
471,38393235
472,38394895
473,38432105
474,38432848
475,38444327
476,38516327
477,38823252
478,38904010
479,38938554
480,39037636
481,39076542
482,39250820
483,39390887
484,39652435
485,39813599
486,40192412
487,40280230
488,40471536
489,40492483
490,40542837
491,40650732
492,40744224
493,40821029
494,40871264
495,40899076
496,41105954
497,41158038
498,41331281
499,41427441
500,41554185
501,41654732
502,42049260
503,42050529
504,42116961
505,42168990
506,42173629
507,42227378
508,42238997
509,42300918
510,42418570
511,42779033
512,42814907
513,42873202
514,43078090
515,43114824
516,43148636
517,43169410
518,43293541
519,43400429
520,43417185
521,43499560
522,43567727
523,43675119
524,43783971
525,43813475
526,43814630
527,43912432
528,44363597
529,44388025
530,44426181
531,44440874
532,44512555
533,44634126
534,44687986
535,44692520
536,44757722
537,44797262
538,44871879
539,44885489
540,44998648
541,45162813
542,45257577
543,45502661
544,45540374
545,45647232
546,45663632
547,45758504
548,45785431
549,45798350
550,45863900
551,45898514
552,45970902
553,45995102
554,46024288
555,46097229
556,46138383
557,46403445
558,46507615
559,46864302
560,46900049
561,46902402
562,46927980
563,46951281
564,47094717
565,47103664
566,47170732
567,47367884
568,47474236
569,47509476
570,47521088
571,47531786
572,47733171
573,47961445
574,47986129
575,48049345
576,48074849
577,48141494
578,48255963
579,48256639
580,48325150
581,48410852
582,48538566
583,48590607
584,48664788
585,48718265
586,48812751
587,48905171
588,48952266
589,48965317
590,48983652
591,49295610
592,49359316
593,49391543
594,49503468
595,49603929
596,49605405
597,49754580
598,49788751
599,49852324
600,49872804
601,49896209
602,49951598
603,50280407
604,50349505
605,50444146
606,50678332
607,50716443
608,50787159
609,50794427
610,50812099
611,50880902
612,50935149
613,50959081
614,51012629
615,51073258
616,51166964
617,51171395
618,51251651
619,51324282
620,51453119
621,51473937
622,51495836
623,51582612
624,51655735
625,51755757
626,52255783
627,52279525
628,52351602
629,52497321
630,52583362
631,52584260
632,52720554
633,52823230
634,52997232
635,53059750
636,53074077
637,53184394
638,53212996
639,53297542
640,53315593
641,54112775
642,54115631
643,54161403
644,54162572
645,54427928
646,54555157
647,54777517
648,54857186
649,54949249
650,55144879
651,55166391
652,55169607
653,55213167
654,55219068
655,55245921
656,55370516
657,55372988
658,55461643
659,55690808
660,55711367
661,55828845
662,55916495
663,56094800
664,56117143
665,56256330
666,56260407
667,56309879
668,56359648
669,56473058
670,56669472
671,56904282
672,56915479
673,56994634
674,57043099
675,57088632
676,57128463
677,57385757
678,57432765
679,57433995
680,57633876
681,57758999
682,57807009
683,57838135
684,57896849
685,58068085
686,58084125
687,58091121
688,58092625
689,58119251
690,58210538
691,58295552
692,58429453
693,58511565
694,58769937
695,58840893
696,58924689
697,59029820
698,59082141
699,59380469
700,59486345
701,59623765
702,59744804
703,59823741
704,59875241
705,59935275
706,60163243
707,60202646
708,60270485
709,60277990
710,60291492
711,60342556
712,60377415
713,60388964
714,60580492
715,60635638
716,60724091
717,60762778
718,60764190
719,60813010
720,60864895
721,60977100
722,61191502
723,61374282
724,61417262
725,61492808
726,61637993
727,61685459
728,61795233
729,61915750
730,61918520
731,61980756
732,62331188
733,62529574
734,62535355
735,62619101
736,62688541
737,62719234
738,62739830
739,62757422
740,62766124
741,62901924
742,63264714
743,63369616
744,63491643
745,63513786
746,63613792
747,63660964
748,63808913
749,63946324
750,64030433
751,64053658
752,64055915
753,64111216
754,64113118
755,64164386
756,64183985
757,64401987
758,64415029
759,64617084
760,64621319
761,64622391
762,64651665
763,64708087
764,64766477
765,64859876
766,64932972
767,64981971
768,65125724
769,65351940
770,65445225
771,65538439
772,65592631
773,65624306
774,65642394
775,65658985
776,65666663
777,65744927
778,65934664
779,66002830
780,66046507
781,66183038
782,66184531
783,66469476
784,66616451
785,66664873
786,66909435
787,66920678
788,67036147
789,67334681
790,67337810
791,67483916
792,67506250
793,67508575
794,67674079
795,67766827
796,67790325
797,67812979
798,68094098
799,68193977
800,68301389
801,68534635
802,68563475
803,68666737
804,68694368
805,68744651
806,68775263
807,68849314
808,68884387
809,69036940
810,69060391
811,69076811
812,69118245
813,69159774
814,69252127
815,69262560
816,69398713
817,69424247
818,69573253
819,69763229
820,69766208
821,69802191
822,69843016
823,69906141
824,69939262
825,70051951
826,70216604
827,70352422
828,70414647
829,70621957
830,70672493
831,70843273
832,70884438
833,70895600
834,71001519
835,71049476
836,71067231
837,71126858
838,71136417
839,71226244
840,71228039
841,71229628
842,71478391
843,71642389
844,71686766
845,71714435
846,71882494
847,71922091
848,72057475
849,72134116
850,72196242
851,72458472
852,72460456
853,72493428
854,72546872
855,72828789
856,72856175
857,72894791
858,72973241
859,73016397
860,73123992
861,73166063
862,73203195
863,73211778
864,73320552
865,73405619
866,73424543
867,73514367
868,73590336
869,73684290
870,73730066
871,73820516
872,73842886
873,74097155
874,74161551
875,74284420
876,74400671
877,74483342
878,74647972
879,74653773
880,74706104
881,74816306
882,74920271
883,75013830
884,75135699
885,75205083
886,75416334
887,75422312
888,75607225
889,75625298
890,75737889
891,75892878
892,75971113
893,75990506
894,75994757
895,76065615
896,76119405
897,76149859
898,76155936
899,76216472
900,76342127
901,76363869
902,76384993
903,76386807
904,76408767
905,76421171
906,76474517
907,76527891
908,76712282
909,76757716
910,76922692
911,77181083
912,77245615
913,77339553
914,77398617
915,77535054
916,77643516
917,77673639
918,77701283
919,77864748
920,77978349
921,78027247
922,78280108
923,78402418
924,78535315
925,78543108
926,78624362
927,78683156
928,78808029
929,78902359
930,78921371
931,78947603
932,79034737
933,79040621
934,79074002
935,79121170
936,79190650
937,79194219
938,79736130
939,79814765
940,79921575
941,80043806
942,80297901
943,80345070
944,80355775
945,80612881
946,80772243
947,80994374
948,81228355
949,81266783
950,81369285
951,81378037
952,81504425
953,81532487
954,81537569
955,81617918
956,81644960
957,81726326
958,81820427
959,81872657
960,82003674
961,82296438
962,82450904
963,82565448
964,82627182
965,82670467
966,82751854
967,82901098
968,82911307
969,82932270
970,83018431
971,83064646
972,83070054
973,83083062
974,83101783
975,83134937
976,83143040
977,83670318
978,83757896
979,83860284
980,84024661
981,84114846
982,84115257
983,84138540
984,84188601
985,84234660
986,84507590
987,84511110
988,84520406
989,84656477
990,84940160
991,84957418
992,85068307
993,85071594
994,85169815
995,85197430
996,85511625
997,85686950
998,85705875
999,85729145
1000,85740868
1001,85819241
1002,86025740
1003,86030665
1004,86051095
1005,86110352
1006,86156288
1007,86157918
1008,86233061
1009,86457781
1010,86465732
1011,86524522
1012,86528395
1013,86537572
1014,86559438
1015,86580488
1016,86759927
1017,86769217
1018,86849334
1019,86907538
1020,86937114
1021,87067606
1022,87088273
1023,87126358
1024,87248915
1025,87372231
1026,87374376
1027,87469184
1028,87498858
1029,87527648
1030,87631773
1031,87634644
1032,87657127
1033,87663110
1034,87844060
1035,88037011
1036,88119229
1037,88328500
1038,88360802
1039,88434533
1040,88767228
1041,88772521
1042,88849148
1043,89015733
1044,89147331
1045,89197104
1046,89464021
1047,89467272
1048,89785142
1049,89800675
1050,89805924
1051,89921800
1052,90043195
1053,90155165
1054,90235330
1055,90244737
1056,90345575
1057,90583790
1058,90585536
1059,90653440
1060,90729618
1061,90827113
1062,90909062
1063,91078162
1064,91109211
1065,91334524
1066,91338718
1067,91662348
1068,91775628
1069,91787075
1070,91925590
1071,92039494
1072,92082889
1073,92192131
1074,92393823
1075,92596880
1076,92704064
1077,92722166
1078,92733726
1079,92742123
1080,92886908
1081,93006301
1082,93027370
1083,93151435
1084,93338498
1085,93374017
1086,93481126
1087,93566003
1088,93699154
1089,93745397
1090,93756007
1091,93932040
1092,94032557
1093,94142482
1094,94413906
1095,94505823
1096,94608147
1097,94756741
1098,94960551
1099,95010913
1100,95038811
1101,95219545
1102,95221514
1103,95263112
1104,95303837
1105,95446458
1106,95466476
1107,95481794
1108,95509197
1109,95524416
1110,95653768
1111,95675700
1112,95976533
1113,96097361
1114,96105408
1115,96321381
1116,96359822
1117,96373126
1118,96392247
1119,96430808
1120,96579338
1121,96741905
1122,96949705
1123,96961582
1124,96995028
1125,97035479
1126,97056959
1127,97208662
1128,97233715
1129,97485923
1130,97591700
1131,97670856
1132,97683966
1133,97767758
1134,98135886
1135,98141816
1136,98252897
1137,98281319
1138,98298712
1139,98385869
1140,98440696
1141,98495195
1142,98623522
1143,98810966
1144,98840730
1145,98870826
1146,98877361
1147,98927027
1148,98942950
1149,98981985
1150,98990703
1151,98991491
1152,99063333
1153,99190799
1154,99365224
1155,99493382
1156,99524289
1157,99659470
1158,99689736
1159,99921021
1160,100094046
1161,100098102
1162,100204817
1163,100336410
1164,100361513
1165,100418637
1166,100612230
1167,100644324
1168,100731880
1169,100858416
1170,100976389
1171,100976831
1172,100992021
1173,101077739
1174,101079839
1175,101147324
1176,101203095
1177,101220908
1178,101301186
1179,101436791
1180,101471146
1181,101532440
1182,101592304
1183,101933291
1184,102007777
1185,102066567
1186,102093905
1187,102117038
1188,102164509
1189,102249401
1190,102392056
1191,102422365
1192,102500340
1193,102602510
1194,102609452
1195,102807287
1196,102841618
1197,102985578
1198,103002296
1199,103067965
1200,103382905
1201,103427369
1202,103469679
1203,103553232
1204,103607857
1205,103609537
1206,103670959
1207,103678535
1208,103765981
1209,103822080
1210,103961146
1211,103967438
1212,104054996
1213,104391271
1214,104441371
1215,104686205
1216,104709109
1217,104755383
1218,104825821
1219,104854199
1220,105064382
1221,105130025
1222,105208179
1223,105317846
1224,105360584
1225,105388960
1226,105469216
1227,105504393
1228,105507864
1229,105706882
1230,105817418
1231,105949214
1232,105991013
1233,106117102
1234,106157563
1235,106495946
1236,106527838
1237,106560362
1238,106642868
1239,106720441
1240,106799267
1241,106846376
1242,107042015
1243,107057469
1244,107076306
1245,107195960
1246,107239119
1247,107341503
1248,107358535
1249,107454728
1250,107582202
1251,107805883
1252,107818296
1253,107937803
1254,108031760
1255,108044456
1256,108149430
1257,108289551
1258,108451018
1259,108651307
1260,108787385
1261,108863747
1262,108960646
1263,108979848
1264,109200369
1265,109203789
1266,109256394
1267,109338670
1268,109364915
1269,109404805
1270,109533685
1271,109534608
1272,109632601
1273,109773360
1274,109791302
1275,109793406
1276,110028557
1277,110112291
1278,110229944
1279,110315131
1280,110448295
1281,110520759
1282,110573626
1283,110648923
1284,110728374
1285,110742013
1286,110776234
1287,110799655
1288,110983132
1289,110992169
1290,111041896
1291,111334584
1292,111513032
1293,111701153
1294,111714423
1295,111857447
1296,111907124
1297,111976599
1298,111999121
1299,112012066
1300,112137526
1301,112154776
1302,112163475
1303,112295842
1304,112309505
1305,112324981
1306,112442768
1307,112462488
1308,112504360
1309,112624503
1310,112767554
1311,112871091
1312,112880831
1313,112904928
1314,113189942
1315,113236511
1316,113297499
1317,113361944
1318,113449279
1319,113569914
1320,113662173
1321,113816437
1322,114170343
1323,114179580
1324,114227083
1325,114230944
1326,114262918
1327,114387251
1328,114422660
1329,114467759
1330,114554406
1331,114569857
1332,114583441
1333,114639809
1334,114666763
1335,114831092
1336,114862217
1337,114923496
1338,115034696
1339,115480523
1340,115483840
1341,115680757
1342,115731427
1343,115747015
1344,115956697
1345,116021648
1346,116129747
1347,116147681
1348,116270297
1349,116301720
1350,116426691
1351,116518117
1352,116683274
1353,116745267
1354,117055154
1355,117057614
1356,117071360
1357,117337093
1358,117382046
1359,117578906
1360,117638888
1361,117699635
1362,117855665
1363,117881165
1364,118012490
1365,118056900
1366,118381150
1367,118480824
1368,118532717
1369,118534500
1370,118600243
1371,118606254
1372,118635158
1373,118732547
1374,118795343
1375,118935106
1376,118953237
1377,119002647
1378,119040568
1379,119131026
1380,119200676
1381,119227384
1382,119296014
1383,119323307
1384,119397645
1385,119408736
1386,119433342
1387,119480071
1388,119561451
1389,119923976
1390,119945016
1391,120039895
1392,120220501
1393,120253322
1394,120315321
1395,120329358
1396,120338681
1397,120446184
1398,120539603
1399,120556431
1400,120565610
1401,120637149
1402,120755230
1403,120755696
1404,120995336
1405,121056656
1406,121330422
1407,121414861
1408,121508540
1409,121673543
1410,121821722
1411,121878265
1412,121918353
1413,122117382
1414,122138638
1415,122172345
1416,122184266
1417,122217633
1418,122236671
1419,122358885
1420,122414580
1421,122469603
1422,122538377
1423,122576206
1424,122628769
1425,122690195
1426,122726750
1427,122768141
1428,122802377
1429,122870919
1430,123280167
1431,123326306
1432,123385147
1433,123407044
1434,123600548
1435,123783156
1436,123825825
1437,123859176
1438,123895208
1439,123918763
1440,123922124
1441,123931420
1442,123987991
1443,124076834
1444,124143057
1445,124206593
1446,124304577
1447,124343145
1448,124647851
1449,124655205
1450,124705548
1451,124739193
1452,124816412
1453,124841526
1454,124847310
1455,124989089
1456,125092685
1457,125216922
1458,125333287
1459,125360947
1460,125405020
1461,125758574
1462,125864004
1463,125886581
1464,125980412
1465,126002489
1466,126396119
1467,126657976
1468,126715962
1469,126741608
1470,126887099
1471,126965621
1472,126998713
1473,127028078
1474,127185061
1475,127216821
1476,127235590
1477,127322566
1478,127428314
1479,127575399
1480,127581439
1481,127622291
1482,127691201
1483,127706444
1484,127724532
1485,127746991
1486,127748745
1487,127793714
1488,127838918
1489,127864447
1490,127892605
1491,128090723
1492,128129361
1493,128216926
1494,128234548
1495,128300301
1496,128315963
1497,128326191
1498,128345013
1499,128377400
1500,128567604
1501,128625624
1502,128820654
1503,129246869
1504,129251542
1505,129354264
1506,129373771
1507,129443840
1508,129529823
1509,129557054
1510,129753923
1511,129854026
1512,130039648
1513,130061687
1514,130179166
1515,130330632
1516,130507820
1517,130649315
1518,130714030
1519,130721549
1520,131013245
1521,131079731
1522,131177073
1523,131259193
1524,131308716
1525,131373603
1526,131456474
1527,131748789
1528,131749201
1529,131959824
1530,132107172
1531,132157933
1532,132314706
1533,132491600
1534,132503368
1535,132540497
1536,132581992
1537,132799431
1538,132847761
1539,132858113
1540,132865605
1541,132953564
1542,133009372
1543,133022681
1544,133273978
1545,133283688
1546,133466672
1547,133478417
1548,133493057
1549,133502180
1550,133519066
1551,133544298
1552,133571367
1553,133629439
1554,133670701
1555,133726357
1556,133788334
1557,133823175
1558,134089663
1559,134177036
1560,134283531
1561,134289173
1562,134295644
1563,134464150
1564,134510954
1565,134536058
1566,134699391
1567,134856204
1568,134868827
1569,134873599
1570,135034460
1571,135078825
1572,135339302
1573,135474025
1574,135595754
1575,135623740
1576,135626520
1577,135770307
1578,135836959
1579,135843068
1580,135844420
1581,136045154
1582,136050276
1583,136276669
1584,136307048
1585,136409663
1586,136525184
1587,136532750
1588,136556355
1589,136636887
1590,136773604
1591,136881145
1592,137051059
1593,137236752
1594,137314529
1595,137315010
1596,137357989
1597,137361661
1598,137424426
1599,137602889
1600,137776392
1601,137867347
1602,137990260
1603,138382457
1604,138594848
1605,138600127
1606,138616095
1607,138689512
1608,138739829
1609,138801296
1610,138806845
1611,139033611
1612,139102015
1613,139194085
1614,139314165
1615,139391665
1616,139448834
1617,139477633
1618,139666598
1619,139710998
1620,139777620
1621,139934932
1622,140009813
1623,140096425
1624,140207949
1625,140275430
1626,140332633
1627,140401435
1628,140769518
1629,140816327
1630,140971282
1631,141142370
1632,141218169
1633,141283720
1634,141427097
1635,141599391
1636,141615259
1637,141624251
1638,141644923
1639,141668356
1640,141773882
1641,141818889
1642,141836191
1643,142006666
1644,142058238
1645,142222617
1646,142262062
1647,142311447
1648,142426382
1649,142430489
1650,142465597
1651,142559278
1652,142588798
1653,142689271
1654,142728902
1655,142756520
1656,142846702
1657,142955081
1658,142993104
1659,142993833
1660,143037605
1661,143054063
1662,143155871
1663,143249971
1664,143286865
1665,143364502
1666,143372275
1667,143462358
1668,143481333
1669,143617337
1670,143775517
1671,143872808
1672,143951895
1673,144165053
1674,144298962
1675,144377084
1676,144461394
1677,144726193
1678,144851231
1679,145022660
1680,145209479
1681,145300634
1682,145382042
1683,145528348
1684,145557894
1685,145566910
1686,145851910
1687,145956541
1688,146004343
1689,146127168
1690,146162148
1691,146169085
1692,146296317
1693,146532095
1694,146625014
1695,146658791
1696,146767432
1697,146776424
1698,146795137
1699,146886149
1700,147154564
1701,147159815
1702,147191036
1703,147263099
1704,147265010
1705,147439444
1706,147458090
1707,147497434
1708,147597201
1709,147645514
1710,147849414
1711,147952611
1712,147977519
1713,148007974
1714,148241013
1715,148660066
1716,148758078
1717,148882358
1718,148963704
1719,149018923
1720,149054126
1721,149128500
1722,149144320
1723,149154314
1724,149440744
1725,149619801
1726,149980413
1727,150084071
1728,150119991
1729,150151355
1730,150239056
1731,150318706
1732,150346108
1733,150602474
1734,150749033
1735,150842160
1736,150846028
1737,150864604
1738,151021070
1739,151216580
1740,151304470
1741,151324195
1742,151359450
1743,151467617
1744,151526219
1745,151547604
1746,151650484
1747,151820654
1748,151912640
1749,151957993
1750,151976594
1751,151994013
1752,152641112
1753,152658512
1754,152732464
1755,152739146
1756,152806492
1757,152934433
1758,152938951
1759,152967102
1760,153022467
1761,153106561
1762,153150551
1763,153181582
1764,153333175
1765,153395665
1766,153425687
1767,153546208
1768,153601740
1769,153658852
1770,153719605
1771,153838680
1772,153880751
1773,153881008
1774,153932341
1775,153964272
1776,154277962
1777,154378885
1778,154412407
1779,154544173
1780,154659524
1781,154722792
1782,155000632
1783,155185348
1784,155187353
1785,155218480
1786,155238731
1787,155289906
1788,155393538
1789,155652766
1790,155819603
1791,155849341
1792,155897755
1793,155900511
1794,155916700
1795,156025258
1796,156056648
1797,156109725
1798,156252193
1799,156332902
1800,156377129
1801,156453822
1802,156490772
1803,156504360
1804,156686304
1805,156695365
1806,156764188
1807,156780911
1808,156837593
1809,157043564
1810,157078071
1811,157361338
1812,157668702
1813,157706219
1814,157731467
1815,157933696
1816,158071924
1817,158088510
1818,158267055
1819,158445132
1820,158774415
1821,158798028
1822,159010023
1823,159198307
1824,159235323
1825,159273923
1826,159334839
1827,159391636
1828,159554779
1829,159774426
1830,159787111
1831,159894146
1832,159939171
1833,160009008
1834,160072949
1835,160100646
1836,160207183
1837,160246444
1838,160252492
1839,160275347
1840,160562690
1841,160689861
1842,160716688
1843,160718903
1844,160778087
1845,160936640
1846,160952853
1847,161149041
1848,161219083
1849,161300159
1850,161312627
1851,161572920
1852,161864541
1853,161882489
1854,161960702
1855,161980170
1856,162002626
1857,162042986
1858,162158187
1859,162170845
1860,162193404
1861,162268621
1862,162298358
1863,162367417
1864,162559459
1865,162619135
1866,162737279
1867,162759153
1868,162810310
1869,162825949
1870,163080751
1871,163097574
1872,163173712
1873,163348436
1874,163870867
1875,163906538
1876,163959294
1877,164082866
1878,164152785
1879,164337575
1880,164438958
1881,164485364
1882,164666450
1883,164822494
1884,164990903
1885,165034498
1886,165060040
1887,165311865
1888,165423229
1889,165452617
1890,165463980
1891,165488196
1892,165906888
1893,165932276
1894,166023103
1895,166149213
1896,166198250
1897,166250842
1898,166413302
1899,166421925
1900,166423788
1901,166504305
1902,166536113
1903,166545258
1904,166642824
1905,166875202
1906,167040593
1907,167064459
1908,167216631
1909,167244872
1910,167291867
1911,167315041
1912,167357784
1913,167439462
1914,167477633
1915,167651243
1916,167652676
1917,167666747
1918,167799033
1919,167809716
1920,167846820
1921,167891117
1922,167976397
1923,168112718
1924,168141830
1925,168159009
1926,168215605
1927,168408364
1928,168465207
1929,168476253
1930,168530653
1931,168660882
1932,168714636
1933,168821997
1934,168875948
1935,169094310
1936,169142084
1937,169226685
1938,169512670
1939,169599632
1940,169649413
1941,169798522
1942,170266648
1943,170370504
1944,170593611
1945,170609714
1946,170734273
1947,170781899
1948,170799055
1949,171484136
1950,171522974
1951,171531128
1952,171738513
1953,171830359
1954,171861650
1955,171868268
1956,171989247
1957,171993861
1958,172149184
1959,172153362
1960,172188462
1961,172249457
1962,172368497
1963,172453322
1964,172471382
1965,172574234
1966,172623675
1967,172707725
1968,172726549
1969,172804760
1970,172819669
1971,172844874
1972,172861405
1973,172874600
1974,172924395
1975,172961913
1976,172963487
1977,172984454
1978,173011941
1979,173024884
1980,173177722
1981,173241793
1982,173254354
1983,173320377
1984,173360007
1985,173669854
1986,173703301
1987,174094105
1988,174135414
1989,174222450
1990,174382484
1991,174447192
1992,174671453
1993,174711879
1994,174713052
1995,174797852
1996,174797983
1997,174844710
1998,174866790
1999,174883578
2000,174973783
2001,175023553
2002,175119495
2003,175120476
2004,175128093
2005,175136551
2006,175277842
2007,175314116
2008,175314366
2009,175646080
2010,175701568
2011,175716747
2012,175737625
2013,175812447
2014,175873419
2015,175944671
2016,176215125
2017,176323542
2018,176489445
2019,176680851
2020,176778195
2021,176887249
2022,176917501
2023,176952334
2024,176960966
2025,177159755
2026,177312216
2027,177340430
2028,177367466
2029,177432211
2030,177547697
2031,177594254
2032,177621649
2033,177653438
2034,177665460
2035,177881772
2036,177899006
2037,178062820
2038,178162276
2039,178200069
2040,178274679
2041,178285950
2042,178415656
2043,178578441
2044,178895800
2045,179022654
2046,179029822
2047,179189449
2048,179239432
2049,179315960
2050,179524013
2051,179681449
2052,179691715
2053,179763648
2054,179864420
2055,179919811
2056,179962800
2057,179994737
2058,180050371
2059,180217702
2060,180411281
2061,180419688
2062,180534570
2063,180705202
2064,180719235
2065,180745971
2066,180810163
2067,180887576
2068,180917471
2069,180948947
2070,181028719
2071,181029536
2072,181371446
2073,181372090
2074,181438930
2075,181526478
2076,181577042
2077,181609159
2078,181622721
2079,181629539
2080,181799495
2081,181862938
2082,181901776
2083,181987953
2084,182054384
2085,182102370
2086,182158834
2087,182199825
2088,182486838
2089,182626776
2090,182763566
2091,182848887
2092,183058851
2093,183179618
2094,183211882
2095,183297400
2096,183298667
2097,183497898
2098,183551528
2099,183620171
2100,183726385
2101,183988685
2102,184057133
2103,184138549
2104,184153929
2105,184259864
2106,184285816
2107,184382338
2108,184427813
2109,184478872
2110,184528695
2111,184700783
2112,184854649
2113,184875175
2114,185234925
2115,185492376
2116,185616419
2117,185636321
2118,185651310
2119,185671434
2120,185696976
2121,185785421
2122,185857574
2123,185864720
2124,185901987
2125,185939183
2126,186083657
2127,186256692
2128,186275556
2129,186577721
2130,186621272
2131,186726859
2132,186919930
2133,187080516
2134,187086573
2135,187095107
2136,187104420
2137,187273589
2138,187325701
2139,187400102
2140,187693337
2141,187697174
2142,187711949
2143,187815699
2144,187828518
2145,187869474
2146,187878076
2147,187882291
2148,187941577
2149,188029234
2150,188048859
2151,188314086
2152,188363381
2153,188375820
2154,188395173
2155,188416356
2156,188451572
2157,188460871
2158,188646950
2159,188732172
2160,188989343
2161,189031118
2162,189231971
2163,189305943
2164,189308595
2165,189629221
2166,189645432
2167,189750047
2168,189893881
2169,189932474
2170,189964050
2171,189976839
2172,190000661
2173,190111109
2174,190149146
2175,190209437
2176,190234983
2177,190330033
2178,190333740
2179,190660728
2180,190837254
2181,190931906
2182,190968509
2183,191068876
2184,191279111
2185,191326241
2186,191328972
2187,191698950
2188,191753973
2189,191914960
2190,192102010
2191,192239006
2192,192279096
2193,192460946
2194,192498392
2195,192545815
2196,192578764
2197,192661822
2198,192682350
2199,192817348
2200,192851742
2201,192962893
2202,193102103
2203,193103727
2204,193123638
2205,193236333
2206,193401704
2207,193536507
2208,193562835
2209,193694404
2210,193765850
2211,193823354
2212,193858399
2213,193944775
2214,194018919
2215,194099018
2216,194135320
2217,194148699
2218,194300131
2219,194343317
2220,194745268
2221,194843884
2222,194880540
2223,194889858
2224,194924704
2225,194946860
2226,194995581
2227,195118631
2228,195250924
2229,195322964
2230,195474984
2231,195613926
2232,195765769
2233,196040323
2234,196122107
2235,196123792
2236,196213132
2237,196287428
2238,196440555
2239,196452325
2240,196841783
2241,196895361
2242,196923796
2243,197202067
2244,197296097
2245,197387844
2246,197532411
2247,197585117
2248,197592351
2249,197681798
2250,197682968
2251,197892127
2252,198162756
2253,198322034
2254,198451362
2255,198509144
2256,198574234
2257,198792476
2258,198801413
2259,198844164
2260,199086334
2261,199093941
2262,199115790
2263,199389186
2264,199445659
2265,199586343
2266,199608804
2267,199676045
2268,199953661
2269,199995462
2270,200019265
2271,200247980
2272,200254010
2273,200454540
2274,200527479
2275,200599194
2276,200611843
2277,200643770
2278,200758231
2279,200870886
2280,201001048
2281,201045720
2282,201045790
2283,201046559
2284,201140767
2285,201183336
2286,201186156
2287,201386370
2288,201400062
2289,201411470
2290,201455066
2291,201757546
2292,201826890
2293,201859885
2294,201939203
2295,201996149
2296,202040160
2297,202079660
2298,202103202
2299,202127969
2300,202158967
2301,202415532
2302,202547730
2303,202581732
2304,202672282
2305,202685722
2306,202725904
2307,202864538
2308,203005621
2309,203041792
2310,203094975
2311,203109233
2312,203138052
2313,203204979
2314,203210725
2315,203212866
2316,203276557
2317,203416782
2318,203712117
2319,203727846
2320,203810020
2321,203931846
2322,203990711
2323,204007505
2324,204108284
2325,204217053
2326,204672262
2327,204673394
2328,204754916
2329,204958064
2330,205157782
2331,205182825
2332,205345654
2333,205356614
2334,205412170
2335,205445468
2336,205595417
2337,205732745
2338,205741354
2339,205791629
2340,205855880
2341,205881890
2342,206042962
2343,206078474
2344,206094942
2345,206290928
2346,206311624
2347,206445780
2348,206483184
2349,206720786
2350,206795596
2351,206846541
2352,206888485
2353,207079395
2354,207350679
2355,207531390
2356,207627780
2357,207631186
2358,207780114
2359,208020393
2360,208171683
2361,208203570
2362,208213371
2363,208281407
2364,208309981
2365,208423821
2366,208426867
2367,208517931
2368,208663371
2369,208856404
2370,208890983
2371,209117324
2372,209471955
2373,209592599
2374,209629525
2375,209693774
2376,209893318
2377,210146562
2378,210371477
2379,210424466
2380,210479850
2381,210605297
2382,210618105
2383,210701259
2384,210715297
2385,210744813
2386,210784640
2387,210915454
2388,210945092
2389,211164391
2390,211398066
2391,211411658
2392,211489590
2393,211517742
2394,211608646
2395,211732656
2396,211841469
2397,211871645
2398,211938689
2399,211978269
2400,211990327
2401,211992350
2402,212018808
2403,212042591
2404,212207980
2405,212280611
2406,212282002
2407,212323679
2408,212517983
2409,212685918
2410,212804115
2411,212848111
2412,213013779
2413,213073407
2414,213078540
2415,213548899
2416,213656944
2417,213926480
2418,214093330
2419,214098518
2420,214192688
2421,214254351
2422,214382555
2423,214464872
2424,214722142
2425,214850448
2426,214862879
2427,214945744
2428,215109605
2429,215172420
2430,215431301
2431,215685091
2432,215762487
2433,215846723
2434,215858555
2435,215875825
2436,215878405
2437,216116434
2438,216141323
2439,216178984
2440,216187660
2441,216273624
2442,216335640
2443,216644288
2444,216684398
2445,216783979
2446,216923770
2447,216940875
2448,217017681
2449,217049028
2450,217056873
2451,217112115
2452,217174025
2453,217209546
2454,217458946
2455,217499816
2456,217515954
2457,217580554
2458,217635512
2459,217651398
2460,217822552
2461,218012064
2462,218155012
2463,218213278
2464,218278040
2465,218663278
2466,218777061
2467,218806634
2468,218910905
2469,218931517
2470,218963515
2471,218975947
2472,218976181
2473,218985742
2474,219535499
2475,219916008
2476,220048856
2477,220076599
2478,220331194
2479,220432004
2480,220716389
2481,221011069
2482,221078804
2483,221129819
2484,221273279
2485,221281473
2486,221311840
2487,221349645
2488,221604082
2489,221631705
2490,221739165
2491,221882969
2492,222013147
2493,222142947
2494,222357840
2495,222416586
2496,222599064
2497,222605537
2498,222609723
2499,222706455
2500,222787378
2501,222850544
2502,222867264
2503,222869214
2504,223059862
2505,223065842
2506,223073809
2507,223216391
2508,223257861
2509,223384061
2510,223544925
2511,223551489
2512,223616122
2513,223620862
2514,223644963
2515,223698363
2516,223885953
2517,224041858
2518,224128522
2519,224185919
2520,224339865
2521,224394885
2522,224540298
2523,224581615
2524,224801362
2525,224966544
2526,224971811
2527,225054188
2528,225186977
2529,225235168
2530,225748124
2531,225918035
2532,226023500
2533,226146303
2534,226216144
2535,226446357
2536,226617745
2537,226683078
2538,226725569
2539,226933096
2540,227075146
2541,227090965
2542,227171857
2543,227238773
2544,227267536
2545,227329402
2546,227335288
2547,227353415
2548,227409551
2549,227448053
2550,227470426
2551,227858098
2552,227912670
2553,228030405
2554,228059210
2555,228069346
2556,228109514
2557,228179282
2558,228259689
2559,228273587
2560,228291296
2561,228487144
2562,228711686
2563,228838212
2564,228954233
2565,229174104
2566,229175699
2567,229432811
2568,229709542
2569,229793111
2570,229815860
2571,229841519
2572,229888831
2573,230589948
2574,230720829
2575,230791858
2576,230999488
2577,231100855
2578,231189073
2579,231426232
2580,231507413
2581,231516405
2582,231542964
2583,231558435
2584,231621837
2585,231711772
2586,231749014
2587,231845965
2588,231910665
2589,231986692
2590,232025014
2591,232256902
2592,232277272
2593,232406220
2594,232489883
2595,232641405
2596,232784212
2597,232966888
2598,233389963
2599,233564653
2600,233815491
2601,233862282
2602,233882392
2603,233886295
2604,233890411
2605,234010800
2606,234095023
2607,234199455
2608,234207721
2609,234239018
2610,234431465
2611,234503213
2612,234504823
2613,234695707
2614,234720270
2615,234723483
2616,234768744
2617,234790252
2618,234886649
2619,234936521
2620,235114579
2621,235163997
2622,235166089
2623,235242380
2624,235301551
2625,235360402
2626,235475409
2627,235510240
2628,235545591
2629,235796021
2630,235978078
2631,236058230
2632,236140683
2633,236211186
2634,236269649
2635,236316290
2636,236345413
2637,236374179
2638,236388789
2639,236542813
2640,236578199
2641,236593834
2642,236625034
2643,236626791
2644,236784446
2645,236901708
2646,237634503
2647,237655958
2648,237687242
2649,237935917
2650,238068075
2651,238128815
2652,238146056
2653,238305907
2654,238349322
2655,238462455
2656,238514858
2657,238522320
2658,238762444
2659,238771704
2660,239202673
2661,239394438
2662,239447151
2663,239496062
2664,239559574
2665,239592933
2666,239610589
2667,239632248
2668,239647087
2669,239655493
2670,239790156
2671,239795190
2672,240021822
2673,240083652
2674,240120476
2675,240283441
2676,240313683
2677,240337856
2678,240477453
2679,240716400
2680,240836446
2681,240899223
2682,240929290
2683,240985824
2684,240991632
2685,241041953
2686,241136005
2687,241193044
2688,241233222
2689,241305245
2690,241445334
2691,241528947
2692,241927445
2693,242195890
2694,242379711
2695,242393689
2696,242487439
2697,242767785
2698,242973545
2699,243046693
2700,243210866
2701,243336193
2702,243458721
2703,243515119
2704,243530342
2705,243565846
2706,243664980
2707,243691190
2708,243713382
2709,243774643
2710,243786772
2711,243820420
2712,244181202
2713,244190491
2714,244467644
2715,244613495
2716,244692628
2717,244733751
2718,244898886
2719,244987951
2720,244996705
2721,245050414
2722,245174818
2723,245176461
2724,245179364
2725,245334447
2726,245455699
2727,245513737
2728,245605069
2729,245800739
2730,245956880
2731,246095719
2732,246151356
2733,246163724
2734,246180593
2735,246181402
2736,246221365
2737,246250754
2738,246311922
2739,246406191
2740,246407476
2741,246595627
2742,246632215
2743,246725006
2744,246732738
2745,246782342
2746,246850637
2747,247023327
2748,247080620
2749,247163208
2750,247234135
2751,247303992
2752,247318238
2753,247318461
2754,247327185
2755,247430078
2756,247465108
2757,247579289
2758,247586947
2759,247624121
2760,247747297
2761,247755698
2762,247878838
2763,247974819
2764,247976654
2765,248031036
2766,248043013
2767,248134727
2768,248161369
2769,248198524
2770,248226643
2771,248244950
2772,248473917
2773,248739506
2774,248758757
2775,248803702
2776,248822158
2777,248849670
2778,248870191
2779,249210770
2780,249232253
2781,249539810
2782,249647129
2783,249737566
2784,249757458
2785,249990210
2786,250117173
2787,250129618
2788,250177353
2789,250430853
2790,250463353
2791,250728010
2792,250800660
2793,250813701
2794,250819634
2795,250944942
2796,250998859
2797,251053409
2798,251110764
2799,251275982
2800,251313684
2801,251630473
2802,251719032
2803,251743303
2804,251772034
2805,251841046
2806,251879282
2807,251996449
2808,252166935
2809,252189628
2810,252238222
2811,252320075
2812,252357104
2813,252391375
2814,252451835
2815,252477102
2816,252552742
2817,252642851
2818,252688695
2819,252814225
2820,252835577
2821,252885941
2822,252953021
2823,253082988
2824,253102987
2825,253231139
2826,253361694
2827,253721608
2828,253756421
2829,253767685
2830,253809424
2831,253827352
2832,254076295
2833,254109735
2834,254202919
2835,254379929
2836,254383726
2837,254396705
2838,254541029
2839,254565935
2840,254599305
2841,254701933
2842,254738081
2843,254771805
2844,254785657
2845,255038378
2846,255301918
2847,255403619
2848,255497679
2849,255536029
2850,255649538
2851,255668420
2852,255783629
2853,256115331
2854,256200943
2855,256356139
2856,256489263
2857,256581008
2858,256684904
2859,256899705
2860,256906373
2861,256934224
2862,256969247
2863,257006087
2864,257027187
2865,257041802
2866,257064248
2867,257100396
2868,257247483
2869,257264521
2870,257355990
2871,257410193
2872,257505765
2873,257595137
2874,257618157
2875,257888960
2876,258302088
2877,258740378
2878,258976070
2879,259058073
2880,259291046
2881,259305426
2882,259415768
2883,259693269
2884,260389877
2885,260393814
2886,260405337
2887,260500174
2888,260590929
2889,260639088
2890,260669513
2891,260672840
2892,260673939
2893,260797518
2894,260854430
2895,261016001
2896,261023991
2897,261134954
2898,261297996
2899,261403289
2900,261423471
2901,261599165
2902,261755976
2903,261820907
2904,261823778
2905,261867875
2906,261947590
2907,261947615
2908,261979813
2909,262037253
2910,262157730
2911,262219411
2912,262235421
2913,262264722
2914,262325867
2915,262331137
2916,262369816
2917,262521320
2918,262634685
2919,262819232
2920,263078747
2921,263111206
2922,263348150
2923,263363187
2924,263448492
2925,263826685
2926,263827333
2927,263839688
2928,263965704
2929,264180310
2930,264259743
2931,264389062
2932,264498778
2933,264509297
2934,264615270
2935,264626549
2936,264732129
2937,264742299
2938,264786956
2939,264833581
2940,264877692
2941,265106114
2942,265165975
2943,265244651
2944,265294096
2945,265348465
2946,265386692
2947,265439043
2948,265439599
2949,265572328
2950,265639341
2951,265642534
2952,265692968
2953,265838132
2954,265877041
2955,265967645
2956,266039656
2957,266059219
2958,266240800
2959,266272980
2960,266384651
2961,266658115
2962,266658827
2963,266796709
2964,266813388
2965,266928843
2966,267114938
2967,267189125
2968,267236557
2969,267294747
2970,267329016
2971,267359362
2972,267438106
2973,267474203
2974,267484159
2975,267502181
2976,267522777
2977,267684142
2978,267760122
2979,267768794
2980,267814480
2981,267876481
2982,268160809
2983,268214893
2984,268219266
2985,268223870
2986,268321419
2987,268321815
2988,268408149
2989,268440827
2990,268549602
2991,268569129
2992,268651414
2993,268742694
2994,268745964
2995,268776316
2996,268824617
2997,268836012
2998,268838742
2999,268841894
3000,268868657
3001,268923272
3002,268988101
3003,269000539
3004,269013642
3005,269032177
3006,269155234
3007,269179514
3008,269191671
3009,269306468
3010,269319755
3011,269470910
3012,269686727
3013,269706736
3014,269789613
3015,270026209
3016,270059958
3017,270239341
3018,270258516
3019,270523468
3020,270725819
3021,270779762
3022,270800146
3023,270834843
3024,270855716
3025,270959173
3026,270966243
3027,270979044
3028,271016812
3029,271159107
3030,271200819
3031,271328664
3032,271716651
3033,271743514
3034,271878303
3035,271888453
3036,271896660
3037,271969245
3038,271971016
3039,271978544
3040,272163906
3041,272185228
3042,272532582
3043,272873514
3044,272962422
3045,273038624
3046,273092148
3047,273260935
3048,273290089
3049,273375476
3050,273481624
3051,273543877
3052,273634267
3053,273663557
3054,273853833
3055,273909389
3056,273917751
3057,273944083
3058,273964701
3059,274000724
3060,274047793
3061,274050348
3062,274189714
3063,274342133
3064,274481819
3065,274485009
3066,274637344
3067,274716031
3068,274721264
3069,274746314
3070,274777580
3071,275174396
3072,275183755
3073,275184732
3074,275358818
3075,275667942
3076,275759822
3077,275917517
3078,275944329
3079,276050942
3080,276125056
3081,276156654
3082,276193313
3083,276228131
3084,276241551
3085,276284435
3086,276447258
3087,276610228
3088,276819818
3089,276957838
3090,277051696
3091,277084698
3092,277090527
3093,277110942
3094,277241487
3095,277264746
3096,277405158
3097,277495267
3098,277620513
3099,277763507
3100,277960016
3101,278001165
3102,278236801
3103,278238277
3104,278429137
3105,278568716
3106,278599334
3107,278684752
3108,278721276
3109,278825160
3110,278923347
3111,279311675
3112,279425154
3113,279516379
3114,279586071
3115,279650702
3116,279704000
3117,280170147
3118,280290161
3119,280332859
3120,280448935
3121,280559948
3122,280576277
3123,280585599
3124,280629987
3125,280649618
3126,280674278
3127,280680400
3128,280692249
3129,280887154
3130,280903719
3131,280944156
3132,280971695
3133,281027562
3134,281051846
3135,281320978
3136,281447335
3137,281518177
3138,281800272
3139,282130732
3140,282204283
3141,282209303
3142,282276578
3143,282317502
3144,282339531
3145,282345626
3146,282433610
3147,282457801
3148,282568969
3149,282770527
3150,282810141
3151,282861797
3152,282946564
3153,283040775
3154,283042130
3155,283303895
3156,283386846
3157,283406115
3158,283504689
3159,283631842
3160,283791380
3161,283845855
3162,283873615
3163,283906891
3164,283993002
3165,283993151
3166,284093509
3167,284150659
3168,284349564
3169,284387317
3170,284591855
3171,284595191
3172,284765327
3173,284835734
3174,284908398
3175,284923735
3176,285048645
3177,285064626
3178,285249615
3179,285291452
3180,285315734
3181,285335963
3182,285341061
3183,285406845
3184,285557250
3185,285583738
3186,285604036
3187,285726012
3188,285772069
3189,285883673
3190,285890903
3191,286019972
3192,286044227
3193,286142954
3194,286162197
3195,286162690
3196,286351951
3197,286391918
3198,286400701
3199,286505153
3200,286534226
3201,286542663
3202,286775370
3203,286871708
3204,286937757
3205,286971192
3206,287010259
3207,287017134
3208,287048305
3209,287202079
3210,287237427
3211,287493988
3212,287575826
3213,287635279
3214,287696210
3215,287893226
3216,287938690
3217,287975516
3218,288042733
3219,288171045
3220,288248501
3221,288285829
3222,288305807
3223,288437026
3224,288775854
3225,288968519
3226,288988929
3227,289219048
3228,289345714
3229,289405270
3230,289541013
3231,289733915
3232,289753804
3233,289843852
3234,290053706
3235,290122906
3236,290164977
3237,290288488
3238,290415235
3239,290438194
3240,290539231
3241,290565081
3242,290697895
3243,290753594
3244,290767686
3245,290774651
3246,290913112
3247,291095352
3248,291098453
3249,291116948
3250,291191720
3251,291218222
3252,291275073
3253,291302902
3254,291388965
3255,291395716
3256,291534530
3257,291624154
3258,291695702
3259,291899662
3260,291989687
3261,292086261
3262,292205160
3263,292205704
3264,292225774
3265,292386402
3266,292712586
3267,292914464
3268,292961923
3269,293032478
3270,293096532
3271,293175230
3272,293245454
3273,293632650
3274,293838029
3275,293976555
3276,294067703
3277,294079234
3278,294089110
3279,294178991
3280,294229124
3281,294532598
3282,294604684
3283,294821062
3284,295251348
3285,295270705
3286,295311914
3287,295340695
3288,295367802
3289,295375883
3290,295430936
3291,295570888
3292,295647359
3293,295811917
3294,295907141
3295,295976667
3296,296136294
3297,296163663
3298,296193306
3299,296217485
3300,296267994
3301,296392339
3302,296424676
3303,296501370
3304,296631533
3305,296634292
3306,296634632
3307,296693827
3308,296785333
3309,296876613
3310,296943344
3311,296988538
3312,296994103
3313,297031159
3314,297047410
3315,297055601
3316,297057281
3317,297411952
3318,297552062
3319,297596658
3320,297727938
3321,297817015
3322,297921575
3323,298166347
3324,298178043
3325,298278491
3326,298400130
3327,298544155
3328,298714377
3329,298894828
3330,298949681
3331,299096200
3332,299141216
3333,299294430
3334,299302791
3335,299308807
3336,299342631
3337,299405352
3338,299457264
3339,299549741
3340,299555600
3341,299565501
3342,299592483
3343,299753449
3344,299811205
3345,299952965
3346,299972861
3347,300058915
3348,300079724
3349,300150349
3350,300183145
3351,300273100
3352,300430331
3353,300432180
3354,300443507
3355,300448773
3356,300503807
3357,300663820
3358,300705983
3359,300765703
3360,300775080
3361,300791417
3362,300803659
3363,301076171
3364,301169572
3365,301184836
3366,301597499
3367,301646163
3368,301647479
3369,301715297
3370,301768072
3371,301804129
3372,301833045
3373,302016953
3374,302101296
3375,302162296
3376,302176244
3377,302303859
3378,302558681
3379,302582953
3380,302591333
3381,302593977
3382,302758211
3383,302902425
3384,302915121
3385,302915975
3386,303151924
3387,303204341
3388,303475415
3389,303647990
3390,303661763
3391,303722884
3392,303748744
3393,303892448
3394,303949532
3395,304116277
3396,304196960
3397,304282870
3398,304404660
3399,304412805
3400,304422513
3401,304594334
3402,304644977
3403,304693224
3404,304741317
3405,304744953
3406,304782958
3407,304854064
3408,304908197
3409,305093969
3410,305201637
3411,305217490
3412,305340051
3413,305450419
3414,305663362
3415,305741294
3416,305767114
3417,305769808
3418,305808867
3419,305930758
3420,306043337
3421,306070556
3422,306181824
3423,306216467
3424,306277552
3425,306594761
3426,306662705
3427,306692398
3428,306700371
3429,306713844
3430,306849222
3431,306859610
3432,306900700
3433,307259689
3434,307442585
3435,307470150
3436,307526722
3437,307571479
3438,307580907
3439,307662927
3440,307665465
3441,307686223
3442,307790763
3443,307865655
3444,307993537
3445,308138265
3446,308283943
3447,308412297
3448,308537237
3449,308550286
3450,308593014
3451,308709143
3452,308737300
3453,308781158
3454,308799866
3455,308923181
3456,308991559
3457,309012725
3458,309048445
3459,309058958
3460,309119780
3461,309134054
3462,309246923
3463,309270047
3464,309289032
3465,309320723
3466,309391241
3467,309402012
3468,309539959
3469,309902362
3470,310105742
3471,310142769
3472,310169307
3473,310296890
3474,310327750
3475,310337323
3476,310398683
3477,310422715
3478,310443551
3479,310515914
3480,310561010
3481,310651657
3482,310661247
3483,310784161
3484,310843870
3485,310960031
3486,311076721
3487,311219250
3488,311376211
3489,311397775
3490,311491253
3491,311502376
3492,311510185
3493,311547969
3494,311549038
3495,311628245
3496,311750810
3497,311754720
3498,311759890
3499,311765270
3500,311830513
3501,311947370
3502,311962621
3503,311968563
3504,312004759
3505,312049536
3506,312318566
3507,312348517
3508,312382814
3509,312404962
3510,312417165
3511,312423699
3512,312574111
3513,312629264
3514,312860515
3515,312930468
3516,313064491
3517,313320302
3518,313449133
3519,313453926
3520,313678851
3521,313893490
3522,314055522
3523,314072773
3524,314179275
3525,314183598
3526,314194760
3527,314196320
3528,314259032
3529,314310530
3530,314678348
3531,314859809
3532,315024282
3533,315068341
3534,315071186
3535,315144602
3536,315298504
3537,315361923
3538,315436503
3539,315452675
3540,315549092
3541,315549712
3542,315765922
3543,315768550
3544,315778294
3545,315830482
3546,315983215
3547,316158289
3548,316211864
3549,316481611
3550,316686941
3551,316697327
3552,316731694
3553,316861102
3554,316918773
3555,316960992
3556,316979129
3557,316980502
3558,317020989
3559,317063171
3560,317162206
3561,317195068
3562,317286337
3563,317292511
3564,317296936
3565,317354970
3566,317457238
3567,317695080
3568,317722750
3569,317741675
3570,317792480
3571,317929580
3572,318037918
3573,318264932
3574,318633825
3575,318664238
3576,318675328
3577,318733676
3578,318734729
3579,318834572
3580,319008700
3581,319054597
3582,319121227
3583,319175532
3584,319254800
3585,319346584
3586,319435422
3587,319520227
3588,319581351
3589,319640470
3590,319680101
3591,319712631
3592,319751455
3593,319782394
3594,319926274
3595,319930400
3596,319956955
3597,319997337
3598,320198670
3599,320316526
3600,320629172
3601,320680129
3602,320705202
3603,320792412
3604,320872131
3605,321056800
3606,321131031
3607,321145885
3608,321160831
3609,321209295
3610,321265706
3611,321316904
3612,321330352
3613,321377029
3614,321393156
3615,321493931
3616,321535360
3617,321633602
3618,321637386
3619,321729335
3620,321813676
3621,321947880
3622,322076991
3623,322095249
3624,322127744
3625,322183032
3626,322209496
3627,322315639
3628,322335960
3629,322391226
3630,322444467
3631,322635672
3632,322679731
3633,322798561
3634,322899777
3635,322932535
3636,322949835
3637,323100280
3638,323249224
3639,323262227
3640,323338632
3641,323498898
3642,323617954
3643,323625758
3644,323632150
3645,323684441
3646,323749279
3647,323756887
3648,323785623
3649,323900484
3650,323991313
3651,324000302
3652,324144860
3653,324302492
3654,324463863
3655,324485905
3656,324635311
3657,324662660
3658,324715367
3659,324856611
3660,324906943
3661,325319315
3662,325420654
3663,325424917
3664,325478605
3665,325490722
3666,325598019
3667,325606818
3668,325623835
3669,325677230
3670,325999281
3671,326007005
3672,326217755
3673,326606627
3674,326692159
3675,326708875
3676,326907978
3677,327056864
3678,327409285
3679,327442996
3680,327470422
3681,327552154
3682,327768345
3683,327930309
3684,327940825
3685,327950809
3686,327973825
3687,328181458
3688,328205184
3689,329005678
3690,329115885
3691,329238878
3692,329569942
3693,329600498
3694,329865403
3695,330100831
3696,330160400
3697,330285458
3698,330291460
3699,330363680
3700,330559885
3701,330566490
3702,330596037
3703,330676047
3704,330805276
3705,330809127
3706,330994828
3707,331132229
3708,331136879
3709,331298000
3710,331347159
3711,331378730
3712,331435847
3713,331444368
3714,331467392
3715,331551779
3716,331569779
3717,331743092
3718,331771645
3719,331937383
3720,332164806
3721,332257022
3722,332313752
3723,332339460
3724,332362823
3725,332487316
3726,332576696
3727,332819122
3728,332909723
3729,333007605
3730,333026634
3731,333029748
3732,333171634
3733,333239291
3734,333259842
3735,333287897
3736,333298035
3737,333380363
3738,333436822
3739,333447790
3740,333725216
3741,333766144
3742,333780470
3743,333801504
3744,333807918
3745,333903125
3746,333995875
3747,334002986
3748,334007224
3749,334113853
3750,334184012
3751,334321892
3752,334352940
3753,334500473
3754,334744539
3755,334763430
3756,334845436
3757,335009612
3758,335066428
3759,335218299
3760,335323382
3761,335333084
3762,335335156
3763,335383170
3764,335407181
3765,335421953
3766,335560199
3767,335587957
3768,335693453
3769,335747521
3770,335776336
3771,335802080
3772,335813763
3773,335969850
3774,336013861
3775,336218983
3776,336228540
3777,336244504
3778,336263459
3779,336284371
3780,336349786
3781,336376323
3782,336405116
3783,336580094
3784,336603145
3785,336751113
3786,336765224
3787,337030325
3788,337220003
3789,337377244
3790,337454357
3791,337529277
3792,337555888
3793,337633191
3794,337659251
3795,337659254
3796,337675697
3797,337724393
3798,337745836
3799,337795949
3800,337826843
3801,337898819
3802,337957817
3803,338333802
3804,338710353
3805,338943941
3806,339212530
3807,339225096
3808,339281210
3809,339705559
3810,339722594
3811,339769973
3812,339825643
3813,339876223
3814,339989166
3815,339995354
3816,340094928
3817,340382089
3818,340436265
3819,340577971
3820,340667775
3821,341019371
3822,341029225
3823,341058814
3824,341168578
3825,341222033
3826,341332685
3827,341362708
3828,341364274
3829,341440078
3830,341485518
3831,341485816
3832,341492509
3833,341582507
3834,341747258
3835,341854068
3836,341866819
3837,341911260
3838,342174072
3839,342216621
3840,342256080
3841,342451020
3842,342504805
3843,342525016
3844,342566041
3845,342701239
3846,342717063
3847,342778479
3848,342783964
3849,342810115
3850,342837347
3851,342898016
3852,342949587
3853,342979593
3854,342996892
3855,343003907
3856,343088294
3857,343089155
3858,343098123
3859,343161271
3860,343263676
3861,343299219
3862,343349005
3863,343377363
3864,343403560
3865,343668014
3866,343925386
3867,343930565
3868,344321423
3869,344321842
3870,344417347
3871,344435658
3872,344478234
3873,344639745
3874,344728456
3875,344776929
3876,344792516
3877,344810590
3878,344867451
3879,344913381
3880,344929465
3881,345070646
3882,345132031
3883,345202962
3884,345299783
3885,345403309
3886,345503394
3887,345581244
3888,345591766
3889,345622665
3890,345649798
3891,345729717
3892,345837202
3893,345899705
3894,345917689
3895,345920464
3896,345941958
3897,345980236
3898,346015817
3899,346188855
3900,346313460
3901,346340888
3902,346442248
3903,346494256
3904,346518456
3905,346599819
3906,346667802
3907,346752386
3908,346910777
3909,347034428
3910,347101577
3911,347235894
3912,347236896
3913,347281702
3914,347409805
3915,347415373
3916,347621972
3917,347697693
3918,347713333
3919,347781813
3920,347781977
3921,347849519
3922,347887392
3923,347896464
3924,347942657
3925,348055360
3926,348068665
3927,348093153
3928,348238405
3929,348309824
3930,348409142
3931,348456218
3932,348525141
3933,348602561
3934,348655503
3935,348686361
3936,348807342
3937,349064922
3938,349101483
3939,349167731
3940,349171364
3941,349240595
3942,349284520
3943,349357423
3944,349550789
3945,349777882
3946,350135038
3947,350164268
3948,350185653
3949,350252175
3950,350287445
3951,350329703
3952,350577040
3953,350578379
3954,350584603
3955,350614076
3956,350655235
3957,350741116
3958,351048749
3959,351123471
3960,351227591
3961,351277457
3962,351323025
3963,351370595
3964,351853626
3965,351919281
3966,351943199
3967,352052557
3968,352114484
3969,352125935
3970,352357779
3971,352387582
3972,352573228
3973,352588097
3974,352597855
3975,352603338
3976,352620447
3977,352756943
3978,352844270
3979,352864002
3980,353005765
3981,353024886
3982,353090034
3983,353147732
3984,353219010
3985,353280927
3986,353374888
3987,353421342
3988,353448642
3989,353460221
3990,353537576
3991,353553282
3992,353605759
3993,353657584
3994,353834432
3995,354013936
3996,354209632
3997,354221221
3998,354403906
3999,354473866
4000,354561533
4001,354706460
4002,354872230
4003,355333083
4004,355591061
4005,355743610
4006,355749998
4007,355904847
4008,355948654
4009,355995070
4010,356332422
4011,356355269
4012,356594213
4013,356709104
4014,356765002
4015,356800344
4016,356809757
4017,356819578
4018,356886747
4019,356947908
4020,357043334
4021,357099329
4022,357329470
4023,357373943
4024,357390951
4025,357669603
4026,357688213
4027,357730622
4028,357872060
4029,357887934
4030,358137208
4031,358354057
4032,358677633
4033,358690965
4034,358849247
4035,358869231
4036,358915415
4037,358917412
4038,359101589
4039,359130764
4040,359138687
4041,359184149
4042,359186914
4043,359252518
4044,359334973
4045,359438663
4046,359561129
4047,359608031
4048,359687583
4049,359750574
4050,359822656
4051,359824699
4052,359996748
4053,360034017
4054,360161009
4055,360276648
4056,360323346
4057,360380033
4058,360394494
4059,360506812
4060,360567307
4061,360781120
4062,360893892
4063,361021389
4064,361156043
4065,361160936
4066,361219692
4067,361238298
4068,361343257
4069,361365719
4070,361652715
4071,361665596
4072,361809989
4073,361900775
4074,361971401
4075,362038559
4076,362112371
4077,362114611
4078,362170927
4079,362196741
4080,362206839
4081,362314279
4082,362398263
4083,362420412
4084,362446423
4085,362776424
4086,362874009
4087,362951392
4088,363069080
4089,363083561
4090,363090010
4091,363120673
4092,363135609
4093,363225846
4094,363340943
4095,363544690
4096,363715137
4097,363757825
4098,363775825
4099,363885315
4100,363888352
4101,364124237
4102,364289710
4103,364370127
4104,364479008
4105,364547855
4106,364664164
4107,364772220
4108,364786597
4109,364841505
4110,364844020
4111,364853295
4112,364868175
4113,364871666
4114,364900067
4115,364966517
4116,365045012
4117,365081628
4118,365114352
4119,365266813
4120,365341104
4121,365493682
4122,365533225
4123,365550945
4124,365579542
4125,365594247
4126,365666951
4127,365989871
4128,366024061
4129,366028776
4130,366230002
4131,366262235
4132,366331041
4133,366367996
4134,366492016
4135,366523632
4136,366552677
4137,366645900
4138,366650914
4139,366816925
4140,366895104
4141,366973525
4142,367143297
4143,367215210
4144,367515238
4145,367537232
4146,367561800
4147,367635609
4148,367746895
4149,367754402
4150,367981479
4151,367983473
4152,368024331
4153,368030120
4154,368081811
4155,368083041
4156,368120747
4157,368248651
4158,368296452
4159,368305526
4160,368332784
4161,368349241
4162,368379970
4163,368687449
4164,368780249
4165,368819309
4166,368856892
4167,368858911
4168,368908804
4169,368930005
4170,369000197
4171,369233176
4172,369237259
4173,369307038
4174,369353650
4175,369359176
4176,369517656
4177,369557106
4178,369582415
4179,369671153
4180,369681037
4181,369681874
4182,369819937
4183,369843133
4184,369894133
4185,370025385
4186,370298395
4187,370337653
4188,370427985
4189,370558666
4190,370619381
4191,370634795
4192,370666153
4193,370895963
4194,370976531
4195,371137917
4196,371206206
4197,371354551
4198,371777099
4199,371868329
4200,371875173
4201,371975877
4202,372166674
4203,372190928
4204,372210936
4205,372296855
4206,372363960
4207,372377462
4208,372384376
4209,372394889
4210,372423682
4211,372444204
4212,372577104
4213,372807173
4214,372810678
4215,373041384
4216,373107108
4217,373231739
4218,373286081
4219,373456840
4220,373580035
4221,373628286
4222,373795351
4223,373893887
4224,373993834
4225,374115358
4226,374116559
4227,374214705
4228,374300610
4229,374462206
4230,374671060
4231,374748599
4232,374822074
4233,374872694
4234,374881114
4235,374890197
4236,375010487
4237,375109492
4238,375198642
4239,375244765
4240,375272030
4241,375340311
4242,375354416
4243,375389194
4244,375422358
4245,375469133
4246,375864655
4247,375891025
4248,375906087
4249,375989457
4250,376094061
4251,376096399
4252,376253193
4253,376354282
4254,376390216
4255,376439641
4256,376441144
4257,376441166
4258,376526417
4259,376863038
4260,376929631
4261,377163921
4262,377332942
4263,377413485
4264,377438403
4265,377478423
4266,377563309
4267,377627931
4268,377638148
4269,377685486
4270,377758030
4271,377863014
4272,377864079
4273,378109831
4274,378232226
4275,378331565
4276,378397471
4277,378532582
4278,378673855
4279,378676994
4280,378681692
4281,378787245
4282,379058585
4283,379091455
4284,379127841
4285,379160140
4286,379274459
4287,379284518
4288,379331978
4289,379471085
4290,379546276
4291,379619065
4292,379624595
4293,379639669
4294,379716151
4295,379778467
4296,379785696
4297,379954842
4298,380064563
4299,380130209
4300,380164298
4301,380181616
4302,380192347
4303,380240470
4304,380350675
4305,380409782
4306,380671296
4307,380674928
4308,380710172
4309,380808820
4310,380836490
4311,380940601
4312,380984329
4313,381080681
4314,381093261
4315,381152696
4316,381247619
4317,381305886
4318,381336437
4319,381439149
4320,381446646
4321,381535258
4322,381656571
4323,381708961
4324,381743474
4325,381896332
4326,382532940
4327,382605569
4328,382611868
4329,382883508
4330,382946577
4331,382948175
4332,382973882
4333,383013724
4334,383073783
4335,383104737
4336,383136581
4337,383221362
4338,383325837
4339,383348809
4340,383586716
4341,383682716
4342,384118381
4343,384133914
4344,384224536
4345,384273118
4346,384291071
4347,384387730
4348,384462843
4349,384536170
4350,384552357
4351,384566071
4352,384620060
4353,384799497
4354,384840485
4355,384860220
4356,384961522
4357,384991467
4358,385042682
4359,385458264
4360,385513685
4361,385540837
4362,385856387
4363,386007183
4364,386052714
4365,386136845
4366,386180340
4367,386225529
4368,386431261
4369,386470035
4370,386470160
4371,386549476
4372,386626643
4373,386727187
4374,386852977
4375,387058204
4376,387067803
4377,387116987
4378,387220511
4379,387241923
4380,387270394
4381,387277612
4382,387293811
4383,387634517
4384,387644169
4385,387654669
4386,387657815
4387,387771012
4388,387924920
4389,387976483
4390,388023192
4391,388028661
4392,388090381
4393,388295455
4394,388298514
4395,388308295
4396,388353882
4397,388403652
4398,388444933
4399,388516787
4400,388547310
4401,388624058
4402,388718570
4403,388912622
4404,388936539
4405,389033583
4406,389196355
4407,389234938
4408,389294846
4409,389329670
4410,389549132
4411,389675915
4412,389696775
4413,389748261
4414,389800982
4415,389841396
4416,389869872
4417,389886260
4418,389913925
4419,389993326
4420,390005561
4421,390023700
4422,390047621
4423,390204823
4424,390206624
4425,390538679
4426,390640455
4427,390647450
4428,390684810
4429,390700604
4430,390756010
4431,390987479
4432,391034419
4433,391034995
4434,391058745
4435,391309376
4436,391387889
4437,391404055
4438,391424036
4439,391430598
4440,391436796
4441,391525462
4442,391530692
4443,391533572
4444,391542101
4445,391818766
4446,391857006
4447,391905098
4448,391953959
4449,391974377
4450,392063156
4451,392146179
4452,392244061
4453,392273631
4454,392295021
4455,392406826
4456,392428765
4457,392432672
4458,392449273
4459,392614793
4460,392781217
4461,393001990
4462,393003619
4463,393085508
4464,393110064
4465,393236374
4466,393266926
4467,393455387
4468,393489695
4469,393554270
4470,393557055
4471,393595622
4472,393665581
4473,393874774
4474,393913829
4475,393932231
4476,393991726
4477,394085437
4478,394124147
4479,394229250
4480,394477764
4481,394482675
4482,394604926
4483,394660310
4484,394805783
4485,394979446
4486,395006747
4487,395019839
4488,395026844
4489,395050470
4490,395106489
4491,395154079
4492,395231789
4493,395307547
4494,395389602
4495,395759110
4496,395824461
4497,395883463
4498,395927226
4499,396060890
4500,396075995
4501,396350204
4502,396352818
4503,396384436
4504,396386374
4505,396432359
4506,396534362
4507,396616121
4508,396737433
4509,396763541
4510,396838150
4511,396973557
4512,397147844
4513,397225656
4514,397386163
4515,397406787
4516,397465301
4517,397611268
4518,397629312
4519,397636479
4520,397671848
4521,397811702
4522,397822178
4523,397828125
4524,397939576
4525,398143338
4526,398303438
4527,398304250
4528,398325200
4529,398681944
4530,398698771
4531,398732863
4532,398750082
4533,398775942
4534,398851424
4535,398952824
4536,399166945
4537,399175062
4538,399222656
4539,399242028
4540,399370817
4541,399388903
4542,399618645
4543,399668256
4544,399830003
4545,399858000
4546,399871924
4547,399912645
4548,399979589
4549,400108322
4550,400465260
4551,400530600
4552,400618471
4553,400755296
4554,400758008
4555,400762117
4556,400788982
4557,400834613
4558,400915288
4559,400970403
4560,400984633
4561,401032873
4562,401149726
4563,401254654
4564,401295528
4565,401335650
4566,401441081
4567,401583275
4568,401644203
4569,401845748
4570,401927233
4571,401945089
4572,401947503
4573,401961635
4574,401998994
4575,402051219
4576,402550100
4577,402553184
4578,402645412
4579,402763263
4580,402769255
4581,402827072
4582,402907702
4583,402968230
4584,403191855
4585,403234355
4586,403305292
4587,403616609
4588,403645998
4589,403995382
4590,404065763
4591,404134561
4592,404171047
4593,404257081
4594,404275498
4595,404333243
4596,404465983
4597,404469538
4598,404622426
4599,404702763
4600,404732621
4601,404978575
4602,405004616
4603,405070225
4604,405105515
4605,405274357
4606,405316495
4607,405424621
4608,405521953
4609,405596246
4610,405629200
4611,405935249
4612,405959982
4613,406027902
4614,406192906
4615,406208457
4616,406269118
4617,406390482
4618,406423485
4619,406424875
4620,406446349
4621,406640247
4622,406808887
4623,406836633
4624,406844298
4625,407048367
4626,407277462
4627,407378815
4628,407412135
4629,407508015
4630,407555177
4631,407657963
4632,408126120
4633,408136231
4634,408365869
4635,408468586
4636,408496618
4637,408508368
4638,408525680
4639,408564765
4640,408607239
4641,408611662
4642,408697981
4643,408709615
4644,408812627
4645,408845129
4646,408861109
4647,409189197
4648,409480072
4649,409523534
4650,409644256
4651,409645501
4652,409694808
4653,409895590
4654,410005403
4655,410045789
4656,410170554
4657,410287680
4658,410446204
4659,410590934
4660,410665381
4661,410747510
4662,410867270
4663,410896045
4664,410902887
4665,410919189
4666,411035921
4667,411060493
4668,411095085
4669,411200611
4670,411343317
4671,411389983
4672,411439565
4673,411655905
4674,411671787
4675,411788785
4676,411791302
4677,411836861
4678,411954620
4679,412020046
4680,412225214
4681,412235766
4682,412281946
4683,412391548
4684,412476358
4685,412522594
4686,412603188
4687,412678261
4688,412720549
4689,412921436
4690,412955168
4691,412971381
4692,413020028
4693,413043189
4694,413189399
4695,413196883
4696,413197461
4697,413234325
4698,413262776
4699,413381142
4700,413406470
4701,413433929
4702,413514739
4703,413609902
4704,413728818
4705,413731192
4706,413742378
4707,413743783
4708,413987286
4709,414024977
4710,414135280
4711,414188024
4712,414313884
4713,414360859
4714,414504530
4715,414544299
4716,414600347
4717,414739895
4718,414795634
4719,415131623
4720,415221329
4721,415272457
4722,415362375
4723,415370452
4724,415391738
4725,415438416
4726,415473368
4727,415639822
4728,415668149
4729,415671019
4730,415707707
4731,415790079
4732,415841994
4733,415868437
4734,415872253
4735,416089941
4736,416090581
4737,416096529
4738,416099668
4739,416152298
4740,416156393
4741,416174554
4742,416366378
4743,416386196
4744,416440781
4745,416484819
4746,416593056
4747,416810733
4748,416854365
4749,416958761
4750,417042567
4751,417229655
4752,417249399
4753,417269547
4754,417368009
4755,417439036
4756,417475343
4757,417561875
4758,417618553
4759,417845856
4760,417900008
4761,418127501
4762,418324453
4763,418339238
4764,418371321
4765,418392801
4766,418411984
4767,418555280
4768,418578508
4769,418604662
4770,418639070
4771,419044944
4772,419158911
4773,419253358
4774,419271346
4775,419286290
4776,419286503
4777,419338009
4778,419374487
4779,419378838
4780,419467042
4781,419468140
4782,419558028
4783,419728544
4784,419745965
4785,419774699
4786,419892700
4787,419970961
4788,420067283
4789,420106281
4790,420112424
4791,420151703
4792,420206060
4793,420246882
4794,420307063
4795,420326855
4796,420373039
4797,420449725
4798,420483802
4799,420504047
4800,420591565
4801,420681028
4802,420735721
4803,420793854
4804,421067924
4805,421084569
4806,421178028
4807,421242053
4808,421280946
4809,421283404
4810,421381016
4811,421497245
4812,421528474
4813,421558277
4814,421759912
4815,421819191
4816,421920969
4817,421928129
4818,422047117
4819,422056295
4820,422134152
4821,422168527
4822,422226733
4823,422397109
4824,422534430
4825,422717448
4826,422769206
4827,422875078
4828,423177988
4829,423226071
4830,423240336
4831,423279425
4832,423436484
4833,423512495
4834,423520031
4835,423624225
4836,423661845
4837,423664611
4838,423694340
4839,423873927
4840,423953939
4841,424013517
4842,424069254
4843,424293773
4844,424373572
4845,424618735
4846,424854162
4847,424925565
4848,425001207
4849,425067658
4850,425079154
4851,425131913
4852,425149896
4853,425221658
4854,425293329
4855,425323302
4856,425371916
4857,425432813
4858,425469106
4859,425506534
4860,425652585
4861,425720120
4862,425785192
4863,425850325
4864,425919704
4865,426313098
4866,426444756
4867,426469828
4868,426737139
4869,426795112
4870,427114534
4871,427313254
4872,427336047
4873,427347127
4874,427463266
4875,427633999
4876,427744634
4877,427968405
4878,428001628
4879,428241675
4880,428417098
4881,428730552
4882,428887938
4883,428936023
4884,429058208
4885,429247423
4886,429312684
4887,429346407
4888,429402585
4889,429427642
4890,429849059
4891,429906221
4892,429996519
4893,430084240
4894,430105545
4895,430157114
4896,430364493
4897,430520232
4898,430607386
4899,430720025
4900,430876321
4901,430997511
4902,431038782
4903,431054937
4904,431067519
4905,431094465
4906,431206036
4907,431284676
4908,431432163
4909,431621855
4910,431686225
4911,431701538
4912,431839599
4913,432018484
4914,432150385
4915,432221653
4916,432246592
4917,432269720
4918,432388063
4919,432393246
4920,432442048
4921,432571485
4922,432579066
4923,432589010
4924,432608291
4925,432693112
4926,432708570
4927,432722417
4928,432824036
4929,432911394
4930,432967193
4931,432976554
4932,433136487
4933,433206707
4934,433248684
4935,433438282
4936,433477117
4937,433765680
4938,433906516
4939,433945787
4940,434006370
4941,434113344
4942,434286571
4943,434309591
4944,434340680
4945,434380806
4946,434419383
4947,434444682
4948,434457968
4949,434541246
4950,434811511
4951,434815896
4952,434902842
4953,435103932
4954,435133609
4955,435266923
4956,435356982
4957,435358328
4958,435661088
4959,435754001
4960,435760282
4961,435981019
4962,436012614
4963,436093173
4964,436303664
4965,436329448
4966,436346335
4967,436480666
4968,436506229
4969,436641389
4970,436743213
4971,436773548
4972,436911400
4973,437063819
4974,437079211
4975,437084735
4976,437155879
4977,437163643
4978,437226031
4979,437291885
4980,437345870
4981,437389792
4982,437588576
4983,437674877
4984,437724551
4985,437837605
4986,437921489
4987,437932770
4988,438303106
4989,438383446
4990,438407363
4991,438437887
4992,438464328
4993,438707674
4994,438708427
4995,438708871
4996,438978488
4997,438995969
4998,439071837
4999,439560978
5000,439561006
5001,439640823
5002,439694386
5003,439803537
5004,439862214
5005,440420928
5006,440578753
5007,441093365
5008,441101628
5009,441131246
5010,441268711
5011,441421362
5012,441533086
5013,441619670
5014,441628045
5015,441656771
5016,441800031
5017,442055113
5018,442181970
5019,442231412
5020,442281194
5021,442314174
5022,442338397
5023,442521541
5024,442604735
5025,442844878
5026,443053143
5027,443144698
5028,443164453
5029,443198148
5030,443248674
5031,443411107
5032,443845433
5033,444024333
5034,444038878
5035,444120666
5036,444197018
5037,444221808
5038,444408263
5039,444491626
5040,444511881
5041,444557279
5042,444648947
5043,444672778
5044,444750110
5045,444875269
5046,444928350
5047,445083372
5048,445147513
5049,445217543
5050,445340256
5051,445433643
5052,445439686
5053,445512047
5054,445559474
5055,445649242
5056,445866737
5057,446016760
5058,446189136
5059,446305136
5060,446447743
5061,446501849
5062,446514391
5063,446604542
5064,446742115
5065,446768745
5066,446813905
5067,446982866
5068,447319487
5069,447435317
5070,447547393
5071,447697645
5072,447725402
5073,447932598
5074,447947902
5075,447950083
5076,448135271
5077,448168895
5078,448245818
5079,448504913
5080,448609105
5081,448840497
5082,448843856
5083,448948124
5084,448970925
5085,449009710
5086,449062210
5087,449088221
5088,449104931
5089,449138999
5090,449150262
5091,449194596
5092,449201951
5093,449253451
5094,449274981
5095,449323889
5096,449403926
5097,449474962
5098,449663259
5099,449688311
5100,449733701
5101,449858629
5102,450055653
5103,450161442
5104,450242810
5105,450266436
5106,450549069
5107,450634974
5108,450723930
5109,450804635
5110,450805692
5111,450928053
5112,450971983
5113,451050130
5114,451117929
5115,451188389
5116,451223403
5117,451273264
5118,451374520
5119,451437601
5120,451506185
5121,451842112
5122,451890213
5123,452007969
5124,452222534
5125,452375751
5126,452448578
5127,452544443
5128,452600556
5129,452601917
5130,452617620
5131,452622318
5132,453069934
5133,453099596
5134,453218441
5135,453233208
5136,453295457
5137,453355226
5138,453404584
5139,453422401
5140,453495402
5141,453751676
5142,453762559
5143,453895535
5144,453929861
5145,454298194
5146,454550912
5147,454703026
5148,454706236
5149,454812156
5150,454844584
5151,454847618
5152,454930051
5153,454946151
5154,455037366
5155,455057419
5156,455100156
5157,455101383
5158,455216743
5159,455338720
5160,455502814
5161,455522439
5162,455545405
5163,455553209
5164,455655180
5165,455814364
5166,455881937
5167,455952857
5168,456061363
5169,456087519
5170,456122382
5171,456202582
5172,456250806
5173,456270231
5174,456381595
5175,456381910
5176,456448860
5177,456638770
5178,456714741
5179,456782884
5180,456807761
5181,456844921
5182,456964887
5183,457089039
5184,457133316
5185,457228228
5186,457393781
5187,457513192
5188,457543937
5189,457589860
5190,457636086
5191,457671842
5192,457750090
5193,457913379
5194,457955025
5195,458033872
5196,458082298
5197,458159698
5198,458328126
5199,458405401
5200,458509844
5201,458526688
5202,458683457
5203,458729059
5204,458772248
5205,458784194
5206,459018436
5207,459022892
5208,459362767
5209,459369369
5210,459731227
5211,459742298
5212,459749362
5213,459983440
5214,459992990
5215,460109709
5216,460251663
5217,460335540
5218,460345194
5219,460371447
5220,460401248
5221,460509134
5222,460610420
5223,460613675
5224,460757082
5225,460893506
5226,460897688
5227,460955077
5228,460980788
5229,461190770
5230,461200299
5231,461212722
5232,461373477
5233,461403021
5234,461464284
5235,461464942
5236,461503160
5237,461510430
5238,461528550
5239,461535151
5240,461646683
5241,461648753
5242,461758461
5243,461819856
5244,461846559
5245,461934026
5246,461983345
5247,461986835
5248,462004774
5249,462250298
5250,462433802
5251,462460311
5252,462498221
5253,462533266
5254,462684627
5255,462804351
5256,462809267
5257,462858095
5258,462892708
5259,462909962
5260,463052506
5261,463202119
5262,463222398
5263,463282090
5264,463334787
5265,463455045
5266,464050194
5267,464133805
5268,464169552
5269,464179334
5270,464210337
5271,464585937
5272,464624693
5273,464681705
5274,464789654
5275,464882418
5276,465092692
5277,465361294
5278,465427648
5279,465619450
5280,465722584
5281,465753878
5282,465852545
5283,465872167
5284,465975199
5285,466034675
5286,466091718
5287,466127484
5288,466249666
5289,466276561
5290,466278507
5291,466439871
5292,466526649
5293,466601532
5294,466650442
5295,466786042
5296,466837492
5297,466927246
5298,466940856
5299,467183915
5300,467225958
5301,467253157
5302,467282202
5303,467443912
5304,467547218
5305,467548376
5306,467950861
5307,467964256
5308,467975259
5309,467990007
5310,468135618
5311,468174988
5312,468266550
5313,468347738
5314,468348611
5315,468509490
5316,468572421
5317,468955475
5318,469111541
5319,469162300
5320,469173914
5321,469187381
5322,469374899
5323,469815560
5324,469844421
5325,469995149
5326,470028795
5327,470251160
5328,470272105
5329,470374071
5330,470375728
5331,470582071
5332,470611916
5333,470662010
5334,470723981
5335,470764964
5336,470765547
5337,470797031
5338,470898781
5339,470921136
5340,471057294
5341,471093909
5342,471382658
5343,471402564
5344,471406882
5345,471549193
5346,471578774
5347,471589848
5348,471910692
5349,471960798
5350,472055308
5351,472167871
5352,472253634
5353,472363634
5354,472484789
5355,472522232
5356,472740996
5357,472788233
5358,472806792
5359,473187458
5360,473189946
5361,473193726
5362,473286143
5363,473299201
5364,473442133
5365,473551248
5366,473566695
5367,473631448
5368,473633001
5369,473751255
5370,474058725
5371,474111926
5372,474246573
5373,474299170
5374,474330969
5375,474361018
5376,474404223
5377,474930701
5378,474938407
5379,474988929
5380,475119869
5381,475182451
5382,475241296
5383,475267991
5384,475375786
5385,475383867
5386,475635379
5387,475663775
5388,475666628
5389,475712883
5390,475814687
5391,475842535
5392,475843028
5393,475939261
5394,475971729
5395,475999210
5396,476224272
5397,476229327
5398,476320871
5399,476360678
5400,476497165
5401,476666011
5402,476701706
5403,476759429
5404,476776804
5405,477081330
5406,477185056
5407,477255645
5408,477297888
5409,477394365
5410,477427582
5411,477439318
5412,477564024
5413,477572536
5414,477634194
5415,477688456
5416,477729860
5417,477743848
5418,477814877
5419,477931489
5420,478077928
5421,478124658
5422,478238270
5423,478292079
5424,478413257
5425,478660862
5426,478846848
5427,478954513
5428,478980650
5429,479068618
5430,479083048
5431,479126987
5432,479229388
5433,479274652
5434,479360795
5435,479424026
5436,479507174
5437,479541016
5438,479686854
5439,479726995
5440,479757779
5441,479880268
5442,479930039
5443,479988149
5444,479999149
5445,480100612
5446,480160792
5447,480199910
5448,480264099
5449,480295038
5450,480317704
5451,480386259
5452,480425130
5453,480557903
5454,480675290
5455,480720262
5456,480723916
5457,480728147
5458,480829661
5459,480858891
5460,480951347
5461,480957351
5462,481057743
5463,481068301
5464,481076737
5465,481109876
5466,481121372
5467,481342497
5468,481372102
5469,481379525
5470,481387915
5471,481436469
5472,481538132
5473,481843978
5474,482107080
5475,482327741
5476,482341710
5477,482582793
5478,482673632
5479,482778269
5480,482792420
5481,482915575
5482,482927146
5483,482970578
5484,483137221
5485,483194567
5486,483239269
5487,483265023
5488,483361330
5489,483706813
5490,483839156
5491,483919217
5492,484090333
5493,484148354
5494,484152079
5495,484250066
5496,484462838
5497,484578278
5498,484698462
5499,484725587
5500,484855188
5501,484909058
5502,484928363
5503,485081927
5504,485155091
5505,485248936
5506,485415077
5507,485468434
5508,485525497
5509,485598781
5510,485631802
5511,485661887
5512,485866691
5513,485893808
5514,485945047
5515,486031723
5516,486041379
5517,486170748
5518,486218498
5519,486286357
5520,486332563
5521,486441100
5522,486807172
5523,486861432
5524,486861662
5525,487306870
5526,487308384
5527,487672958
5528,487820707
5529,487897516
5530,488024108
5531,488038035
5532,488309695
5533,488351847
5534,488371865
5535,488435530
5536,488523853
5537,488725458
5538,488894672
5539,489126407
5540,489419532
5541,489436802
5542,489440106
5543,489485756
5544,489514404
5545,489741980
5546,489757004
5547,489758141
5548,489805137
5549,489936285
5550,489975764
5551,490165359
5552,490177383
5553,490204001
5554,490237715
5555,490283544
5556,490361857
5557,490524328
5558,490587010
5559,490587154
5560,490618143
5561,490640103
5562,490645260
5563,490673693
5564,490781685
5565,490949633
5566,491030211
5567,491083204
5568,491094510
5569,491360713
5570,491374958
5571,491417617
5572,491538501
5573,491546494
5574,491603412
5575,491605724
5576,491782077
5577,491828684
5578,491863314
5579,491947010
5580,491997222
5581,492045087
5582,492336366
5583,492518009
5584,492557922
5585,492837682
5586,492898635
5587,492931713
5588,492987500
5589,492988212
5590,493125564
5591,493157940
5592,493171856
5593,493186093
5594,493210898
5595,493221722
5596,493304521
5597,493425848
5598,493436892
5599,493727925
5600,493876499
5601,493878286
5602,493888415
5603,494012960
5604,494067537
5605,494313018
5606,494678775
5607,494938745
5608,494984675
5609,495159939
5610,495247563
5611,495257373
5612,495396654
5613,495429908
5614,495448044
5615,495503688
5616,495571209
5617,495619693
5618,495732471
5619,495901526
5620,495911578
5621,496137294
5622,496187280
5623,496266305
5624,496268905
5625,496371761
5626,496399303
5627,496584737
5628,496707938
5629,496762841
5630,496777595
5631,496898396
5632,496992818
5633,497247400
5634,497285679
5635,497411631
5636,497455605
5637,497656974
5638,497786639
5639,497819535
5640,498010649
5641,498082465
5642,498223906
5643,498442144
5644,498596402
5645,498635318
5646,498913376
5647,498914966
5648,499083305
5649,499148787
5650,499201282
5651,499240012
5652,499353785
5653,499382122
5654,499440285
5655,499443072
5656,499691885
5657,499830427
5658,499851986
5659,499960505
5660,500212236
5661,500222320
5662,500244690
5663,500352572
5664,500361319
5665,500479695
5666,500503432
5667,500519444
5668,500529603
5669,500540446
5670,500551563
5671,500580885
5672,500635048
5673,500675687
5674,500696482
5675,500750507
5676,500776389
5677,500878865
5678,500894363
5679,501076076
5680,501175796
5681,501232608
5682,501380241
5683,501416960
5684,501428785
5685,501458873
5686,501477812
5687,501656081
5688,501694252
5689,501805969
5690,501986737
5691,502000101
5692,502066009
5693,502074654
5694,502142437
5695,502241796
5696,502323842
5697,502353183
5698,502378250
5699,502441860
5700,502542779
5701,502713093
5702,502838166
5703,502892588
5704,502904145
5705,502965917
5706,503000271
5707,503093971
5708,503137915
5709,503233932
5710,503260308
5711,503320804
5712,503360556
5713,503538613
5714,503566167
5715,503842949
5716,503849254
5717,504141098
5718,504144473
5719,504151842
5720,504169215
5721,504170235
5722,504196464
5723,504244563
5724,504287793
5725,504327993
5726,504357434
5727,504622188
5728,504667322
5729,504782237
5730,504807152
5731,504900223
5732,505117843
5733,505161796
5734,505599154
5735,505639772
5736,505661338
5737,505773135
5738,505792806
5739,505866233
5740,506078302
5741,506080484
5742,506138669
5743,506437344
5744,506487790
5745,506842097
5746,506976755
5747,507001478
5748,507038939
5749,507149784
5750,507169344
5751,507172402
5752,507177028
5753,507207718
5754,507251776
5755,507305565
5756,507459196
5757,507468821
5758,507525997
5759,507618918
5760,507694639
5761,507788397
5762,507864803
5763,507871629
5764,507879025
5765,507915399
5766,508004581
5767,508178321
5768,508269934
5769,508300298
5770,508380294
5771,508554351
5772,508613702
5773,508683666
5774,508887707
5775,508970937
5776,509184444
5777,509253321
5778,509320711
5779,509384090
5780,509407651
5781,509522412
5782,509546101
5783,509568451
5784,509568685
5785,509659587
5786,509761961
5787,509817459
5788,510011807
5789,510063162
5790,510097779
5791,510193174
5792,510201325
5793,510232616
5794,510403025
5795,510426187
5796,510480443
5797,510484319
5798,510536645
5799,510572416
5800,510593691
5801,510794878
5802,511025676
5803,511099728
5804,511103693
5805,511228995
5806,511316473
5807,511387990
5808,511764584
5809,511842043
5810,511954139
5811,512000800
5812,512005881
5813,512016770
5814,512280015
5815,512464188
5816,512499520
5817,512527253
5818,512557321
5819,512597119
5820,512687111
5821,512790064
5822,512814795
5823,512858456
5824,512889032
5825,512937847
5826,512981698
5827,513045743
5828,513111622
5829,513169226
5830,513222772
5831,513275877
5832,513303822
5833,513361914
5834,513371020
5835,513551570
5836,513625964
5837,513650152
5838,513663691
5839,513702959
5840,513713347
5841,513957278
5842,514074806
5843,514148522
5844,514173085
5845,514242592
5846,514336050
5847,514351406
5848,514363869
5849,514486526
5850,514596637
5851,514689400
5852,515009394
5853,515143576
5854,515303017
5855,515406396
5856,515774537
5857,515867872
5858,515921291
5859,516008459
5860,516026260
5861,516080283
5862,516151667
5863,516261502
5864,516343413
5865,516355019
5866,516463803
5867,516846544
5868,516922334
5869,516999996
5870,517300083
5871,517345742
5872,517388025
5873,517510927
5874,517565104
5875,517568765
5876,517726515
5877,517800887
5878,517826163
5879,517973238
5880,518016684
5881,518071305
5882,518127686
5883,518300145
5884,518318127
5885,518345295
5886,518346635
5887,518517616
5888,518535220
5889,518574444
5890,518606930
5891,518658662
5892,518833233
5893,518842801
5894,518874354
5895,519014907
5896,519135768
5897,519139090
5898,519162327
5899,519187716
5900,519233935
5901,519331683
5902,519421782
5903,519564976
5904,519616754
5905,519692623
5906,520076867
5907,520123536
5908,520641680
5909,520659025
5910,520979012
5911,521273115
5912,521286674
5913,521328682
5914,521441147
5915,521557511
5916,521655613
5917,521722139
5918,521742394
5919,521750304
5920,521853510
5921,521955212
5922,522220385
5923,522253217
5924,522373224
5925,522438400
5926,522453907
5927,522478072
5928,522627002
5929,522670232
5930,522800256
5931,522805004
5932,522844997
5933,522911592
5934,522989669
5935,523034722
5936,523162595
5937,523203842
5938,523286020
5939,523455894
5940,523611827
5941,523646559
5942,523699548
5943,523751884
5944,523832070
5945,523855972
5946,523875889
5947,523886456
5948,524041948
5949,524097316
5950,524176003
5951,524508763
5952,524560910
5953,524658612
5954,524914472
5955,524996173
5956,525114394
5957,525215638
5958,525273850
5959,525360385
5960,525505275
5961,525652713
5962,525726192
5963,526140732
5964,526195151
5965,526261959
5966,526322368
5967,526379580
5968,526463039
5969,526477828
5970,526905117
5971,527014651
5972,527046960
5973,527087524
5974,527146710
5975,527180860
5976,527230521
5977,527254169
5978,527313928
5979,527547242
5980,527625308
5981,527741508
5982,527947088
5983,528071703
5984,528198443
5985,528206634
5986,528249947
5987,528304016
5988,528408509
5989,528456242
5990,528643120
5991,528671306
5992,528698355
5993,528742686
5994,528827256
5995,528921281
5996,528975529
5997,529036217
5998,529041981
5999,529050674
6000,529117458
6001,529129216
6002,529433911
6003,529490889
6004,529816544
6005,529836223
6006,529851154
6007,529855304
6008,530011675
6009,530135284
6010,530256167
6011,530372861
6012,530373603
6013,530568912
6014,530586708
6015,530716940
6016,530763381
6017,530773832
6018,530839088
6019,531175386
6020,531187263
6021,531233420
6022,531304443
6023,531366622
6024,531374987
6025,531398122
6026,531433496
6027,531498254
6028,531954790
6029,531981640
6030,532021631
6031,532056011
6032,532141150
6033,532160849
6034,532166838
6035,532224522
6036,532406119
6037,532408535
6038,532481890
6039,532519261
6040,532682257
6041,532697773
6042,532715468
6043,532796743
6044,533202792
6045,533204326
6046,533232290
6047,533242806
6048,533316669
6049,533418508
6050,533456101
6051,533500371
6052,533587962
6053,533661565
6054,533771710
6055,534112329
6056,534173756
6057,534279825
6058,534295581
6059,534386629
6060,534471222
6061,534673126
6062,534896998
6063,534909147
6064,534914816
6065,535289449
6066,535457927
6067,535505407
6068,535546073
6069,535793277
6070,536019620
6071,536045374
6072,536101966
6073,536176189
6074,536263530
6075,536368649
6076,536415565
6077,536527519
6078,536552833
6079,536614439
6080,536670279
6081,537002351
6082,537031042
6083,537362646
6084,537363869
6085,537635174
6086,537640922
6087,537819545
6088,538023639
6089,538129384
6090,538178147
6091,538195311
6092,538310720
6093,538361320
6094,538685588
6095,538739434
6096,538744305
6097,538910130
6098,538975426
6099,538996540
6100,539152616
6101,539189052
6102,539193604
6103,539413999
6104,539422451
6105,539496942
6106,539510780
6107,539547570
6108,539553343
6109,539743804
6110,539874546
6111,539905635
6112,540163355
6113,540216457
6114,540260336
6115,540299486
6116,540340016
6117,540595325
6118,540828829
6119,540911647
6120,541042230
6121,541485446
6122,541492224
6123,541698471
6124,541804429
6125,541925424
6126,542068498
6127,542095639
6128,542174591
6129,542411833
6130,542471727
6131,542504000
6132,542507175
6133,542958552
6134,543007438
6135,543026325
6136,543163035
6137,543715668
6138,543792166
6139,543807439
6140,543915273
6141,543970608
6142,544128018
6143,544130190
6144,544132228
6145,544217689
6146,544238464
6147,544275728
6148,544477073
6149,544486236
6150,544591418
6151,544632668
6152,544708805
6153,544729499
6154,544751609
6155,544841958
6156,544860575
6157,544894847
6158,544942476
6159,545041898
6160,545055277
6161,545135913
6162,545336909
6163,545534072
6164,545568616
6165,545622144
6166,545637932
6167,545702903
6168,545811385
6169,545833044
6170,545838787
6171,545878983
6172,545883560
6173,545909757
6174,545932870
6175,546185753
6176,546339801
6177,546342066
6178,546345682
6179,546407313
6180,546443629
6181,546456939
6182,546533773
6183,546733981
6184,546805381
6185,546953879
6186,547014504
6187,547037416
6188,547093490
6189,547123317
6190,547379311
6191,547379434
6192,547390682
6193,547405754
6194,547426398
6195,547443669
6196,547537179
6197,547570136
6198,547620246
6199,547793379
6200,547794926
6201,547818391
6202,547943543
6203,548040325
6204,548054730
6205,548055696
6206,548056763
6207,548119188
6208,548181627
6209,548250826
6210,548267275
6211,548473158
6212,548651630
6213,548662932
6214,548694701
6215,548980785
6216,548993674
6217,549066732
6218,549072062
6219,549098402
6220,549263073
6221,549466919
6222,549481638
6223,549669274
6224,549702006
6225,549883473
6226,549946477
6227,550196866
6228,550268429
6229,550360328
6230,550400911
6231,550543398
6232,550807593
6233,550948476
6234,551103769
6235,551140577
6236,551466520
6237,551513768
6238,551579280
6239,551598421
6240,551665069
6241,551666620
6242,551786498
6243,551792433
6244,551843253
6245,551861995
6246,551871294
6247,551938221
6248,551955181
6249,552029198
6250,552058142
6251,552137672
6252,552186827
6253,552279204
6254,552298167
6255,552381139
6256,552416991
6257,552487060
6258,552634651
6259,553126852
6260,553316529
6261,553329861
6262,553393164
6263,553421468
6264,553445459
6265,553518891
6266,553532440
6267,553569528
6268,553621525
6269,553711948
6270,553757775
6271,553797327
6272,553807388
6273,553814521
6274,554147289
6275,554257549
6276,554288689
6277,554391231
6278,554550778
6279,554744787
6280,554885589
6281,555116085
6282,555453373
6283,555482783
6284,555482996
6285,555496422
6286,555585600
6287,555604259
6288,556027511
6289,556390509
6290,556433330
6291,556436653
6292,556469769
6293,556491247
6294,556655758
6295,556724014
6296,556741645
6297,556803994
6298,556855562
6299,556870985
6300,556874414
6301,556879544
6302,557003496
6303,557068623
6304,557262842
6305,557305238
6306,557465490
6307,557534873
6308,557558819
6309,557589567
6310,557653229
6311,557659355
6312,557746560
6313,557821183
6314,557985241
6315,558002849
6316,558112738
6317,558225134
6318,558278384
6319,558312352
6320,558320342
6321,558322169
6322,558519381
6323,558521921
6324,558527655
6325,558656453
6326,558960768
6327,559026457
6328,559061262
6329,559084913
6330,559212875
6331,559290500
6332,559366391
6333,559368146
6334,559443921
6335,559827707
6336,559952793
6337,560116511
6338,560160661
6339,560253240
6340,560400506
6341,560442898
6342,560796188
6343,560830920
6344,560866129
6345,560938884
6346,560954469
6347,561003828
6348,561202773
6349,561228580
6350,561266590
6351,561325773
6352,561547884
6353,561557084
6354,561630906
6355,561658824
6356,561674328
6357,561859250
6358,561882508
6359,562019119
6360,562030636
6361,562088305
6362,562099981
6363,562172187
6364,562196493
6365,562406734
6366,562436679
6367,562528563
6368,562545189
6369,562579991
6370,562767249
6371,562797917
6372,562830596
6373,562885952
6374,562932354
6375,562993682
6376,563000131
6377,563002435
6378,563072310
6379,563162037
6380,563390956
6381,563523151
6382,563688689
6383,564093838
6384,564107130
6385,564162499
6386,564214552
6387,564291409
6388,564396711
6389,564427388
6390,564627602
6391,564750539
6392,564862538
6393,565004448
6394,565066744
6395,565118010
6396,565134230
6397,565190759
6398,565201682
6399,565240353
6400,565279777
6401,565297035
6402,565400281
6403,565473705
6404,565505995
6405,565559570
6406,565604102
6407,565629173
6408,565661953
6409,565682712
6410,565697983
6411,565732544
6412,565737819
6413,565807473
6414,565917916
6415,565986184
6416,566253391
6417,566327320
6418,566381426
6419,566453923
6420,566523904
6421,566523986
6422,566629327
6423,566697796
6424,566713176
6425,566722108
6426,566835800
6427,567002575
6428,567016942
6429,567074549
6430,567096290
6431,567189946
6432,567235659
6433,567435665
6434,567448972
6435,567490226
6436,567580811
6437,567653775
6438,567752568
6439,568005505
6440,568097016
6441,568236137
6442,568245682
6443,568479018
6444,568668591
6445,568708549
6446,568875505
6447,568954296
6448,569238470
6449,569276119
6450,569519201
6451,569568634
6452,569644706
6453,569707825
6454,569744597
6455,570011850
6456,570020503
6457,570040083
6458,570048038
6459,570055631
6460,570086261
6461,570089578
6462,570131231
6463,570225113
6464,570316957
6465,570538227
6466,570553128
6467,570598080
6468,570604805
6469,570610520
6470,570642208
6471,570732183
6472,570887375
6473,570931419
6474,570935649
6475,570946551
6476,571016472
6477,571143881
6478,571213012
6479,571235956
6480,571398896
6481,571415736
6482,571464793
6483,571495872
6484,571693676
6485,571748640
6486,571888564
6487,571930364
6488,571955959
6489,572068651
6490,572145469
6491,572174055
6492,572241459
6493,572281739
6494,572443056
6495,572446103
6496,572490652
6497,572511295
6498,572515705
6499,572576830
6500,572586742
6501,572637788
6502,572689342
6503,572717645
6504,572838255
6505,573074383
6506,573128430
6507,573447996
6508,573488690
6509,573535050
6510,573675401
6511,573683388
6512,574008592
6513,574176845
6514,574217491
6515,574230225
6516,574314102
6517,574343538
6518,574400530
6519,574411125
6520,574605115
6521,574837562
6522,574894984
6523,574921417
6524,574974014
6525,575025482
6526,575065680
6527,575219755
6528,575462031
6529,575520465
6530,575532922
6531,575557252
6532,575664178
6533,575700001
6534,575828399
6535,575834346
6536,575854336
6537,575947521
6538,576037779
6539,576122071
6540,576313999
6541,576797929
6542,576917737
6543,577064586
6544,577078312
6545,577158737
6546,577218493
6547,577392665
6548,577480797
6549,577580696
6550,577593552
6551,577756337
6552,577876817
6553,577927018
6554,578275217
6555,578318296
6556,578336616
6557,578449891
6558,578561998
6559,578643534
6560,578690324
6561,578789795
6562,578947638
6563,579035129
6564,579085344
6565,579134932
6566,579148847
6567,579371270
6568,579407059
6569,579498241
6570,579585770
6571,579603388
6572,579758390
6573,579865780
6574,580202730
6575,580508088
6576,580713828
6577,580752838
6578,580839441
6579,580893895
6580,581105879
6581,581200384
6582,581280393
6583,581350334
6584,581353018
6585,581454910
6586,581512431
6587,581623566
6588,581855512
6589,581910821
6590,582033048
6591,582151707
6592,582489190
6593,582649959
6594,582742155
6595,582761464
6596,582910956
6597,582954226
6598,583274936
6599,583285002
6600,583409135
6601,583463085
6602,583529188
6603,583585903
6604,583657411
6605,583659860
6606,583675739
6607,583717254
6608,583803658
6609,583979444
6610,584016960
6611,584169582
6612,584229497
6613,584257116
6614,584304838
6615,584326713
6616,584340758
6617,584345228
6618,584367324
6619,584398134
6620,584486325
6621,584513268
6622,584731248
6623,584956308
6624,585183218
6625,585252518
6626,585329537
6627,585347913
6628,585354100
6629,585399470
6630,585495334
6631,585616869
6632,585815742
6633,585888624
6634,585907637
6635,586045389
6636,586086219
6637,586166889
6638,586178880
6639,586263946
6640,586309054
6641,586503360
6642,586628368
6643,586640963
6644,586662553
6645,586667017
6646,586686281
6647,587008329
6648,587053409
6649,587060658
6650,587150033
6651,587221334
6652,587227998
6653,587283188
6654,587309765
6655,587329152
6656,587573883
6657,587626657
6658,587637662
6659,587698352
6660,587767972
6661,587855628
6662,587977502
6663,588025921
6664,588175143
6665,588232828
6666,588254377
6667,588285618
6668,588359915
6669,588383791
6670,588406341
6671,588553888
6672,588621258
6673,588645988
6674,588684111
6675,588708469
6676,588851766
6677,588935939
6678,589107643
6679,589137828
6680,589198578
6681,589257147
6682,589334721
6683,589404894
6684,589408214
6685,589408907
6686,589501915
6687,589707406
6688,589897765
6689,590064716
6690,590183689
6691,590243832
6692,590268032
6693,590285288
6694,590595252
6695,590718183
6696,590788543
6697,591052727
6698,591255034
6699,591294503
6700,591321087
6701,591408726
6702,591489291
6703,591499839
6704,591541439
6705,591621424
6706,591662625
6707,591670973
6708,591760810
6709,591803868
6710,592064664
6711,592090112
6712,592171775
6713,592235147
6714,592424959
6715,592533392
6716,592592657
6717,592672631
6718,592714969
6719,592779969
6720,592895225
6721,592906368
6722,593022573
6723,593034598
6724,593052558
6725,593058156
6726,593073740
6727,593076871
6728,593399978
6729,593453270
6730,593499099
6731,593665909
6732,593709711
6733,593772267
6734,593914438
6735,593940371
6736,593974927
6737,594196275
6738,594321556
6739,594533123
6740,594561177
6741,594745065
6742,594764812
6743,594886160
6744,594932355
6745,594943251
6746,595378481
6747,595386186
6748,595671121
6749,595696483
6750,595737005
6751,595778901
6752,595816919
6753,595870896
6754,595927812
6755,595937393
6756,596165837
6757,596242235
6758,596251842
6759,596313814
6760,596344450
6761,596425295
6762,596565852
6763,596566972
6764,596596480
6765,596615700
6766,596758435
6767,596966553
6768,596994006
6769,597187052
6770,597191371
6771,597265202
6772,597334551
6773,597354401
6774,597442889
6775,597463430
6776,597502571
6777,597616664
6778,597623470
6779,597682535
6780,597761470
6781,597818818
6782,597991427
6783,598107274
6784,598161735
6785,598170682
6786,598337362
6787,598395909
6788,598481624
6789,598749397
6790,598927758
6791,598939127
6792,598957567
6793,598958468
6794,599048885
6795,599155104
6796,599298642
6797,599359540
6798,599454041
6799,599502908
6800,599518564
6801,599564748
6802,599751721
6803,599956735
6804,600020650
6805,600085430
6806,600224626
6807,600281309
6808,600296501
6809,600448502
6810,600455154
6811,600470403
6812,600491322
6813,600548706
6814,600686867
6815,600950462
6816,601012784
6817,601077660
6818,601082547
6819,601260208
6820,601390607
6821,601542481
6822,601670786
6823,601711336
6824,601832086
6825,601846359
6826,601956856
6827,602123461
6828,602159046
6829,602214455
6830,602217183
6831,602394076
6832,602654448
6833,602929257
6834,603000770
6835,603052749
6836,603060643
6837,603075294
6838,603159075
6839,603552843
6840,603641456
6841,603667252
6842,603668545
6843,603822325
6844,603825468
6845,603857747
6846,603903621
6847,604049939
6848,604208284
6849,604300680
6850,604315548
6851,604443535
6852,604470417
6853,604581249
6854,604794018
6855,604821636
6856,604847801
6857,604917440
6858,604934637
6859,604949071
6860,604953795
6861,605164310
6862,605199110
6863,605307857
6864,605392274
6865,605444571
6866,606000289
6867,606080287
6868,606123924
6869,606176681
6870,606183290
6871,606315765
6872,606337638
6873,606368541
6874,606374223
6875,606435541
6876,606499597
6877,606582450
6878,606589605
6879,606661073
6880,606665561
6881,606676968
6882,606690685
6883,606782887
6884,606874588
6885,607044501
6886,607154222
6887,607294938
6888,607330529
6889,607366882
6890,607385402
6891,607482848
6892,607823324
6893,607831253
6894,608330569
6895,608403634
6896,608509463
6897,608639014
6898,608646699
6899,608648565
6900,608902290
6901,608940590
6902,608990269
6903,608995544
6904,609093267
6905,609326100
6906,609580704
6907,609613834
6908,609668243
6909,609711679
6910,609724526
6911,609788706
6912,610048821
6913,610241456
6914,610252361
6915,610325703
6916,610678937
6917,610696054
6918,610797342
6919,610894501
6920,611003158
6921,611087432
6922,611161153
6923,611195440
6924,611222035
6925,611389483
6926,611414555
6927,611601948
6928,611728492
6929,611757386
6930,611866228
6931,612014218
6932,612081315
6933,612124569
6934,612347474
6935,612531534
6936,612744423
6937,612817621
6938,613020143
6939,613181517
6940,613187706
6941,613206949
6942,613295589
6943,613397935
6944,613458767
6945,613606248
6946,613612210
6947,613671682
6948,613741445
6949,613839765
6950,613862631
6951,614011223
6952,614136953
6953,614345933
6954,614352690
6955,614436137
6956,614444947
6957,614561211
6958,614634670
6959,614783045
6960,614899561
6961,614904393
6962,614907089
6963,614920791
6964,614982202
6965,614983389
6966,614997883
6967,615049930
6968,615446273
6969,615485913
6970,615688274
6971,615728736
6972,616023782
6973,616167367
6974,616225718
6975,616390292
6976,616533694
6977,616572064
6978,616625214
6979,616790116
6980,616840785
6981,617072125
6982,617156123
6983,617215444
6984,617236180
6985,617343325
6986,617415904
6987,617486902
6988,617521749
6989,617584723
6990,617627151
6991,617713718
6992,617762276
6993,617781706
6994,617909593
6995,618014621
6996,618256887
6997,618332479
6998,618409230
6999,618472893
7000,618580461
7001,618584668
7002,618585007
7003,618713698
7004,618728051
7005,618882563
7006,619000346
7007,619055491
7008,619064471
7009,619187851
7010,619277888
7011,619306196
7012,619317340
7013,619325011
7014,619632019
7015,619671689
7016,619693641
7017,619713320
7018,619756519
7019,619922115
7020,619954510
7021,620003263
7022,620022089
7023,620092457
7024,620119497
7025,620123906
7026,620212187
7027,620272796
7028,620406209
7029,620460800
7030,620786272
7031,620895123
7032,621093717
7033,621314642
7034,621466407
7035,621630002
7036,621656314
7037,621735138
7038,621817249
7039,621836210
7040,622001819
7041,622004264
7042,622031902
7043,622103968
7044,622116574
7045,622342258
7046,622351150
7047,622635838
7048,622693421
7049,622713364
7050,622754912
7051,622766005
7052,623098784
7053,623100214
7054,623216311
7055,623309849
7056,623355708
7057,623493288
7058,623802132
7059,623828630
7060,623844329
7061,624380361
7062,624467590
7063,624545719
7064,624611504
7065,624629414
7066,624650163
7067,625031360
7068,625074449
7069,625364554
7070,625444706
7071,625474778
7072,625669353
7073,625784141
7074,625920691
7075,625960503
7076,625985719
7077,626019441
7078,626168854
7079,626355846
7080,626405059
7081,626448938
7082,626477397
7083,626478817
7084,626676518
7085,626732512
7086,627007025
7087,627018403
7088,627064185
7089,627070781
7090,627201165
7091,627341078
7092,627462761
7093,627512988
7094,627557730
7095,627640501
7096,627950330
7097,627961565
7098,627975111
7099,628058829
7100,628137706
7101,628214016
7102,628294353
7103,628310242
7104,628339708
7105,628422886
7106,628652076
7107,628796103
7108,628814326
7109,628897735
7110,628916572
7111,628917159
7112,628923926
7113,629011880
7114,629046946
7115,629082606
7116,629222886
7117,629275478
7118,629275789
7119,629282453
7120,629387182
7121,629390809
7122,629465645
7123,629557588
7124,629652083
7125,629705485
7126,629716453
7127,629729998
7128,629759742
7129,629836498
7130,629961983
7131,629977303
7132,630223467
7133,630361681
7134,630363603
7135,630373871
7136,630695927
7137,630704179
7138,630729175
7139,630760550
7140,630809951
7141,631061124
7142,631089782
7143,631182611
7144,631212417
7145,631416629
7146,632043631
7147,632080050
7148,632091980
7149,632092011
7150,632098390
7151,632444506
7152,632456561
7153,632466251
7154,633165298
7155,633427282
7156,633479900
7157,633527976
7158,633528863
7159,633532314
7160,633569151
7161,633579497
7162,633615250
7163,633658132
7164,633686688
7165,633804758
7166,633816069
7167,633961160
7168,634005027
7169,634157124
7170,634214784
7171,634359981
7172,634385083
7173,634420559
7174,634428331
7175,634535024
7176,634567604
7177,634686758
7178,634708493
7179,634710053
7180,634729002
7181,634731569
7182,635069492
7183,635262040
7184,635272142
7185,635534927
7186,635590469
7187,635623618
7188,635722973
7189,636073715
7190,636108153
7191,636142728
7192,636497357
7193,636498213
7194,636784079
7195,636830990
7196,636851433
7197,636959998
7198,637054956
7199,637116582
7200,637310280
7201,637329151
7202,637405155
7203,637628681
7204,637743451
7205,637863169
7206,638037778
7207,638095577
7208,638229078
7209,638346171
7210,638535531
7211,638908829
7212,638963745
7213,639135789
7214,639268082
7215,639295334
7216,639384227
7217,639557183
7218,639576271
7219,639726300
7220,639752429
7221,640069035
7222,640076885
7223,640146553
7224,640147690
7225,640178176
7226,640182664
7227,640247525
7228,640256072
7229,640438814
7230,640441443
7231,640456021
7232,640510699
7233,640607940
7234,640669791
7235,640820441
7236,640912987
7237,640965852
7238,641001947
7239,641016927
7240,641244650
7241,641258747
7242,641422880
7243,641534485
7244,641674143
7245,641695378
7246,641706481
7247,641845167
7248,641945410
7249,641975113
7250,642187414
7251,642321202
7252,642330261
7253,642342687
7254,642537540
7255,642604890
7256,642940824
7257,643136827
7258,643197211
7259,643256833
7260,643320262
7261,643326245
7262,643347985
7263,643519971
7264,643548243
7265,643651729
7266,643706793
7267,643798971
7268,643823139
7269,643851686
7270,643858691
7271,643965678
7272,644184529
7273,644191356
7274,644226396
7275,644280994
7276,644307115
7277,644480236
7278,644604052
7279,644653270
7280,644826286
7281,644930751
7282,645003792
7283,645058374
7284,645308324
7285,645456120
7286,645500086
7287,645603489
7288,645738809
7289,645881667
7290,646135396
7291,646228364
7292,646341906
7293,646478623
7294,646524358
7295,646568509
7296,646670782
7297,646711105
7298,646759384
7299,646859269
7300,647247178
7301,647266743
7302,647418166
7303,647514555
7304,647879307
7305,647951198
7306,647980876
7307,648046126
7308,648246268
7309,648251976
7310,648292362
7311,648293142
7312,648402313
7313,648424368
7314,648649457
7315,648659932
7316,648704231
7317,648865506
7318,648910977
7319,649026162
7320,649047931
7321,649303868
7322,649519829
7323,649525807
7324,649537534
7325,649596582
7326,649646152
7327,649711211
7328,649815863
7329,650087519
7330,650106216
7331,650199862
7332,650271470
7333,650298213
7334,650320927
7335,650323295
7336,650487462
7337,650529139
7338,650537884
7339,650663950
7340,650702912
7341,651007659
7342,651118130
7343,651136976
7344,651706476
7345,651774587
7346,651913116
7347,652017609
7348,652588674
7349,652774202
7350,652870047
7351,652870155
7352,652895340
7353,652905458
7354,653145097
7355,653416975
7356,653443339
7357,653477231
7358,653498838
7359,653510687
7360,653562372
7361,653996194
7362,654083180
7363,654120604
7364,654195199
7365,654218677
7366,654251740
7367,654269703
7368,654385729
7369,654389678
7370,654510759
7371,654652303
7372,654678957
7373,654824497
7374,654866848
7375,654875266
7376,654903638
7377,655163543
7378,655429283
7379,655485176
7380,655587674
7381,655620762
7382,655747963
7383,656209205
7384,656290261
7385,656350678
7386,656405974
7387,656559189
7388,656630651
7389,656779341
7390,656862911
7391,656904399
7392,656921426
7393,656924630
7394,657038862
7395,657063651
7396,657136363
7397,657173802
7398,657234183
7399,657264270
7400,657297146
7401,657316375
7402,657338347
7403,657366571
7404,657402599
7405,657406530
7406,657431774
7407,657458831
7408,657531703
7409,657841423
7410,658054590
7411,658199299
7412,658430092
7413,658483542
7414,658502906
7415,658531489
7416,658534236
7417,658638520
7418,658653945
7419,658687977
7420,659095345
7421,659207453
7422,659544927
7423,659707343
7424,660112771
7425,660130114
7426,660176440
7427,660189573
7428,660215775
7429,660248882
7430,660321136
7431,660392518
7432,660452008
7433,660523028
7434,660681420
7435,660732464
7436,660793392
7437,660829487
7438,660847132
7439,660852634
7440,660968620
7441,661141827
7442,661224286
7443,661287656
7444,661329462
7445,661368160
7446,661597910
7447,661602598
7448,661652050
7449,661704661
7450,661710268
7451,661759553
7452,661767838
7453,661805928
7454,661932072
7455,661973200
7456,662005715
7457,662128058
7458,662209037
7459,662273394
7460,662351105
7461,662392931
7462,662406452
7463,662675999
7464,662735954
7465,662942966
7466,663083726
7467,663174820
7468,663218568
7469,663363172
7470,663401945
7471,663703348
7472,663737815
7473,663847281
7474,664198874
7475,664275420
7476,664611554
7477,664615763
7478,664646751
7479,664651317
7480,664918008
7481,664995348
7482,665151507
7483,665164314
7484,665166930
7485,665182951
7486,665198923
7487,665226975
7488,665237667
7489,665241649
7490,665304652
7491,665391775
7492,665402024
7493,665621254
7494,665780535
7495,665788046
7496,665854220
7497,665899310
7498,665972165
7499,666168430
7500,666183672
7501,666395457
7502,666561361
7503,666611435
7504,666696812
7505,666720758
7506,666735316
7507,666741154
7508,666823499
7509,666906966
7510,667121619
7511,667174632
7512,667224357
7513,667372620
7514,667523964
7515,667618152
7516,667950707
7517,668098082
7518,668103354
7519,668129953
7520,668433736
7521,668478560
7522,668626284
7523,668637946
7524,668799746
7525,668852741
7526,668906651
7527,668925702
7528,669084777
7529,669096459
7530,669101581
7531,669667937
7532,669904491
7533,670006121
7534,670191522
7535,670199715
7536,670219218
7537,670317438
7538,670406910
7539,670433552
7540,670595082
7541,670753592
7542,670810077
7543,670876615
7544,670888109
7545,670919528
7546,670932660
7547,670936401
7548,671039957
7549,671057571
7550,671141767
7551,671170392
7552,671196829
7553,671215771
7554,671271059
7555,671309733
7556,671400078
7557,671463628
7558,671732489
7559,671786404
7560,672231149
7561,672247423
7562,672337428
7563,672400979
7564,672574474
7565,672587059
7566,672625936
7567,672657477
7568,672788567
7569,672805455
7570,672951399
7571,672984260
7572,673084343
7573,673218887
7574,673461451
7575,673515946
7576,673539118
7577,673693891
7578,673820420
7579,673881172
7580,673888632
7581,673961945
7582,674005071
7583,674092847
7584,674133588
7585,674228757
7586,674445449
7587,674448188
7588,674463916
7589,674578231
7590,674651089
7591,674823325
7592,674824931
7593,674874765
7594,674913958
7595,674986355
7596,675016370
7597,675032155
7598,675080387
7599,675214041
7600,675228435
7601,675298110
7602,675464270
7603,675654871
7604,675828949
7605,675956722
7606,675975662
7607,675997506
7608,676009691
7609,676014692
7610,676121678
7611,676209701
7612,676328498
7613,676486935
7614,676626735
7615,676636151
7616,676657250
7617,676780103
7618,676788856
7619,676880623
7620,676886795
7621,676897271
7622,676978953
7623,677015485
7624,677021370
7625,677415688
7626,677494640
7627,677524480
7628,677870261
7629,677885826
7630,678155008
7631,678199273
7632,678214170
7633,678241641
7634,678339429
7635,678348433
7636,678424372
7637,678755152
7638,678856009
7639,679033397
7640,679066249
7641,679112683
7642,679145201
7643,679172903
7644,679248523
7645,679305868
7646,679326395
7647,679435076
7648,679655837
7649,679665741
7650,679748675
7651,679936391
7652,679953105
7653,679959677
7654,680013390
7655,680284992
7656,680390393
7657,680393165
7658,680647395
7659,680690306
7660,680751214
7661,680929639
7662,681042808
7663,681062084
7664,681081855
7665,681163146
7666,681305335
7667,681354693
7668,681358348
7669,681359732
7670,681432625
7671,681523460
7672,681625490
7673,681660400
7674,681731403
7675,682411255
7676,682436940
7677,682483609
7678,682538250
7679,682560041
7680,682666749
7681,683037104
7682,683176544
7683,683229761
7684,683254832
7685,683282875
7686,683337829
7687,683389643
7688,683430682
7689,683493116
7690,683587211
7691,683623132
7692,683644632
7693,683665559
7694,683666075
7695,683669369
7696,683909240
7697,683927299
7698,683952956
7699,683968788
7700,684008508
7701,684056066
7702,684099703
7703,684154938
7704,684400470
7705,684403713
7706,684519370
7707,684533040
7708,684616301
7709,684832585
7710,684840478
7711,684883307
7712,684946185
7713,685117352
7714,685118805
7715,685218809
7716,685307387
7717,685367353
7718,685519455
7719,685589873
7720,685615119
7721,685650044
7722,685650529
7723,685658003
7724,685745702
7725,685765647
7726,685768872
7727,685876781
7728,685902354
7729,685921878
7730,686222494
7731,686301425
7732,686304938
7733,686327582
7734,686345902
7735,686430464
7736,686433431
7737,686518557
7738,686570617
7739,686634306
7740,686711612
7741,686717797
7742,686950219
7743,687000995
7744,687013410
7745,687233017
7746,687286214
7747,687305012
7748,687344975
7749,687442391
7750,687570261
7751,687619742
7752,687669765
7753,687952950
7754,687979296
7755,687991008
7756,688037173
7757,688085211
7758,688128856
7759,688188751
7760,688299635
7761,688308949
7762,688370346
7763,688391210
7764,688907132
7765,689060026
7766,689152854
7767,689183727
7768,689222024
7769,689380817
7770,689421241
7771,689423771
7772,689473547
7773,689481803
7774,689590003
7775,689862477
7776,689915512
7777,690142941
7778,690161351
7779,690169926
7780,690381499
7781,690437307
7782,690459976
7783,690478633
7784,690597992
7785,690617569
7786,690638447
7787,690675821
7788,690864850
7789,690879535
7790,691125233
7791,691266732
7792,691356521
7793,691473473
7794,691510459
7795,691514674
7796,691649733
7797,691690138
7798,691787829
7799,691793052
7800,691881531
7801,691971263
7802,691979356
7803,692032923
7804,692134447
7805,692143394
7806,692245176
7807,692311114
7808,692437749
7809,692439404
7810,692572333
7811,692662845
7812,692805447
7813,692910429
7814,692977471
7815,693039522
7816,693238029
7817,693278898
7818,693496624
7819,693617673
7820,693658816
7821,693929743
7822,693982345
7823,694036803
7824,694120056
7825,694161033
7826,694334491
7827,694367202
7828,694382695
7829,694386132
7830,694564639
7831,694573266
7832,694601284
7833,694604560
7834,694721483
7835,694897187
7836,694932797
7837,695036978
7838,695267201
7839,695317463
7840,695326097
7841,695386367
7842,695506834
7843,695533555
7844,695547543
7845,695581475
7846,695612743
7847,695685701
7848,695761932
7849,695936042
7850,695972324
7851,696135014
7852,696166714
7853,696179398
7854,696187621
7855,696231131
7856,696249860
7857,696287295
7858,696339507
7859,696373411
7860,696437979
7861,696595272
7862,696607157
7863,696696752
7864,696820306
7865,696961101
7866,697066785
7867,697343903
7868,697473026
7869,697494990
7870,697662540
7871,697685765
7872,697725669
7873,697817873
7874,697898048
7875,698023226
7876,698048466
7877,698149177
7878,698251954
7879,698322753
7880,698351312
7881,698438111
7882,698486121
7883,698537365
7884,698547791
7885,698659065
7886,698828482
7887,698878610
7888,699000532
7889,699190040
7890,699268852
7891,699273938
7892,699691879
7893,699708347
7894,699855309
7895,699909472
7896,700000884
7897,700023972
7898,700038519
7899,700078536
7900,700080537
7901,700109865
7902,700407592
7903,700410442
7904,700458882
7905,700483783
7906,700590245
7907,700752029
7908,700880100
7909,700880869
7910,701061348
7911,701162788
7912,701180323
7913,701186740
7914,701355477
7915,701709777
7916,701738087
7917,701749759
7918,701952328
7919,702241339
7920,702447657
7921,702695594
7922,702715481
7923,702736193
7924,702834106
7925,702873325
7926,703006677
7927,703129114
7928,703164457
7929,703169436
7930,703223445
7931,703231770
7932,703234007
7933,703371996
7934,703406843
7935,703901083
7936,703956316
7937,704365308
7938,704533576
7939,704658372
7940,704692877
7941,704698078
7942,704840139
7943,704926913
7944,705029543
7945,705058176
7946,705080538
7947,705089743
7948,705126932
7949,705230520
7950,705292742
7951,705384259
7952,705428622
7953,705468921
7954,705988489
7955,706102116
7956,706527767
7957,706536977
7958,706636792
7959,706660888
7960,706668927
7961,706740493
7962,706845280
7963,706870012
7964,707042706
7965,707045064
7966,707049426
7967,707170056
7968,707511905
7969,707654572
7970,707716566
7971,707792294
7972,707924598
7973,708007203
7974,708094458
7975,708095605
7976,708125142
7977,708126312
7978,708316274
7979,708578466
7980,708581897
7981,708614628
7982,708689185
7983,708771204
7984,709002133
7985,709028277
7986,709148549
7987,709821523
7988,709875103
7989,709988891
7990,710216191
7991,710241220
7992,710334139
7993,710548743
7994,710582517
7995,710697673
7996,711085962
7997,711138449
7998,711230046
7999,711312853
8000,711369535
8001,711369861
8002,711396283
8003,711632783
8004,711781896
8005,711890699
8006,712012787
8007,712436677
8008,712499866
8009,712541446
8010,712664842
8011,712728868
8012,712794065
8013,713062826
8014,713089627
8015,713196118
8016,713252895
8017,713425851
8018,713525847
8019,713565116
8020,713846264
8021,713896290
8022,713933698
8023,713981942
8024,714151798
8025,714301258
8026,714585438
8027,714642464
8028,714971070
8029,715015957
8030,715127972
8031,715303585
8032,715478877
8033,715484357
8034,715492412
8035,715598799
8036,715669464
8037,715752156
8038,715758908
8039,715977128
8040,716141512
8041,716303915
8042,716337503
8043,716435499
8044,716476589
8045,716486599
8046,716633915
8047,717026724
8048,717103642
8049,717114433
8050,717167191
8051,717172523
8052,717200550
8053,717305881
8054,717321433
8055,717468346
8056,717487301
8057,717589096
8058,717599026
8059,717606020
8060,717630101
8061,717795314
8062,717889748
8063,717972077
8064,718209605
8065,718216365
8066,718247077
8067,718364944
8068,718429059
8069,718477414
8070,718569368
8071,718581999
8072,718762908
8073,718921052
8074,718935957
8075,719216300
8076,719348739
8077,719552174
8078,719566689
8079,719577800
8080,719704501
8081,719761201
8082,719895568
8083,719897966
8084,719912203
8085,719968172
8086,720093618
8087,720096191
8088,720179423
8089,720317553
8090,720443523
8091,720460100
8092,720567689
8093,720605436
8094,720667630
8095,720716772
8096,720998311
8097,721033615
8098,721121039
8099,721243833
8100,721269987
8101,721276404
8102,721331278
8103,721390313
8104,721575285
8105,721593622
8106,721662427
8107,721773778
8108,722334079
8109,722348537
8110,722376188
8111,722546599
8112,722674661
8113,722739678
8114,722802125
8115,722860710
8116,722884727
8117,722927465
8118,722973676
8119,723038803
8120,723181018
8121,723218398
8122,723273504
8123,723279754
8124,723293821
8125,723299327
8126,723455091
8127,723487090
8128,723498385
8129,723520008
8130,723539908
8131,723590423
8132,723650337
8133,723663048
8134,723736311
8135,723772785
8136,723790259
8137,723825533
8138,723867623
8139,723972948
8140,723992934
8141,724177772
8142,724273774
8143,724361240
8144,724463718
8145,724509663
8146,724549887
8147,724566651
8148,724953328
8149,725223125
8150,725276132
8151,725301775
8152,725353959
8153,725399430
8154,725543067
8155,725549774
8156,725576674
8157,725680177
8158,725758674
8159,725760811
8160,725833290
8161,725851630
8162,725992627
8163,726056965
8164,726122394
8165,726400162
8166,726402469
8167,726493031
8168,726513923
8169,726519610
8170,726629442
8171,726688894
8172,726873867
8173,726901918
8174,726923805
8175,727385141
8176,727455794
8177,727571951
8178,727655789
8179,727707901
8180,727741193
8181,727748108
8182,727800278
8183,727985112
8184,728007994
8185,728103585
8186,728110960
8187,728110980
8188,728115286
8189,728155720
8190,728324016
8191,728482815
8192,728790210
8193,728973944
8194,729209510
8195,729399138
8196,729400817
8197,729419356
8198,729422385
8199,729592421
8200,729796591
8201,729818967
8202,729947032
8203,729949855
8204,730075175
8205,730248022
8206,730348769
8207,730388572
8208,730417095
8209,730430406
8210,730466612
8211,730618083
8212,730635205
8213,730656289
8214,730683810
8215,730903292
8216,731353421
8217,731452255
8218,731701701
8219,731774898
8220,731774961
8221,731863352
8222,731867515
8223,731878715
8224,731893927
8225,731922114
8226,731938036
8227,731991261
8228,732022738
8229,732151393
8230,732168621
8231,732178653
8232,732424144
8233,732434277
8234,732471364
8235,732493090
8236,732627811
8237,732641762
8238,732666848
8239,732702514
8240,732805114
8241,733027289
8242,733052248
8243,733065556
8244,733068071
8245,733120262
8246,733487678
8247,733516643
8248,733526388
8249,733550173
8250,733588816
8251,733786361
8252,733789662
8253,733806180
8254,733979688
8255,734038347
8256,734129310
8257,734441842
8258,734549977
8259,734687555
8260,734894359
8261,735052244
8262,735123701
8263,735165271
8264,735172370
8265,735220969
8266,735263580
8267,735277295
8268,735444676
8269,735552801
8270,735788159
8271,735941012
8272,735957405
8273,736156656
8274,736238277
8275,736277956
8276,736454934
8277,736619122
8278,736620927
8279,736870755
8280,736987699
8281,737044205
8282,737090839
8283,737109948
8284,737229118
8285,737329342
8286,737340647
8287,737409888
8288,737417341
8289,737461122
8290,737505812
8291,737590239
8292,737637127
8293,737683057
8294,737702504
8295,737702922
8296,737726779
8297,737743679
8298,737823515
8299,737853174
8300,737863551
8301,738031839
8302,738168273
8303,738272432
8304,738305747
8305,738329630
8306,738350484
8307,738403964
8308,738481602
8309,738586269
8310,738612526
8311,738754529
8312,738778509
8313,738903075
8314,738933570
8315,738991206
8316,739050700
8317,739080748
8318,739094293
8319,739142412
8320,739204977
8321,739304018
8322,739369374
8323,739377973
8324,739459825
8325,739498349
8326,739633066
8327,739728770
8328,739811513
8329,739902501
8330,740016375
8331,740079961
8332,740164369
8333,740328267
8334,740403815
8335,740485719
8336,740621574
8337,740741863
8338,740858356
8339,740891338
8340,740904147
8341,740932133
8342,740985036
8343,741000254
8344,741021754
8345,741061299
8346,741083149
8347,741183057
8348,741440659
8349,741531255
8350,741534554
8351,741586301
8352,741823831
8353,741995509
8354,742086006
8355,742143072
8356,742224009
8357,742416180
8358,742532326
8359,742662998
8360,742719984
8361,742731017
8362,742743037
8363,742955881
8364,742975459
8365,743040130
8366,743511395
8367,743592110
8368,743990623
8369,744048437
8370,744060810
8371,744368966
8372,744388561
8373,744409231
8374,744741044
8375,744961968
8376,745025969
8377,745335089
8378,745414789
8379,745463110
8380,745508928
8381,745559438
8382,745729324
8383,745983293
8384,746016310
8385,746171384
8386,746211585
8387,746235125
8388,746239474
8389,746309535
8390,746330601
8391,746382098
8392,746414424
8393,746424030
8394,746555577
8395,746727363
8396,746884990
8397,746891963
8398,746900860
8399,746959040
8400,747226001
8401,747315668
8402,747421534
8403,747479639
8404,747509585
8405,747580955
8406,747613334
8407,747626439
8408,747667202
8409,747679857
8410,747746522
8411,748001030
8412,748078864
8413,748091548
8414,748303704
8415,748608456
8416,748986936
8417,749091797
8418,749100735
8419,749324942
8420,749356424
8421,749385234
8422,749480099
8423,749528699
8424,749542603
8425,749565890
8426,749638365
8427,749640649
8428,749671170
8429,749698761
8430,749953051
8431,750061657
8432,750580337
8433,750584872
8434,750783217
8435,750886086
8436,750893659
8437,751005225
8438,751050990
8439,751065095
8440,751209010
8441,751231033
8442,751338975
8443,751394228
8444,751411626
8445,751447973
8446,751525153
8447,751582293
8448,751589463
8449,751591771
8450,751665542
8451,751755532
8452,751864034
8453,751874161
8454,751904299
8455,751918086
8456,751945030
8457,752020750
8458,752048697
8459,752216233
8460,752231722
8461,752323524
8462,752466088
8463,752634899
8464,752792727
8465,752956983
8466,752981755
8467,753002960
8468,753104371
8469,753182256
8470,753197367
8471,753307366
8472,753529813
8473,753536651
8474,753653933
8475,753692596
8476,753738661
8477,754003546
8478,754080208
8479,754339029
8480,754393795
8481,754406384
8482,754414880
8483,754418649
8484,754522152
8485,754699933
8486,754701502
8487,754742195
8488,754778878
8489,754858892
8490,754921885
8491,754930870
8492,754962071
8493,754998181
8494,755015037
8495,755038830
8496,755107288
8497,755121469
8498,755219503
8499,755361870
8500,755657212
8501,755678771
8502,755708460
8503,756210744
8504,756368488
8505,756470743
8506,756480770
8507,756705267
8508,756723657
8509,756768916
8510,756774815
8511,756888138
8512,756946345
8513,756963508
8514,757161266
8515,757530819
8516,757695190
8517,757702314
8518,757761605
8519,757973375
8520,758028641
8521,758105909
8522,758171745
8523,758656000
8524,758689245
8525,758742985
8526,758763577
8527,758830740
8528,759024439
8529,759029592
8530,759048286
8531,759114042
8532,759219444
8533,759222484
8534,759228921
8535,759301516
8536,759520020
8537,759537894
8538,759760903
8539,759803262
8540,759813801
8541,759928590
8542,759968380
8543,760090419
8544,760263716
8545,760273708
8546,760295442
8547,760409723
8548,760732363
8549,760846309
8550,760859967
8551,760874168
8552,760993064
8553,761428679
8554,761507192
8555,761510482
8556,761527480
8557,761565266
8558,761571970
8559,761620933
8560,761696512
8561,761733328
8562,761744732
8563,761787470
8564,762171519
8565,762303432
8566,762384565
8567,762440445
8568,762503477
8569,762542653
8570,762695829
8571,762783059
8572,762838980
8573,762842827
8574,762844952
8575,762918922
8576,762984695
8577,762996029
8578,763009088
8579,763178814
8580,763269677
8581,763369409
8582,763627722
8583,763666303
8584,763680633
8585,763701690
8586,763770359
8587,763846197
8588,763880997
8589,763965481
8590,764108658
8591,764272025
8592,764277018
8593,764307986
8594,764368473
8595,764452690
8596,764479468
8597,764479720
8598,764508635
8599,764571902
8600,764615815
8601,764644359
8602,764697895
8603,764819930
8604,764849469
8605,764871428
8606,764886484
8607,764970344
8608,764971784
8609,765077177
8610,765134088
8611,765337453
8612,765376397
8613,765441714
8614,765527269
8615,765567336
8616,765579766
8617,765585307
8618,765593533
8619,765663378
8620,765722903
8621,765850015
8622,765938759
8623,766061998
8624,766092121
8625,766104458
8626,766121257
8627,766248551
8628,766259777
8629,766263150
8630,766329215
8631,766516560
8632,766820378
8633,766883269
8634,767022332
8635,767046479
8636,767087565
8637,767128315
8638,767290135
8639,767336118
8640,767385275
8641,767434609
8642,767445813
8643,767619154
8644,767629851
8645,767858955
8646,767925526
8647,767988624
8648,768314760
8649,768335339
8650,768443964
8651,768542162
8652,768615289
8653,768793451
8654,768822340
8655,768870316
8656,768923134
8657,768944090
8658,768960425
8659,769007840
8660,769051282
8661,769064109
8662,769207431
8663,769552830
8664,769563169
8665,769738185
8666,769811999
8667,769863468
8668,769944867
8669,769952540
8670,770049522
8671,770118108
8672,770146237
8673,770278911
8674,770567899
8675,770580545
8676,770598282
8677,770658920
8678,770743952
8679,770747813
8680,770752764
8681,770913030
8682,771407262
8683,771431289
8684,771650004
8685,771665669
8686,771803181
8687,771832511
8688,771953613
8689,771990665
8690,772011270
8691,772070318
8692,772169580
8693,772240279
8694,772328081
8695,772442790
8696,772486714
8697,772924559
8698,773019026
8699,773097384
8700,773189140
8701,773400884
8702,773524733
8703,773526898
8704,773551091
8705,773887804
8706,774055514
8707,774059658
8708,774119822
8709,774440348
8710,774469697
8711,774573370
8712,774706847
8713,774710648
8714,774759762
8715,774794959
8716,774829338
8717,774852704
8718,774863694
8719,774925046
8720,775417185
8721,775584331
8722,775764567
8723,775926445
8724,775954443
8725,775978404
8726,776181983
8727,776205929
8728,776340889
8729,776451888
8730,776501829
8731,776526331
8732,776555339
8733,776812262
8734,776865012
8735,776872728
8736,776885436
8737,776912372
8738,777024750
8739,777054156
8740,777115826
8741,777180670
8742,777376450
8743,777473233
8744,777723171
8745,777852868
8746,777895445
8747,777896534
8748,777903377
8749,778115961
8750,778177482
8751,778183663
8752,778210822
8753,778250378
8754,778385667
8755,778580955
8756,778600285
8757,778659627
8758,778670257
8759,778784505
8760,778819255
8761,778847382
8762,779002495
8763,779281010
8764,779321259
8765,779594146
8766,779794659
8767,779834323
8768,779920651
8769,779988905
8770,780281370
8771,780303564
8772,780413447
8773,780425099
8774,780436945
8775,780555208
8776,780565666
8777,780577816
8778,780606335
8779,780657186
8780,780746374
8781,780843215
8782,780922637
8783,781083721
8784,781175013
8785,781333700
8786,781398611
8787,781511092
8788,781608185
8789,781673137
8790,781741557
8791,781789265
8792,781801358
8793,781802987
8794,781817262
8795,781826710
8796,781932234
8797,781946054
8798,782030988
8799,782079552
8800,782102085
8801,782121886
8802,782195113
8803,782205591
8804,782266726
8805,782287045
8806,782290270
8807,782551257
8808,782650279
8809,782712197
8810,782741152
8811,782852104
8812,783077558
8813,783171996
8814,783218202
8815,783242080
8816,783317950
8817,783324227
8818,783400745
8819,783495931
8820,783535542
8821,783539986
8822,783639200
8823,783644396
8824,783755987
8825,783774736
8826,783822174
8827,783824150
8828,783914907
8829,783961749
8830,784009157
8831,784049721
8832,784057765
8833,784129588
8834,784159931
8835,784248059
8836,784323575
8837,784513262
8838,784535846
8839,784710792
8840,784762008
8841,784808792
8842,784851684
8843,784899030
8844,785025022
8845,785104846
8846,785117931
8847,785212124
8848,785238699
8849,785342067
8850,785460857
8851,785506333
8852,785538116
8853,785620518
8854,785654541
8855,785696410
8856,785716166
8857,785827950
8858,785846726
8859,785968955
8860,786127022
8861,786155962
8862,786262600
8863,786422055
8864,786499139
8865,786511281
8866,786549211
8867,786638154
8868,786653308
8869,786773992
8870,786854709
8871,786995335
8872,787028273
8873,787057196
8874,787246306
8875,787251872
8876,787324114
8877,787370566
8878,787392525
8879,787403140
8880,787453892
8881,787591727
8882,787657916
8883,787789369
8884,787798114
8885,787871481
8886,787904214
8887,788295233
8888,788358446
8889,788372666
8890,788574646
8891,788600671
8892,788632408
8893,788736382
8894,788978270
8895,789055920
8896,789081344
8897,789106371
8898,789240709
8899,789253594
8900,789349305
8901,789383162
8902,789385792
8903,789568929
8904,789602261
8905,789716671
8906,789880252
8907,789963576
8908,790062832
8909,790340653
8910,790468842
8911,790547480
8912,790557344
8913,790662780
8914,790677218
8915,790808982
8916,790912505
8917,791281730
8918,791326977
8919,791652735
8920,792100143
8921,792177606
8922,792219966
8923,792265228
8924,792315561
8925,792546514
8926,792809687
8927,792902781
8928,792906185
8929,792960684
8930,792967433
8931,792978588
8932,793030429
8933,793171594
8934,793284413
8935,793288849
8936,793321139
8937,793330251
8938,793502611
8939,793582139
8940,793597762
8941,793672980
8942,793684575
8943,793809711
8944,793885580
8945,793890098
8946,793952879
8947,793983570
8948,794003642
8949,794144719
8950,794184314
8951,794239530
8952,794252495
8953,794254346
8954,794513392
8955,794696228
8956,794702680
8957,794837513
8958,794840577
8959,794887265
8960,794888723
8961,795020576
8962,795157769
8963,795382225
8964,795447652
8965,795502992
8966,795678664
8967,795718021
8968,795762085
8969,795778166
8970,795822169
8971,795951119
8972,796036951
8973,796063914
8974,796100708
8975,796185369
8976,796384139
8977,796406261
8978,796496642
8979,796518872
8980,796573794
8981,796732943
8982,796745179
8983,796775465
8984,796806238
8985,796861144
8986,796922059
8987,797100336
8988,797120687
8989,797282322
8990,797579744
8991,797926025
8992,798208365
8993,798437991
8994,798467155
8995,798532536
8996,798566214
8997,798642328
8998,798643694
8999,798766489
9000,798862502
9001,798956402
9002,798972008
9003,799064545
9004,799216244
9005,799236089
9006,799376303
9007,799477843
9008,799505298
9009,799510271
9010,799534614
9011,799586689
9012,799606649
9013,799917422
9014,799951622
9015,800096071
9016,800263699
9017,800320663
9018,800324224
9019,800374846
9020,800416540
9021,800472217
9022,800560814
9023,800602451
9024,800624661
9025,800791537
9026,800841279
9027,801001809
9028,801044432
9029,801467041
9030,801513708
9031,801528318
9032,801551523
9033,801848473
9034,801908229
9035,802298003
9036,802354147
9037,802375350
9038,802376738
9039,802483856
9040,802495731
9041,802522201
9042,802562278
9043,802701599
9044,802782358
9045,802883961
9046,803018250
9047,803073186
9048,803231654
9049,803275959
9050,803388045
9051,803401589
9052,803442793
9053,803491544
9054,803504782
9055,803522526
9056,803722568
9057,804286714
9058,804287966
9059,804454359
9060,804500721
9061,804548805
9062,804549171
9063,804588034
9064,804610024
9065,804647198
9066,804695151
9067,804699578
9068,804703005
9069,804819000
9070,804820757
9071,804921751
9072,805209563
9073,805405645
9074,805428185
9075,805435836
9076,805494778
9077,805515895
9078,805576836
9079,805656995
9080,805774167
9081,806225575
9082,806357630
9083,806390979
9084,806545482
9085,806609342
9086,806670239
9087,806913584
9088,806947802
9089,807047172
9090,807176942
9091,807590096
9092,807612798
9093,807652000
9094,807729650
9095,807736496
9096,807739848
9097,807770044
9098,807895270
9099,808003500
9100,808049592
9101,808112191
9102,808117039
9103,808133137
9104,808144876
9105,808366632
9106,808428010
9107,808441257
9108,808481591
9109,808509294
9110,808742283
9111,808763293
9112,808779782
9113,808884311
9114,809005928
9115,809053678
9116,809113635
9117,809311438
9118,809360463
9119,809374956
9120,809446081
9121,809575447
9122,809703588
9123,809705909
9124,809710700
9125,809766786
9126,809821487
9127,809973504
9128,810084585
9129,810113796
9130,810296294
9131,810297952
9132,810346223
9133,810371160
9134,810393628
9135,810493422
9136,810494695
9137,810509239
9138,810576418
9139,810619233
9140,810631509
9141,810803273
9142,810841047
9143,810939536
9144,811014359
9145,811044375
9146,811255562
9147,811344793
9148,811546903
9149,811573739
9150,811620480
9151,811620799
9152,811851568
9153,811973944
9154,812005910
9155,812035551
9156,812215562
9157,812250365
9158,812413051
9159,812463688
9160,812673106
9161,812768644
9162,812775211
9163,812827524
9164,812880481
9165,812920962
9166,812981969
9167,813183334
9168,813355143
9169,813383679
9170,813439590
9171,813448007
9172,813506660
9173,813616256
9174,813640830
9175,813750366
9176,813764093
9177,813822612
9178,813832043
9179,813832544
9180,813841399
9181,813884259
9182,814272237
9183,814339908
9184,814370213
9185,814383887
9186,814511037
9187,814678545
9188,814699532
9189,814724017
9190,814752023
9191,814885726
9192,814921571
9193,815185421
9194,815419246
9195,815943532
9196,815955738
9197,816076704
9198,816132073
9199,816167493
9200,816347819
9201,816907772
9202,816914631
9203,817134973
9204,817242224
9205,817256102
9206,817334467
9207,817614313
9208,817721814
9209,817928580
9210,817958912
9211,817980139
9212,818068438
9213,818161065
9214,818221502
9215,818317672
9216,818359108
9217,818480892
9218,818569119
9219,818618543
9220,818620799
9221,818625858
9222,818765220
9223,818819034
9224,818834971
9225,818835015
9226,819056846
9227,819123365
9228,819226426
9229,819267437
9230,819272622
9231,819293084
9232,819562892
9233,819671253
9234,819747879
9235,819763094
9236,819822231
9237,819999401
9238,820001832
9239,820105961
9240,820220319
9241,820371483
9242,820551096
9243,821007117
9244,821021757
9245,821077965
9246,821107511
9247,821377935
9248,821631863
9249,821693175
9250,821695422
9251,821721818
9252,821729724
9253,821737318
9254,821807698
9255,821911647
9256,821941288
9257,822295470
9258,822395618
9259,822425743
9260,822457008
9261,822467439
9262,822480514
9263,822497639
9264,822646296
9265,822837455
9266,822870353
9267,823151367
9268,823181908
9269,823198688
9270,823226455
9271,823231657
9272,823268780
9273,823354130
9274,823381923
9275,823540708
9276,823595349
9277,823606483
9278,823899366
9279,823922488
9280,823946772
9281,824140349
9282,824197259
9283,824427544
9284,824505438
9285,824810756
9286,824848191
9287,824944609
9288,825005145
9289,825232065
9290,825297642
9291,825388908
9292,825479304
9293,825536861
9294,825684423
9295,825688936
9296,825802613
9297,825982821
9298,826133346
9299,826165004
9300,826221910
9301,826226592
9302,826231950
9303,826310928
9304,826361118
9305,826363464
9306,826455532
9307,826533615
9308,826697900
9309,826749479
9310,826844870
9311,827009481
9312,827268476
9313,827427094
9314,827584234
9315,827613474
9316,827617743
9317,827654076
9318,827770954
9319,827944673
9320,828128188
9321,828307443
9322,828316612
9323,828514731
9324,828545500
9325,828584629
9326,828585351
9327,828624710
9328,828725281
9329,828953277
9330,828959019
9331,829103587
9332,829205138
9333,829340815
9334,829367781
9335,829414698
9336,829426400
9337,829509993
9338,829599282
9339,829708118
9340,829736032
9341,829824020
9342,829841998
9343,829854284
9344,829880326
9345,830012376
9346,830032223
9347,830102231
9348,830125069
9349,830376691
9350,830430216
9351,830607537
9352,830710575
9353,830758347
9354,831046840
9355,831121126
9356,831154495
9357,831163433
9358,831198474
9359,831256575
9360,831498831
9361,831516409
9362,831521355
9363,831598599
9364,831818127
9365,831885864
9366,831893077
9367,831944039
9368,831986583
9369,831997493
9370,832222697
9371,832291369
9372,832362028
9373,832438746
9374,832509681
9375,832511223
9376,832538307
9377,832607416
9378,832911363
9379,832917604
9380,832959046
9381,833043746
9382,833058973
9383,833322363
9384,833325276
9385,833333535
9386,833402407
9387,833408548
9388,833412059
9389,833433889
9390,833508593
9391,833689411
9392,833939395
9393,833964150
9394,833970722
9395,834032021
9396,834456701
9397,834633839
9398,834703848
9399,834744161
9400,834796026
9401,834811105
9402,834856664
9403,834883892
9404,835017526
9405,835125227
9406,835223324
9407,835247841
9408,835317821
9409,835455649
9410,835478194
9411,835795505
9412,835810547
9413,835845029
9414,835880397
9415,835923623
9416,835989573
9417,836180515
9418,836260802
9419,836307792
9420,836325175
9421,836462377
9422,836492575
9423,836702523
9424,836712543
9425,836816290
9426,837004228
9427,837043288
9428,837149560
9429,837175786
9430,837299687
9431,837393134
9432,837437999
9433,837483071
9434,837633749
9435,837735346
9436,838003817
9437,838053629
9438,838110804
9439,838175567
9440,838215324
9441,838235795
9442,838290745
9443,838337437
9444,838373230
9445,838622346
9446,838747634
9447,838779685
9448,838909989
9449,839052751
9450,839130595
9451,839232644
9452,839313758
9453,839389502
9454,839526109
9455,839609759
9456,839892791
9457,839906447
9458,839941003
9459,840030600
9460,840220707
9461,840488677
9462,840564194
9463,840733837
9464,840740238
9465,840796842
9466,840911535
9467,841015505
9468,841115696
9469,841394115
9470,841403849
9471,841453433
9472,841454572
9473,841558398
9474,841644318
9475,841729616
9476,841899108
9477,841997792
9478,842020348
9479,842100552
9480,842135160
9481,842218121
9482,842252099
9483,842347220
9484,842349490
9485,842362592
9486,842658387
9487,842698599
9488,842848697
9489,842906395
9490,842956883
9491,842966738
9492,842970187
9493,843009008
9494,843049831
9495,843147922
9496,843155572
9497,843380912
9498,843409441
9499,843425625
9500,843497776
9501,843764222
9502,843767354
9503,843783443
9504,843830807
9505,843905479
9506,844327267
9507,844386136
9508,844410448
9509,844446424
9510,844468846
9511,844652378
9512,844678001
9513,844692344
9514,844903931
9515,844983610
9516,844993145
9517,845020332
9518,845141801
9519,845236223
9520,845281852
9521,845565549
9522,845594972
9523,845621834
9524,845730727
9525,845752174
9526,845839466
9527,845960027
9528,846101041
9529,846177953
9530,846196869
9531,846312888
9532,846346289
9533,846365187
9534,846480349
9535,846654476
9536,846748787
9537,847205250
9538,847222307
9539,847284653
9540,847379986
9541,847471893
9542,847587305
9543,847793511
9544,848209586
9545,848243541
9546,848281256
9547,848384244
9548,848398305
9549,848401180
9550,848496810
9551,848688976
9552,848692281
9553,848698237
9554,848797728
9555,848809088
9556,848843217
9557,849051619
9558,849135219
9559,849271836
9560,849413559
9561,849453848
9562,849497388
9563,849595588
9564,850118346
9565,850253826
9566,850596683
9567,850623043
9568,850813746
9569,850855252
9570,851114946
9571,851209067
9572,851496434
9573,851870346
9574,851903042
9575,851909584
9576,852022778
9577,852034686
9578,852036005
9579,852094275
9580,852132330
9581,852438323
9582,852488575
9583,852489401
9584,852690212
9585,852728112
9586,852807242
9587,852838015
9588,852873843
9589,852874918
9590,853076235
9591,853086343
9592,853277461
9593,853314294
9594,853387126
9595,853563968
9596,853568411
9597,853599412
9598,853652430
9599,853673581
9600,854156115
9601,854181792
9602,854213457
9603,854471040
9604,854502889
9605,854583836
9606,854710956
9607,854790269
9608,854848679
9609,854894330
9610,854958775
9611,855034823
9612,855219613
9613,855251828
9614,855347745
9615,855379823
9616,855637858
9617,855677761
9618,855940145
9619,856028613
9620,856068677
9621,856167566
9622,856412971
9623,856578803
9624,856581598
9625,856644154
9626,856650455
9627,856766031
9628,856808711
9629,856810619
9630,856993673
9631,856996619
9632,857106124
9633,857404991
9634,857425426
9635,857473691
9636,857490563
9637,857522510
9638,857547545
9639,857749066
9640,858089538
9641,858102833
9642,858368951
9643,858428277
9644,858675305
9645,858686743
9646,858715148
9647,858802192
9648,858912777
9649,859062419
9650,859183344
9651,859265611
9652,859440686
9653,859608010
9654,859705047
9655,859795644
9656,860001076
9657,860021542
9658,860194606
9659,860326190
9660,860397342
9661,860571951
9662,860639372
9663,860648658
9664,860919830
9665,861008306
9666,861048490
9667,861194430
9668,861289603
9669,861385664
9670,861509581
9671,861615402
9672,861880927
9673,861917095
9674,862053276
9675,862118799
9676,862200879
9677,862228903
9678,862237110
9679,862237776
9680,862318667
9681,862354549
9682,862409446
9683,862412243
9684,862416120
9685,862431999
9686,862576532
9687,862798484
9688,862892044
9689,862910021
9690,863004088
9691,863351927
9692,863656104
9693,863785640
9694,863913535
9695,863972718
9696,864256370
9697,864282088
9698,864409624
9699,864442346
9700,864534892
9701,864648407
9702,864651800
9703,864653325
9704,864687945
9705,864759142
9706,865036532
9707,865282815
9708,865349526
9709,865365097
9710,865515904
9711,865583031
9712,865590212
9713,865631685
9714,865704015
9715,865900488
9716,865934552
9717,865954275
9718,866083209
9719,866200851
9720,866239541
9721,866337895
9722,866481223
9723,866653397
9724,866810013
9725,866944551
9726,867058124
9727,867098407
9728,867126830
9729,867228056
9730,867317642
9731,867327071
9732,867385019
9733,867449793
9734,867478582
9735,867526823
9736,867648502
9737,867684069
9738,867719978
9739,867749462
9740,867794607
9741,867805216
9742,867891872
9743,867939746
9744,868033973
9745,868066086
9746,868088669
9747,868357740
9748,868469955
9749,868483828
9750,868677199
9751,868920967
9752,869010013
9753,869213299
9754,869228094
9755,869489456
9756,869544235
9757,869687234
9758,869878030
9759,869950450
9760,870059383
9761,870132061
9762,870271721
9763,870292312
9764,870296334
9765,870330988
9766,870629996
9767,870752712
9768,870802112
9769,871046775
9770,871157276
9771,871283859
9772,871303020
9773,871304784
9774,871308719
9775,871327218
9776,871338338
9777,871413391
9778,871462286
9779,871467694
9780,871574953
9781,871638142
9782,871644792
9783,871676386
9784,871892760
9785,871973963
9786,871984375
9787,872020730
9788,872100703
9789,872237034
9790,872321372
9791,872341543
9792,872625349
9793,872681937
9794,872754742
9795,872806032
9796,872820785
9797,872879786
9798,872893494
9799,872953379
9800,873009622
9801,873109400
9802,873483430
9803,873526471
9804,873615623
9805,873622644
9806,873713469
9807,873845990
9808,873856335
9809,873857980
9810,873883949
9811,873992971
9812,874017744
9813,874037843
9814,874515310
9815,874601786
9816,874669072
9817,874735059
9818,874762564
9819,874765689
9820,874799492
9821,874865661
9822,874914365
9823,874957744
9824,874968662
9825,874998270
9826,875023836
9827,875112940
9828,875151167
9829,875223649
9830,875277327
9831,875502771
9832,875520942
9833,875532460
9834,875776139
9835,876257742
9836,876361457
9837,876538361
9838,876566092
9839,876820896
9840,877053714
9841,877096876
9842,877265004
9843,877266777
9844,877316701
9845,877614631
9846,877683134
9847,877797372
9848,877820614
9849,877858218
9850,877930818
9851,878034703
9852,878040010
9853,878083318
9854,878210622
9855,878233568
9856,878369739
9857,878535245
9858,878553977
9859,878626785
9860,878697756
9861,878752411
9862,878787007
9863,878823621
9864,878832874
9865,878980491
9866,879019910
9867,879068909
9868,879119725
9869,879183648
9870,879217491
9871,879237327
9872,879318558
9873,879329565
9874,879603729
9875,879638579
9876,879781011
9877,879858741
9878,879870149
9879,879897336
9880,879931709
9881,880058210
9882,880058796
9883,880108982
9884,880239539
9885,880355951
9886,880413241
9887,880550599
9888,880642289
9889,880727175
9890,880743053
9891,880906351
9892,880944303
9893,880956428
9894,880962316
9895,881388829
9896,881425844
9897,881513246
9898,881522249
9899,881533879
9900,881588049
9901,881805667
9902,881887008
9903,881905401
9904,881943823
9905,882029129
9906,882076717
9907,882173447
9908,882210429
9909,882289836
9910,882523397
9911,882565135
9912,882569966
9913,882618372
9914,882795266
9915,882800919
9916,882883318
9917,882909059
9918,883105859
9919,883124924
9920,883235385
9921,883246619
9922,883327311
9923,883348469
9924,883499084
9925,883627994
9926,883800179
9927,883849401
9928,883888290
9929,883915837
9930,883956200
9931,884031640
9932,884130736
9933,884283970
9934,884380981
9935,884400841
9936,884411165
9937,884424481
9938,884758702
9939,884760626
9940,884832219
9941,884853626
9942,885024308
9943,885156538
9944,885203452
9945,885383949
9946,885512675
9947,885587059
9948,885594309
9949,885662343
9950,886039898
9951,886151160
9952,886207829
9953,886249963
9954,886401186
9955,886485891
9956,886494231
9957,886566327
9958,886707871
9959,886818198
9960,886940463
9961,887184871
9962,887296367
9963,887340948
9964,887442757
9965,887509384
9966,887517078
9967,887524397
9968,887733662
9969,887856667
9970,887879058
9971,887880971
9972,888092403
9973,888131248
9974,888169289
9975,888269590
9976,888278027
9977,888654233
9978,888686677
9979,888989504
9980,889033171
9981,889050900
9982,889202144
9983,889216382
9984,889262749
9985,889350639
9986,889387545
9987,889493121
9988,889690247
9989,889760338
9990,889848320
9991,889914653
9992,889916334
9993,889936572
9994,889938288
9995,889996371
9996,890107946
9997,890179386
9998,890256436
9999,890277779
10000,890354677
10001,890534790
10002,890599018
10003,890623528
10004,890689541
10005,890860710
10006,890911596
10007,890938153
10008,890952099
10009,891079572
10010,891187419
10011,891227496
10012,891278883
10013,891291596
10014,891294993
10015,891404881
10016,891447109
10017,891460209
10018,891533810
10019,891597200
10020,891664043
10021,891666960
10022,891678934
10023,892282986
10024,892518868
10025,892530411
10026,892531758
10027,892560647
10028,892821570
10029,892866109
10030,892871075
10031,892958789
10032,893083453
10033,893104774
10034,893124537
10035,893484860
10036,893644078
10037,893720120
10038,894017967
10039,894060301
10040,894099978
10041,894131702
10042,894165117
10043,894169524
10044,894557080
10045,894616291
10046,894632049
10047,894655381
10048,894859067
10049,894873479
10050,894884690
10051,895026489
10052,895053092
10053,895195841
10054,895209052
10055,895335306
10056,895486337
10057,895518119
10058,895760305
10059,895869893
10060,895881560
10061,895894117
10062,896035733
10063,896069114
10064,896112117
10065,896161413
10066,896174100
10067,896208172
10068,896221459
10069,896308987
10070,896329947
10071,896430206
10072,896577618
10073,896705003
10074,896850522
10075,897091082
10076,897095057
10077,897096458
10078,897267618
10079,897343007
10080,897362526
10081,897486055
10082,897517807
10083,897532027
10084,897554973
10085,897719059
10086,897722220
10087,897929488
10088,898011601
10089,898109504
10090,898115342
10091,898144770
10092,898229198
10093,898282253
10094,898428851
10095,898432903
10096,898625297
10097,898826550
10098,898945288
10099,898975874
10100,898982898
10101,899067820
10102,899240086
10103,899423103
10104,899520293
10105,899728280
10106,899764497
10107,900096433
10108,900212239
10109,900245304
10110,900297206
10111,900334816
10112,900335926
10113,900403585
10114,900462122
10115,900485906
10116,900504259
10117,900547248
10118,900551597
10119,900556674
10120,900556918
10121,900641425
10122,900687472
10123,900720013
10124,900750786
10125,900805835
10126,900823441
10127,900827472
10128,900944806
10129,901247500
10130,901478182
10131,902094215
10132,902254812
10133,902257722
10134,902272698
10135,902274772
10136,902627143
10137,902753723
10138,902788290
10139,902825578
10140,902878235
10141,902993959
10142,903015953
10143,903026213
10144,903102394
10145,903244444
10146,903315754
10147,903381418
10148,903503092
10149,903517827
10150,903563365
10151,903636345
10152,903651605
10153,903677578
10154,903733967
10155,903738976
10156,903812963
10157,903851675
10158,904322109
10159,904375242
10160,904397664
10161,904409082
10162,904764431
10163,904798473
10164,904806616
10165,904915002
10166,905059781
10167,905134738
10168,905188136
10169,905283288
10170,905408221
10171,905416568
10172,905454861
10173,905484902
10174,905504607
10175,905746755
10176,905860538
10177,905894740
10178,905935340
10179,906110238
10180,906117052
10181,906135714
10182,906151126
10183,906153061
10184,906194835
10185,906247127
10186,906413095
10187,906501831
10188,906599235
10189,906616615
10190,906630801
10191,906687372
10192,906921183
10193,906929997
10194,906990594
10195,907062013
10196,907096209
10197,907181137
10198,907218416
10199,907229166
10200,907246347
10201,907270515
10202,907378140
10203,907519050
10204,907728956
10205,907787426
10206,907828224
10207,907929025
10208,907963544
10209,908034780
10210,908092066
10211,908099329
10212,908170718
10213,908190572
10214,908438575
10215,908558294
10216,908644228
10217,908644872
10218,908661920
10219,908720470
10220,908756094
10221,908789702
10222,908803530
10223,908837621
10224,908839620
10225,908908298
10226,908926490
10227,908984822
10228,909073262
10229,909104681
10230,909166201
10231,909209735
10232,909277712
10233,909280528
10234,909291650
10235,909430102
10236,909593286
10237,909645592
10238,909668179
10239,909719995
10240,909751908
10241,909861366
10242,910109485
10243,910137582
10244,910161487
10245,910173774
10246,910175296
10247,910219285
10248,910267120
10249,910379882
10250,910496265
10251,910507583
10252,910508756
10253,910948006
10254,910949565
10255,910973466
10256,911343442
10257,911358980
10258,911449492
10259,911453919
10260,911558569
10261,911590446
10262,911656768
10263,911741361
10264,911810626
10265,911898554
10266,911981203
10267,912072557
10268,912125730
10269,912211417
10270,912248395
10271,912277248
10272,912397661
10273,912542729
10274,912600866
10275,912676449
10276,912705794
10277,912939735
10278,913038130
10279,913167339
10280,913198192
10281,913291278
10282,913397775
10283,913409470
10284,913421454
10285,913460388
10286,913475553
10287,913626877
10288,913649765
10289,913695361
10290,913830908
10291,913928502
10292,914020027
10293,914168656
10294,914214532
10295,914443497
10296,914452795
10297,914706607
10298,914829602
10299,914852463
10300,914901099
10301,914966709
10302,915066511
10303,915173903
10304,915218990
10305,915426834
10306,915470965
10307,915483378
10308,915523987
10309,915549628
10310,915677318
10311,915710993
10312,915784570
10313,916028904
10314,916061860
10315,916118258
10316,916132468
10317,916197838
10318,916409473
10319,916443364
10320,916564457
10321,916580763
10322,916584123
10323,916621523
10324,916640823
10325,916779575
10326,916934338
10327,917015254
10328,917034347
10329,917070026
10330,917083975
10331,917085886
10332,917226642
10333,917250322
10334,917367420
10335,917391313
10336,917427053
10337,917809500
10338,917865388
10339,918056359
10340,918101087
10341,918146109
10342,918201103
10343,918464201
10344,918527500
10345,918566645
10346,918661134
10347,918689508
10348,918773861
10349,918795598
10350,918800364
10351,918935140
10352,918958484
10353,919114460
10354,919151222
10355,919528815
10356,919607772
10357,919622225
10358,919631752
10359,919637113
10360,919649345
10361,919712555
10362,919732608
10363,919882093
10364,919911343
10365,920077359
10366,920125639
10367,920175817
10368,920237841
10369,920259681
10370,920557954
10371,920583225
10372,920668085
10373,920886297
10374,920917981
10375,920956294
10376,921224413
10377,921239773
10378,921313132
10379,921411580
10380,921413202
10381,921530277
10382,921551515
10383,921560458
10384,921586937
10385,921629660
10386,921695548
10387,921755756
10388,921843551
10389,921877915
10390,921934437
10391,922188910
10392,922193411
10393,922499391
10394,922523888
10395,922728205
10396,922835311
10397,922850359
10398,922908221
10399,922942980
10400,923084993
10401,923096197
10402,923193033
10403,923575424
10404,924019184
10405,924180069
10406,924295363
10407,924374656
10408,924503457
10409,924545294
10410,924604161
10411,924679335
10412,924882241
10413,924968230
10414,925011279
10415,925105045
10416,925233390
10417,925392611
10418,925465556
10419,925623331
10420,925846262
10421,925880941
10422,925938126
10423,925960271
10424,926002671
10425,926234287
10426,926422634
10427,926612130
10428,926699280
10429,926723227
10430,926882028
10431,926982695
10432,927048257
10433,927069787
10434,927071581
10435,927159748
10436,927222897
10437,927225370
10438,927381221
10439,927451013
10440,927498353
10441,927500117
10442,927588309
10443,927630613
10444,927771756
10445,927850432
10446,927954965
10447,927979992
10448,928081325
10449,928267949
10450,928271351
10451,928286036
10452,928311119
10453,928329154
10454,928422647
10455,928498268
10456,928509555
10457,928547990
10458,928651910
10459,928685401
10460,928724201
10461,928830416
10462,929002591
10463,929279315
10464,929462523
10465,929589392
10466,929765146
10467,930056397
10468,930343963
10469,930346107
10470,930405580
10471,930506994
10472,930524496
10473,931120766
10474,931199199
10475,931301122
10476,931309748
10477,931320776
10478,931402191
10479,931524676
10480,931535693
10481,931737144
10482,931817261
10483,931890612
10484,931974395
10485,932076668
10486,932088923
10487,932107477
10488,932279687
10489,932449622
10490,932456711
10491,932461047
10492,932483946
10493,932685363
10494,932692474
10495,932995288
10496,933024471
10497,933090204
10498,933211910
10499,933222210
10500,933308477
10501,933383911
10502,933430683
10503,933528049
10504,933557973
10505,933655405
10506,933686604
10507,933852499
10508,933923796
10509,934156326
10510,934278466
10511,934400837
10512,934430833
10513,934465755
10514,934537270
10515,934619536
10516,934772175
10517,934893985
10518,934965310
10519,934981947
10520,934985379
10521,935131915
10522,935194067
10523,935379106
10524,935477321
10525,935518527
10526,935568839
10527,935569238
10528,935781249
10529,935802065
10530,935815206
10531,935857130
10532,936032306
10533,936173937
10534,936447931
10535,936515956
10536,936531791
10537,936588736
10538,936628200
10539,936738027
10540,936772676
10541,937205061
10542,937270837
10543,937332860
10544,937383756
10545,937547462
10546,937550913
10547,937577852
10548,937598414
10549,937640086
10550,937676996
10551,937963679
10552,938036402
10553,938056705
10554,938071559
10555,938239001
10556,938328064
10557,938339583
10558,938462487
10559,938704629
10560,938836621
10561,938937270
10562,939112969
10563,939150607
10564,939270503
10565,939376910
10566,939454653
10567,939670272
10568,939840650
10569,940028448
10570,940064723
10571,940115177
10572,940162640
10573,940204413
10574,940309740
10575,940331913
10576,940366374
10577,940382324
10578,940496679
10579,940528222
10580,940596859
10581,940753374
10582,940809449
10583,940832431
10584,940868408
10585,940991198
10586,941123403
10587,941134643
10588,941149883
10589,941249150
10590,941369163
10591,941449839
10592,941465441
10593,941480214
10594,941499038
10595,941517267
10596,941531787
10597,941641300
10598,941774913
10599,941922877
10600,941947565
10601,942005379
10602,942150132
10603,942308695
10604,942729001
10605,942732442
10606,942889390
10607,943019291
10608,943054595
10609,943284011
10610,943341619
10611,943416774
10612,943500529
10613,943746876
10614,943768885
10615,944001919
10616,944044193
10617,944065548
10618,944268790
10619,944308087
10620,944380188
10621,944639289
10622,944673200
10623,944850641
10624,944861017
10625,945009996
10626,945049046
10627,945155796
10628,945177763
10629,945291394
10630,945438855
10631,945585531
10632,945603181
10633,945635393
10634,945638098
10635,945807121
10636,945815806
10637,945837403
10638,946165639
10639,946334119
10640,946411989
10641,946465635
10642,946531292
10643,946682467
10644,946710666
10645,946771857
10646,946927468
10647,947109315
10648,947369728
10649,947377094
10650,947386558
10651,947436055
10652,947554445
10653,947554505
10654,947638157
10655,947642672
10656,947709136
10657,947918579
10658,947992519
10659,948070481
10660,948081367
10661,948110497
10662,948132245
10663,948184479
10664,948207035
10665,948238547
10666,948292437
10667,948304665
10668,948492512
10669,948517326
10670,948622294
10671,948693353
10672,948766707
10673,948947564
10674,948949588
10675,949042837
10676,949068407
10677,949127797
10678,949510048
10679,949541499
10680,949623242
10681,949671920
10682,949731575
10683,949798857
10684,949906797
10685,949930219
10686,950044940
10687,950049745
10688,950102760
10689,950195098
10690,950283163
10691,950309710
10692,950391888
10693,950662201
10694,950666231
10695,950843294
10696,951080338
10697,951123359
10698,951142985
10699,951211867
10700,951275068
10701,951339105
10702,951356197
10703,951396280
10704,951405675
10705,951414881
10706,951483275
10707,951521007
10708,952042863
10709,952186198
10710,952202452
10711,952308290
10712,952392514
10713,952428434
10714,952428955
10715,952612667
10716,952642941
10717,953149331
10718,953294643
10719,953415417
10720,953575257
10721,953619937
10722,953627849
10723,953648821
10724,953692746
10725,954019825
10726,954139799
10727,954355141
10728,954387546
10729,954410360
10730,954552510
10731,954620812
10732,954917986
10733,954926070
10734,955039833
10735,955154635
10736,955255225
10737,955293391
10738,955438567
10739,955527612
10740,955577472
10741,955760435
10742,955901166
10743,955910882
10744,955954516
10745,955986207
10746,956129273
10747,956267138
10748,956322698
10749,956369261
10750,956374891
10751,956405554
10752,956410600
10753,956871312
10754,956935068
10755,956941637
10756,956983219
10757,957283644
10758,957365396
10759,957454831
10760,957482539
10761,957761601
10762,957762054
10763,957790681
10764,957791710
10765,957904932
10766,958074515
10767,958185113
10768,958238710
10769,958248098
10770,958600018
10771,958633841
10772,958890849
10773,958939525
10774,958947247
10775,958955902
10776,959167456
10777,959423461
10778,959451439
10779,959668731
10780,959675883
10781,959726296
10782,959733666
10783,959995311
10784,960212078
10785,960214230
10786,960246247
10787,960460277
10788,960646539
10789,960662280
10790,960766594
10791,960849432
10792,960857239
10793,960946179
10794,960983115
10795,961128585
10796,961272963
10797,961294098
10798,961353053
10799,961384320
10800,961552212
10801,961622899
10802,961647236
10803,961656244
10804,961661489
10805,961688353
10806,961694125
10807,961886329
10808,962196832
10809,962495869
10810,962543611
10811,962544354
10812,962605728
10813,962670349
10814,962712699
10815,962789948
10816,962829871
10817,962896021
10818,963329765
10819,963330932
10820,963402318
10821,963419287
10822,963475334
10823,963582120
10824,963688254
10825,963765255
10826,963794231
10827,963817081
10828,963853721
10829,963887567
10830,963997928
10831,964047782
10832,964276083
10833,964277652
10834,964283166
10835,964334775
10836,964495004
10837,964559612
10838,964578512
10839,964799950
10840,964926534
10841,964965820
10842,965012468
10843,965028787
10844,965120371
10845,965123888
10846,965230559
10847,965322395
10848,965427489
10849,965443077
10850,965491079
10851,965690649
10852,965764853
10853,965767921
10854,965859368
10855,965918852
10856,965958623
10857,966111387
10858,966429234
10859,966567840
10860,966624467
10861,966636738
10862,966641545
10863,966768652
10864,966791137
10865,966817622
10866,966985544
10867,967037871
10868,967208199
10869,967263525
10870,967311251
10871,967350406
10872,967392242
10873,967493074
10874,967548614
10875,967800593
10876,967979891
10877,968047213
10878,968055566
10879,968112649
10880,968213742
10881,968334860
10882,968422305
10883,968500115
10884,968526131
10885,968533641
10886,968586709
10887,968625998
10888,968886826
10889,968937649
10890,968976899
10891,969006641
10892,969018747
10893,969069435
10894,969083438
10895,969090871
10896,969313789
10897,969398438
10898,969516974
10899,969543447
10900,969543551
10901,969552244
10902,969628429
10903,969633359
10904,969832667
10905,969978114
10906,970127506
10907,970161165
10908,970211038
10909,970446806
10910,970454482
10911,970731731
10912,970800498
10913,970937637
10914,970954763
10915,971065520
10916,971205054
10917,971212072
10918,971252018
10919,971422661
10920,971571519
10921,971585557
10922,971656294
10923,971659783
10924,971817497
10925,971878098
10926,971907745
10927,971923206
10928,971980056
10929,972039676
10930,972060567
10931,972131984
10932,972382589
10933,972388741
10934,972493057
10935,972647152
10936,972721295
10937,972763273
10938,972874132
10939,972982971
10940,973047581
10941,973281775
10942,973372844
10943,973431052
10944,973444263
10945,973465314
10946,973593562
10947,973645438
10948,973716204
10949,973939398
10950,973959019
10951,974049277
10952,974110171
10953,974276041
10954,974332704
10955,974337633
10956,974369944
10957,974405762
10958,974487923
10959,974499143
10960,974574944
10961,974597081
10962,974641321
10963,974781320
10964,974880152
10965,975026343
10966,975071442
10967,975156002
10968,975372735
10969,975676686
10970,975700161
10971,975718379
10972,975843795
10973,976034239
10974,976102354
10975,976152404
10976,976289166
10977,976300054
10978,976362364
10979,976490514
10980,976523555
10981,976576114
10982,976579043
10983,976585777
10984,976639703
10985,976924013
10986,977018708
10987,977183652
10988,977185516
10989,977217033
10990,977264299
10991,977306210
10992,977322231
10993,977328763
10994,977585329
10995,977588313
10996,977621695
10997,977777079
10998,977783959
10999,977788739
11000,978000253
11001,978328205
11002,978341260
11003,978388564
11004,978538228
11005,978543786
11006,978685101
11007,978759425
11008,978813358
11009,978919432
11010,978957553
11011,979221027
11012,979263001
11013,979271419
11014,979273735
11015,979336042
11016,979351194
11017,979502366
11018,979511396
11019,979586894
11020,979634191
11021,979813749
11022,979855170
11023,979894198
11024,979947972
11025,980010113
11026,980366774
11027,980369915
11028,980491640
11029,980528320
11030,980562578
11031,980694064
11032,980794775
11033,980863509
11034,980909312
11035,980986252
11036,981073458
11037,981210483
11038,981352254
11039,981434269
11040,981501209
11041,981596475
11042,981735299
11043,981797246
11044,981882407
11045,981971668
11046,982042469
11047,982058004
11048,982063014
11049,982268860
11050,982287423
11051,982405396
11052,982447710
11053,982509107
11054,982528008
11055,982842474
11056,982851303
11057,982907656
11058,983042014
11059,983043108
11060,983068745
11061,983148906
11062,983232298
11063,983553695
11064,983561056
11065,983646243
11066,983738827
11067,983770633
11068,983897530
11069,984104801
11070,984112265
11071,984145194
11072,984148745
11073,984185290
11074,984269554
11075,984459285
11076,984460076
11077,984485628
11078,984690501
11079,984836522
11080,984853047
11081,984854640
11082,984905572
11083,985220354
11084,985375014
11085,985461512
11086,985617207
11087,985681908
11088,985852079
11089,985907417
11090,986035624
11091,986148157
11092,986248566
11093,986251663
11094,986252416
11095,986255038
11096,986333303
11097,986474712
11098,986554758
11099,986659585
11100,986717447
11101,986751477
11102,986790527
11103,986792600
11104,986845179
11105,986867739
11106,986874421
11107,986939449
11108,986972427
11109,987018013
11110,987323423
11111,987481590
11112,987658047
11113,987670507
11114,987684395
11115,987805861
11116,987869641
11117,988009910
11118,988243428
11119,988264031
11120,988317486
11121,988341226
11122,988349356
11123,988469834
11124,988489879
11125,988508901
11126,988537110
11127,988669118
11128,988676630
11129,988888245
11130,988958255
11131,988981876
11132,988989231
11133,989070021
11134,989072112
11135,989114033
11136,989214501
11137,989258900
11138,989408155
11139,989525830
11140,989580710
11141,989600876
11142,989704333
11143,989781838
11144,989783263
11145,990064601
11146,990078232
11147,990125483
11148,990273968
11149,990360666
11150,990381293
11151,990504649
11152,990524118
11153,990575898
11154,990611163
11155,990774682
11156,991050624
11157,991231782
11158,991305526
11159,991306228
11160,991411094
11161,991460409
11162,991470006
11163,991495761
11164,991566217
11165,991592420
11166,991685603
11167,991835505
11168,991951479
11169,991955345
11170,992244765
11171,992434214
11172,992631920
11173,992689181
11174,992700667
11175,992798846
11176,992892839
11177,992963766
11178,992982049
11179,993228997
11180,993248062
11181,993298359
11182,993347621
11183,993518589
11184,993580574
11185,993703207
11186,993725445
11187,993748189
11188,993785005
11189,993797388
11190,993917406
11191,994249227
11192,994291478
11193,994294615
11194,994346524
11195,994376558
11196,994446631
11197,994585177
11198,994682829
11199,994739369
11200,994904462
11201,995009103
11202,995238584
11203,995366542
11204,995448852
11205,995453197
11206,995641322
11207,995971178
11208,995985307
11209,996127519
11210,996136300
11211,996162810
11212,996212637
11213,996434882
11214,996455501
11215,996460626
11216,996535347
11217,997017488
11218,997079878
11219,997129378
11220,997220625
11221,997232614
11222,997337346
11223,997436969
11224,997492297
11225,997664610
11226,997772390
11227,997800711
11228,997826965
11229,997839559
11230,997843879
11231,998147353
11232,998239857
11233,998261626
11234,998345935
11235,998406874
11236,998631790
11237,998670280
11238,998672240
11239,998686295
11240,998714821
11241,998742494
11242,998800757
11243,998958690
11244,998976847
11245,999257986
11246,999259017
11247,999274816
11248,999306398
11249,999492660
11250,999591715
11251,999638434
11252,999701308
11253,999779436
11254,999844480
11255,999934871
