{"op_code": 0, "worker_id": "fd2eb734-5435-49c3-b78a-2377bc5553cb-140416267310912", "study_name": "walk_to_paint_study_slashdot090221-optuna_20251203-235202", "directions": [2]}
{"op_code": 4, "worker_id": "fd2eb734-5435-49c3-b78a-2377bc5553cb-140416267310912", "study_id": 0, "datetime_start": null, "state": 4, "value": null, "values": null, "distributions": {}, "params": {}, "user_attrs": {}, "system_attrs": {"fixed_params": {"dataset.max_walk_length": 83, "dataset.num_walks": 691427, "training.lr": 0.0011990397793339518, "training.weight_decay": 0.0026821863636421073, "training.batch_size": 64, "training.gradient_clip_val": 0.5956847053697083, "training.early_stopping_patience": 10, "training.epochs": 25, "model.embedding_dim": 32, "model.hidden_dim": 16, "model.nhead": 8, "model.nlayers": 5, "model.dropout": 0.6207573207736868}}, "intermediate_values": {}}
{"op_code": 6, "worker_id": "fd2eb734-5435-49c3-b78a-2377bc5553cb-140416267310912", "trial_id": 0, "state": 0, "values": null, "datetime_start": "2025-12-03T23:52:05.297623"}
{"op_code": 5, "worker_id": "fd2eb734-5435-49c3-b78a-2377bc5553cb-140416267310912", "trial_id": 0, "param_name": "dataset.max_walk_length", "param_value_internal": 83.0, "distribution": "{\"name\": \"IntDistribution\", \"attributes\": {\"log\": false, \"step\": 1, \"low\": 10, \"high\": 100}}"}
{"op_code": 5, "worker_id": "fd2eb734-5435-49c3-b78a-2377bc5553cb-140416267310912", "trial_id": 0, "param_name": "dataset.num_walks", "param_value_internal": 691427.0, "distribution": "{\"name\": \"IntDistribution\", \"attributes\": {\"log\": true, \"step\": 1, \"low\": 100000, \"high\": 5000000}}"}
{"op_code": 5, "worker_id": "fd2eb734-5435-49c3-b78a-2377bc5553cb-140416267310912", "trial_id": 0, "param_name": "training.lr", "param_value_internal": 0.0011990397793339518, "distribution": "{\"name\": \"FloatDistribution\", \"attributes\": {\"step\": null, \"low\": 1e-05, \"high\": 0.1, \"log\": true}}"}
{"op_code": 5, "worker_id": "fd2eb734-5435-49c3-b78a-2377bc5553cb-140416267310912", "trial_id": 0, "param_name": "training.weight_decay", "param_value_internal": 0.0026821863636421073, "distribution": "{\"name\": \"FloatDistribution\", \"attributes\": {\"step\": null, \"low\": 1e-08, \"high\": 0.1, \"log\": true}}"}
{"op_code": 5, "worker_id": "fd2eb734-5435-49c3-b78a-2377bc5553cb-140416267310912", "trial_id": 0, "param_name": "training.batch_size", "param_value_internal": 1, "distribution": "{\"name\": \"CategoricalDistribution\", \"attributes\": {\"choices\": [32, 64, 128, 256, 512]}}"}
{"op_code": 5, "worker_id": "fd2eb734-5435-49c3-b78a-2377bc5553cb-140416267310912", "trial_id": 0, "param_name": "training.gradient_clip_val", "param_value_internal": 0.5956847053697083, "distribution": "{\"name\": \"FloatDistribution\", \"attributes\": {\"step\": null, \"low\": 0.1, \"high\": 2.0, \"log\": false}}"}
{"op_code": 5, "worker_id": "fd2eb734-5435-49c3-b78a-2377bc5553cb-140416267310912", "trial_id": 0, "param_name": "training.early_stopping_patience", "param_value_internal": 10.0, "distribution": "{\"name\": \"IntDistribution\", \"attributes\": {\"log\": false, \"step\": 1, \"low\": 5, \"high\": 20}}"}
{"op_code": 5, "worker_id": "fd2eb734-5435-49c3-b78a-2377bc5553cb-140416267310912", "trial_id": 0, "param_name": "model.nhead", "param_value_internal": 3, "distribution": "{\"name\": \"CategoricalDistribution\", \"attributes\": {\"choices\": [1, 2, 4, 8, 16]}}"}
{"op_code": 5, "worker_id": "fd2eb734-5435-49c3-b78a-2377bc5553cb-140416267310912", "trial_id": 0, "param_name": "model.embedding_dim", "param_value_internal": 3, "distribution": "{\"name\": \"CategoricalDistribution\", \"attributes\": {\"choices\": [4, 8, 16, 32, 64, 128]}}"}
{"op_code": 5, "worker_id": "fd2eb734-5435-49c3-b78a-2377bc5553cb-140416267310912", "trial_id": 0, "param_name": "model.hidden_dim", "param_value_internal": 2, "distribution": "{\"name\": \"CategoricalDistribution\", \"attributes\": {\"choices\": [4, 8, 16, 32, 64, 128, 256]}}"}
{"op_code": 5, "worker_id": "fd2eb734-5435-49c3-b78a-2377bc5553cb-140416267310912", "trial_id": 0, "param_name": "model.nlayers", "param_value_internal": 5.0, "distribution": "{\"name\": \"IntDistribution\", \"attributes\": {\"log\": false, \"step\": 1, \"low\": 1, \"high\": 6}}"}
{"op_code": 5, "worker_id": "fd2eb734-5435-49c3-b78a-2377bc5553cb-140416267310912", "trial_id": 0, "param_name": "model.dropout", "param_value_internal": 0.6207573207736868, "distribution": "{\"name\": \"FloatDistribution\", \"attributes\": {\"step\": null, \"low\": 0.0, \"high\": 0.7, \"log\": false}}"}
{"op_code": 5, "worker_id": "fd2eb734-5435-49c3-b78a-2377bc5553cb-140416267310912", "trial_id": 0, "param_name": "training.epochs", "param_value_internal": 25.0, "distribution": "{\"name\": \"IntDistribution\", \"attributes\": {\"log\": false, \"step\": 1, \"low\": 6, \"high\": 25}}"}
{"op_code": 8, "worker_id": "fd2eb734-5435-49c3-b78a-2377bc5553cb-140416267310912", "trial_id": 0, "user_attr": {"seed": 42}}
{"op_code": 7, "worker_id": "fd2eb734-5435-49c3-b78a-2377bc5553cb-140416267310912", "trial_id": 0, "step": 0, "intermediate_value": 0.7273546457290649}
{"op_code": 7, "worker_id": "fd2eb734-5435-49c3-b78a-2377bc5553cb-140416267310912", "trial_id": 0, "step": 1, "intermediate_value": 0.7238667011260986}
{"op_code": 7, "worker_id": "fd2eb734-5435-49c3-b78a-2377bc5553cb-140416267310912", "trial_id": 0, "step": 2, "intermediate_value": 0.7073692083358765}
{"op_code": 7, "worker_id": "fd2eb734-5435-49c3-b78a-2377bc5553cb-140416267310912", "trial_id": 0, "step": 3, "intermediate_value": 0.6953808069229126}
{"op_code": 7, "worker_id": "fd2eb734-5435-49c3-b78a-2377bc5553cb-140416267310912", "trial_id": 0, "step": 4, "intermediate_value": 0.6880335211753845}
{"op_code": 7, "worker_id": "fd2eb734-5435-49c3-b78a-2377bc5553cb-140416267310912", "trial_id": 0, "step": 5, "intermediate_value": 0.7047511339187622}
{"op_code": 7, "worker_id": "fd2eb734-5435-49c3-b78a-2377bc5553cb-140416267310912", "trial_id": 0, "step": 6, "intermediate_value": 0.7102868556976318}
{"op_code": 7, "worker_id": "fd2eb734-5435-49c3-b78a-2377bc5553cb-140416267310912", "trial_id": 0, "step": 7, "intermediate_value": 0.7118833065032959}
{"op_code": 7, "worker_id": "fd2eb734-5435-49c3-b78a-2377bc5553cb-140416267310912", "trial_id": 0, "step": 8, "intermediate_value": 0.7224521636962891}
{"op_code": 7, "worker_id": "fd2eb734-5435-49c3-b78a-2377bc5553cb-140416267310912", "trial_id": 0, "step": 9, "intermediate_value": 0.7169264554977417}
{"op_code": 7, "worker_id": "fd2eb734-5435-49c3-b78a-2377bc5553cb-140416267310912", "trial_id": 0, "step": 10, "intermediate_value": 0.7095407247543335}
{"op_code": 7, "worker_id": "fd2eb734-5435-49c3-b78a-2377bc5553cb-140416267310912", "trial_id": 0, "step": 11, "intermediate_value": 0.7273546457290649}
{"op_code": 6, "worker_id": "fd2eb734-5435-49c3-b78a-2377bc5553cb-140416267310912", "trial_id": 0, "state": 1, "values": [0.7273546457290649], "datetime_complete": "2025-12-04T04:55:54.381361"}
{"op_code": 4, "worker_id": "fd2eb734-5435-49c3-b78a-2377bc5553cb-140416267310912", "study_id": 0, "datetime_start": "2025-12-04T04:55:54.382683"}
{"op_code": 5, "worker_id": "fd2eb734-5435-49c3-b78a-2377bc5553cb-140416267310912", "trial_id": 1, "param_name": "dataset.max_walk_length", "param_value_internal": 42.0, "distribution": "{\"name\": \"IntDistribution\", \"attributes\": {\"log\": false, \"step\": 1, \"low\": 10, \"high\": 100}}"}
{"op_code": 5, "worker_id": "fd2eb734-5435-49c3-b78a-2377bc5553cb-140416267310912", "trial_id": 1, "param_name": "dataset.num_walks", "param_value_internal": 534671.0, "distribution": "{\"name\": \"IntDistribution\", \"attributes\": {\"log\": true, \"step\": 1, \"low\": 100000, \"high\": 5000000}}"}
{"op_code": 5, "worker_id": "fd2eb734-5435-49c3-b78a-2377bc5553cb-140416267310912", "trial_id": 1, "param_name": "training.lr", "param_value_internal": 0.0003323040611091727, "distribution": "{\"name\": \"FloatDistribution\", \"attributes\": {\"step\": null, \"low\": 1e-05, \"high\": 0.1, \"log\": true}}"}
{"op_code": 5, "worker_id": "fd2eb734-5435-49c3-b78a-2377bc5553cb-140416267310912", "trial_id": 1, "param_name": "training.weight_decay", "param_value_internal": 6.646431324777498e-07, "distribution": "{\"name\": \"FloatDistribution\", \"attributes\": {\"step\": null, \"low\": 1e-08, \"high\": 0.1, \"log\": true}}"}
{"op_code": 5, "worker_id": "fd2eb734-5435-49c3-b78a-2377bc5553cb-140416267310912", "trial_id": 1, "param_name": "training.batch_size", "param_value_internal": 3, "distribution": "{\"name\": \"CategoricalDistribution\", \"attributes\": {\"choices\": [32, 64, 128, 256, 512]}}"}
{"op_code": 5, "worker_id": "fd2eb734-5435-49c3-b78a-2377bc5553cb-140416267310912", "trial_id": 1, "param_name": "training.gradient_clip_val", "param_value_internal": 1.9559091160458992, "distribution": "{\"name\": \"FloatDistribution\", \"attributes\": {\"step\": null, \"low\": 0.1, \"high\": 2.0, \"log\": false}}"}
{"op_code": 5, "worker_id": "fd2eb734-5435-49c3-b78a-2377bc5553cb-140416267310912", "trial_id": 1, "param_name": "training.early_stopping_patience", "param_value_internal": 15.0, "distribution": "{\"name\": \"IntDistribution\", \"attributes\": {\"log\": false, \"step\": 1, \"low\": 5, \"high\": 20}}"}
{"op_code": 5, "worker_id": "fd2eb734-5435-49c3-b78a-2377bc5553cb-140416267310912", "trial_id": 1, "param_name": "model.nhead", "param_value_internal": 4, "distribution": "{\"name\": \"CategoricalDistribution\", \"attributes\": {\"choices\": [1, 2, 4, 8, 16]}}"}
{"op_code": 5, "worker_id": "fd2eb734-5435-49c3-b78a-2377bc5553cb-140416267310912", "trial_id": 1, "param_name": "model.embedding_dim", "param_value_internal": 5, "distribution": "{\"name\": \"CategoricalDistribution\", \"attributes\": {\"choices\": [4, 8, 16, 32, 64, 128]}}"}
{"op_code": 5, "worker_id": "fd2eb734-5435-49c3-b78a-2377bc5553cb-140416267310912", "trial_id": 1, "param_name": "model.hidden_dim", "param_value_internal": 6, "distribution": "{\"name\": \"CategoricalDistribution\", \"attributes\": {\"choices\": [4, 8, 16, 32, 64, 128, 256]}}"}
{"op_code": 5, "worker_id": "fd2eb734-5435-49c3-b78a-2377bc5553cb-140416267310912", "trial_id": 1, "param_name": "model.nlayers", "param_value_internal": 1.0, "distribution": "{\"name\": \"IntDistribution\", \"attributes\": {\"log\": false, \"step\": 1, \"low\": 1, \"high\": 6}}"}
{"op_code": 5, "worker_id": "fd2eb734-5435-49c3-b78a-2377bc5553cb-140416267310912", "trial_id": 1, "param_name": "model.dropout", "param_value_internal": 0.619670724065, "distribution": "{\"name\": \"FloatDistribution\", \"attributes\": {\"step\": null, \"low\": 0.0, \"high\": 0.7, \"log\": false}}"}
{"op_code": 5, "worker_id": "fd2eb734-5435-49c3-b78a-2377bc5553cb-140416267310912", "trial_id": 1, "param_name": "training.epochs", "param_value_internal": 24.0, "distribution": "{\"name\": \"IntDistribution\", \"attributes\": {\"log\": false, \"step\": 1, \"low\": 6, \"high\": 25}}"}
{"op_code": 8, "worker_id": "fd2eb734-5435-49c3-b78a-2377bc5553cb-140416267310912", "trial_id": 1, "user_attr": {"seed": 43}}
{"op_code": 7, "worker_id": "fd2eb734-5435-49c3-b78a-2377bc5553cb-140416267310912", "trial_id": 1, "step": 0, "intermediate_value": 0.7035354375839233}
{"op_code": 7, "worker_id": "fd2eb734-5435-49c3-b78a-2377bc5553cb-140416267310912", "trial_id": 1, "step": 1, "intermediate_value": 0.7372274398803711}
{"op_code": 7, "worker_id": "fd2eb734-5435-49c3-b78a-2377bc5553cb-140416267310912", "trial_id": 1, "step": 2, "intermediate_value": 0.7553731799125671}
{"op_code": 7, "worker_id": "fd2eb734-5435-49c3-b78a-2377bc5553cb-140416267310912", "trial_id": 1, "step": 3, "intermediate_value": 0.7641382217407227}
{"op_code": 7, "worker_id": "fd2eb734-5435-49c3-b78a-2377bc5553cb-140416267310912", "trial_id": 1, "step": 4, "intermediate_value": 0.7842801809310913}
{"op_code": 7, "worker_id": "fd2eb734-5435-49c3-b78a-2377bc5553cb-140416267310912", "trial_id": 1, "step": 5, "intermediate_value": 0.7888211607933044}
{"op_code": 7, "worker_id": "fd2eb734-5435-49c3-b78a-2377bc5553cb-140416267310912", "trial_id": 1, "step": 6, "intermediate_value": 0.7946929335594177}
{"op_code": 7, "worker_id": "fd2eb734-5435-49c3-b78a-2377bc5553cb-140416267310912", "trial_id": 1, "step": 7, "intermediate_value": 0.7976863384246826}
{"op_code": 7, "worker_id": "fd2eb734-5435-49c3-b78a-2377bc5553cb-140416267310912", "trial_id": 1, "step": 8, "intermediate_value": 0.7954529523849487}
{"op_code": 7, "worker_id": "fd2eb734-5435-49c3-b78a-2377bc5553cb-140416267310912", "trial_id": 1, "step": 9, "intermediate_value": 0.8012104034423828}
{"op_code": 7, "worker_id": "fd2eb734-5435-49c3-b78a-2377bc5553cb-140416267310912", "trial_id": 1, "step": 10, "intermediate_value": 0.7961483597755432}
{"op_code": 7, "worker_id": "fd2eb734-5435-49c3-b78a-2377bc5553cb-140416267310912", "trial_id": 1, "step": 11, "intermediate_value": 0.7981389760971069}
{"op_code": 7, "worker_id": "fd2eb734-5435-49c3-b78a-2377bc5553cb-140416267310912", "trial_id": 1, "step": 12, "intermediate_value": 0.79385906457901}
{"op_code": 7, "worker_id": "fd2eb734-5435-49c3-b78a-2377bc5553cb-140416267310912", "trial_id": 1, "step": 13, "intermediate_value": 0.7932661771774292}
{"op_code": 7, "worker_id": "fd2eb734-5435-49c3-b78a-2377bc5553cb-140416267310912", "trial_id": 1, "step": 14, "intermediate_value": 0.7922681570053101}
{"op_code": 7, "worker_id": "fd2eb734-5435-49c3-b78a-2377bc5553cb-140416267310912", "trial_id": 1, "step": 15, "intermediate_value": 0.7911349534988403}
{"op_code": 7, "worker_id": "fd2eb734-5435-49c3-b78a-2377bc5553cb-140416267310912", "trial_id": 1, "step": 16, "intermediate_value": 0.7900502681732178}
{"op_code": 7, "worker_id": "fd2eb734-5435-49c3-b78a-2377bc5553cb-140416267310912", "trial_id": 1, "step": 17, "intermediate_value": 0.7893326878547668}
{"op_code": 7, "worker_id": "fd2eb734-5435-49c3-b78a-2377bc5553cb-140416267310912", "trial_id": 1, "step": 18, "intermediate_value": 0.7905211448669434}
{"op_code": 7, "worker_id": "fd2eb734-5435-49c3-b78a-2377bc5553cb-140416267310912", "trial_id": 1, "step": 19, "intermediate_value": 0.7900537848472595}
{"op_code": 7, "worker_id": "fd2eb734-5435-49c3-b78a-2377bc5553cb-140416267310912", "trial_id": 1, "step": 20, "intermediate_value": 0.789920449256897}
{"op_code": 7, "worker_id": "fd2eb734-5435-49c3-b78a-2377bc5553cb-140416267310912", "trial_id": 1, "step": 21, "intermediate_value": 0.7893497943878174}
{"op_code": 7, "worker_id": "fd2eb734-5435-49c3-b78a-2377bc5553cb-140416267310912", "trial_id": 1, "step": 22, "intermediate_value": 0.789374828338623}
{"op_code": 7, "worker_id": "fd2eb734-5435-49c3-b78a-2377bc5553cb-140416267310912", "trial_id": 1, "step": 23, "intermediate_value": 0.7893494963645935}
{"op_code": 7, "worker_id": "fd2eb734-5435-49c3-b78a-2377bc5553cb-140416267310912", "trial_id": 1, "step": 24, "intermediate_value": 0.8012104034423828}
{"op_code": 6, "worker_id": "fd2eb734-5435-49c3-b78a-2377bc5553cb-140416267310912", "trial_id": 1, "state": 1, "values": [0.8012104034423828], "datetime_complete": "2025-12-04T07:02:26.221622"}
{"op_code": 4, "worker_id": "fd2eb734-5435-49c3-b78a-2377bc5553cb-140416267310912", "study_id": 0, "datetime_start": "2025-12-04T07:02:26.222864"}
{"op_code": 5, "worker_id": "fd2eb734-5435-49c3-b78a-2377bc5553cb-140416267310912", "trial_id": 2, "param_name": "dataset.max_walk_length", "param_value_internal": 66.0, "distribution": "{\"name\": \"IntDistribution\", \"attributes\": {\"log\": false, \"step\": 1, \"low\": 10, \"high\": 100}}"}
{"op_code": 5, "worker_id": "fd2eb734-5435-49c3-b78a-2377bc5553cb-140416267310912", "trial_id": 2, "param_name": "dataset.num_walks", "param_value_internal": 125596.0, "distribution": "{\"name\": \"IntDistribution\", \"attributes\": {\"log\": true, \"step\": 1, \"low\": 100000, \"high\": 5000000}}"}
{"op_code": 5, "worker_id": "fd2eb734-5435-49c3-b78a-2377bc5553cb-140416267310912", "trial_id": 2, "param_name": "training.lr", "param_value_internal": 2.7805167625137314e-05, "distribution": "{\"name\": \"FloatDistribution\", \"attributes\": {\"step\": null, \"low\": 1e-05, \"high\": 0.1, \"log\": true}}"}
{"op_code": 5, "worker_id": "fd2eb734-5435-49c3-b78a-2377bc5553cb-140416267310912", "trial_id": 2, "param_name": "training.weight_decay", "param_value_internal": 0.005040358099180661, "distribution": "{\"name\": \"FloatDistribution\", \"attributes\": {\"step\": null, \"low\": 1e-08, \"high\": 0.1, \"log\": true}}"}
{"op_code": 5, "worker_id": "fd2eb734-5435-49c3-b78a-2377bc5553cb-140416267310912", "trial_id": 2, "param_name": "training.batch_size", "param_value_internal": 3, "distribution": "{\"name\": \"CategoricalDistribution\", \"attributes\": {\"choices\": [32, 64, 128, 256, 512]}}"}
{"op_code": 5, "worker_id": "fd2eb734-5435-49c3-b78a-2377bc5553cb-140416267310912", "trial_id": 2, "param_name": "training.gradient_clip_val", "param_value_internal": 1.3704775229339317, "distribution": "{\"name\": \"FloatDistribution\", \"attributes\": {\"step\": null, \"low\": 0.1, \"high\": 2.0, \"log\": false}}"}
{"op_code": 5, "worker_id": "fd2eb734-5435-49c3-b78a-2377bc5553cb-140416267310912", "trial_id": 2, "param_name": "training.early_stopping_patience", "param_value_internal": 16.0, "distribution": "{\"name\": \"IntDistribution\", \"attributes\": {\"log\": false, \"step\": 1, \"low\": 5, \"high\": 20}}"}
{"op_code": 5, "worker_id": "fd2eb734-5435-49c3-b78a-2377bc5553cb-140416267310912", "trial_id": 2, "param_name": "model.nhead", "param_value_internal": 0, "distribution": "{\"name\": \"CategoricalDistribution\", \"attributes\": {\"choices\": [1, 2, 4, 8, 16]}}"}
{"op_code": 5, "worker_id": "fd2eb734-5435-49c3-b78a-2377bc5553cb-140416267310912", "trial_id": 2, "param_name": "model.embedding_dim", "param_value_internal": 5, "distribution": "{\"name\": \"CategoricalDistribution\", \"attributes\": {\"choices\": [4, 8, 16, 32, 64, 128]}}"}
{"op_code": 5, "worker_id": "fd2eb734-5435-49c3-b78a-2377bc5553cb-140416267310912", "trial_id": 2, "param_name": "model.hidden_dim", "param_value_internal": 5, "distribution": "{\"name\": \"CategoricalDistribution\", \"attributes\": {\"choices\": [4, 8, 16, 32, 64, 128, 256]}}"}
{"op_code": 5, "worker_id": "fd2eb734-5435-49c3-b78a-2377bc5553cb-140416267310912", "trial_id": 2, "param_name": "model.nlayers", "param_value_internal": 5.0, "distribution": "{\"name\": \"IntDistribution\", \"attributes\": {\"log\": false, \"step\": 1, \"low\": 1, \"high\": 6}}"}
{"op_code": 5, "worker_id": "fd2eb734-5435-49c3-b78a-2377bc5553cb-140416267310912", "trial_id": 2, "param_name": "model.dropout", "param_value_internal": 0.3545192269613117, "distribution": "{\"name\": \"FloatDistribution\", \"attributes\": {\"step\": null, \"low\": 0.0, \"high\": 0.7, \"log\": false}}"}
{"op_code": 5, "worker_id": "fd2eb734-5435-49c3-b78a-2377bc5553cb-140416267310912", "trial_id": 2, "param_name": "training.epochs", "param_value_internal": 23.0, "distribution": "{\"name\": \"IntDistribution\", \"attributes\": {\"log\": false, \"step\": 1, \"low\": 6, \"high\": 25}}"}
{"op_code": 8, "worker_id": "fd2eb734-5435-49c3-b78a-2377bc5553cb-140416267310912", "trial_id": 2, "user_attr": {"seed": 44}}
{"op_code": 7, "worker_id": "fd2eb734-5435-49c3-b78a-2377bc5553cb-140416267310912", "trial_id": 2, "step": 0, "intermediate_value": 0.7578067779541016}
{"op_code": 7, "worker_id": "fd2eb734-5435-49c3-b78a-2377bc5553cb-140416267310912", "trial_id": 2, "step": 1, "intermediate_value": 0.7662398219108582}
{"op_code": 7, "worker_id": "fd2eb734-5435-49c3-b78a-2377bc5553cb-140416267310912", "trial_id": 2, "step": 2, "intermediate_value": 0.7669317722320557}
{"op_code": 7, "worker_id": "fd2eb734-5435-49c3-b78a-2377bc5553cb-140416267310912", "trial_id": 2, "step": 3, "intermediate_value": 0.7704684734344482}
{"op_code": 7, "worker_id": "fd2eb734-5435-49c3-b78a-2377bc5553cb-140416267310912", "trial_id": 2, "step": 4, "intermediate_value": 0.7727141976356506}
{"op_code": 7, "worker_id": "fd2eb734-5435-49c3-b78a-2377bc5553cb-140416267310912", "trial_id": 2, "step": 5, "intermediate_value": 0.774333119392395}
{"op_code": 7, "worker_id": "fd2eb734-5435-49c3-b78a-2377bc5553cb-140416267310912", "trial_id": 2, "step": 6, "intermediate_value": 0.7771700620651245}
{"op_code": 7, "worker_id": "fd2eb734-5435-49c3-b78a-2377bc5553cb-140416267310912", "trial_id": 2, "step": 7, "intermediate_value": 0.7786856889724731}
{"op_code": 7, "worker_id": "fd2eb734-5435-49c3-b78a-2377bc5553cb-140416267310912", "trial_id": 2, "step": 8, "intermediate_value": 0.7801624536514282}
{"op_code": 7, "worker_id": "fd2eb734-5435-49c3-b78a-2377bc5553cb-140416267310912", "trial_id": 2, "step": 9, "intermediate_value": 0.779564619064331}
{"op_code": 7, "worker_id": "fd2eb734-5435-49c3-b78a-2377bc5553cb-140416267310912", "trial_id": 2, "step": 10, "intermediate_value": 0.7805038690567017}
{"op_code": 7, "worker_id": "fd2eb734-5435-49c3-b78a-2377bc5553cb-140416267310912", "trial_id": 2, "step": 11, "intermediate_value": 0.781891942024231}
{"op_code": 7, "worker_id": "fd2eb734-5435-49c3-b78a-2377bc5553cb-140416267310912", "trial_id": 2, "step": 12, "intermediate_value": 0.7821295261383057}
{"op_code": 7, "worker_id": "fd2eb734-5435-49c3-b78a-2377bc5553cb-140416267310912", "trial_id": 2, "step": 13, "intermediate_value": 0.7824270725250244}
{"op_code": 7, "worker_id": "fd2eb734-5435-49c3-b78a-2377bc5553cb-140416267310912", "trial_id": 2, "step": 14, "intermediate_value": 0.7827008962631226}
{"op_code": 7, "worker_id": "fd2eb734-5435-49c3-b78a-2377bc5553cb-140416267310912", "trial_id": 2, "step": 15, "intermediate_value": 0.7832916975021362}
{"op_code": 7, "worker_id": "fd2eb734-5435-49c3-b78a-2377bc5553cb-140416267310912", "trial_id": 2, "step": 16, "intermediate_value": 0.7831834554672241}
{"op_code": 7, "worker_id": "fd2eb734-5435-49c3-b78a-2377bc5553cb-140416267310912", "trial_id": 2, "step": 17, "intermediate_value": 0.7830619812011719}
{"op_code": 7, "worker_id": "fd2eb734-5435-49c3-b78a-2377bc5553cb-140416267310912", "trial_id": 2, "step": 18, "intermediate_value": 0.7834098935127258}
{"op_code": 7, "worker_id": "fd2eb734-5435-49c3-b78a-2377bc5553cb-140416267310912", "trial_id": 2, "step": 19, "intermediate_value": 0.783658504486084}
{"op_code": 7, "worker_id": "fd2eb734-5435-49c3-b78a-2377bc5553cb-140416267310912", "trial_id": 2, "step": 20, "intermediate_value": 0.7837125062942505}
{"op_code": 7, "worker_id": "fd2eb734-5435-49c3-b78a-2377bc5553cb-140416267310912", "trial_id": 2, "step": 21, "intermediate_value": 0.7836949825286865}
{"op_code": 7, "worker_id": "fd2eb734-5435-49c3-b78a-2377bc5553cb-140416267310912", "trial_id": 2, "step": 22, "intermediate_value": 0.7836883068084717}
{"op_code": 7, "worker_id": "fd2eb734-5435-49c3-b78a-2377bc5553cb-140416267310912", "trial_id": 2, "step": 23, "intermediate_value": 0.7837125062942505}
{"op_code": 6, "worker_id": "fd2eb734-5435-49c3-b78a-2377bc5553cb-140416267310912", "trial_id": 2, "state": 1, "values": [0.7837125062942505], "datetime_complete": "2025-12-04T07:35:25.243619"}
{"op_code": 4, "worker_id": "fd2eb734-5435-49c3-b78a-2377bc5553cb-140416267310912", "study_id": 0, "datetime_start": "2025-12-04T07:35:25.244917"}
{"op_code": 5, "worker_id": "fd2eb734-5435-49c3-b78a-2377bc5553cb-140416267310912", "trial_id": 3, "param_name": "dataset.max_walk_length", "param_value_internal": 18.0, "distribution": "{\"name\": \"IntDistribution\", \"attributes\": {\"log\": false, \"step\": 1, \"low\": 10, \"high\": 100}}"}
{"op_code": 5, "worker_id": "fd2eb734-5435-49c3-b78a-2377bc5553cb-140416267310912", "trial_id": 3, "param_name": "dataset.num_walks", "param_value_internal": 1686426.0, "distribution": "{\"name\": \"IntDistribution\", \"attributes\": {\"log\": true, \"step\": 1, \"low\": 100000, \"high\": 5000000}}"}
{"op_code": 5, "worker_id": "fd2eb734-5435-49c3-b78a-2377bc5553cb-140416267310912", "trial_id": 3, "param_name": "training.lr", "param_value_internal": 0.013720318146526685, "distribution": "{\"name\": \"FloatDistribution\", \"attributes\": {\"step\": null, \"low\": 1e-05, \"high\": 0.1, \"log\": true}}"}
{"op_code": 5, "worker_id": "fd2eb734-5435-49c3-b78a-2377bc5553cb-140416267310912", "trial_id": 3, "param_name": "training.weight_decay", "param_value_internal": 5.76828465014252e-05, "distribution": "{\"name\": \"FloatDistribution\", \"attributes\": {\"step\": null, \"low\": 1e-08, \"high\": 0.1, \"log\": true}}"}
{"op_code": 5, "worker_id": "fd2eb734-5435-49c3-b78a-2377bc5553cb-140416267310912", "trial_id": 3, "param_name": "training.batch_size", "param_value_internal": 2, "distribution": "{\"name\": \"CategoricalDistribution\", \"attributes\": {\"choices\": [32, 64, 128, 256, 512]}}"}
{"op_code": 5, "worker_id": "fd2eb734-5435-49c3-b78a-2377bc5553cb-140416267310912", "trial_id": 3, "param_name": "training.gradient_clip_val", "param_value_internal": 0.10200000737305098, "distribution": "{\"name\": \"FloatDistribution\", \"attributes\": {\"step\": null, \"low\": 0.1, \"high\": 2.0, \"log\": false}}"}
{"op_code": 5, "worker_id": "fd2eb734-5435-49c3-b78a-2377bc5553cb-140416267310912", "trial_id": 3, "param_name": "training.early_stopping_patience", "param_value_internal": 9.0, "distribution": "{\"name\": \"IntDistribution\", \"attributes\": {\"log\": false, \"step\": 1, \"low\": 5, \"high\": 20}}"}
{"op_code": 5, "worker_id": "fd2eb734-5435-49c3-b78a-2377bc5553cb-140416267310912", "trial_id": 3, "param_name": "model.nhead", "param_value_internal": 3, "distribution": "{\"name\": \"CategoricalDistribution\", \"attributes\": {\"choices\": [1, 2, 4, 8, 16]}}"}
{"op_code": 5, "worker_id": "fd2eb734-5435-49c3-b78a-2377bc5553cb-140416267310912", "trial_id": 3, "param_name": "model.embedding_dim", "param_value_internal": 0, "distribution": "{\"name\": \"CategoricalDistribution\", \"attributes\": {\"choices\": [4, 8, 16, 32, 64, 128]}}"}
{"op_code": 6, "worker_id": "fd2eb734-5435-49c3-b78a-2377bc5553cb-140416267310912", "trial_id": 3, "state": 2, "values": null, "datetime_complete": "2025-12-04T07:35:25.253211"}
{"op_code": 4, "worker_id": "fd2eb734-5435-49c3-b78a-2377bc5553cb-140416267310912", "study_id": 0, "datetime_start": "2025-12-04T07:35:25.253751"}
{"op_code": 5, "worker_id": "fd2eb734-5435-49c3-b78a-2377bc5553cb-140416267310912", "trial_id": 4, "param_name": "dataset.max_walk_length", "param_value_internal": 34.0, "distribution": "{\"name\": \"IntDistribution\", \"attributes\": {\"log\": false, \"step\": 1, \"low\": 10, \"high\": 100}}"}
{"op_code": 5, "worker_id": "fd2eb734-5435-49c3-b78a-2377bc5553cb-140416267310912", "trial_id": 4, "param_name": "dataset.num_walks", "param_value_internal": 976902.0, "distribution": "{\"name\": \"IntDistribution\", \"attributes\": {\"log\": true, \"step\": 1, \"low\": 100000, \"high\": 5000000}}"}
{"op_code": 5, "worker_id": "fd2eb734-5435-49c3-b78a-2377bc5553cb-140416267310912", "trial_id": 4, "param_name": "training.lr", "param_value_internal": 0.0001865099259286712, "distribution": "{\"name\": \"FloatDistribution\", \"attributes\": {\"step\": null, \"low\": 1e-05, \"high\": 0.1, \"log\": true}}"}
{"op_code": 5, "worker_id": "fd2eb734-5435-49c3-b78a-2377bc5553cb-140416267310912", "trial_id": 4, "param_name": "training.weight_decay", "param_value_internal": 0.011158627649269962, "distribution": "{\"name\": \"FloatDistribution\", \"attributes\": {\"step\": null, \"low\": 1e-08, \"high\": 0.1, \"log\": true}}"}
{"op_code": 5, "worker_id": "fd2eb734-5435-49c3-b78a-2377bc5553cb-140416267310912", "trial_id": 4, "param_name": "training.batch_size", "param_value_internal": 2, "distribution": "{\"name\": \"CategoricalDistribution\", \"attributes\": {\"choices\": [32, 64, 128, 256, 512]}}"}
{"op_code": 5, "worker_id": "fd2eb734-5435-49c3-b78a-2377bc5553cb-140416267310912", "trial_id": 4, "param_name": "training.gradient_clip_val", "param_value_internal": 0.7826710604698778, "distribution": "{\"name\": \"FloatDistribution\", \"attributes\": {\"step\": null, \"low\": 0.1, \"high\": 2.0, \"log\": false}}"}
{"op_code": 5, "worker_id": "fd2eb734-5435-49c3-b78a-2377bc5553cb-140416267310912", "trial_id": 4, "param_name": "training.early_stopping_patience", "param_value_internal": 17.0, "distribution": "{\"name\": \"IntDistribution\", \"attributes\": {\"log\": false, \"step\": 1, \"low\": 5, \"high\": 20}}"}
{"op_code": 5, "worker_id": "fd2eb734-5435-49c3-b78a-2377bc5553cb-140416267310912", "trial_id": 4, "param_name": "model.nhead", "param_value_internal": 2, "distribution": "{\"name\": \"CategoricalDistribution\", \"attributes\": {\"choices\": [1, 2, 4, 8, 16]}}"}
{"op_code": 5, "worker_id": "fd2eb734-5435-49c3-b78a-2377bc5553cb-140416267310912", "trial_id": 4, "param_name": "model.embedding_dim", "param_value_internal": 5, "distribution": "{\"name\": \"CategoricalDistribution\", \"attributes\": {\"choices\": [4, 8, 16, 32, 64, 128]}}"}
{"op_code": 5, "worker_id": "fd2eb734-5435-49c3-b78a-2377bc5553cb-140416267310912", "trial_id": 4, "param_name": "model.hidden_dim", "param_value_internal": 6, "distribution": "{\"name\": \"CategoricalDistribution\", \"attributes\": {\"choices\": [4, 8, 16, 32, 64, 128, 256]}}"}
{"op_code": 5, "worker_id": "fd2eb734-5435-49c3-b78a-2377bc5553cb-140416267310912", "trial_id": 4, "param_name": "model.nlayers", "param_value_internal": 4.0, "distribution": "{\"name\": \"IntDistribution\", \"attributes\": {\"log\": false, \"step\": 1, \"low\": 1, \"high\": 6}}"}
{"op_code": 5, "worker_id": "fd2eb734-5435-49c3-b78a-2377bc5553cb-140416267310912", "trial_id": 4, "param_name": "model.dropout", "param_value_internal": 0.10204516266531541, "distribution": "{\"name\": \"FloatDistribution\", \"attributes\": {\"step\": null, \"low\": 0.0, \"high\": 0.7, \"log\": false}}"}
{"op_code": 5, "worker_id": "fd2eb734-5435-49c3-b78a-2377bc5553cb-140416267310912", "trial_id": 4, "param_name": "training.epochs", "param_value_internal": 23.0, "distribution": "{\"name\": \"IntDistribution\", \"attributes\": {\"log\": false, \"step\": 1, \"low\": 6, \"high\": 25}}"}
{"op_code": 8, "worker_id": "fd2eb734-5435-49c3-b78a-2377bc5553cb-140416267310912", "trial_id": 4, "user_attr": {"seed": 46}}
{"op_code": 7, "worker_id": "fd2eb734-5435-49c3-b78a-2377bc5553cb-140416267310912", "trial_id": 4, "step": 0, "intermediate_value": 0.7961289882659912}
{"op_code": 7, "worker_id": "fd2eb734-5435-49c3-b78a-2377bc5553cb-140416267310912", "trial_id": 4, "step": 1, "intermediate_value": 0.8055731058120728}
{"op_code": 7, "worker_id": "fd2eb734-5435-49c3-b78a-2377bc5553cb-140416267310912", "trial_id": 4, "step": 2, "intermediate_value": 0.807313084602356}
{"op_code": 7, "worker_id": "fd2eb734-5435-49c3-b78a-2377bc5553cb-140416267310912", "trial_id": 4, "step": 3, "intermediate_value": 0.8123602867126465}
{"op_code": 7, "worker_id": "fd2eb734-5435-49c3-b78a-2377bc5553cb-140416267310912", "trial_id": 4, "step": 4, "intermediate_value": 0.8110909461975098}
{"op_code": 7, "worker_id": "fd2eb734-5435-49c3-b78a-2377bc5553cb-140416267310912", "trial_id": 4, "step": 5, "intermediate_value": 0.7971162796020508}
{"op_code": 7, "worker_id": "fd2eb734-5435-49c3-b78a-2377bc5553cb-140416267310912", "trial_id": 4, "step": 6, "intermediate_value": 0.8015788793563843}
{"op_code": 7, "worker_id": "fd2eb734-5435-49c3-b78a-2377bc5553cb-140416267310912", "trial_id": 4, "step": 7, "intermediate_value": 0.8069705367088318}
{"op_code": 7, "worker_id": "fd2eb734-5435-49c3-b78a-2377bc5553cb-140416267310912", "trial_id": 4, "step": 8, "intermediate_value": 0.7918912172317505}
{"op_code": 7, "worker_id": "fd2eb734-5435-49c3-b78a-2377bc5553cb-140416267310912", "trial_id": 4, "step": 9, "intermediate_value": 0.8000496625900269}
{"op_code": 7, "worker_id": "fd2eb734-5435-49c3-b78a-2377bc5553cb-140416267310912", "trial_id": 4, "step": 10, "intermediate_value": 0.7940032482147217}
{"op_code": 7, "worker_id": "fd2eb734-5435-49c3-b78a-2377bc5553cb-140416267310912", "trial_id": 4, "step": 11, "intermediate_value": 0.798274040222168}
{"op_code": 7, "worker_id": "fd2eb734-5435-49c3-b78a-2377bc5553cb-140416267310912", "trial_id": 4, "step": 12, "intermediate_value": 0.7934799194335938}
{"op_code": 7, "worker_id": "fd2eb734-5435-49c3-b78a-2377bc5553cb-140416267310912", "trial_id": 4, "step": 13, "intermediate_value": 0.7950749397277832}
{"op_code": 7, "worker_id": "fd2eb734-5435-49c3-b78a-2377bc5553cb-140416267310912", "trial_id": 4, "step": 14, "intermediate_value": 0.7887217998504639}
{"op_code": 7, "worker_id": "fd2eb734-5435-49c3-b78a-2377bc5553cb-140416267310912", "trial_id": 4, "step": 15, "intermediate_value": 0.7905742526054382}
{"op_code": 7, "worker_id": "fd2eb734-5435-49c3-b78a-2377bc5553cb-140416267310912", "trial_id": 4, "step": 16, "intermediate_value": 0.7899106740951538}
{"op_code": 7, "worker_id": "fd2eb734-5435-49c3-b78a-2377bc5553cb-140416267310912", "trial_id": 4, "step": 17, "intermediate_value": 0.7912877202033997}
{"op_code": 7, "worker_id": "fd2eb734-5435-49c3-b78a-2377bc5553cb-140416267310912", "trial_id": 4, "step": 18, "intermediate_value": 0.791022539138794}
{"op_code": 7, "worker_id": "fd2eb734-5435-49c3-b78a-2377bc5553cb-140416267310912", "trial_id": 4, "step": 19, "intermediate_value": 0.790947675704956}
{"op_code": 7, "worker_id": "fd2eb734-5435-49c3-b78a-2377bc5553cb-140416267310912", "trial_id": 4, "step": 20, "intermediate_value": 0.7908613085746765}
{"op_code": 7, "worker_id": "fd2eb734-5435-49c3-b78a-2377bc5553cb-140416267310912", "trial_id": 4, "step": 21, "intermediate_value": 0.8123602867126465}
{"op_code": 6, "worker_id": "fd2eb734-5435-49c3-b78a-2377bc5553cb-140416267310912", "trial_id": 4, "state": 1, "values": [0.8123602867126465], "datetime_complete": "2025-12-04T14:11:20.049429"}
{"op_code": 4, "worker_id": "fd2eb734-5435-49c3-b78a-2377bc5553cb-140416267310912", "study_id": 0, "datetime_start": "2025-12-04T14:11:20.050811"}
{"op_code": 5, "worker_id": "fd2eb734-5435-49c3-b78a-2377bc5553cb-140416267310912", "trial_id": 5, "param_name": "dataset.max_walk_length", "param_value_internal": 86.0, "distribution": "{\"name\": \"IntDistribution\", \"attributes\": {\"log\": false, \"step\": 1, \"low\": 10, \"high\": 100}}"}
{"op_code": 5, "worker_id": "fd2eb734-5435-49c3-b78a-2377bc5553cb-140416267310912", "trial_id": 5, "param_name": "dataset.num_walks", "param_value_internal": 2831134.0, "distribution": "{\"name\": \"IntDistribution\", \"attributes\": {\"log\": true, \"step\": 1, \"low\": 100000, \"high\": 5000000}}"}
{"op_code": 5, "worker_id": "fd2eb734-5435-49c3-b78a-2377bc5553cb-140416267310912", "trial_id": 5, "param_name": "training.lr", "param_value_internal": 4.200311585786186e-05, "distribution": "{\"name\": \"FloatDistribution\", \"attributes\": {\"step\": null, \"low\": 1e-05, \"high\": 0.1, \"log\": true}}"}
{"op_code": 5, "worker_id": "fd2eb734-5435-49c3-b78a-2377bc5553cb-140416267310912", "trial_id": 5, "param_name": "training.weight_decay", "param_value_internal": 0.028474724055074386, "distribution": "{\"name\": \"FloatDistribution\", \"attributes\": {\"step\": null, \"low\": 1e-08, \"high\": 0.1, \"log\": true}}"}
{"op_code": 5, "worker_id": "fd2eb734-5435-49c3-b78a-2377bc5553cb-140416267310912", "trial_id": 5, "param_name": "training.batch_size", "param_value_internal": 3, "distribution": "{\"name\": \"CategoricalDistribution\", \"attributes\": {\"choices\": [32, 64, 128, 256, 512]}}"}
{"op_code": 5, "worker_id": "fd2eb734-5435-49c3-b78a-2377bc5553cb-140416267310912", "trial_id": 5, "param_name": "training.gradient_clip_val", "param_value_internal": 1.1285987676213964, "distribution": "{\"name\": \"FloatDistribution\", \"attributes\": {\"step\": null, \"low\": 0.1, \"high\": 2.0, \"log\": false}}"}
{"op_code": 5, "worker_id": "fd2eb734-5435-49c3-b78a-2377bc5553cb-140416267310912", "trial_id": 5, "param_name": "training.early_stopping_patience", "param_value_internal": 19.0, "distribution": "{\"name\": \"IntDistribution\", \"attributes\": {\"log\": false, \"step\": 1, \"low\": 5, \"high\": 20}}"}
{"op_code": 5, "worker_id": "fd2eb734-5435-49c3-b78a-2377bc5553cb-140416267310912", "trial_id": 5, "param_name": "model.nhead", "param_value_internal": 3, "distribution": "{\"name\": \"CategoricalDistribution\", \"attributes\": {\"choices\": [1, 2, 4, 8, 16]}}"}
{"op_code": 5, "worker_id": "fd2eb734-5435-49c3-b78a-2377bc5553cb-140416267310912", "trial_id": 5, "param_name": "model.embedding_dim", "param_value_internal": 2, "distribution": "{\"name\": \"CategoricalDistribution\", \"attributes\": {\"choices\": [4, 8, 16, 32, 64, 128]}}"}
{"op_code": 5, "worker_id": "fd2eb734-5435-49c3-b78a-2377bc5553cb-140416267310912", "trial_id": 5, "param_name": "model.hidden_dim", "param_value_internal": 2, "distribution": "{\"name\": \"CategoricalDistribution\", \"attributes\": {\"choices\": [4, 8, 16, 32, 64, 128, 256]}}"}
{"op_code": 5, "worker_id": "fd2eb734-5435-49c3-b78a-2377bc5553cb-140416267310912", "trial_id": 5, "param_name": "model.nlayers", "param_value_internal": 3.0, "distribution": "{\"name\": \"IntDistribution\", \"attributes\": {\"log\": false, \"step\": 1, \"low\": 1, \"high\": 6}}"}
{"op_code": 5, "worker_id": "fd2eb734-5435-49c3-b78a-2377bc5553cb-140416267310912", "trial_id": 5, "param_name": "model.dropout", "param_value_internal": 0.4658573999368218, "distribution": "{\"name\": \"FloatDistribution\", \"attributes\": {\"step\": null, \"low\": 0.0, \"high\": 0.7, \"log\": false}}"}
{"op_code": 5, "worker_id": "fd2eb734-5435-49c3-b78a-2377bc5553cb-140416267310912", "trial_id": 5, "param_name": "training.epochs", "param_value_internal": 12.0, "distribution": "{\"name\": \"IntDistribution\", \"attributes\": {\"log\": false, \"step\": 1, \"low\": 6, \"high\": 25}}"}
{"op_code": 8, "worker_id": "fd2eb734-5435-49c3-b78a-2377bc5553cb-140416267310912", "trial_id": 5, "user_attr": {"seed": 47}}
{"op_code": 7, "worker_id": "fd2eb734-5435-49c3-b78a-2377bc5553cb-140416267310912", "trial_id": 5, "step": 0, "intermediate_value": 0.7262317538261414}
{"op_code": 7, "worker_id": "fd2eb734-5435-49c3-b78a-2377bc5553cb-140416267310912", "trial_id": 5, "step": 1, "intermediate_value": 0.7832231521606445}
{"op_code": 7, "worker_id": "fd2eb734-5435-49c3-b78a-2377bc5553cb-140416267310912", "trial_id": 5, "step": 2, "intermediate_value": 0.8256396055221558}
{"op_code": 7, "worker_id": "fd2eb734-5435-49c3-b78a-2377bc5553cb-140416267310912", "trial_id": 5, "step": 3, "intermediate_value": 0.8338918089866638}
{"op_code": 7, "worker_id": "fd2eb734-5435-49c3-b78a-2377bc5553cb-140416267310912", "trial_id": 5, "step": 4, "intermediate_value": 0.8327715992927551}
{"op_code": 7, "worker_id": "fd2eb734-5435-49c3-b78a-2377bc5553cb-140416267310912", "trial_id": 5, "step": 5, "intermediate_value": 0.8230365514755249}
{"op_code": 7, "worker_id": "fd2eb734-5435-49c3-b78a-2377bc5553cb-140416267310912", "trial_id": 5, "step": 6, "intermediate_value": 0.8172661066055298}
{"op_code": 7, "worker_id": "fd2eb734-5435-49c3-b78a-2377bc5553cb-140416267310912", "trial_id": 5, "step": 7, "intermediate_value": 0.813369631767273}
{"op_code": 7, "worker_id": "fd2eb734-5435-49c3-b78a-2377bc5553cb-140416267310912", "trial_id": 5, "step": 8, "intermediate_value": 0.808233380317688}
{"op_code": 7, "worker_id": "fd2eb734-5435-49c3-b78a-2377bc5553cb-140416267310912", "trial_id": 5, "step": 9, "intermediate_value": 0.8069865703582764}
{"op_code": 7, "worker_id": "fd2eb734-5435-49c3-b78a-2377bc5553cb-140416267310912", "trial_id": 5, "step": 10, "intermediate_value": 0.8051712512969971}
{"op_code": 7, "worker_id": "fd2eb734-5435-49c3-b78a-2377bc5553cb-140416267310912", "trial_id": 5, "step": 11, "intermediate_value": 0.8051625490188599}
{"op_code": 7, "worker_id": "fd2eb734-5435-49c3-b78a-2377bc5553cb-140416267310912", "trial_id": 5, "step": 12, "intermediate_value": 0.8338918089866638}
{"op_code": 6, "worker_id": "fd2eb734-5435-49c3-b78a-2377bc5553cb-140416267310912", "trial_id": 5, "state": 1, "values": [0.8338918089866638], "datetime_complete": "2025-12-04T22:11:51.009821"}
{"op_code": 4, "worker_id": "fd2eb734-5435-49c3-b78a-2377bc5553cb-140416267310912", "study_id": 0, "datetime_start": "2025-12-04T22:11:51.012062"}
{"op_code": 5, "worker_id": "fd2eb734-5435-49c3-b78a-2377bc5553cb-140416267310912", "trial_id": 6, "param_name": "dataset.max_walk_length", "param_value_internal": 60.0, "distribution": "{\"name\": \"IntDistribution\", \"attributes\": {\"log\": false, \"step\": 1, \"low\": 10, \"high\": 100}}"}
{"op_code": 5, "worker_id": "fd2eb734-5435-49c3-b78a-2377bc5553cb-140416267310912", "trial_id": 6, "param_name": "dataset.num_walks", "param_value_internal": 3546894.0, "distribution": "{\"name\": \"IntDistribution\", \"attributes\": {\"log\": true, \"step\": 1, \"low\": 100000, \"high\": 5000000}}"}
{"op_code": 5, "worker_id": "fd2eb734-5435-49c3-b78a-2377bc5553cb-140416267310912", "trial_id": 6, "param_name": "training.lr", "param_value_internal": 1.216084810819117e-05, "distribution": "{\"name\": \"FloatDistribution\", \"attributes\": {\"step\": null, \"low\": 1e-05, \"high\": 0.1, \"log\": true}}"}
{"op_code": 5, "worker_id": "fd2eb734-5435-49c3-b78a-2377bc5553cb-140416267310912", "trial_id": 6, "param_name": "training.weight_decay", "param_value_internal": 0.04675822333957362, "distribution": "{\"name\": \"FloatDistribution\", \"attributes\": {\"step\": null, \"low\": 1e-08, \"high\": 0.1, \"log\": true}}"}
{"op_code": 5, "worker_id": "fd2eb734-5435-49c3-b78a-2377bc5553cb-140416267310912", "trial_id": 6, "param_name": "training.batch_size", "param_value_internal": 4, "distribution": "{\"name\": \"CategoricalDistribution\", \"attributes\": {\"choices\": [32, 64, 128, 256, 512]}}"}
{"op_code": 5, "worker_id": "fd2eb734-5435-49c3-b78a-2377bc5553cb-140416267310912", "trial_id": 6, "param_name": "training.gradient_clip_val", "param_value_internal": 0.8146496483691557, "distribution": "{\"name\": \"FloatDistribution\", \"attributes\": {\"step\": null, \"low\": 0.1, \"high\": 2.0, \"log\": false}}"}
{"op_code": 5, "worker_id": "fd2eb734-5435-49c3-b78a-2377bc5553cb-140416267310912", "trial_id": 6, "param_name": "training.early_stopping_patience", "param_value_internal": 11.0, "distribution": "{\"name\": \"IntDistribution\", \"attributes\": {\"log\": false, \"step\": 1, \"low\": 5, \"high\": 20}}"}
{"op_code": 5, "worker_id": "fd2eb734-5435-49c3-b78a-2377bc5553cb-140416267310912", "trial_id": 6, "param_name": "model.nhead", "param_value_internal": 4, "distribution": "{\"name\": \"CategoricalDistribution\", \"attributes\": {\"choices\": [1, 2, 4, 8, 16]}}"}
{"op_code": 5, "worker_id": "fd2eb734-5435-49c3-b78a-2377bc5553cb-140416267310912", "trial_id": 6, "param_name": "model.embedding_dim", "param_value_internal": 2, "distribution": "{\"name\": \"CategoricalDistribution\", \"attributes\": {\"choices\": [4, 8, 16, 32, 64, 128]}}"}
{"op_code": 5, "worker_id": "fd2eb734-5435-49c3-b78a-2377bc5553cb-140416267310912", "trial_id": 6, "param_name": "model.hidden_dim", "param_value_internal": 6, "distribution": "{\"name\": \"CategoricalDistribution\", \"attributes\": {\"choices\": [4, 8, 16, 32, 64, 128, 256]}}"}
{"op_code": 5, "worker_id": "fd2eb734-5435-49c3-b78a-2377bc5553cb-140416267310912", "trial_id": 6, "param_name": "model.nlayers", "param_value_internal": 3.0, "distribution": "{\"name\": \"IntDistribution\", \"attributes\": {\"log\": false, \"step\": 1, \"low\": 1, \"high\": 6}}"}
{"op_code": 5, "worker_id": "fd2eb734-5435-49c3-b78a-2377bc5553cb-140416267310912", "trial_id": 6, "param_name": "model.dropout", "param_value_internal": 0.19234094397104948, "distribution": "{\"name\": \"FloatDistribution\", \"attributes\": {\"step\": null, \"low\": 0.0, \"high\": 0.7, \"log\": false}}"}
{"op_code": 5, "worker_id": "fd2eb734-5435-49c3-b78a-2377bc5553cb-140416267310912", "trial_id": 6, "param_name": "training.epochs", "param_value_internal": 12.0, "distribution": "{\"name\": \"IntDistribution\", \"attributes\": {\"log\": false, \"step\": 1, \"low\": 6, \"high\": 25}}"}
{"op_code": 8, "worker_id": "fd2eb734-5435-49c3-b78a-2377bc5553cb-140416267310912", "trial_id": 6, "user_attr": {"seed": 48}}
{"op_code": 7, "worker_id": "fd2eb734-5435-49c3-b78a-2377bc5553cb-140416267310912", "trial_id": 6, "step": 0, "intermediate_value": 0.6760408878326416}
{"op_code": 7, "worker_id": "fd2eb734-5435-49c3-b78a-2377bc5553cb-140416267310912", "trial_id": 6, "step": 1, "intermediate_value": 0.7376145124435425}
{"op_code": 7, "worker_id": "fd2eb734-5435-49c3-b78a-2377bc5553cb-140416267310912", "trial_id": 6, "step": 2, "intermediate_value": 0.7501136064529419}
{"op_code": 7, "worker_id": "fd2eb734-5435-49c3-b78a-2377bc5553cb-140416267310912", "trial_id": 6, "step": 3, "intermediate_value": 0.7552437782287598}
{"op_code": 7, "worker_id": "fd2eb734-5435-49c3-b78a-2377bc5553cb-140416267310912", "trial_id": 6, "step": 4, "intermediate_value": 0.757666289806366}
{"op_code": 7, "worker_id": "fd2eb734-5435-49c3-b78a-2377bc5553cb-140416267310912", "trial_id": 6, "step": 5, "intermediate_value": 0.7592930793762207}
{"op_code": 6, "worker_id": "fd2eb734-5435-49c3-b78a-2377bc5553cb-140416267310912", "trial_id": 6, "state": 1, "values": [0.0], "datetime_complete": "2025-12-05T01:44:02.831508"}
{"op_code": 4, "worker_id": "fd2eb734-5435-49c3-b78a-2377bc5553cb-140416267310912", "study_id": 0, "datetime_start": "2025-12-05T01:44:02.832983"}
{"op_code": 5, "worker_id": "fd2eb734-5435-49c3-b78a-2377bc5553cb-140416267310912", "trial_id": 7, "param_name": "dataset.max_walk_length", "param_value_internal": 55.0, "distribution": "{\"name\": \"IntDistribution\", \"attributes\": {\"log\": false, \"step\": 1, \"low\": 10, \"high\": 100}}"}
{"op_code": 5, "worker_id": "fd2eb734-5435-49c3-b78a-2377bc5553cb-140416267310912", "trial_id": 7, "param_name": "dataset.num_walks", "param_value_internal": 2623366.0, "distribution": "{\"name\": \"IntDistribution\", \"attributes\": {\"log\": true, \"step\": 1, \"low\": 100000, \"high\": 5000000}}"}
{"op_code": 5, "worker_id": "fd2eb734-5435-49c3-b78a-2377bc5553cb-140416267310912", "trial_id": 7, "param_name": "training.lr", "param_value_internal": 7.638068029197536e-05, "distribution": "{\"name\": \"FloatDistribution\", \"attributes\": {\"step\": null, \"low\": 1e-05, \"high\": 0.1, \"log\": true}}"}
{"op_code": 5, "worker_id": "fd2eb734-5435-49c3-b78a-2377bc5553cb-140416267310912", "trial_id": 7, "param_name": "training.weight_decay", "param_value_internal": 0.026436516102100606, "distribution": "{\"name\": \"FloatDistribution\", \"attributes\": {\"step\": null, \"low\": 1e-08, \"high\": 0.1, \"log\": true}}"}
{"op_code": 5, "worker_id": "fd2eb734-5435-49c3-b78a-2377bc5553cb-140416267310912", "trial_id": 7, "param_name": "training.batch_size", "param_value_internal": 0, "distribution": "{\"name\": \"CategoricalDistribution\", \"attributes\": {\"choices\": [32, 64, 128, 256, 512]}}"}
{"op_code": 5, "worker_id": "fd2eb734-5435-49c3-b78a-2377bc5553cb-140416267310912", "trial_id": 7, "param_name": "training.gradient_clip_val", "param_value_internal": 1.2623755200165552, "distribution": "{\"name\": \"FloatDistribution\", \"attributes\": {\"step\": null, \"low\": 0.1, \"high\": 2.0, \"log\": false}}"}
{"op_code": 5, "worker_id": "fd2eb734-5435-49c3-b78a-2377bc5553cb-140416267310912", "trial_id": 7, "param_name": "training.early_stopping_patience", "param_value_internal": 7.0, "distribution": "{\"name\": \"IntDistribution\", \"attributes\": {\"log\": false, \"step\": 1, \"low\": 5, \"high\": 20}}"}
{"op_code": 5, "worker_id": "fd2eb734-5435-49c3-b78a-2377bc5553cb-140416267310912", "trial_id": 7, "param_name": "model.nhead", "param_value_internal": 4, "distribution": "{\"name\": \"CategoricalDistribution\", \"attributes\": {\"choices\": [1, 2, 4, 8, 16]}}"}
{"op_code": 5, "worker_id": "fd2eb734-5435-49c3-b78a-2377bc5553cb-140416267310912", "trial_id": 7, "param_name": "model.embedding_dim", "param_value_internal": 2, "distribution": "{\"name\": \"CategoricalDistribution\", \"attributes\": {\"choices\": [4, 8, 16, 32, 64, 128]}}"}
{"op_code": 5, "worker_id": "fd2eb734-5435-49c3-b78a-2377bc5553cb-140416267310912", "trial_id": 7, "param_name": "model.hidden_dim", "param_value_internal": 3, "distribution": "{\"name\": \"CategoricalDistribution\", \"attributes\": {\"choices\": [4, 8, 16, 32, 64, 128, 256]}}"}
{"op_code": 5, "worker_id": "fd2eb734-5435-49c3-b78a-2377bc5553cb-140416267310912", "trial_id": 7, "param_name": "model.nlayers", "param_value_internal": 2.0, "distribution": "{\"name\": \"IntDistribution\", \"attributes\": {\"log\": false, \"step\": 1, \"low\": 1, \"high\": 6}}"}
{"op_code": 5, "worker_id": "fd2eb734-5435-49c3-b78a-2377bc5553cb-140416267310912", "trial_id": 7, "param_name": "model.dropout", "param_value_internal": 0.33246573519021666, "distribution": "{\"name\": \"FloatDistribution\", \"attributes\": {\"step\": null, \"low\": 0.0, \"high\": 0.7, \"log\": false}}"}
{"op_code": 5, "worker_id": "fd2eb734-5435-49c3-b78a-2377bc5553cb-140416267310912", "trial_id": 7, "param_name": "training.epochs", "param_value_internal": 18.0, "distribution": "{\"name\": \"IntDistribution\", \"attributes\": {\"log\": false, \"step\": 1, \"low\": 6, \"high\": 25}}"}
{"op_code": 8, "worker_id": "fd2eb734-5435-49c3-b78a-2377bc5553cb-140416267310912", "trial_id": 7, "user_attr": {"seed": 49}}
{"op_code": 7, "worker_id": "fd2eb734-5435-49c3-b78a-2377bc5553cb-140416267310912", "trial_id": 7, "step": 0, "intermediate_value": 0.6906918287277222}
{"op_code": 7, "worker_id": "fd2eb734-5435-49c3-b78a-2377bc5553cb-140416267310912", "trial_id": 7, "step": 1, "intermediate_value": 0.7054985761642456}
{"op_code": 7, "worker_id": "fd2eb734-5435-49c3-b78a-2377bc5553cb-140416267310912", "trial_id": 7, "step": 2, "intermediate_value": 0.7164685726165771}
{"op_code": 7, "worker_id": "fd2eb734-5435-49c3-b78a-2377bc5553cb-140416267310912", "trial_id": 7, "step": 3, "intermediate_value": 0.7396119832992554}
{"op_code": 7, "worker_id": "fd2eb734-5435-49c3-b78a-2377bc5553cb-140416267310912", "trial_id": 7, "step": 4, "intermediate_value": 0.7619962692260742}
{"op_code": 7, "worker_id": "fd2eb734-5435-49c3-b78a-2377bc5553cb-140416267310912", "trial_id": 7, "step": 5, "intermediate_value": 0.7702009677886963}
{"op_code": 6, "worker_id": "fd2eb734-5435-49c3-b78a-2377bc5553cb-140416267310912", "trial_id": 7, "state": 1, "values": [0.0], "datetime_complete": "2025-12-05T21:01:09.598259"}
{"op_code": 4, "worker_id": "fd2eb734-5435-49c3-b78a-2377bc5553cb-140416267310912", "study_id": 0, "datetime_start": "2025-12-05T21:01:09.610687"}
{"op_code": 5, "worker_id": "fd2eb734-5435-49c3-b78a-2377bc5553cb-140416267310912", "trial_id": 8, "param_name": "dataset.max_walk_length", "param_value_internal": 16.0, "distribution": "{\"name\": \"IntDistribution\", \"attributes\": {\"log\": false, \"step\": 1, \"low\": 10, \"high\": 100}}"}
{"op_code": 5, "worker_id": "fd2eb734-5435-49c3-b78a-2377bc5553cb-140416267310912", "trial_id": 8, "param_name": "dataset.num_walks", "param_value_internal": 2995828.0, "distribution": "{\"name\": \"IntDistribution\", \"attributes\": {\"log\": true, \"step\": 1, \"low\": 100000, \"high\": 5000000}}"}
{"op_code": 5, "worker_id": "fd2eb734-5435-49c3-b78a-2377bc5553cb-140416267310912", "trial_id": 8, "param_name": "training.lr", "param_value_internal": 0.0022076458895436764, "distribution": "{\"name\": \"FloatDistribution\", \"attributes\": {\"step\": null, \"low\": 1e-05, \"high\": 0.1, \"log\": true}}"}
{"op_code": 5, "worker_id": "fd2eb734-5435-49c3-b78a-2377bc5553cb-140416267310912", "trial_id": 8, "param_name": "training.weight_decay", "param_value_internal": 6.248371088137104e-07, "distribution": "{\"name\": \"FloatDistribution\", \"attributes\": {\"step\": null, \"low\": 1e-08, \"high\": 0.1, \"log\": true}}"}
{"op_code": 5, "worker_id": "fd2eb734-5435-49c3-b78a-2377bc5553cb-140416267310912", "trial_id": 8, "param_name": "training.batch_size", "param_value_internal": 2, "distribution": "{\"name\": \"CategoricalDistribution\", \"attributes\": {\"choices\": [32, 64, 128, 256, 512]}}"}
{"op_code": 5, "worker_id": "fd2eb734-5435-49c3-b78a-2377bc5553cb-140416267310912", "trial_id": 8, "param_name": "training.gradient_clip_val", "param_value_internal": 1.1384442226853653, "distribution": "{\"name\": \"FloatDistribution\", \"attributes\": {\"step\": null, \"low\": 0.1, \"high\": 2.0, \"log\": false}}"}
{"op_code": 5, "worker_id": "fd2eb734-5435-49c3-b78a-2377bc5553cb-140416267310912", "trial_id": 8, "param_name": "training.early_stopping_patience", "param_value_internal": 10.0, "distribution": "{\"name\": \"IntDistribution\", \"attributes\": {\"log\": false, \"step\": 1, \"low\": 5, \"high\": 20}}"}
{"op_code": 5, "worker_id": "fd2eb734-5435-49c3-b78a-2377bc5553cb-140416267310912", "trial_id": 8, "param_name": "model.nhead", "param_value_internal": 2, "distribution": "{\"name\": \"CategoricalDistribution\", \"attributes\": {\"choices\": [1, 2, 4, 8, 16]}}"}
{"op_code": 5, "worker_id": "fd2eb734-5435-49c3-b78a-2377bc5553cb-140416267310912", "trial_id": 8, "param_name": "model.embedding_dim", "param_value_internal": 4, "distribution": "{\"name\": \"CategoricalDistribution\", \"attributes\": {\"choices\": [4, 8, 16, 32, 64, 128]}}"}
{"op_code": 5, "worker_id": "fd2eb734-5435-49c3-b78a-2377bc5553cb-140416267310912", "trial_id": 8, "param_name": "model.hidden_dim", "param_value_internal": 4, "distribution": "{\"name\": \"CategoricalDistribution\", \"attributes\": {\"choices\": [4, 8, 16, 32, 64, 128, 256]}}"}
{"op_code": 5, "worker_id": "fd2eb734-5435-49c3-b78a-2377bc5553cb-140416267310912", "trial_id": 8, "param_name": "model.nlayers", "param_value_internal": 4.0, "distribution": "{\"name\": \"IntDistribution\", \"attributes\": {\"log\": false, \"step\": 1, \"low\": 1, \"high\": 6}}"}
{"op_code": 5, "worker_id": "fd2eb734-5435-49c3-b78a-2377bc5553cb-140416267310912", "trial_id": 8, "param_name": "model.dropout", "param_value_internal": 0.10264013398474987, "distribution": "{\"name\": \"FloatDistribution\", \"attributes\": {\"step\": null, \"low\": 0.0, \"high\": 0.7, \"log\": false}}"}
{"op_code": 5, "worker_id": "fd2eb734-5435-49c3-b78a-2377bc5553cb-140416267310912", "trial_id": 8, "param_name": "training.epochs", "param_value_internal": 12.0, "distribution": "{\"name\": \"IntDistribution\", \"attributes\": {\"log\": false, \"step\": 1, \"low\": 6, \"high\": 25}}"}
{"op_code": 8, "worker_id": "fd2eb734-5435-49c3-b78a-2377bc5553cb-140416267310912", "trial_id": 8, "user_attr": {"seed": 50}}
{"op_code": 7, "worker_id": "fd2eb734-5435-49c3-b78a-2377bc5553cb-140416267310912", "trial_id": 8, "step": 0, "intermediate_value": 0.5002012252807617}
{"op_code": 7, "worker_id": "fd2eb734-5435-49c3-b78a-2377bc5553cb-140416267310912", "trial_id": 8, "step": 1, "intermediate_value": 0.4620147943496704}
{"op_code": 7, "worker_id": "fd2eb734-5435-49c3-b78a-2377bc5553cb-140416267310912", "trial_id": 8, "step": 2, "intermediate_value": 0.44603070616722107}
{"op_code": 7, "worker_id": "fd2eb734-5435-49c3-b78a-2377bc5553cb-140416267310912", "trial_id": 8, "step": 3, "intermediate_value": 0.6488918662071228}
{"op_code": 7, "worker_id": "fd2eb734-5435-49c3-b78a-2377bc5553cb-140416267310912", "trial_id": 8, "step": 4, "intermediate_value": 0.6681725978851318}
{"op_code": 7, "worker_id": "fd2eb734-5435-49c3-b78a-2377bc5553cb-140416267310912", "trial_id": 8, "step": 5, "intermediate_value": 0.6821291446685791}
{"op_code": 6, "worker_id": "fd2eb734-5435-49c3-b78a-2377bc5553cb-140416267310912", "trial_id": 8, "state": 1, "values": [0.0], "datetime_complete": "2025-12-06T03:01:24.356533"}
{"op_code": 4, "worker_id": "fd2eb734-5435-49c3-b78a-2377bc5553cb-140416267310912", "study_id": 0, "datetime_start": "2025-12-06T03:01:24.358008"}
{"op_code": 5, "worker_id": "fd2eb734-5435-49c3-b78a-2377bc5553cb-140416267310912", "trial_id": 9, "param_name": "dataset.max_walk_length", "param_value_internal": 13.0, "distribution": "{\"name\": \"IntDistribution\", \"attributes\": {\"log\": false, \"step\": 1, \"low\": 10, \"high\": 100}}"}
{"op_code": 5, "worker_id": "fd2eb734-5435-49c3-b78a-2377bc5553cb-140416267310912", "trial_id": 9, "param_name": "dataset.num_walks", "param_value_internal": 624137.0, "distribution": "{\"name\": \"IntDistribution\", \"attributes\": {\"log\": true, \"step\": 1, \"low\": 100000, \"high\": 5000000}}"}
{"op_code": 5, "worker_id": "fd2eb734-5435-49c3-b78a-2377bc5553cb-140416267310912", "trial_id": 9, "param_name": "training.lr", "param_value_internal": 0.000816471025791215, "distribution": "{\"name\": \"FloatDistribution\", \"attributes\": {\"step\": null, \"low\": 1e-05, \"high\": 0.1, \"log\": true}}"}
{"op_code": 5, "worker_id": "fd2eb734-5435-49c3-b78a-2377bc5553cb-140416267310912", "trial_id": 9, "param_name": "training.weight_decay", "param_value_internal": 0.0024317429815571695, "distribution": "{\"name\": \"FloatDistribution\", \"attributes\": {\"step\": null, \"low\": 1e-08, \"high\": 0.1, \"log\": true}}"}
{"op_code": 5, "worker_id": "fd2eb734-5435-49c3-b78a-2377bc5553cb-140416267310912", "trial_id": 9, "param_name": "training.batch_size", "param_value_internal": 0, "distribution": "{\"name\": \"CategoricalDistribution\", \"attributes\": {\"choices\": [32, 64, 128, 256, 512]}}"}
{"op_code": 5, "worker_id": "fd2eb734-5435-49c3-b78a-2377bc5553cb-140416267310912", "trial_id": 9, "param_name": "training.gradient_clip_val", "param_value_internal": 0.5752579778593265, "distribution": "{\"name\": \"FloatDistribution\", \"attributes\": {\"step\": null, \"low\": 0.1, \"high\": 2.0, \"log\": false}}"}
{"op_code": 5, "worker_id": "fd2eb734-5435-49c3-b78a-2377bc5553cb-140416267310912", "trial_id": 9, "param_name": "training.early_stopping_patience", "param_value_internal": 6.0, "distribution": "{\"name\": \"IntDistribution\", \"attributes\": {\"log\": false, \"step\": 1, \"low\": 5, \"high\": 20}}"}
{"op_code": 5, "worker_id": "fd2eb734-5435-49c3-b78a-2377bc5553cb-140416267310912", "trial_id": 9, "param_name": "model.nhead", "param_value_internal": 0, "distribution": "{\"name\": \"CategoricalDistribution\", \"attributes\": {\"choices\": [1, 2, 4, 8, 16]}}"}
{"op_code": 5, "worker_id": "fd2eb734-5435-49c3-b78a-2377bc5553cb-140416267310912", "trial_id": 9, "param_name": "model.embedding_dim", "param_value_internal": 4, "distribution": "{\"name\": \"CategoricalDistribution\", \"attributes\": {\"choices\": [4, 8, 16, 32, 64, 128]}}"}
{"op_code": 5, "worker_id": "fd2eb734-5435-49c3-b78a-2377bc5553cb-140416267310912", "trial_id": 9, "param_name": "model.hidden_dim", "param_value_internal": 2, "distribution": "{\"name\": \"CategoricalDistribution\", \"attributes\": {\"choices\": [4, 8, 16, 32, 64, 128, 256]}}"}
{"op_code": 5, "worker_id": "fd2eb734-5435-49c3-b78a-2377bc5553cb-140416267310912", "trial_id": 9, "param_name": "model.nlayers", "param_value_internal": 1.0, "distribution": "{\"name\": \"IntDistribution\", \"attributes\": {\"log\": false, \"step\": 1, \"low\": 1, \"high\": 6}}"}
{"op_code": 5, "worker_id": "fd2eb734-5435-49c3-b78a-2377bc5553cb-140416267310912", "trial_id": 9, "param_name": "model.dropout", "param_value_internal": 0.25048253694228145, "distribution": "{\"name\": \"FloatDistribution\", \"attributes\": {\"step\": null, \"low\": 0.0, \"high\": 0.7, \"log\": false}}"}
{"op_code": 5, "worker_id": "fd2eb734-5435-49c3-b78a-2377bc5553cb-140416267310912", "trial_id": 9, "param_name": "training.epochs", "param_value_internal": 21.0, "distribution": "{\"name\": \"IntDistribution\", \"attributes\": {\"log\": false, \"step\": 1, \"low\": 6, \"high\": 25}}"}
{"op_code": 8, "worker_id": "fd2eb734-5435-49c3-b78a-2377bc5553cb-140416267310912", "trial_id": 9, "user_attr": {"seed": 51}}
{"op_code": 7, "worker_id": "fd2eb734-5435-49c3-b78a-2377bc5553cb-140416267310912", "trial_id": 9, "step": 0, "intermediate_value": 0.7461259365081787}
{"op_code": 7, "worker_id": "fd2eb734-5435-49c3-b78a-2377bc5553cb-140416267310912", "trial_id": 9, "step": 1, "intermediate_value": 0.7671606540679932}
{"op_code": 7, "worker_id": "fd2eb734-5435-49c3-b78a-2377bc5553cb-140416267310912", "trial_id": 9, "step": 2, "intermediate_value": 0.7630870938301086}
{"op_code": 7, "worker_id": "fd2eb734-5435-49c3-b78a-2377bc5553cb-140416267310912", "trial_id": 9, "step": 3, "intermediate_value": 0.7646107077598572}
{"op_code": 7, "worker_id": "fd2eb734-5435-49c3-b78a-2377bc5553cb-140416267310912", "trial_id": 9, "step": 4, "intermediate_value": 0.7673351764678955}
{"op_code": 7, "worker_id": "fd2eb734-5435-49c3-b78a-2377bc5553cb-140416267310912", "trial_id": 9, "step": 5, "intermediate_value": 0.7641619443893433}
{"op_code": 6, "worker_id": "fd2eb734-5435-49c3-b78a-2377bc5553cb-140416267310912", "trial_id": 9, "state": 1, "values": [0.0], "datetime_complete": "2025-12-06T07:28:01.218595"}
{"op_code": 4, "worker_id": "fd2eb734-5435-49c3-b78a-2377bc5553cb-140416267310912", "study_id": 0, "datetime_start": "2025-12-06T07:28:01.220045"}
{"op_code": 5, "worker_id": "fd2eb734-5435-49c3-b78a-2377bc5553cb-140416267310912", "trial_id": 10, "param_name": "dataset.max_walk_length", "param_value_internal": 97.0, "distribution": "{\"name\": \"IntDistribution\", \"attributes\": {\"log\": false, \"step\": 1, \"low\": 10, \"high\": 100}}"}
{"op_code": 5, "worker_id": "fd2eb734-5435-49c3-b78a-2377bc5553cb-140416267310912", "trial_id": 10, "param_name": "dataset.num_walks", "param_value_internal": 1482449.0, "distribution": "{\"name\": \"IntDistribution\", \"attributes\": {\"log\": true, \"step\": 1, \"low\": 100000, \"high\": 5000000}}"}
{"op_code": 5, "worker_id": "fd2eb734-5435-49c3-b78a-2377bc5553cb-140416267310912", "trial_id": 10, "param_name": "training.lr", "param_value_internal": 1.1324442385787108e-05, "distribution": "{\"name\": \"FloatDistribution\", \"attributes\": {\"step\": null, \"low\": 1e-05, \"high\": 0.1, \"log\": true}}"}
{"op_code": 5, "worker_id": "fd2eb734-5435-49c3-b78a-2377bc5553cb-140416267310912", "trial_id": 10, "param_name": "training.weight_decay", "param_value_internal": 0.00010467084865877654, "distribution": "{\"name\": \"FloatDistribution\", \"attributes\": {\"step\": null, \"low\": 1e-08, \"high\": 0.1, \"log\": true}}"}
{"op_code": 5, "worker_id": "fd2eb734-5435-49c3-b78a-2377bc5553cb-140416267310912", "trial_id": 10, "param_name": "training.batch_size", "param_value_internal": 3, "distribution": "{\"name\": \"CategoricalDistribution\", \"attributes\": {\"choices\": [32, 64, 128, 256, 512]}}"}
{"op_code": 5, "worker_id": "fd2eb734-5435-49c3-b78a-2377bc5553cb-140416267310912", "trial_id": 10, "param_name": "training.gradient_clip_val", "param_value_internal": 1.614474276906018, "distribution": "{\"name\": \"FloatDistribution\", \"attributes\": {\"step\": null, \"low\": 0.1, \"high\": 2.0, \"log\": false}}"}
{"op_code": 5, "worker_id": "fd2eb734-5435-49c3-b78a-2377bc5553cb-140416267310912", "trial_id": 10, "param_name": "training.early_stopping_patience", "param_value_internal": 20.0, "distribution": "{\"name\": \"IntDistribution\", \"attributes\": {\"log\": false, \"step\": 1, \"low\": 5, \"high\": 20}}"}
{"op_code": 5, "worker_id": "fd2eb734-5435-49c3-b78a-2377bc5553cb-140416267310912", "trial_id": 10, "param_name": "model.nhead", "param_value_internal": 1, "distribution": "{\"name\": \"CategoricalDistribution\", \"attributes\": {\"choices\": [1, 2, 4, 8, 16]}}"}
{"op_code": 5, "worker_id": "fd2eb734-5435-49c3-b78a-2377bc5553cb-140416267310912", "trial_id": 10, "param_name": "model.embedding_dim", "param_value_internal": 1, "distribution": "{\"name\": \"CategoricalDistribution\", \"attributes\": {\"choices\": [4, 8, 16, 32, 64, 128]}}"}
{"op_code": 5, "worker_id": "fd2eb734-5435-49c3-b78a-2377bc5553cb-140416267310912", "trial_id": 10, "param_name": "model.hidden_dim", "param_value_internal": 0, "distribution": "{\"name\": \"CategoricalDistribution\", \"attributes\": {\"choices\": [4, 8, 16, 32, 64, 128, 256]}}"}
{"op_code": 5, "worker_id": "fd2eb734-5435-49c3-b78a-2377bc5553cb-140416267310912", "trial_id": 10, "param_name": "model.nlayers", "param_value_internal": 6.0, "distribution": "{\"name\": \"IntDistribution\", \"attributes\": {\"log\": false, \"step\": 1, \"low\": 1, \"high\": 6}}"}
{"op_code": 5, "worker_id": "fd2eb734-5435-49c3-b78a-2377bc5553cb-140416267310912", "trial_id": 10, "param_name": "model.dropout", "param_value_internal": 0.49462686151047763, "distribution": "{\"name\": \"FloatDistribution\", \"attributes\": {\"step\": null, \"low\": 0.0, \"high\": 0.7, \"log\": false}}"}
{"op_code": 5, "worker_id": "fd2eb734-5435-49c3-b78a-2377bc5553cb-140416267310912", "trial_id": 10, "param_name": "training.epochs", "param_value_internal": 6.0, "distribution": "{\"name\": \"IntDistribution\", \"attributes\": {\"log\": false, \"step\": 1, \"low\": 6, \"high\": 25}}"}
{"op_code": 8, "worker_id": "fd2eb734-5435-49c3-b78a-2377bc5553cb-140416267310912", "trial_id": 10, "user_attr": {"seed": 52}}
{"op_code": 7, "worker_id": "fd2eb734-5435-49c3-b78a-2377bc5553cb-140416267310912", "trial_id": 10, "step": 0, "intermediate_value": 0.6572081446647644}
{"op_code": 7, "worker_id": "fd2eb734-5435-49c3-b78a-2377bc5553cb-140416267310912", "trial_id": 10, "step": 1, "intermediate_value": 0.6748416423797607}
{"op_code": 7, "worker_id": "fd2eb734-5435-49c3-b78a-2377bc5553cb-140416267310912", "trial_id": 10, "step": 2, "intermediate_value": 0.6833093166351318}
{"op_code": 7, "worker_id": "fd2eb734-5435-49c3-b78a-2377bc5553cb-140416267310912", "trial_id": 10, "step": 3, "intermediate_value": 0.6877481937408447}
{"op_code": 7, "worker_id": "fd2eb734-5435-49c3-b78a-2377bc5553cb-140416267310912", "trial_id": 10, "step": 4, "intermediate_value": 0.68988037109375}
{"op_code": 7, "worker_id": "fd2eb734-5435-49c3-b78a-2377bc5553cb-140416267310912", "trial_id": 10, "step": 5, "intermediate_value": 0.6904789209365845}
{"op_code": 6, "worker_id": "fd2eb734-5435-49c3-b78a-2377bc5553cb-140416267310912", "trial_id": 10, "state": 1, "values": [0.0], "datetime_complete": "2025-12-06T09:18:47.109086"}
{"op_code": 4, "worker_id": "fd2eb734-5435-49c3-b78a-2377bc5553cb-140416267310912", "study_id": 0, "datetime_start": "2025-12-06T09:18:47.111034"}
{"op_code": 5, "worker_id": "fd2eb734-5435-49c3-b78a-2377bc5553cb-140416267310912", "trial_id": 11, "param_name": "dataset.max_walk_length", "param_value_internal": 36.0, "distribution": "{\"name\": \"IntDistribution\", \"attributes\": {\"log\": false, \"step\": 1, \"low\": 10, \"high\": 100}}"}
{"op_code": 5, "worker_id": "fd2eb734-5435-49c3-b78a-2377bc5553cb-140416267310912", "trial_id": 11, "param_name": "dataset.num_walks", "param_value_internal": 1277425.0, "distribution": "{\"name\": \"IntDistribution\", \"attributes\": {\"log\": true, \"step\": 1, \"low\": 100000, \"high\": 5000000}}"}
{"op_code": 5, "worker_id": "fd2eb734-5435-49c3-b78a-2377bc5553cb-140416267310912", "trial_id": 11, "param_name": "training.lr", "param_value_internal": 9.332109359372329e-05, "distribution": "{\"name\": \"FloatDistribution\", \"attributes\": {\"step\": null, \"low\": 1e-05, \"high\": 0.1, \"log\": true}}"}
{"op_code": 5, "worker_id": "fd2eb734-5435-49c3-b78a-2377bc5553cb-140416267310912", "trial_id": 11, "param_name": "training.weight_decay", "param_value_internal": 0.055652745621174296, "distribution": "{\"name\": \"FloatDistribution\", \"attributes\": {\"step\": null, \"low\": 1e-08, \"high\": 0.1, \"log\": true}}"}
{"op_code": 5, "worker_id": "fd2eb734-5435-49c3-b78a-2377bc5553cb-140416267310912", "trial_id": 11, "param_name": "training.batch_size", "param_value_internal": 2, "distribution": "{\"name\": \"CategoricalDistribution\", \"attributes\": {\"choices\": [32, 64, 128, 256, 512]}}"}
{"op_code": 5, "worker_id": "fd2eb734-5435-49c3-b78a-2377bc5553cb-140416267310912", "trial_id": 11, "param_name": "training.gradient_clip_val", "param_value_internal": 0.9259486097535596, "distribution": "{\"name\": \"FloatDistribution\", \"attributes\": {\"step\": null, \"low\": 0.1, \"high\": 2.0, \"log\": false}}"}
{"op_code": 5, "worker_id": "fd2eb734-5435-49c3-b78a-2377bc5553cb-140416267310912", "trial_id": 11, "param_name": "training.early_stopping_patience", "param_value_internal": 20.0, "distribution": "{\"name\": \"IntDistribution\", \"attributes\": {\"log\": false, \"step\": 1, \"low\": 5, \"high\": 20}}"}
{"op_code": 5, "worker_id": "fd2eb734-5435-49c3-b78a-2377bc5553cb-140416267310912", "trial_id": 11, "param_name": "model.nhead", "param_value_internal": 2, "distribution": "{\"name\": \"CategoricalDistribution\", \"attributes\": {\"choices\": [1, 2, 4, 8, 16]}}"}
{"op_code": 5, "worker_id": "fd2eb734-5435-49c3-b78a-2377bc5553cb-140416267310912", "trial_id": 11, "param_name": "model.embedding_dim", "param_value_internal": 2, "distribution": "{\"name\": \"CategoricalDistribution\", \"attributes\": {\"choices\": [4, 8, 16, 32, 64, 128]}}"}
{"op_code": 5, "worker_id": "fd2eb734-5435-49c3-b78a-2377bc5553cb-140416267310912", "trial_id": 11, "param_name": "model.hidden_dim", "param_value_internal": 1, "distribution": "{\"name\": \"CategoricalDistribution\", \"attributes\": {\"choices\": [4, 8, 16, 32, 64, 128, 256]}}"}
{"op_code": 5, "worker_id": "fd2eb734-5435-49c3-b78a-2377bc5553cb-140416267310912", "trial_id": 11, "param_name": "model.nlayers", "param_value_internal": 3.0, "distribution": "{\"name\": \"IntDistribution\", \"attributes\": {\"log\": false, \"step\": 1, \"low\": 1, \"high\": 6}}"}
{"op_code": 5, "worker_id": "fd2eb734-5435-49c3-b78a-2377bc5553cb-140416267310912", "trial_id": 11, "param_name": "model.dropout", "param_value_internal": 0.030268144066138397, "distribution": "{\"name\": \"FloatDistribution\", \"attributes\": {\"step\": null, \"low\": 0.0, \"high\": 0.7, \"log\": false}}"}
{"op_code": 5, "worker_id": "fd2eb734-5435-49c3-b78a-2377bc5553cb-140416267310912", "trial_id": 11, "param_name": "training.epochs", "param_value_internal": 14.0, "distribution": "{\"name\": \"IntDistribution\", \"attributes\": {\"log\": false, \"step\": 1, \"low\": 6, \"high\": 25}}"}
{"op_code": 8, "worker_id": "fd2eb734-5435-49c3-b78a-2377bc5553cb-140416267310912", "trial_id": 11, "user_attr": {"seed": 53}}
{"op_code": 7, "worker_id": "fd2eb734-5435-49c3-b78a-2377bc5553cb-140416267310912", "trial_id": 11, "step": 0, "intermediate_value": 0.6846139430999756}
{"op_code": 7, "worker_id": "fd2eb734-5435-49c3-b78a-2377bc5553cb-140416267310912", "trial_id": 11, "step": 1, "intermediate_value": 0.69563889503479}
{"op_code": 7, "worker_id": "fd2eb734-5435-49c3-b78a-2377bc5553cb-140416267310912", "trial_id": 11, "step": 2, "intermediate_value": 0.7064244151115417}
{"op_code": 7, "worker_id": "fd2eb734-5435-49c3-b78a-2377bc5553cb-140416267310912", "trial_id": 11, "step": 3, "intermediate_value": 0.7146518230438232}
{"op_code": 7, "worker_id": "fd2eb734-5435-49c3-b78a-2377bc5553cb-140416267310912", "trial_id": 11, "step": 4, "intermediate_value": 0.7212700843811035}
{"op_code": 7, "worker_id": "fd2eb734-5435-49c3-b78a-2377bc5553cb-140416267310912", "trial_id": 11, "step": 5, "intermediate_value": 0.7274653911590576}
{"op_code": 6, "worker_id": "fd2eb734-5435-49c3-b78a-2377bc5553cb-140416267310912", "trial_id": 11, "state": 1, "values": [0.0], "datetime_complete": "2025-12-06T11:52:54.998914"}
{"op_code": 4, "worker_id": "fd2eb734-5435-49c3-b78a-2377bc5553cb-140416267310912", "study_id": 0, "datetime_start": "2025-12-06T11:52:55.000284"}
{"op_code": 5, "worker_id": "fd2eb734-5435-49c3-b78a-2377bc5553cb-140416267310912", "trial_id": 12, "param_name": "dataset.max_walk_length", "param_value_internal": 76.0, "distribution": "{\"name\": \"IntDistribution\", \"attributes\": {\"log\": false, \"step\": 1, \"low\": 10, \"high\": 100}}"}
{"op_code": 5, "worker_id": "fd2eb734-5435-49c3-b78a-2377bc5553cb-140416267310912", "trial_id": 12, "param_name": "dataset.num_walks", "param_value_internal": 4899286.0, "distribution": "{\"name\": \"IntDistribution\", \"attributes\": {\"log\": true, \"step\": 1, \"low\": 100000, \"high\": 5000000}}"}
{"op_code": 5, "worker_id": "fd2eb734-5435-49c3-b78a-2377bc5553cb-140416267310912", "trial_id": 12, "param_name": "training.lr", "param_value_internal": 0.0001237270037262604, "distribution": "{\"name\": \"FloatDistribution\", \"attributes\": {\"step\": null, \"low\": 1e-05, \"high\": 0.1, \"log\": true}}"}
{"op_code": 5, "worker_id": "fd2eb734-5435-49c3-b78a-2377bc5553cb-140416267310912", "trial_id": 12, "param_name": "training.weight_decay", "param_value_internal": 0.00044649483303964814, "distribution": "{\"name\": \"FloatDistribution\", \"attributes\": {\"step\": null, \"low\": 1e-08, \"high\": 0.1, \"log\": true}}"}
{"op_code": 5, "worker_id": "fd2eb734-5435-49c3-b78a-2377bc5553cb-140416267310912", "trial_id": 12, "param_name": "training.batch_size", "param_value_internal": 1, "distribution": "{\"name\": \"CategoricalDistribution\", \"attributes\": {\"choices\": [32, 64, 128, 256, 512]}}"}
{"op_code": 5, "worker_id": "fd2eb734-5435-49c3-b78a-2377bc5553cb-140416267310912", "trial_id": 12, "param_name": "training.gradient_clip_val", "param_value_internal": 0.9500351813165078, "distribution": "{\"name\": \"FloatDistribution\", \"attributes\": {\"step\": null, \"low\": 0.1, \"high\": 2.0, \"log\": false}}"}
{"op_code": 5, "worker_id": "fd2eb734-5435-49c3-b78a-2377bc5553cb-140416267310912", "trial_id": 12, "param_name": "training.early_stopping_patience", "param_value_internal": 17.0, "distribution": "{\"name\": \"IntDistribution\", \"attributes\": {\"log\": false, \"step\": 1, \"low\": 5, \"high\": 20}}"}
{"op_code": 5, "worker_id": "fd2eb734-5435-49c3-b78a-2377bc5553cb-140416267310912", "trial_id": 12, "param_name": "model.nhead", "param_value_internal": 2, "distribution": "{\"name\": \"CategoricalDistribution\", \"attributes\": {\"choices\": [1, 2, 4, 8, 16]}}"}
{"op_code": 5, "worker_id": "fd2eb734-5435-49c3-b78a-2377bc5553cb-140416267310912", "trial_id": 12, "param_name": "model.embedding_dim", "param_value_internal": 5, "distribution": "{\"name\": \"CategoricalDistribution\", \"attributes\": {\"choices\": [4, 8, 16, 32, 64, 128]}}"}
{"op_code": 5, "worker_id": "fd2eb734-5435-49c3-b78a-2377bc5553cb-140416267310912", "trial_id": 12, "param_name": "model.hidden_dim", "param_value_internal": 6, "distribution": "{\"name\": \"CategoricalDistribution\", \"attributes\": {\"choices\": [4, 8, 16, 32, 64, 128, 256]}}"}
{"op_code": 5, "worker_id": "fd2eb734-5435-49c3-b78a-2377bc5553cb-140416267310912", "trial_id": 12, "param_name": "model.nlayers", "param_value_internal": 4.0, "distribution": "{\"name\": \"IntDistribution\", \"attributes\": {\"log\": false, \"step\": 1, \"low\": 1, \"high\": 6}}"}
{"op_code": 5, "worker_id": "fd2eb734-5435-49c3-b78a-2377bc5553cb-140416267310912", "trial_id": 12, "param_name": "model.dropout", "param_value_internal": 0.005552095028163617, "distribution": "{\"name\": \"FloatDistribution\", \"attributes\": {\"step\": null, \"low\": 0.0, \"high\": 0.7, \"log\": false}}"}
{"op_code": 5, "worker_id": "fd2eb734-5435-49c3-b78a-2377bc5553cb-140416267310912", "trial_id": 12, "param_name": "training.epochs", "param_value_internal": 7.0, "distribution": "{\"name\": \"IntDistribution\", \"attributes\": {\"log\": false, \"step\": 1, \"low\": 6, \"high\": 25}}"}
{"op_code": 8, "worker_id": "fd2eb734-5435-49c3-b78a-2377bc5553cb-140416267310912", "trial_id": 12, "user_attr": {"seed": 54}}
{"op_code": 7, "worker_id": "fd2eb734-5435-49c3-b78a-2377bc5553cb-140416267310912", "trial_id": 12, "step": 0, "intermediate_value": 0.8529260158538818}
{"op_code": 7, "worker_id": "fd2eb734-5435-49c3-b78a-2377bc5553cb-140416267310912", "trial_id": 12, "step": 1, "intermediate_value": 0.8483652472496033}
{"op_code": 7, "worker_id": "fd2eb734-5435-49c3-b78a-2377bc5553cb-140416267310912", "trial_id": 12, "step": 2, "intermediate_value": 0.8497552275657654}
{"op_code": 7, "worker_id": "fd2eb734-5435-49c3-b78a-2377bc5553cb-140416267310912", "trial_id": 12, "step": 3, "intermediate_value": 0.8376538753509521}
{"op_code": 7, "worker_id": "fd2eb734-5435-49c3-b78a-2377bc5553cb-140416267310912", "trial_id": 12, "step": 4, "intermediate_value": 0.8507510423660278}
{"op_code": 7, "worker_id": "fd2eb734-5435-49c3-b78a-2377bc5553cb-140416267310912", "trial_id": 12, "step": 5, "intermediate_value": 0.8510240912437439}
{"op_code": 7, "worker_id": "fd2eb734-5435-49c3-b78a-2377bc5553cb-140416267310912", "trial_id": 12, "step": 6, "intermediate_value": 0.8509056568145752}
{"op_code": 7, "worker_id": "fd2eb734-5435-49c3-b78a-2377bc5553cb-140416267310912", "trial_id": 12, "step": 7, "intermediate_value": 0.8529260158538818}
{"op_code": 6, "worker_id": "fd2eb734-5435-49c3-b78a-2377bc5553cb-140416267310912", "trial_id": 12, "state": 1, "values": [0.8529260158538818], "datetime_complete": "2025-12-07T11:31:20.506139"}
{"op_code": 4, "worker_id": "fd2eb734-5435-49c3-b78a-2377bc5553cb-140416267310912", "study_id": 0, "datetime_start": "2025-12-07T11:31:20.507702"}
{"op_code": 5, "worker_id": "fd2eb734-5435-49c3-b78a-2377bc5553cb-140416267310912", "trial_id": 13, "param_name": "dataset.max_walk_length", "param_value_internal": 79.0, "distribution": "{\"name\": \"IntDistribution\", \"attributes\": {\"log\": false, \"step\": 1, \"low\": 10, \"high\": 100}}"}
{"op_code": 5, "worker_id": "fd2eb734-5435-49c3-b78a-2377bc5553cb-140416267310912", "trial_id": 13, "param_name": "dataset.num_walks", "param_value_internal": 4102304.0, "distribution": "{\"name\": \"IntDistribution\", \"attributes\": {\"log\": true, \"step\": 1, \"low\": 100000, \"high\": 5000000}}"}
{"op_code": 5, "worker_id": "fd2eb734-5435-49c3-b78a-2377bc5553cb-140416267310912", "trial_id": 13, "param_name": "training.lr", "param_value_internal": 5.4032205011339265e-05, "distribution": "{\"name\": \"FloatDistribution\", \"attributes\": {\"step\": null, \"low\": 1e-05, \"high\": 0.1, \"log\": true}}"}
{"op_code": 5, "worker_id": "fd2eb734-5435-49c3-b78a-2377bc5553cb-140416267310912", "trial_id": 13, "param_name": "training.weight_decay", "param_value_internal": 0.0005165054796481663, "distribution": "{\"name\": \"FloatDistribution\", \"attributes\": {\"step\": null, \"low\": 1e-08, \"high\": 0.1, \"log\": true}}"}
{"op_code": 5, "worker_id": "fd2eb734-5435-49c3-b78a-2377bc5553cb-140416267310912", "trial_id": 13, "param_name": "training.batch_size", "param_value_internal": 1, "distribution": "{\"name\": \"CategoricalDistribution\", \"attributes\": {\"choices\": [32, 64, 128, 256, 512]}}"}
{"op_code": 5, "worker_id": "fd2eb734-5435-49c3-b78a-2377bc5553cb-140416267310912", "trial_id": 13, "param_name": "training.gradient_clip_val", "param_value_internal": 1.0939983028850773, "distribution": "{\"name\": \"FloatDistribution\", \"attributes\": {\"step\": null, \"low\": 0.1, \"high\": 2.0, \"log\": false}}"}
{"op_code": 5, "worker_id": "fd2eb734-5435-49c3-b78a-2377bc5553cb-140416267310912", "trial_id": 13, "param_name": "training.early_stopping_patience", "param_value_internal": 14.0, "distribution": "{\"name\": \"IntDistribution\", \"attributes\": {\"log\": false, \"step\": 1, \"low\": 5, \"high\": 20}}"}
{"op_code": 5, "worker_id": "fd2eb734-5435-49c3-b78a-2377bc5553cb-140416267310912", "trial_id": 13, "param_name": "model.nhead", "param_value_internal": 3, "distribution": "{\"name\": \"CategoricalDistribution\", \"attributes\": {\"choices\": [1, 2, 4, 8, 16]}}"}
{"op_code": 5, "worker_id": "fd2eb734-5435-49c3-b78a-2377bc5553cb-140416267310912", "trial_id": 13, "param_name": "model.embedding_dim", "param_value_internal": 0, "distribution": "{\"name\": \"CategoricalDistribution\", \"attributes\": {\"choices\": [4, 8, 16, 32, 64, 128]}}"}
{"op_code": 6, "worker_id": "fd2eb734-5435-49c3-b78a-2377bc5553cb-140416267310912", "trial_id": 13, "state": 2, "values": null, "datetime_complete": "2025-12-07T11:31:20.534276"}
{"op_code": 4, "worker_id": "fd2eb734-5435-49c3-b78a-2377bc5553cb-140416267310912", "study_id": 0, "datetime_start": "2025-12-07T11:31:20.534825"}
{"op_code": 5, "worker_id": "fd2eb734-5435-49c3-b78a-2377bc5553cb-140416267310912", "trial_id": 14, "param_name": "dataset.max_walk_length", "param_value_internal": 100.0, "distribution": "{\"name\": \"IntDistribution\", \"attributes\": {\"log\": false, \"step\": 1, \"low\": 10, \"high\": 100}}"}
{"op_code": 5, "worker_id": "fd2eb734-5435-49c3-b78a-2377bc5553cb-140416267310912", "trial_id": 14, "param_name": "dataset.num_walks", "param_value_internal": 4834934.0, "distribution": "{\"name\": \"IntDistribution\", \"attributes\": {\"log\": true, \"step\": 1, \"low\": 100000, \"high\": 5000000}}"}
{"op_code": 5, "worker_id": "fd2eb734-5435-49c3-b78a-2377bc5553cb-140416267310912", "trial_id": 14, "param_name": "training.lr", "param_value_internal": 0.00024816703621530065, "distribution": "{\"name\": \"FloatDistribution\", \"attributes\": {\"step\": null, \"low\": 1e-05, \"high\": 0.1, \"log\": true}}"}
{"op_code": 5, "worker_id": "fd2eb734-5435-49c3-b78a-2377bc5553cb-140416267310912", "trial_id": 14, "param_name": "training.weight_decay", "param_value_internal": 9.204597474363846e-06, "distribution": "{\"name\": \"FloatDistribution\", \"attributes\": {\"step\": null, \"low\": 1e-08, \"high\": 0.1, \"log\": true}}"}
{"op_code": 5, "worker_id": "fd2eb734-5435-49c3-b78a-2377bc5553cb-140416267310912", "trial_id": 14, "param_name": "training.batch_size", "param_value_internal": 1, "distribution": "{\"name\": \"CategoricalDistribution\", \"attributes\": {\"choices\": [32, 64, 128, 256, 512]}}"}
{"op_code": 5, "worker_id": "fd2eb734-5435-49c3-b78a-2377bc5553cb-140416267310912", "trial_id": 14, "param_name": "training.gradient_clip_val", "param_value_internal": 1.465484769354221, "distribution": "{\"name\": \"FloatDistribution\", \"attributes\": {\"step\": null, \"low\": 0.1, \"high\": 2.0, \"log\": false}}"}
{"op_code": 5, "worker_id": "fd2eb734-5435-49c3-b78a-2377bc5553cb-140416267310912", "trial_id": 14, "param_name": "training.early_stopping_patience", "param_value_internal": 18.0, "distribution": "{\"name\": \"IntDistribution\", \"attributes\": {\"log\": false, \"step\": 1, \"low\": 5, \"high\": 20}}"}
{"op_code": 5, "worker_id": "fd2eb734-5435-49c3-b78a-2377bc5553cb-140416267310912", "trial_id": 14, "param_name": "model.nhead", "param_value_internal": 1, "distribution": "{\"name\": \"CategoricalDistribution\", \"attributes\": {\"choices\": [1, 2, 4, 8, 16]}}"}
{"op_code": 5, "worker_id": "fd2eb734-5435-49c3-b78a-2377bc5553cb-140416267310912", "trial_id": 14, "param_name": "model.embedding_dim", "param_value_internal": 1, "distribution": "{\"name\": \"CategoricalDistribution\", \"attributes\": {\"choices\": [4, 8, 16, 32, 64, 128]}}"}
{"op_code": 5, "worker_id": "fd2eb734-5435-49c3-b78a-2377bc5553cb-140416267310912", "trial_id": 14, "param_name": "model.hidden_dim", "param_value_internal": 2, "distribution": "{\"name\": \"CategoricalDistribution\", \"attributes\": {\"choices\": [4, 8, 16, 32, 64, 128, 256]}}"}
{"op_code": 5, "worker_id": "fd2eb734-5435-49c3-b78a-2377bc5553cb-140416267310912", "trial_id": 14, "param_name": "model.nlayers", "param_value_internal": 2.0, "distribution": "{\"name\": \"IntDistribution\", \"attributes\": {\"log\": false, \"step\": 1, \"low\": 1, \"high\": 6}}"}
{"op_code": 5, "worker_id": "fd2eb734-5435-49c3-b78a-2377bc5553cb-140416267310912", "trial_id": 14, "param_name": "model.dropout", "param_value_internal": 0.004973400131614286, "distribution": "{\"name\": \"FloatDistribution\", \"attributes\": {\"step\": null, \"low\": 0.0, \"high\": 0.7, \"log\": false}}"}
{"op_code": 5, "worker_id": "fd2eb734-5435-49c3-b78a-2377bc5553cb-140416267310912", "trial_id": 14, "param_name": "training.epochs", "param_value_internal": 6.0, "distribution": "{\"name\": \"IntDistribution\", \"attributes\": {\"log\": false, \"step\": 1, \"low\": 6, \"high\": 25}}"}
{"op_code": 8, "worker_id": "fd2eb734-5435-49c3-b78a-2377bc5553cb-140416267310912", "trial_id": 14, "user_attr": {"seed": 56}}
{"op_code": 7, "worker_id": "fd2eb734-5435-49c3-b78a-2377bc5553cb-140416267310912", "trial_id": 14, "step": 0, "intermediate_value": 0.6375365853309631}
{"op_code": 7, "worker_id": "fd2eb734-5435-49c3-b78a-2377bc5553cb-140416267310912", "trial_id": 14, "step": 1, "intermediate_value": 0.6598391532897949}
{"op_code": 7, "worker_id": "fd2eb734-5435-49c3-b78a-2377bc5553cb-140416267310912", "trial_id": 14, "step": 2, "intermediate_value": 0.6789236068725586}
{"op_code": 7, "worker_id": "fd2eb734-5435-49c3-b78a-2377bc5553cb-140416267310912", "trial_id": 14, "step": 3, "intermediate_value": 0.6744150519371033}
{"op_code": 7, "worker_id": "fd2eb734-5435-49c3-b78a-2377bc5553cb-140416267310912", "trial_id": 14, "step": 4, "intermediate_value": 0.6785587668418884}
{"op_code": 7, "worker_id": "fd2eb734-5435-49c3-b78a-2377bc5553cb-140416267310912", "trial_id": 14, "step": 5, "intermediate_value": 0.6853827238082886}
{"op_code": 6, "worker_id": "fd2eb734-5435-49c3-b78a-2377bc5553cb-140416267310912", "trial_id": 14, "state": 1, "values": [0.0], "datetime_complete": "2025-12-08T05:46:18.939030"}
{"op_code": 4, "worker_id": "fd2eb734-5435-49c3-b78a-2377bc5553cb-140416267310912", "study_id": 0, "datetime_start": "2025-12-08T05:46:18.958926"}
{"op_code": 5, "worker_id": "fd2eb734-5435-49c3-b78a-2377bc5553cb-140416267310912", "trial_id": 15, "param_name": "dataset.max_walk_length", "param_value_internal": 81.0, "distribution": "{\"name\": \"IntDistribution\", \"attributes\": {\"log\": false, \"step\": 1, \"low\": 10, \"high\": 100}}"}
{"op_code": 5, "worker_id": "fd2eb734-5435-49c3-b78a-2377bc5553cb-140416267310912", "trial_id": 15, "param_name": "dataset.num_walks", "param_value_internal": 2213712.0, "distribution": "{\"name\": \"IntDistribution\", \"attributes\": {\"log\": true, \"step\": 1, \"low\": 100000, \"high\": 5000000}}"}
{"op_code": 5, "worker_id": "fd2eb734-5435-49c3-b78a-2377bc5553cb-140416267310912", "trial_id": 15, "param_name": "training.lr", "param_value_internal": 3.786538622217118e-05, "distribution": "{\"name\": \"FloatDistribution\", \"attributes\": {\"step\": null, \"low\": 1e-05, \"high\": 0.1, \"log\": true}}"}
{"op_code": 5, "worker_id": "fd2eb734-5435-49c3-b78a-2377bc5553cb-140416267310912", "trial_id": 15, "param_name": "training.weight_decay", "param_value_internal": 1.10609084993035e-08, "distribution": "{\"name\": \"FloatDistribution\", \"attributes\": {\"step\": null, \"low\": 1e-08, \"high\": 0.1, \"log\": true}}"}
{"op_code": 5, "worker_id": "fd2eb734-5435-49c3-b78a-2377bc5553cb-140416267310912", "trial_id": 15, "param_name": "training.batch_size", "param_value_internal": 4, "distribution": "{\"name\": \"CategoricalDistribution\", \"attributes\": {\"choices\": [32, 64, 128, 256, 512]}}"}
{"op_code": 5, "worker_id": "fd2eb734-5435-49c3-b78a-2377bc5553cb-140416267310912", "trial_id": 15, "param_name": "training.gradient_clip_val", "param_value_internal": 1.0121213563259217, "distribution": "{\"name\": \"FloatDistribution\", \"attributes\": {\"step\": null, \"low\": 0.1, \"high\": 2.0, \"log\": false}}"}
{"op_code": 5, "worker_id": "fd2eb734-5435-49c3-b78a-2377bc5553cb-140416267310912", "trial_id": 15, "param_name": "training.early_stopping_patience", "param_value_internal": 18.0, "distribution": "{\"name\": \"IntDistribution\", \"attributes\": {\"log\": false, \"step\": 1, \"low\": 5, \"high\": 20}}"}
{"op_code": 5, "worker_id": "fd2eb734-5435-49c3-b78a-2377bc5553cb-140416267310912", "trial_id": 15, "param_name": "model.nhead", "param_value_internal": 2, "distribution": "{\"name\": \"CategoricalDistribution\", \"attributes\": {\"choices\": [1, 2, 4, 8, 16]}}"}
{"op_code": 5, "worker_id": "fd2eb734-5435-49c3-b78a-2377bc5553cb-140416267310912", "trial_id": 15, "param_name": "model.embedding_dim", "param_value_internal": 3, "distribution": "{\"name\": \"CategoricalDistribution\", \"attributes\": {\"choices\": [4, 8, 16, 32, 64, 128]}}"}
{"op_code": 5, "worker_id": "fd2eb734-5435-49c3-b78a-2377bc5553cb-140416267310912", "trial_id": 15, "param_name": "model.hidden_dim", "param_value_internal": 4, "distribution": "{\"name\": \"CategoricalDistribution\", \"attributes\": {\"choices\": [4, 8, 16, 32, 64, 128, 256]}}"}
{"op_code": 5, "worker_id": "fd2eb734-5435-49c3-b78a-2377bc5553cb-140416267310912", "trial_id": 15, "param_name": "model.nlayers", "param_value_internal": 4.0, "distribution": "{\"name\": \"IntDistribution\", \"attributes\": {\"log\": false, \"step\": 1, \"low\": 1, \"high\": 6}}"}
{"op_code": 5, "worker_id": "fd2eb734-5435-49c3-b78a-2377bc5553cb-140416267310912", "trial_id": 15, "param_name": "model.dropout", "param_value_internal": 0.43967275787046534, "distribution": "{\"name\": \"FloatDistribution\", \"attributes\": {\"step\": null, \"low\": 0.0, \"high\": 0.7, \"log\": false}}"}
{"op_code": 5, "worker_id": "fd2eb734-5435-49c3-b78a-2377bc5553cb-140416267310912", "trial_id": 15, "param_name": "training.epochs", "param_value_internal": 9.0, "distribution": "{\"name\": \"IntDistribution\", \"attributes\": {\"log\": false, \"step\": 1, \"low\": 6, \"high\": 25}}"}
{"op_code": 8, "worker_id": "fd2eb734-5435-49c3-b78a-2377bc5553cb-140416267310912", "trial_id": 15, "user_attr": {"seed": 57}}
{"op_code": 7, "worker_id": "fd2eb734-5435-49c3-b78a-2377bc5553cb-140416267310912", "trial_id": 15, "step": 0, "intermediate_value": 0.7452821731567383}
{"op_code": 7, "worker_id": "fd2eb734-5435-49c3-b78a-2377bc5553cb-140416267310912", "trial_id": 15, "step": 1, "intermediate_value": 0.7474642992019653}
{"op_code": 7, "worker_id": "fd2eb734-5435-49c3-b78a-2377bc5553cb-140416267310912", "trial_id": 15, "step": 2, "intermediate_value": 0.752377986907959}
{"op_code": 7, "worker_id": "fd2eb734-5435-49c3-b78a-2377bc5553cb-140416267310912", "trial_id": 15, "step": 3, "intermediate_value": 0.7542710304260254}
{"op_code": 7, "worker_id": "fd2eb734-5435-49c3-b78a-2377bc5553cb-140416267310912", "trial_id": 15, "step": 4, "intermediate_value": 0.7557731866836548}
{"op_code": 7, "worker_id": "fd2eb734-5435-49c3-b78a-2377bc5553cb-140416267310912", "trial_id": 15, "step": 5, "intermediate_value": 0.7571030855178833}
{"op_code": 6, "worker_id": "fd2eb734-5435-49c3-b78a-2377bc5553cb-140416267310912", "trial_id": 15, "state": 1, "values": [0.0], "datetime_complete": "2025-12-08T07:30:14.829188"}
{"op_code": 4, "worker_id": "fd2eb734-5435-49c3-b78a-2377bc5553cb-140416267310912", "study_id": 0, "datetime_start": "2025-12-08T07:30:14.856622"}
{"op_code": 5, "worker_id": "fd2eb734-5435-49c3-b78a-2377bc5553cb-140416267310912", "trial_id": 16, "param_name": "dataset.max_walk_length", "param_value_internal": 72.0, "distribution": "{\"name\": \"IntDistribution\", \"attributes\": {\"log\": false, \"step\": 1, \"low\": 10, \"high\": 100}}"}
{"op_code": 5, "worker_id": "fd2eb734-5435-49c3-b78a-2377bc5553cb-140416267310912", "trial_id": 16, "param_name": "dataset.num_walks", "param_value_internal": 4858386.0, "distribution": "{\"name\": \"IntDistribution\", \"attributes\": {\"log\": true, \"step\": 1, \"low\": 100000, \"high\": 5000000}}"}
{"op_code": 5, "worker_id": "fd2eb734-5435-49c3-b78a-2377bc5553cb-140416267310912", "trial_id": 16, "param_name": "training.lr", "param_value_internal": 0.05049286998465639, "distribution": "{\"name\": \"FloatDistribution\", \"attributes\": {\"step\": null, \"low\": 1e-05, \"high\": 0.1, \"log\": true}}"}
{"op_code": 5, "worker_id": "fd2eb734-5435-49c3-b78a-2377bc5553cb-140416267310912", "trial_id": 16, "param_name": "training.weight_decay", "param_value_internal": 0.0931847181055552, "distribution": "{\"name\": \"FloatDistribution\", \"attributes\": {\"step\": null, \"low\": 1e-08, \"high\": 0.1, \"log\": true}}"}
{"op_code": 5, "worker_id": "fd2eb734-5435-49c3-b78a-2377bc5553cb-140416267310912", "trial_id": 16, "param_name": "training.batch_size", "param_value_internal": 3, "distribution": "{\"name\": \"CategoricalDistribution\", \"attributes\": {\"choices\": [32, 64, 128, 256, 512]}}"}
{"op_code": 5, "worker_id": "fd2eb734-5435-49c3-b78a-2377bc5553cb-140416267310912", "trial_id": 16, "param_name": "training.gradient_clip_val", "param_value_internal": 1.5705774783815951, "distribution": "{\"name\": \"FloatDistribution\", \"attributes\": {\"step\": null, \"low\": 0.1, \"high\": 2.0, \"log\": false}}"}
{"op_code": 5, "worker_id": "fd2eb734-5435-49c3-b78a-2377bc5553cb-140416267310912", "trial_id": 16, "param_name": "training.early_stopping_patience", "param_value_internal": 13.0, "distribution": "{\"name\": \"IntDistribution\", \"attributes\": {\"log\": false, \"step\": 1, \"low\": 5, \"high\": 20}}"}
{"op_code": 5, "worker_id": "fd2eb734-5435-49c3-b78a-2377bc5553cb-140416267310912", "trial_id": 16, "param_name": "model.nhead", "param_value_internal": 3, "distribution": "{\"name\": \"CategoricalDistribution\", \"attributes\": {\"choices\": [1, 2, 4, 8, 16]}}"}
{"op_code": 5, "worker_id": "fd2eb734-5435-49c3-b78a-2377bc5553cb-140416267310912", "trial_id": 16, "param_name": "model.embedding_dim", "param_value_internal": 5, "distribution": "{\"name\": \"CategoricalDistribution\", \"attributes\": {\"choices\": [4, 8, 16, 32, 64, 128]}}"}
{"op_code": 5, "worker_id": "fd2eb734-5435-49c3-b78a-2377bc5553cb-140416267310912", "trial_id": 16, "param_name": "model.hidden_dim", "param_value_internal": 0, "distribution": "{\"name\": \"CategoricalDistribution\", \"attributes\": {\"choices\": [4, 8, 16, 32, 64, 128, 256]}}"}
{"op_code": 5, "worker_id": "fd2eb734-5435-49c3-b78a-2377bc5553cb-140416267310912", "trial_id": 16, "param_name": "model.nlayers", "param_value_internal": 3.0, "distribution": "{\"name\": \"IntDistribution\", \"attributes\": {\"log\": false, \"step\": 1, \"low\": 1, \"high\": 6}}"}
{"op_code": 5, "worker_id": "fd2eb734-5435-49c3-b78a-2377bc5553cb-140416267310912", "trial_id": 16, "param_name": "model.dropout", "param_value_internal": 0.4779510788990944, "distribution": "{\"name\": \"FloatDistribution\", \"attributes\": {\"step\": null, \"low\": 0.0, \"high\": 0.7, \"log\": false}}"}
{"op_code": 5, "worker_id": "fd2eb734-5435-49c3-b78a-2377bc5553cb-140416267310912", "trial_id": 16, "param_name": "training.epochs", "param_value_internal": 9.0, "distribution": "{\"name\": \"IntDistribution\", \"attributes\": {\"log\": false, \"step\": 1, \"low\": 6, \"high\": 25}}"}
{"op_code": 8, "worker_id": "fd2eb734-5435-49c3-b78a-2377bc5553cb-140416267310912", "trial_id": 16, "user_attr": {"seed": 58}}
{"op_code": 7, "worker_id": "fd2eb734-5435-49c3-b78a-2377bc5553cb-140416267310912", "trial_id": 16, "step": 0, "intermediate_value": 0.5410429835319519}
{"op_code": 7, "worker_id": "fd2eb734-5435-49c3-b78a-2377bc5553cb-140416267310912", "trial_id": 16, "step": 1, "intermediate_value": 0.4268862009048462}
{"op_code": 7, "worker_id": "fd2eb734-5435-49c3-b78a-2377bc5553cb-140416267310912", "trial_id": 16, "step": 2, "intermediate_value": 0.5778508186340332}
{"op_code": 7, "worker_id": "fd2eb734-5435-49c3-b78a-2377bc5553cb-140416267310912", "trial_id": 16, "step": 3, "intermediate_value": 0.46219402551651}
{"op_code": 7, "worker_id": "fd2eb734-5435-49c3-b78a-2377bc5553cb-140416267310912", "trial_id": 16, "step": 4, "intermediate_value": 0.6076558828353882}
{"op_code": 7, "worker_id": "fd2eb734-5435-49c3-b78a-2377bc5553cb-140416267310912", "trial_id": 16, "step": 5, "intermediate_value": 0.40427571535110474}
{"op_code": 6, "worker_id": "fd2eb734-5435-49c3-b78a-2377bc5553cb-140416267310912", "trial_id": 16, "state": 1, "values": [0.0], "datetime_complete": "2025-12-08T13:49:22.835559"}
{"op_code": 4, "worker_id": "fd2eb734-5435-49c3-b78a-2377bc5553cb-140416267310912", "study_id": 0, "datetime_start": "2025-12-08T13:49:22.837200"}
{"op_code": 5, "worker_id": "fd2eb734-5435-49c3-b78a-2377bc5553cb-140416267310912", "trial_id": 17, "param_name": "dataset.max_walk_length", "param_value_internal": 91.0, "distribution": "{\"name\": \"IntDistribution\", \"attributes\": {\"log\": false, \"step\": 1, \"low\": 10, \"high\": 100}}"}
{"op_code": 5, "worker_id": "fd2eb734-5435-49c3-b78a-2377bc5553cb-140416267310912", "trial_id": 17, "param_name": "dataset.num_walks", "param_value_internal": 2396382.0, "distribution": "{\"name\": \"IntDistribution\", \"attributes\": {\"log\": true, \"step\": 1, \"low\": 100000, \"high\": 5000000}}"}
{"op_code": 5, "worker_id": "fd2eb734-5435-49c3-b78a-2377bc5553cb-140416267310912", "trial_id": 17, "param_name": "training.lr", "param_value_internal": 0.00013031423634994932, "distribution": "{\"name\": \"FloatDistribution\", \"attributes\": {\"step\": null, \"low\": 1e-05, \"high\": 0.1, \"log\": true}}"}
{"op_code": 5, "worker_id": "fd2eb734-5435-49c3-b78a-2377bc5553cb-140416267310912", "trial_id": 17, "param_name": "training.weight_decay", "param_value_internal": 0.000576002146389893, "distribution": "{\"name\": \"FloatDistribution\", \"attributes\": {\"step\": null, \"low\": 1e-08, \"high\": 0.1, \"log\": true}}"}
{"op_code": 5, "worker_id": "fd2eb734-5435-49c3-b78a-2377bc5553cb-140416267310912", "trial_id": 17, "param_name": "training.batch_size", "param_value_internal": 1, "distribution": "{\"name\": \"CategoricalDistribution\", \"attributes\": {\"choices\": [32, 64, 128, 256, 512]}}"}
{"op_code": 5, "worker_id": "fd2eb734-5435-49c3-b78a-2377bc5553cb-140416267310912", "trial_id": 17, "param_name": "training.gradient_clip_val", "param_value_internal": 1.2548029042540985, "distribution": "{\"name\": \"FloatDistribution\", \"attributes\": {\"step\": null, \"low\": 0.1, \"high\": 2.0, \"log\": false}}"}
{"op_code": 5, "worker_id": "fd2eb734-5435-49c3-b78a-2377bc5553cb-140416267310912", "trial_id": 17, "param_name": "training.early_stopping_patience", "param_value_internal": 19.0, "distribution": "{\"name\": \"IntDistribution\", \"attributes\": {\"log\": false, \"step\": 1, \"low\": 5, \"high\": 20}}"}
{"op_code": 5, "worker_id": "fd2eb734-5435-49c3-b78a-2377bc5553cb-140416267310912", "trial_id": 17, "param_name": "model.nhead", "param_value_internal": 2, "distribution": "{\"name\": \"CategoricalDistribution\", \"attributes\": {\"choices\": [1, 2, 4, 8, 16]}}"}
{"op_code": 5, "worker_id": "fd2eb734-5435-49c3-b78a-2377bc5553cb-140416267310912", "trial_id": 17, "param_name": "model.embedding_dim", "param_value_internal": 2, "distribution": "{\"name\": \"CategoricalDistribution\", \"attributes\": {\"choices\": [4, 8, 16, 32, 64, 128]}}"}
{"op_code": 5, "worker_id": "fd2eb734-5435-49c3-b78a-2377bc5553cb-140416267310912", "trial_id": 17, "param_name": "model.hidden_dim", "param_value_internal": 1, "distribution": "{\"name\": \"CategoricalDistribution\", \"attributes\": {\"choices\": [4, 8, 16, 32, 64, 128, 256]}}"}
{"op_code": 5, "worker_id": "fd2eb734-5435-49c3-b78a-2377bc5553cb-140416267310912", "trial_id": 17, "param_name": "model.nlayers", "param_value_internal": 5.0, "distribution": "{\"name\": \"IntDistribution\", \"attributes\": {\"log\": false, \"step\": 1, \"low\": 1, \"high\": 6}}"}
{"op_code": 5, "worker_id": "fd2eb734-5435-49c3-b78a-2377bc5553cb-140416267310912", "trial_id": 17, "param_name": "model.dropout", "param_value_internal": 0.3156769084018571, "distribution": "{\"name\": \"FloatDistribution\", \"attributes\": {\"step\": null, \"low\": 0.0, \"high\": 0.7, \"log\": false}}"}
{"op_code": 5, "worker_id": "fd2eb734-5435-49c3-b78a-2377bc5553cb-140416267310912", "trial_id": 17, "param_name": "training.epochs", "param_value_internal": 9.0, "distribution": "{\"name\": \"IntDistribution\", \"attributes\": {\"log\": false, \"step\": 1, \"low\": 6, \"high\": 25}}"}
{"op_code": 8, "worker_id": "fd2eb734-5435-49c3-b78a-2377bc5553cb-140416267310912", "trial_id": 17, "user_attr": {"seed": 59}}
{"op_code": 7, "worker_id": "fd2eb734-5435-49c3-b78a-2377bc5553cb-140416267310912", "trial_id": 17, "step": 0, "intermediate_value": 0.712512731552124}
{"op_code": 7, "worker_id": "fd2eb734-5435-49c3-b78a-2377bc5553cb-140416267310912", "trial_id": 17, "step": 1, "intermediate_value": 0.7173629999160767}
{"op_code": 7, "worker_id": "fd2eb734-5435-49c3-b78a-2377bc5553cb-140416267310912", "trial_id": 17, "step": 2, "intermediate_value": 0.7220209836959839}
{"op_code": 7, "worker_id": "fd2eb734-5435-49c3-b78a-2377bc5553cb-140416267310912", "trial_id": 17, "step": 3, "intermediate_value": 0.724074125289917}
{"op_code": 7, "worker_id": "fd2eb734-5435-49c3-b78a-2377bc5553cb-140416267310912", "trial_id": 17, "step": 4, "intermediate_value": 0.729728102684021}
{"op_code": 7, "worker_id": "fd2eb734-5435-49c3-b78a-2377bc5553cb-140416267310912", "trial_id": 17, "step": 5, "intermediate_value": 0.7297759056091309}
{"op_code": 6, "worker_id": "fd2eb734-5435-49c3-b78a-2377bc5553cb-140416267310912", "trial_id": 17, "state": 1, "values": [0.0], "datetime_complete": "2025-12-09T01:54:04.101407"}
{"op_code": 4, "worker_id": "fd2eb734-5435-49c3-b78a-2377bc5553cb-140416267310912", "study_id": 0, "datetime_start": "2025-12-09T01:54:04.102921"}
{"op_code": 5, "worker_id": "fd2eb734-5435-49c3-b78a-2377bc5553cb-140416267310912", "trial_id": 18, "param_name": "dataset.max_walk_length", "param_value_internal": 51.0, "distribution": "{\"name\": \"IntDistribution\", \"attributes\": {\"log\": false, \"step\": 1, \"low\": 10, \"high\": 100}}"}
{"op_code": 5, "worker_id": "fd2eb734-5435-49c3-b78a-2377bc5553cb-140416267310912", "trial_id": 18, "param_name": "dataset.num_walks", "param_value_internal": 2970068.0, "distribution": "{\"name\": \"IntDistribution\", \"attributes\": {\"log\": true, \"step\": 1, \"low\": 100000, \"high\": 5000000}}"}
{"op_code": 5, "worker_id": "fd2eb734-5435-49c3-b78a-2377bc5553cb-140416267310912", "trial_id": 18, "param_name": "training.lr", "param_value_internal": 2.851448084935662e-05, "distribution": "{\"name\": \"FloatDistribution\", \"attributes\": {\"step\": null, \"low\": 1e-05, \"high\": 0.1, \"log\": true}}"}
{"op_code": 5, "worker_id": "fd2eb734-5435-49c3-b78a-2377bc5553cb-140416267310912", "trial_id": 18, "param_name": "training.weight_decay", "param_value_internal": 0.00957064331664469, "distribution": "{\"name\": \"FloatDistribution\", \"attributes\": {\"step\": null, \"low\": 1e-08, \"high\": 0.1, \"log\": true}}"}
{"op_code": 5, "worker_id": "fd2eb734-5435-49c3-b78a-2377bc5553cb-140416267310912", "trial_id": 18, "param_name": "training.batch_size", "param_value_internal": 3, "distribution": "{\"name\": \"CategoricalDistribution\", \"attributes\": {\"choices\": [32, 64, 128, 256, 512]}}"}
{"op_code": 5, "worker_id": "fd2eb734-5435-49c3-b78a-2377bc5553cb-140416267310912", "trial_id": 18, "param_name": "training.gradient_clip_val", "param_value_internal": 1.0336448499851971, "distribution": "{\"name\": \"FloatDistribution\", \"attributes\": {\"step\": null, \"low\": 0.1, \"high\": 2.0, \"log\": false}}"}
{"op_code": 5, "worker_id": "fd2eb734-5435-49c3-b78a-2377bc5553cb-140416267310912", "trial_id": 18, "param_name": "training.early_stopping_patience", "param_value_internal": 16.0, "distribution": "{\"name\": \"IntDistribution\", \"attributes\": {\"log\": false, \"step\": 1, \"low\": 5, \"high\": 20}}"}
{"op_code": 5, "worker_id": "fd2eb734-5435-49c3-b78a-2377bc5553cb-140416267310912", "trial_id": 18, "param_name": "model.nhead", "param_value_internal": 3, "distribution": "{\"name\": \"CategoricalDistribution\", \"attributes\": {\"choices\": [1, 2, 4, 8, 16]}}"}
{"op_code": 5, "worker_id": "fd2eb734-5435-49c3-b78a-2377bc5553cb-140416267310912", "trial_id": 18, "param_name": "model.embedding_dim", "param_value_internal": 2, "distribution": "{\"name\": \"CategoricalDistribution\", \"attributes\": {\"choices\": [4, 8, 16, 32, 64, 128]}}"}
{"op_code": 5, "worker_id": "fd2eb734-5435-49c3-b78a-2377bc5553cb-140416267310912", "trial_id": 18, "param_name": "model.hidden_dim", "param_value_internal": 3, "distribution": "{\"name\": \"CategoricalDistribution\", \"attributes\": {\"choices\": [4, 8, 16, 32, 64, 128, 256]}}"}
{"op_code": 5, "worker_id": "fd2eb734-5435-49c3-b78a-2377bc5553cb-140416267310912", "trial_id": 18, "param_name": "model.nlayers", "param_value_internal": 2.0, "distribution": "{\"name\": \"IntDistribution\", \"attributes\": {\"log\": false, \"step\": 1, \"low\": 1, \"high\": 6}}"}
{"op_code": 5, "worker_id": "fd2eb734-5435-49c3-b78a-2377bc5553cb-140416267310912", "trial_id": 18, "param_name": "model.dropout", "param_value_internal": 0.18620091456827592, "distribution": "{\"name\": \"FloatDistribution\", \"attributes\": {\"step\": null, \"low\": 0.0, \"high\": 0.7, \"log\": false}}"}
{"op_code": 5, "worker_id": "fd2eb734-5435-49c3-b78a-2377bc5553cb-140416267310912", "trial_id": 18, "param_name": "training.epochs", "param_value_internal": 16.0, "distribution": "{\"name\": \"IntDistribution\", \"attributes\": {\"log\": false, \"step\": 1, \"low\": 6, \"high\": 25}}"}
{"op_code": 8, "worker_id": "fd2eb734-5435-49c3-b78a-2377bc5553cb-140416267310912", "trial_id": 18, "user_attr": {"seed": 60}}
{"op_code": 7, "worker_id": "fd2eb734-5435-49c3-b78a-2377bc5553cb-140416267310912", "trial_id": 18, "step": 0, "intermediate_value": 0.7098809480667114}
{"op_code": 7, "worker_id": "fd2eb734-5435-49c3-b78a-2377bc5553cb-140416267310912", "trial_id": 18, "step": 1, "intermediate_value": 0.7205411195755005}
{"op_code": 7, "worker_id": "fd2eb734-5435-49c3-b78a-2377bc5553cb-140416267310912", "trial_id": 18, "step": 2, "intermediate_value": 0.7264046669006348}
{"op_code": 7, "worker_id": "fd2eb734-5435-49c3-b78a-2377bc5553cb-140416267310912", "trial_id": 18, "step": 3, "intermediate_value": 0.7322515249252319}
{"op_code": 7, "worker_id": "fd2eb734-5435-49c3-b78a-2377bc5553cb-140416267310912", "trial_id": 18, "step": 4, "intermediate_value": 0.7377692461013794}
{"op_code": 7, "worker_id": "fd2eb734-5435-49c3-b78a-2377bc5553cb-140416267310912", "trial_id": 18, "step": 5, "intermediate_value": 0.7421932220458984}
{"op_code": 6, "worker_id": "fd2eb734-5435-49c3-b78a-2377bc5553cb-140416267310912", "trial_id": 18, "state": 1, "values": [0.0], "datetime_complete": "2025-12-09T06:22:52.755169"}
{"op_code": 4, "worker_id": "fd2eb734-5435-49c3-b78a-2377bc5553cb-140416267310912", "study_id": 0, "datetime_start": "2025-12-09T06:22:52.756666"}
{"op_code": 5, "worker_id": "fd2eb734-5435-49c3-b78a-2377bc5553cb-140416267310912", "trial_id": 19, "param_name": "dataset.max_walk_length", "param_value_internal": 71.0, "distribution": "{\"name\": \"IntDistribution\", \"attributes\": {\"log\": false, \"step\": 1, \"low\": 10, \"high\": 100}}"}
{"op_code": 5, "worker_id": "fd2eb734-5435-49c3-b78a-2377bc5553cb-140416267310912", "trial_id": 19, "param_name": "dataset.num_walks", "param_value_internal": 4992520.0, "distribution": "{\"name\": \"IntDistribution\", \"attributes\": {\"log\": true, \"step\": 1, \"low\": 100000, \"high\": 5000000}}"}
{"op_code": 5, "worker_id": "fd2eb734-5435-49c3-b78a-2377bc5553cb-140416267310912", "trial_id": 19, "param_name": "training.lr", "param_value_internal": 0.00044266691458305245, "distribution": "{\"name\": \"FloatDistribution\", \"attributes\": {\"step\": null, \"low\": 1e-05, \"high\": 0.1, \"log\": true}}"}
{"op_code": 5, "worker_id": "fd2eb734-5435-49c3-b78a-2377bc5553cb-140416267310912", "trial_id": 19, "param_name": "training.weight_decay", "param_value_internal": 0.0007890942111260472, "distribution": "{\"name\": \"FloatDistribution\", \"attributes\": {\"step\": null, \"low\": 1e-08, \"high\": 0.1, \"log\": true}}"}
{"op_code": 5, "worker_id": "fd2eb734-5435-49c3-b78a-2377bc5553cb-140416267310912", "trial_id": 19, "param_name": "training.batch_size", "param_value_internal": 1, "distribution": "{\"name\": \"CategoricalDistribution\", \"attributes\": {\"choices\": [32, 64, 128, 256, 512]}}"}
{"op_code": 5, "worker_id": "fd2eb734-5435-49c3-b78a-2377bc5553cb-140416267310912", "trial_id": 19, "param_name": "training.gradient_clip_val", "param_value_internal": 0.6495090200267719, "distribution": "{\"name\": \"FloatDistribution\", \"attributes\": {\"step\": null, \"low\": 0.1, \"high\": 2.0, \"log\": false}}"}
{"op_code": 5, "worker_id": "fd2eb734-5435-49c3-b78a-2377bc5553cb-140416267310912", "trial_id": 19, "param_name": "training.early_stopping_patience", "param_value_internal": 13.0, "distribution": "{\"name\": \"IntDistribution\", \"attributes\": {\"log\": false, \"step\": 1, \"low\": 5, \"high\": 20}}"}
{"op_code": 5, "worker_id": "fd2eb734-5435-49c3-b78a-2377bc5553cb-140416267310912", "trial_id": 19, "param_name": "model.nhead", "param_value_internal": 0, "distribution": "{\"name\": \"CategoricalDistribution\", \"attributes\": {\"choices\": [1, 2, 4, 8, 16]}}"}
{"op_code": 5, "worker_id": "fd2eb734-5435-49c3-b78a-2377bc5553cb-140416267310912", "trial_id": 19, "param_name": "model.embedding_dim", "param_value_internal": 5, "distribution": "{\"name\": \"CategoricalDistribution\", \"attributes\": {\"choices\": [4, 8, 16, 32, 64, 128]}}"}
{"op_code": 5, "worker_id": "fd2eb734-5435-49c3-b78a-2377bc5553cb-140416267310912", "trial_id": 19, "param_name": "model.hidden_dim", "param_value_internal": 5, "distribution": "{\"name\": \"CategoricalDistribution\", \"attributes\": {\"choices\": [4, 8, 16, 32, 64, 128, 256]}}"}
{"op_code": 5, "worker_id": "fd2eb734-5435-49c3-b78a-2377bc5553cb-140416267310912", "trial_id": 19, "param_name": "model.nlayers", "param_value_internal": 6.0, "distribution": "{\"name\": \"IntDistribution\", \"attributes\": {\"log\": false, \"step\": 1, \"low\": 1, \"high\": 6}}"}
{"op_code": 5, "worker_id": "fd2eb734-5435-49c3-b78a-2377bc5553cb-140416267310912", "trial_id": 19, "param_name": "model.dropout", "param_value_internal": 0.55545313902057, "distribution": "{\"name\": \"FloatDistribution\", \"attributes\": {\"step\": null, \"low\": 0.0, \"high\": 0.7, \"log\": false}}"}
{"op_code": 5, "worker_id": "fd2eb734-5435-49c3-b78a-2377bc5553cb-140416267310912", "trial_id": 19, "param_name": "training.epochs", "param_value_internal": 11.0, "distribution": "{\"name\": \"IntDistribution\", \"attributes\": {\"log\": false, \"step\": 1, \"low\": 6, \"high\": 25}}"}
{"op_code": 8, "worker_id": "fd2eb734-5435-49c3-b78a-2377bc5553cb-140416267310912", "trial_id": 19, "user_attr": {"seed": 61}}
{"op_code": 7, "worker_id": "fd2eb734-5435-49c3-b78a-2377bc5553cb-140416267310912", "trial_id": 19, "step": 0, "intermediate_value": 0.4847457706928253}
{"op_code": 7, "worker_id": "fd2eb734-5435-49c3-b78a-2377bc5553cb-140416267310912", "trial_id": 19, "step": 1, "intermediate_value": 0.5209813117980957}
{"op_code": 7, "worker_id": "fd2eb734-5435-49c3-b78a-2377bc5553cb-140416267310912", "trial_id": 19, "step": 2, "intermediate_value": 0.5101069808006287}
{"op_code": 7, "worker_id": "fd2eb734-5435-49c3-b78a-2377bc5553cb-140416267310912", "trial_id": 19, "step": 3, "intermediate_value": 0.4477000832557678}
{"op_code": 7, "worker_id": "fd2eb734-5435-49c3-b78a-2377bc5553cb-140416267310912", "trial_id": 19, "step": 4, "intermediate_value": 0.4744596481323242}
{"op_code": 7, "worker_id": "fd2eb734-5435-49c3-b78a-2377bc5553cb-140416267310912", "trial_id": 19, "step": 5, "intermediate_value": 0.5540610551834106}
{"op_code": 6, "worker_id": "fd2eb734-5435-49c3-b78a-2377bc5553cb-140416267310912", "trial_id": 19, "state": 1, "values": [0.0], "datetime_complete": "2025-12-09T20:40:11.483105"}
{"op_code": 4, "worker_id": "fd2eb734-5435-49c3-b78a-2377bc5553cb-140416267310912", "study_id": 0, "datetime_start": "2025-12-09T20:40:11.497112"}
{"op_code": 5, "worker_id": "fd2eb734-5435-49c3-b78a-2377bc5553cb-140416267310912", "trial_id": 20, "param_name": "dataset.max_walk_length", "param_value_internal": 89.0, "distribution": "{\"name\": \"IntDistribution\", \"attributes\": {\"log\": false, \"step\": 1, \"low\": 10, \"high\": 100}}"}
{"op_code": 5, "worker_id": "fd2eb734-5435-49c3-b78a-2377bc5553cb-140416267310912", "trial_id": 20, "param_name": "dataset.num_walks", "param_value_internal": 1995392.0, "distribution": "{\"name\": \"IntDistribution\", \"attributes\": {\"log\": true, \"step\": 1, \"low\": 100000, \"high\": 5000000}}"}
{"op_code": 5, "worker_id": "fd2eb734-5435-49c3-b78a-2377bc5553cb-140416267310912", "trial_id": 20, "param_name": "training.lr", "param_value_internal": 0.00011494330552705258, "distribution": "{\"name\": \"FloatDistribution\", \"attributes\": {\"step\": null, \"low\": 1e-05, \"high\": 0.1, \"log\": true}}"}
{"op_code": 5, "worker_id": "fd2eb734-5435-49c3-b78a-2377bc5553cb-140416267310912", "trial_id": 20, "param_name": "training.weight_decay", "param_value_internal": 0.013369564140835155, "distribution": "{\"name\": \"FloatDistribution\", \"attributes\": {\"step\": null, \"low\": 1e-08, \"high\": 0.1, \"log\": true}}"}
{"op_code": 5, "worker_id": "fd2eb734-5435-49c3-b78a-2377bc5553cb-140416267310912", "trial_id": 20, "param_name": "training.batch_size", "param_value_internal": 0, "distribution": "{\"name\": \"CategoricalDistribution\", \"attributes\": {\"choices\": [32, 64, 128, 256, 512]}}"}
{"op_code": 5, "worker_id": "fd2eb734-5435-49c3-b78a-2377bc5553cb-140416267310912", "trial_id": 20, "param_name": "training.gradient_clip_val", "param_value_internal": 0.8657533058209522, "distribution": "{\"name\": \"FloatDistribution\", \"attributes\": {\"step\": null, \"low\": 0.1, \"high\": 2.0, \"log\": false}}"}
{"op_code": 5, "worker_id": "fd2eb734-5435-49c3-b78a-2377bc5553cb-140416267310912", "trial_id": 20, "param_name": "training.early_stopping_patience", "param_value_internal": 18.0, "distribution": "{\"name\": \"IntDistribution\", \"attributes\": {\"log\": false, \"step\": 1, \"low\": 5, \"high\": 20}}"}
{"op_code": 5, "worker_id": "fd2eb734-5435-49c3-b78a-2377bc5553cb-140416267310912", "trial_id": 20, "param_name": "model.nhead", "param_value_internal": 1, "distribution": "{\"name\": \"CategoricalDistribution\", \"attributes\": {\"choices\": [1, 2, 4, 8, 16]}}"}
{"op_code": 5, "worker_id": "fd2eb734-5435-49c3-b78a-2377bc5553cb-140416267310912", "trial_id": 20, "param_name": "model.embedding_dim", "param_value_internal": 1, "distribution": "{\"name\": \"CategoricalDistribution\", \"attributes\": {\"choices\": [4, 8, 16, 32, 64, 128]}}"}
{"op_code": 5, "worker_id": "fd2eb734-5435-49c3-b78a-2377bc5553cb-140416267310912", "trial_id": 20, "param_name": "model.hidden_dim", "param_value_internal": 6, "distribution": "{\"name\": \"CategoricalDistribution\", \"attributes\": {\"choices\": [4, 8, 16, 32, 64, 128, 256]}}"}
{"op_code": 5, "worker_id": "fd2eb734-5435-49c3-b78a-2377bc5553cb-140416267310912", "trial_id": 20, "param_name": "model.nlayers", "param_value_internal": 4.0, "distribution": "{\"name\": \"IntDistribution\", \"attributes\": {\"log\": false, \"step\": 1, \"low\": 1, \"high\": 6}}"}
{"op_code": 5, "worker_id": "fd2eb734-5435-49c3-b78a-2377bc5553cb-140416267310912", "trial_id": 20, "param_name": "model.dropout", "param_value_internal": 0.6918543300969646, "distribution": "{\"name\": \"FloatDistribution\", \"attributes\": {\"step\": null, \"low\": 0.0, \"high\": 0.7, \"log\": false}}"}
{"op_code": 5, "worker_id": "fd2eb734-5435-49c3-b78a-2377bc5553cb-140416267310912", "trial_id": 20, "param_name": "training.epochs", "param_value_internal": 15.0, "distribution": "{\"name\": \"IntDistribution\", \"attributes\": {\"log\": false, \"step\": 1, \"low\": 6, \"high\": 25}}"}
{"op_code": 8, "worker_id": "fd2eb734-5435-49c3-b78a-2377bc5553cb-140416267310912", "trial_id": 20, "user_attr": {"seed": 62}}
{"op_code": 7, "worker_id": "fd2eb734-5435-49c3-b78a-2377bc5553cb-140416267310912", "trial_id": 20, "step": 0, "intermediate_value": 0.617763876914978}
{"op_code": 7, "worker_id": "fd2eb734-5435-49c3-b78a-2377bc5553cb-140416267310912", "trial_id": 20, "step": 1, "intermediate_value": 0.6612445116043091}
{"op_code": 7, "worker_id": "fd2eb734-5435-49c3-b78a-2377bc5553cb-140416267310912", "trial_id": 20, "step": 2, "intermediate_value": 0.6730552911758423}
{"op_code": 7, "worker_id": "fd2eb734-5435-49c3-b78a-2377bc5553cb-140416267310912", "trial_id": 20, "step": 3, "intermediate_value": 0.6731799840927124}
{"op_code": 7, "worker_id": "fd2eb734-5435-49c3-b78a-2377bc5553cb-140416267310912", "trial_id": 20, "step": 4, "intermediate_value": 0.6641935110092163}
