term,n,beta,beta_std,se_naive,se_robust,z,p,odds_ratio,cov_method,pseudo_r2,base_rate,dataset,model,spec,pooled,pooled_spec,p_fdr
const,2334,5.005751371818216,,0.28469571387847215,0.30980148521389994,16.157932129867085,0.0,149.26919770173996,"cluster_2way(u,v)",0.34494219618162003,0.903598971722365,bitcoin-alpha,walk_full,atomic,False,,
src_out,2334,-3.5918534842665544,-1.0115358842171993,0.29493799007851784,0.35065445675435347,-10.243284849457316,0.0,0.02754722472845796,"cluster_2way(u,v)",0.34494219618162003,0.903598971722365,bitcoin-alpha,walk_full,atomic,False,,0.0
src_in,2334,0.6275680451053045,0.15180180031284754,0.46213727890050427,0.669437950769561,0.9374551358850743,0.3485244910328267,1.8730498630017147,"cluster_2way(u,v)",0.34494219618162003,0.903598971722365,bitcoin-alpha,walk_full,atomic,False,,0.46904230568903776
tgt_out,2334,-0.49640510315464587,-0.13844737845771318,0.3682639083901695,0.48116201784082785,-1.031679735200671,0.3022221737259274,0.608714998752204,"cluster_2way(u,v)",0.34494219618162003,0.903598971722365,bitcoin-alpha,walk_full,atomic,False,,0.42252420404401503
tgt_in,2334,-3.4491019896766866,-0.920294377289003,0.2584802649810475,0.3955889928252472,-8.718902831556639,0.0,0.031774157091286406,"cluster_2way(u,v)",0.34494219618162003,0.903598971722365,bitcoin-alpha,walk_full,atomic,False,,0.0
twohop_in,2334,-1.193008049003068,-0.2932836009977197,0.5025596001024863,0.6269405104670157,-1.9029047079991392,0.057052980551464794,0.3033075265691857,"cluster_2way(u,v)",0.34494219618162003,0.903598971722365,bitcoin-alpha,walk_full,atomic,False,,0.1095417226588124
twohop_out,2334,0.03459575226246955,0.008335938746241072,0.49278670997398594,0.6364942357305937,0.054353598697966445,0.9566534470440597,1.035201146482534,"cluster_2way(u,v)",0.34494219618162003,0.903598971722365,bitcoin-alpha,walk_full,atomic,False,,0.9701274392559479
const,2334,5.481984415473932,,0.34579337953537087,0.3680908026270619,14.893021983567754,0.0,240.3231354510203,"cluster_2way(u,v)",0.35940032006467726,0.9357326478149101,bitcoin-alpha,walk_localattn4,atomic,False,,
src_out,2334,-3.769469563968632,-1.0615560309240801,0.3514910596388312,0.41763527018624763,-9.025745268802629,0.0,0.023064294175755694,"cluster_2way(u,v)",0.35940032006467726,0.9357326478149101,bitcoin-alpha,walk_localattn4,atomic,False,,0.0
src_in,2334,1.1324295811252545,0.27392224713017727,0.5458410216992936,0.8014479110786472,1.4129796403126784,0.15766171053141864,3.103186792751912,"cluster_2way(u,v)",0.35940032006467726,0.9357326478149101,bitcoin-alpha,walk_localattn4,atomic,False,,0.250671774480407
tgt_out,2334,-0.23654281436333705,-0.06597178863290463,0.43529258642334084,0.6441911463990898,-0.3671935196339905,0.7134746728111896,0.7893520859714802,"cluster_2way(u,v)",0.35940032006467726,0.9357326478149101,bitcoin-alpha,walk_localattn4,atomic,False,,0.7667190513791888
tgt_in,2334,-3.736748145509081,-0.9970445402745178,0.29834814288909844,0.3904340122761333,-9.570754667926517,0.0,0.023831473749065704,"cluster_2way(u,v)",0.35940032006467726,0.9357326478149101,bitcoin-alpha,walk_localattn4,atomic,False,,0.0
twohop_in,2334,-1.1662682682785788,-0.28671001653001976,0.6026891153177482,0.6891493182366949,-1.6923302939088345,0.09058301485258013,0.3115273111734913,"cluster_2way(u,v)",0.35940032006467726,0.9357326478149101,bitcoin-alpha,walk_localattn4,atomic,False,,0.16304942673464423
twohop_out,2334,0.3468500183083123,0.08357443667693482,0.5868142922340723,0.8140487091642297,0.42608017727147734,0.6700494239444688,1.414604544676537,"cluster_2way(u,v)",0.35940032006467726,0.9357326478149101,bitcoin-alpha,walk_localattn4,atomic,False,,0.7371196273321592
const,2334,5.625213275511023,,0.40936507714131226,0.37330819442106417,15.068550220909957,0.0,277.3314262178217,"cluster_2way(u,v)",0.43876909739168035,0.9537275064267352,bitcoin-alpha,GINEConv,atomic,False,,
src_out,2334,-3.7921983227496523,-1.0679568919868727,0.42654276668948854,0.6849466916140452,-5.536486808650046,3.085990707418773e-08,0.022545983983556023,"cluster_2way(u,v)",0.43876909739168035,0.9537275064267352,bitcoin-alpha,GINEConv,atomic,False,,8.384578525817044e-08
src_in,2334,-1.1017325193329173,-0.2664969658706612,0.6091680746893043,0.7843955053002073,-1.4045625094591248,0.16015141147359335,0.3322948773986098,"cluster_2way(u,v)",0.43876909739168035,0.9537275064267352,bitcoin-alpha,GINEConv,atomic,False,,0.250671774480407
tgt_out,2334,-0.8997323000999299,-0.2509353297759256,0.5216843518623513,0.5699704555440053,-1.5785595399698134,0.11443712121269645,0.4066785129672321,"cluster_2way(u,v)",0.43876909739168035,0.9537275064267352,bitcoin-alpha,GINEConv,atomic,False,,0.1938699465250387
tgt_in,2334,-4.706217438809133,-1.2557197381227574,0.37462405530165677,0.38240960046748623,-12.306745000794695,0.0,0.009038903205091759,"cluster_2way(u,v)",0.43876909739168035,0.9537275064267352,bitcoin-alpha,GINEConv,atomic,False,,0.0
twohop_in,2334,0.5212040980413907,0.1281304135844555,0.7325297677079087,0.8505703096721632,0.6127701521139144,0.5400283293543671,1.6840541957326594,"cluster_2way(u,v)",0.43876909739168035,0.9537275064267352,bitcoin-alpha,GINEConv,atomic,False,,0.6426783423721394
twohop_out,2334,2.168723485451897,0.5225597060328524,0.7100140253516004,0.700205746659008,3.0972660475864955,0.0019531449692866687,8.74711109647654,"cluster_2way(u,v)",0.43876909739168035,0.9537275064267352,bitcoin-alpha,GINEConv,atomic,False,,0.004394576180895005
const,2334,5.793232380159481,,0.4038568401728735,0.42081345934387687,13.76674688398076,0.0,328.07176499210186,"cluster_2way(u,v)",0.43890953861451354,0.9485861182519281,bitcoin-alpha,SiGAT,atomic,False,,
src_out,2334,-3.7452355334270573,-1.0547312560218196,0.4049094899381163,0.5966080098318994,-6.277548191956586,3.4395375436702125e-10,0.023630062722521744,"cluster_2way(u,v)",0.43890953861451354,0.9485861182519281,bitcoin-alpha,SiGAT,atomic,False,,1.0318612631010637e-09
src_in,2334,-2.0466821415815413,-0.4950698751847685,0.5849000637903392,0.7319810386729361,-2.7960862829071726,0.005172558899893653,0.12916273712450074,"cluster_2way(u,v)",0.43890953861451354,0.9485861182519281,bitcoin-alpha,SiGAT,atomic,False,,0.011285583054313425
tgt_out,2334,0.002374467721877857,0.0006622390246138044,0.5015936681262703,0.4851207112491432,0.004894591524991401,0.9960946965840218,1.0023772890029305,"cluster_2way(u,v)",0.43890953861451354,0.9485861182519281,bitcoin-alpha,SiGAT,atomic,False,,0.9981215960807004
tgt_in,2334,-4.421376005457597,-1.179717935242778,0.35219017209001713,0.36729141641814095,-12.037787456552223,0.0,0.012017684502951976,"cluster_2way(u,v)",0.43890953861451354,0.9485861182519281,bitcoin-alpha,SiGAT,atomic,False,,0.0
twohop_in,2334,1.265111706213504,0.3110092318092244,0.7129848851769776,0.7435041706446511,1.7015529383198966,0.08883920604042794,3.5434885436892976,"cluster_2way(u,v)",0.43890953861451354,0.9485861182519281,bitcoin-alpha,SiGAT,atomic,False,,0.16193475531419776
twohop_out,2334,0.5193037962224959,0.12512763425865084,0.6744746919625724,0.7198872182050841,0.7213682686536529,0.4706829641950707,1.6808570232398645,"cluster_2way(u,v)",0.43890953861451354,0.9485861182519281,bitcoin-alpha,SiGAT,atomic,False,,0.5793021097785486
const,3365,4.649677087218028,,0.2184310915863335,0.2517055644223755,18.472682945600752,0.0,104.55121920055969,"cluster_2way(u,v)",0.2776264794409773,0.8939078751857356,bitcoin-otc,walk_full,atomic,False,,
src_out,3365,-2.0440284726287756,-0.6504281658640868,0.19806151576539519,0.23980688221486676,-8.523643916096319,0.0,0.12950594745175104,"cluster_2way(u,v)",0.2776264794409773,0.8939078751857356,bitcoin-otc,walk_full,atomic,False,,0.0
src_in,3365,-0.8524411343901829,-0.24390831658258152,0.2584336639473504,0.2742293812814558,-3.1084967278370454,0.0018804172819122389,0.42637282713592106,"cluster_2way(u,v)",0.2776264794409773,0.8939078751857356,bitcoin-otc,walk_full,atomic,False,,0.004298096644370831
tgt_out,3365,-0.3809163811953727,-0.11815000404273315,0.22845506078824532,0.27065844369503533,-1.4073692880040742,0.15931791323146283,0.6832350185268697,"cluster_2way(u,v)",0.2776264794409773,0.8939078751857356,bitcoin-otc,walk_full,atomic,False,,0.250671774480407
tgt_in,3365,-2.5025331520661145,-0.7663015096879012,0.18395679093700507,0.36055355061118977,-6.940808509093762,3.8986591732737e-12,0.08187732798174521,"cluster_2way(u,v)",0.2776264794409773,0.8939078751857356,bitcoin-otc,walk_full,atomic,False,,1.2475709354475839e-11
twohop_in,3365,-0.8077413328092861,-0.19782551900929146,0.3343169086240651,0.36377502235295756,-2.220441985226694,0.026388779698256037,0.4458639881354044,"cluster_2way(u,v)",0.2776264794409773,0.8939078751857356,bitcoin-otc,walk_full,atomic,False,,0.052777559396512075
twohop_out,3365,-0.34584319878292835,-0.09002115985477771,0.3154500130400757,0.4169717216070192,-0.8294164348844575,0.40686880483149324,0.7076234346236989,"cluster_2way(u,v)",0.2776264794409773,0.8939078751857356,bitcoin-otc,walk_full,atomic,False,,0.5278298008624777
const,3365,4.858411579584426,,0.2555225236958965,0.268099962144653,18.121642169285636,0.0,128.81942011365427,"cluster_2way(u,v)",0.2714960071599849,0.9334323922734027,bitcoin-otc,walk_localattn4,atomic,False,,
src_out,3365,-1.934512591445794,-0.6155792316712935,0.23872528775617888,0.2861259470597563,-6.761052645958664,1.3699263945454732e-11,0.14449467960561635,"cluster_2way(u,v)",0.2714960071599849,0.9334323922734027,bitcoin-otc,walk_localattn4,atomic,False,,4.2884652350988724e-11
src_in,3365,-0.3138215047286534,-0.0897935022581191,0.30922974794214825,0.3531929517093575,-0.8885270875589192,0.37425729180921574,0.7306494339896459,"cluster_2way(u,v)",0.2714960071599849,0.9334323922734027,bitcoin-otc,walk_localattn4,atomic,False,,0.4990097224122877
tgt_out,3365,0.7668308804351515,0.23785028971236688,0.27401359395088953,0.34521763051387566,2.221296980961491,0.026330853218443195,2.1529325304571327,"cluster_2way(u,v)",0.2714960071599849,0.9334323922734027,bitcoin-otc,walk_localattn4,atomic,False,,0.052777559396512075
tgt_in,3365,-3.2188649702649736,-0.9856497142341892,0.22266927094194006,0.31986351853906325,-10.06324505203575,0.0,0.040000434186485544,"cluster_2way(u,v)",0.2714960071599849,0.9334323922734027,bitcoin-otc,walk_localattn4,atomic,False,,0.0
twohop_in,3365,-0.242482684571997,-0.0593869113511708,0.4199849689425697,0.4714220685022249,-0.5143643048837299,0.6069973106018725,0.7846773344849814,"cluster_2way(u,v)",0.2714960071599849,0.9334323922734027,bitcoin-otc,walk_localattn4,atomic,False,,0.6982722175484513
twohop_out,3365,-0.5024684046058787,-0.13078987452169533,0.3570661768068755,0.4367304671842914,-1.1505229022500214,0.24992856694934407,0.6050353429212693,"cluster_2way(u,v)",0.2714960071599849,0.9334323922734027,bitcoin-otc,walk_localattn4,atomic,False,,0.36353246101722775
const,3365,5.336489138146274,,0.2977288171581797,0.2979366774492389,17.91148771555822,0.0,207.78193454550376,"cluster_2way(u,v)",0.3609715320708642,0.9411589895988113,bitcoin-otc,GINEConv,atomic,False,,
src_out,3365,-1.7605807435126917,-0.5602325599632467,0.2534897421063894,0.29141545850558387,-6.04148027198412,1.527066917361708e-09,0.1719449788910638,"cluster_2way(u,v)",0.3609715320708642,0.9411589895988113,bitcoin-otc,GINEConv,atomic,False,,4.487706859185427e-09
src_in,3365,-1.001480033633412,-0.28655270052088455,0.31545956111972734,0.38089338350582536,-2.6292922823063307,0.008556278564027409,0.3673353699466393,"cluster_2way(u,v)",0.3609715320708642,0.9411589895988113,bitcoin-otc,GINEConv,atomic,False,,0.01838961363014846
tgt_out,3365,-0.04119380811937121,-0.012777210002273427,0.29758179464042794,0.35568966168221067,-0.11581390340261179,0.9078000313445365,0.9596431252943942,"cluster_2way(u,v)",0.3609715320708642,0.9411589895988113,bitcoin-otc,GINEConv,atomic,False,,0.9404547087310305
tgt_in,3365,-4.069698404306254,-1.2461837033485557,0.2662647938121799,0.2795507966552758,-14.557992511553262,0.0,0.01708253975107648,"cluster_2way(u,v)",0.3609715320708642,0.9411589895988113,bitcoin-otc,GINEConv,atomic,False,,0.0
twohop_in,3365,-0.21562690146848956,-0.052809608673870925,0.4537177678871279,0.4590808066246393,-0.4696926953968558,0.6385745873914597,0.8060359766185599,"cluster_2way(u,v)",0.3609715320708642,0.9411589895988113,bitcoin-otc,GINEConv,atomic,False,,0.7183964108153922
twohop_out,3365,0.5739798352486155,0.14940392259894045,0.3926556871451356,0.46368349361405015,1.237869890029709,0.21576430848047545,1.7753184854394464,"cluster_2way(u,v)",0.3609715320708642,0.9411589895988113,bitcoin-otc,GINEConv,atomic,False,,0.32030990124936565
const,3365,5.430309774300956,,0.29191264422949886,0.30784480157814953,17.63976440876302,0.0,228.21993114476348,"cluster_2way(u,v)",0.4360473409693979,0.9209509658246656,bitcoin-otc,SiGAT,atomic,False,,
src_out,3365,-2.2053781628850513,-0.7017710823163028,0.2398946213842517,0.28895422819590255,-7.632275106872183,2.3092638912203256e-14,0.11020884053007171,"cluster_2way(u,v)",0.4360473409693979,0.9209509658246656,bitcoin-otc,SiGAT,atomic,False,,7.733348845016904e-14
src_in,3365,-1.9886998381576797,-0.5690251328147055,0.3106609272774615,0.39878648174293974,-4.986878766466332,6.136254271371655e-07,0.13687326720819248,"cluster_2way(u,v)",0.4360473409693979,0.9209509658246656,bitcoin-otc,SiGAT,atomic,False,,1.6065829365045787e-06
tgt_out,3365,0.25602791442672057,0.07941296467650315,0.2884427017858208,0.38310501564493826,0.6682969524575665,0.5039440582872221,1.2917887869798506,"cluster_2way(u,v)",0.4360473409693979,0.9209509658246656,bitcoin-otc,SiGAT,atomic,False,,0.6149825796047456
tgt_in,3365,-4.271023343694285,-1.3078314800677344,0.2470871868405414,0.2698420677586612,-15.827863235595135,0.0,0.013967482302304362,"cluster_2way(u,v)",0.4360473409693979,0.9209509658246656,bitcoin-otc,SiGAT,atomic,False,,0.0
twohop_in,3365,0.2991602157824522,0.07326791703015212,0.4396614015860362,0.4936362737581777,0.6060336966424081,0.5444923774456898,1.3487256933058163,"cluster_2way(u,v)",0.4360473409693979,0.9209509658246656,bitcoin-otc,SiGAT,atomic,False,,0.6426795274768797
twohop_out,3365,0.23756158455192236,0.061836027001721534,0.38544791600768047,0.558495076143998,0.42536021300691174,0.6705741054202281,1.2681530930259368,"cluster_2way(u,v)",0.4360473409693979,0.9209509658246656,bitcoin-otc,SiGAT,atomic,False,,0.7371196273321592
const,70258,5.871391468186067,,0.08578484637325383,0.10309936191922052,56.94886329933222,0.0,354.74224955842885,"cluster_2way(u,v)",0.211302316093399,0.9356229895527911,epinions,walk_full,atomic,False,,
src_out,70258,-2.6270706077361017,-0.9346406659463972,0.04681029808734781,0.07141483540237428,-36.78606262878485,0.0,0.07228991789551016,"cluster_2way(u,v)",0.211302316093399,0.9356229895527911,epinions,walk_full,atomic,False,,0.0
src_in,70258,-0.4463244261659281,-0.12970606080415265,0.07832050623025695,0.11249763594223128,-3.9674116031657802,7.265744769502369e-05,0.6399761133817639,"cluster_2way(u,v)",0.211302316093399,0.9356229895527911,epinions,walk_full,atomic,False,,0.0001773334316624307
tgt_out,70258,-0.21101182373444397,-0.08127200309001352,0.04798003844082567,0.06028014933789446,-3.5005192596925716,0.0004643526832741607,0.8097644923843531,"cluster_2way(u,v)",0.211302316093399,0.9356229895527911,epinions,walk_full,atomic,False,,0.001096176826089822
tgt_in,70258,-2.2541027291873084,-0.5988021765672745,0.05718179411513967,0.09571858583847406,-23.54926903110673,0.0,0.1049676859353126,"cluster_2way(u,v)",0.211302316093399,0.9356229895527911,epinions,walk_full,atomic,False,,0.0
twohop_in,70258,-0.6435610470932284,-0.1691477391419268,0.09761824512570882,0.1362919682703827,-4.7219293642931355,2.336178240636144e-06,0.5254180502365792,"cluster_2way(u,v)",0.211302316093399,0.9356229895527911,epinions,walk_full,atomic,False,,6.007315475921514e-06
twohop_out,70258,-0.521750607072212,-0.16571872764397932,0.07785680391708198,0.0972749561037405,-5.363668388765782,8.15485572402963e-08,0.5934806865542822,"cluster_2way(u,v)",0.211302316093399,0.9356229895527911,epinions,walk_full,atomic,False,,2.174628193074568e-07
const,70258,5.788448258181055,,0.0877758109578701,0.10146741947658032,57.04735853183973,0.0,326.50597809490955,"cluster_2way(u,v)",0.20904771544283074,0.9444903071536338,epinions,walk_localattn4,atomic,False,,
src_out,70258,-2.670062265440761,-0.949935934931135,0.05041152647461816,0.06798041916961813,-39.276931476086986,0.0,0.06924791342325555,"cluster_2way(u,v)",0.20904771544283074,0.9444903071536338,epinions,walk_localattn4,atomic,False,,0.0
src_in,70258,-0.3796961545397477,-0.11034326068796962,0.08364462020443905,0.11680321942989375,-3.2507336389614196,0.0011510764540918483,0.6840692289679325,"cluster_2way(u,v)",0.20904771544283074,0.9444903071536338,epinions,walk_localattn4,atomic,False,,0.0026734678933746153
tgt_out,70258,-0.15112982810385173,-0.058208225677945875,0.051293748212036,0.0616443556129526,-2.4516409750919124,0.014220646989701269,0.8597360735090849,"cluster_2way(u,v)",0.20904771544283074,0.9444903071536338,epinions,walk_localattn4,atomic,False,,0.029253902378814037
tgt_in,70258,-2.304493998537071,-0.612188612498482,0.06022291199116268,0.09262419066360342,-24.880044640893363,0.0,0.0998092915258397,"cluster_2way(u,v)",0.20904771544283074,0.9444903071536338,epinions,walk_localattn4,atomic,False,,0.0
twohop_in,70258,-0.6095988812003308,-0.16022143199034666,0.1041098687519227,0.13936488934946956,-4.3741209428416985,1.2192277450973066e-05,0.5435688610403172,"cluster_2way(u,v)",0.20904771544283074,0.9444903071536338,epinions,walk_localattn4,atomic,False,,3.0270481947243473e-05
twohop_out,70258,-0.22870321693062795,-0.07264084718656229,0.07863362378973762,0.09296905977602558,-2.459992792027836,0.013893980618730373,0.7955646085782364,"cluster_2way(u,v)",0.20904771544283074,0.9444903071536338,epinions,walk_localattn4,atomic,False,,0.02899613346517643
const,70258,5.277397510110385,,0.07104250960284872,0.10708377193127581,49.282887732954634,0.0,195.859489162088,"cluster_2way(u,v)",0.23540184386648133,0.9248341825841897,epinions,GINEConv,atomic,False,,
src_out,70258,-1.8771236104417197,-0.6678298086699801,0.04210800786208082,0.09306597151062891,-20.16981695857907,0.0,0.15302964618548043,"cluster_2way(u,v)",0.23540184386648133,0.9248341825841897,epinions,GINEConv,atomic,False,,0.0
src_in,70258,-0.9567912534971108,-0.2780525044731221,0.06984241023478235,0.15874557141131615,-6.027199656600349,1.668248650332771e-09,0.3841234654368955,"cluster_2way(u,v)",0.23540184386648133,0.9248341825841897,epinions,GINEConv,atomic,False,,4.8045561129583805e-09
tgt_out,70258,0.07616173609079951,0.02933398110762755,0.04698457326166664,0.05702988106915855,1.335470715754085,0.18172233355415668,1.0791370954589632,"cluster_2way(u,v)",0.23540184386648133,0.9248341825841897,epinions,GINEConv,atomic,False,,0.2783831492744528
tgt_in,70258,-3.2564058254248516,-0.8650638991746452,0.05363673875606057,0.11924285270632769,-27.30902315331851,0.0,0.038526620871423056,"cluster_2way(u,v)",0.23540184386648133,0.9248341825841897,epinions,GINEConv,atomic,False,,0.0
twohop_in,70258,-0.9588121504558621,-0.2520054752287316,0.08940560857575687,0.16118485919321476,-5.948524912668871,2.7056972218275632e-09,0.38334797535051435,"cluster_2way(u,v)",0.23540184386648133,0.9248341825841897,epinions,GINEConv,atomic,False,,7.639615685160179e-09
twohop_out,70258,0.45346481615336043,0.1440297554916792,0.062231132572190886,0.09676775786507943,4.686114736538731,2.7844020762390898e-06,1.5737555235211533,"cluster_2way(u,v)",0.23540184386648133,0.9248341825841897,epinions,GINEConv,atomic,False,,7.034278929446121e-06
const,70258,5.042946274131088,,0.07569080900768775,0.10587320894143995,47.63193941651865,0.0,154.92579713500666,"cluster_2way(u,v)",0.21985508593750847,0.9378576105212217,epinions,SiGAT,atomic,False,,
src_out,70258,-2.7424283228795256,-0.9756818208305522,0.048115506737078526,0.06952183982542248,-39.44700441999357,0.0,0.06441373946612425,"cluster_2way(u,v)",0.21985508593750847,0.9378576105212217,epinions,SiGAT,atomic,False,,0.0
src_in,70258,-0.9172487103504882,-0.2665610708767706,0.07906701524378049,0.12252949170534426,-7.485942344037989,7.105427357601002e-14,0.39961699209542245,"cluster_2way(u,v)",0.21985508593750847,0.9378576105212217,epinions,SiGAT,atomic,False,,2.325412589760328e-13
tgt_out,70258,-0.05683263340801531,-0.021889304002995772,0.049874422979261694,0.057006702192373276,-0.9969465207131162,0.3187904691212049,0.9447521760872446,"cluster_2way(u,v)",0.21985508593750847,0.9378576105212217,epinions,SiGAT,atomic,False,,0.43719835765193815
tgt_in,70258,-2.3350464083044,-0.6203048572601583,0.05694036997604745,0.09589917832266165,-24.348972005244093,0.0,0.09680598982036827,"cluster_2way(u,v)",0.21985508593750847,0.9378576105212217,epinions,SiGAT,atomic,False,,0.0
twohop_in,70258,-0.012277363441172362,-0.0032268706722972922,0.09869872122409501,0.1563131299425075,-0.07854339200864327,0.9373958149791968,0.9877976958944273,"cluster_2way(u,v)",0.21985508593750847,0.9378576105212217,epinions,SiGAT,atomic,False,,0.9573404067872648
twohop_out,70258,0.35866557444546215,0.11391956586372028,0.06894096371031865,0.09374350161431096,3.8260313330423745,0.0001302257216586611,1.4314180187528192,"cluster_2way(u,v)",0.21985508593750847,0.9378576105212217,epinions,SiGAT,atomic,False,,0.0003125417319807866
const,4009,6.091132235752517,,0.3950184147752423,0.43472776036574534,14.011371693006039,0.0,441.9214872982229,"cluster_2way(u,v)",0.24672357002266465,0.846595160888002,wiki-elec,walk_full,atomic,False,,
src_out,4009,-2.1780704325797453,-0.6435645035495129,0.19875135578015884,0.24478032483298792,-8.898061697016821,0.0,0.11325986247036066,"cluster_2way(u,v)",0.24672357002266465,0.846595160888002,wiki-elec,walk_full,atomic,False,,0.0
src_in,4009,-0.166972022410138,-0.05641545300225215,0.24409800907649815,0.26231873965839847,-0.6365234242417274,0.5244353183556152,0.8462232862940382,"cluster_2way(u,v)",0.24672357002266465,0.846595160888002,wiki-elec,walk_full,atomic,False,,0.6293223820267382
tgt_out,4009,-0.24689010601300002,-0.08722178260582963,0.15642126341022478,0.18831759536460932,-1.3110304724048014,0.1898474686996292,0.7812265409135657,"cluster_2way(u,v)",0.24672357002266465,0.846595160888002,wiki-elec,walk_full,atomic,False,,0.2877687946604906
tgt_in,4009,-3.65970802885165,-1.3014504140716316,0.17712569993027769,0.21540523610763138,-16.98987496767723,0.0,0.025740026974569046,"cluster_2way(u,v)",0.24672357002266465,0.846595160888002,wiki-elec,walk_full,atomic,False,,0.0
twohop_in,4009,-0.11267506022803175,-0.021708583236377862,0.4396439959475956,0.4958952768336443,-0.22721543336221436,0.8202562274321377,0.8934409274449927,"cluster_2way(u,v)",0.24672357002266465,0.846595160888002,wiki-elec,walk_full,atomic,False,,0.8621671295637068
twohop_out,4009,-0.608771037015793,-0.10560843398064008,0.329533258782241,0.3659217215463146,-1.6636646615107846,0.09617946205972205,0.5440190376731692,"cluster_2way(u,v)",0.24672357002266465,0.846595160888002,wiki-elec,walk_full,atomic,False,,0.17098571032839477
const,4009,5.978683554003293,,0.3940433020326842,0.4394068829322965,13.60625831371987,0.0,394.9201347704397,"cluster_2way(u,v)",0.23854051401970922,0.8488401097530556,wiki-elec,walk_localattn4,atomic,False,,
src_out,4009,-2.237452997923141,-0.6611105436651461,0.20038140275912575,0.24034067517345106,-9.309506167894373,0.0,0.10673000001420818,"cluster_2way(u,v)",0.23854051401970922,0.8488401097530556,wiki-elec,walk_localattn4,atomic,False,,0.0
src_in,4009,-0.30567809929785006,-0.1032805867464211,0.24488880896976126,0.26999640202815206,-1.1321561954221062,0.2575687726917435,0.7366237009822645,"cluster_2way(u,v)",0.23854051401970922,0.8488401097530556,wiki-elec,walk_localattn4,atomic,False,,0.37089903267611063
tgt_out,4009,-0.2292576333204577,-0.0809925508037615,0.1565830594100889,0.18842586533572675,-1.216699378888239,0.2237186154806592,0.7951236567668227,"cluster_2way(u,v)",0.23854051401970922,0.8488401097530556,wiki-elec,walk_localattn4,atomic,False,,0.3287293941756625
tgt_in,4009,-3.5194302083331546,-1.2515653887746416,0.17438390923517033,0.1974866561213686,-17.821103853063534,0.0,0.029616305485220682,"cluster_2way(u,v)",0.23854051401970922,0.8488401097530556,wiki-elec,walk_localattn4,atomic,False,,0.0
twohop_in,4009,0.22035353648964962,0.0424544977267801,0.4379120314878071,0.48879910595975484,0.4508059319318648,0.6521294256205832,1.2465173420620745,"cluster_2way(u,v)",0.23854051401970922,0.8488401097530556,wiki-elec,walk_localattn4,atomic,False,,0.7279584285997207
twohop_out,4009,-0.744141845300108,-0.12909230262800656,0.3335995792871773,0.4205429509535516,-1.7694788216347905,0.07681400199287336,0.4751418702647885,"cluster_2way(u,v)",0.23854051401970922,0.8488401097530556,wiki-elec,walk_localattn4,atomic,False,,0.14181046521761237
const,4009,5.211353728471771,,0.38595811776390604,0.37708795322362215,13.819995266147666,0.0,183.34208567636205,"cluster_2way(u,v)",0.263681193176197,0.8553255175854327,wiki-elec,GINEConv,atomic,False,,
src_out,4009,-0.6501538858086422,-0.19210396344054206,0.18134614866539234,0.22340408247450422,-2.9102148833060846,0.003611803385354273,0.5219654475054357,"cluster_2way(u,v)",0.263681193176197,0.8553255175854327,wiki-elec,GINEConv,atomic,False,,0.008001533653707928
src_in,4009,0.11651804876836759,0.039368382854341265,0.24400593805148552,0.2981669484098539,0.39078123645081,0.6959589454963018,1.1235777894794632,"cluster_2way(u,v)",0.263681193176197,0.8553255175854327,wiki-elec,GINEConv,atomic,False,,0.7566831233078296
tgt_out,4009,0.2367960259693785,0.08365572777524763,0.15768318788012928,0.1606104535914871,1.4743500231415168,0.14038737310073657,1.2671826190663236,"cluster_2way(u,v)",0.263681193176197,0.8553255175854327,wiki-elec,GINEConv,atomic,False,,0.23236530720121915
tgt_in,4009,-4.628283233044766,-1.645891170169919,0.21210906453249798,0.24745769004614157,-18.703331596531775,0.0,0.009771520133701823,"cluster_2way(u,v)",0.263681193176197,0.8553255175854327,wiki-elec,GINEConv,atomic,False,,0.0
twohop_in,4009,-0.06548023832127446,-0.012615774964383845,0.4391471197235415,0.5448236464482766,-0.12018611664185705,0.904335715368219,0.9366175557119679,"cluster_2way(u,v)",0.263681193176197,0.8553255175854327,wiki-elec,GINEConv,atomic,False,,0.9404547087310305
twohop_out,4009,-0.3464438868211296,-0.06010042220257005,0.3223811949758521,0.31388985035269446,-1.1037116569135847,0.26971823736807554,0.7071985013299201,"cluster_2way(u,v)",0.263681193176197,0.8553255175854327,wiki-elec,GINEConv,atomic,False,,0.3807786880490478
const,4009,6.321886672531045,,0.421954396515734,0.4298661960748624,14.706638322009557,0.0,556.6221661676528,"cluster_2way(u,v)",0.22913646495441942,0.8720379146919431,wiki-elec,SiGAT,atomic,False,,
src_out,4009,-2.3689561670758215,-0.6999663907970933,0.2179829807173404,0.25259888478430975,-9.378331852488724,0.0,0.09357835548334842,"cluster_2way(u,v)",0.22913646495441942,0.8720379146919431,wiki-elec,SiGAT,atomic,False,,0.0
src_in,4009,0.531606884830516,0.17961597873661914,0.25714385074029145,0.32362570770554006,1.6426596286170612,0.1004533760641142,1.7016644917372545,"cluster_2way(u,v)",0.22913646495441942,0.8720379146919431,wiki-elec,SiGAT,atomic,False,,0.17640592869795663
tgt_out,4009,0.14902936475120776,0.05264936316860867,0.16288937224662892,0.17816577095223074,0.836464624796898,0.4028935697583238,1.1607070725830697,"cluster_2way(u,v)",0.22913646495441942,0.8720379146919431,wiki-elec,SiGAT,atomic,False,,0.5277468832745805
tgt_in,4009,-3.4803469065964805,-1.2376667447223069,0.1881211149949508,0.19586721031032067,-17.768910381081245,0.0,0.0307967255921754,"cluster_2way(u,v)",0.22913646495441942,0.8720379146919431,wiki-elec,SiGAT,atomic,False,,0.0
twohop_in,4009,-0.9458617004987087,-0.18223480345892695,0.4699110438661867,0.602007833627341,-1.5711783928117826,0.11614121751944428,0.388344789782913,"cluster_2way(u,v)",0.22913646495441942,0.8720379146919431,wiki-elec,SiGAT,atomic,False,,0.19446901538139508
twohop_out,4009,-0.4557641240562416,-0.07906508765936764,0.3396994860879412,0.3550833843645225,-1.28354111773465,0.19930256378829148,0.6339633561688245,"cluster_2way(u,v)",0.22913646495441942,0.8720379146919431,wiki-elec,SiGAT,atomic,False,,0.2989538456824372
const,9739,5.80773600100005,,0.2720243697565694,0.28221828908501967,20.578878923224003,0.0,332.86466667714456,"cluster_2way(u,v)",0.2453504194698115,0.8392032036143341,wiki-rfa,walk_full,atomic,False,,
src_out,9739,-1.8595371544985764,-0.5283110535947554,0.12633427986810053,0.15014006975644503,-12.385348944589474,0.0,0.15574469942179,"cluster_2way(u,v)",0.2453504194698115,0.8392032036143341,wiki-rfa,walk_full,atomic,False,,0.0
src_in,9739,-0.12051429306097701,-0.042184932935887334,0.14951536979667698,0.15979726814661407,-0.7541699207924198,0.4507471966319889,0.8864644169648637,"cluster_2way(u,v)",0.2453504194698115,0.8392032036143341,wiki-rfa,walk_full,atomic,False,,0.5693648799561966
tgt_out,9739,-0.1733013113829403,-0.06068778104905582,0.1076232561871711,0.12285092979075266,-1.4106634087191516,0.1583438851688901,0.8408842086856485,"cluster_2way(u,v)",0.2453504194698115,0.8392032036143341,wiki-rfa,walk_full,atomic,False,,0.250671774480407
tgt_in,9739,-3.9596186414553896,-1.4260094013105111,0.12088790797105052,0.14754514291935994,-26.83665868702638,0.0,0.019070385559525577,"cluster_2way(u,v)",0.2453504194698115,0.8392032036143341,wiki-rfa,walk_full,atomic,False,,0.0
twohop_in,9739,-0.090868544460961,-0.016165774824258523,0.3124728125458302,0.3223658532809918,-0.28188017910741614,0.7780353883007753,0.913137740023678,"cluster_2way(u,v)",0.2453504194698115,0.8392032036143341,wiki-rfa,walk_full,atomic,False,,0.8238021758478798
twohop_out,9739,-0.28792927555245046,-0.0482724066337662,0.22361656414818573,0.2561706011059478,-1.123974704003477,0.2610237574200611,0.7498146205886245,"cluster_2way(u,v)",0.2453504194698115,0.8392032036143341,wiki-rfa,walk_full,atomic,False,,0.37215268384642375
const,9739,6.1042138082509165,,0.2779753554442073,0.29792157803636216,20.48933094569565,0.0,447.7404931640234,"cluster_2way(u,v)",0.25458520772379556,0.8411541225998562,wiki-rfa,walk_localattn4,atomic,False,,
src_out,9739,-2.1859232219841696,-0.621040239873617,0.1310461765188353,0.15769448329442612,-13.86176089561044,0.0,0.11237393965767242,"cluster_2way(u,v)",0.25458520772379556,0.8411541225998562,wiki-rfa,walk_localattn4,atomic,False,,0.0
src_in,9739,0.08108730491435617,0.028383874085650563,0.15080966455202166,0.15941250548550975,0.5086633866483381,0.6109881903548948,1.0844655716077534,"cluster_2way(u,v)",0.25458520772379556,0.8411541225998562,wiki-rfa,walk_localattn4,atomic,False,,0.6982722175484513
tgt_out,9739,-0.09909205986653377,-0.034700702406064515,0.10842953827885946,0.1333072022361014,-0.7433361304142523,0.4572782023111728,0.9056593293087095,"cluster_2way(u,v)",0.25458520772379556,0.8411541225998562,wiki-rfa,walk_localattn4,atomic,False,,0.5725918359374685
tgt_in,9739,-4.003752581076627,-1.441903712989381,0.12295323466269091,0.1448110872533578,-27.648108007584828,0.0,0.018247036766849977,"cluster_2way(u,v)",0.25458520772379556,0.8411541225998562,wiki-rfa,walk_localattn4,atomic,False,,0.0
twohop_in,9739,-0.15567305211515298,-0.027694682704858312,0.3158038296221736,0.32561609879344805,-0.4780877011056598,0.6325877853847435,0.855838959371121,"cluster_2way(u,v)",0.25458520772379556,0.8411541225998562,wiki-rfa,walk_localattn4,atomic,False,,0.7172648905149847
twohop_out,9739,-0.40864700412937205,-0.06851117975118838,0.2268399888933846,0.28338886163062404,-1.4420009374327933,0.14930210915692999,0.6645487738966941,"cluster_2way(u,v)",0.25458520772379556,0.8411541225998562,wiki-rfa,walk_localattn4,atomic,False,,0.24431254225679452
const,9739,6.1370397973721165,,0.2980396853756021,0.362963744128184,16.908134480794764,0.0,462.6819094588137,"cluster_2way(u,v)",0.2788374021950836,0.869185748023411,wiki-rfa,GINEConv,atomic,False,,
src_out,9739,-2.016327350312378,-0.5728565434997697,0.1412860392971295,0.2080477344580726,-9.691657328374918,0.0,0.1331435578808149,"cluster_2way(u,v)",0.2788374021950836,0.869185748023411,wiki-rfa,GINEConv,atomic,False,,0.0
src_in,9739,-0.17895254835659158,-0.06264071305890029,0.16260525398737913,0.1771950081310957,-1.009918677981016,0.3125342532004025,0.8361455749373528,"cluster_2way(u,v)",0.2788374021950836,0.869185748023411,wiki-rfa,GINEConv,atomic,False,,0.4327397352005573
tgt_out,9739,0.09551849252290295,0.033449287337224506,0.11647846640424382,0.11663105487096734,0.8189799245885079,0.4127978675083468,1.1002291678588971,"cluster_2way(u,v)",0.2788374021950836,0.869185748023411,wiki-rfa,GINEConv,atomic,False,,0.5307401153678745
tgt_in,9739,-4.784038844926644,-1.7229144993095535,0.1566650354025959,0.16740489958138138,-28.577651292702786,0.0,0.008362157216452722,"cluster_2way(u,v)",0.2788374021950836,0.869185748023411,wiki-rfa,GINEConv,atomic,False,,0.0
twohop_in,9739,0.6766036088187005,0.12036972365220378,0.3336657920091911,0.3811958544851413,1.7749500705681833,0.0759061317268952,1.967185043236286,"cluster_2way(u,v)",0.2788374021950836,0.869185748023411,wiki-rfa,GINEConv,atomic,False,,0.14181046521761237
twohop_out,9739,-0.2547757009975549,-0.04271408739302183,0.2382568333877949,0.2624280857630498,-0.9708400694108467,0.3316279256831456,0.7750903304530503,"cluster_2way(u,v)",0.2788374021950836,0.869185748023411,wiki-rfa,GINEConv,atomic,False,,0.4505134084752166
const,9739,5.860012715645819,,0.2890079196043828,0.3285305492802895,17.837040508054194,0.0,350.7286037322631,"cluster_2way(u,v)",0.24510778955144374,0.867234829037889,wiki-rfa,SiGAT,atomic,False,,
src_out,9739,-2.1602576886034677,-0.6137484334428466,0.1403959443922635,0.15544915226971565,-13.896876612458218,0.0,0.11529540689733962,"cluster_2way(u,v)",0.24510778955144374,0.867234829037889,wiki-rfa,SiGAT,atomic,False,,0.0
src_in,9739,-0.07161342879055028,-0.02506762985623424,0.15949922041542486,0.18512821466432555,-0.3868315206323344,0.6988809402773704,0.9308906818020022,"cluster_2way(u,v)",0.24510778955144374,0.867234829037889,wiki-rfa,SiGAT,atomic,False,,0.7566831233078296
tgt_out,9739,-0.03475927979461626,-0.012172230808671192,0.11442237513201704,0.10985096280350891,-0.31642216788568706,0.7516820931482833,0.9658378849705233,"cluster_2way(u,v)",0.24510778955144374,0.867234829037889,wiki-rfa,SiGAT,atomic,False,,0.8017942326915022
tgt_in,9739,-4.064738138265007,-1.4638669336349999,0.13610754339953535,0.16140734508780047,-25.183105118629626,0.0,0.017167484192249432,"cluster_2way(u,v)",0.24510778955144374,0.867234829037889,wiki-rfa,SiGAT,atomic,False,,0.0
twohop_in,9739,0.3072613831246108,0.05466268180312565,0.330487427972091,0.3944258476551235,0.7790092483829123,0.43597426683390017,1.3596963233015338,"cluster_2way(u,v)",0.24510778955144374,0.867234829037889,wiki-rfa,SiGAT,atomic,False,,0.5555778267617842
twohop_out,9739,-0.13505106994342378,-0.022641810743717104,0.2343635182071885,0.25482708143240695,-0.5299714189884727,0.5961317471681178,0.873671292205223,"cluster_2way(u,v)",0.24510778955144374,0.867234829037889,wiki-rfa,SiGAT,atomic,False,,0.692282028969427
const,35507,4.316673291759708,,0.07592502689169052,0.08984891899071211,48.043686448870154,0.0,74.9389132575386,"cluster_2way(u,v)",0.2080686915309431,0.8133044188469879,slashdot090221,walk_full,atomic,False,,
src_out,35507,-3.0609257996328023,-1.1792098914472606,0.051336442282121454,0.06788791328060403,-45.087934681110994,0.0,0.046844306696609425,"cluster_2way(u,v)",0.2080686915309431,0.8133044188469879,slashdot090221,walk_full,atomic,False,,0.0
src_in,35507,-0.03303957916300616,-0.012706148324346708,0.05041722680281063,0.05706956457078424,-0.5789351892115222,0.5626329051258929,0.9675002659804868,"cluster_2way(u,v)",0.2080686915309431,0.8133044188469879,slashdot090221,walk_full,atomic,False,,0.6586921816108015
tgt_out,35507,-0.13275567324878787,-0.05106528122845912,0.04499250655835063,0.05249129742597725,-2.5290987222405525,0.011435585641612844,0.875679017783344,"cluster_2way(u,v)",0.2080686915309431,0.8133044188469879,slashdot090221,walk_full,atomic,False,,0.024216534299886024
tgt_in,35507,-1.2270419294436214,-0.4196715322844823,0.05292872193410726,0.07380527857698875,-16.625395271202088,0.0,0.2931584798171522,"cluster_2way(u,v)",0.2080686915309431,0.8133044188469879,slashdot090221,walk_full,atomic,False,,0.0
twohop_in,35507,-0.20254879514413218,-0.04888756838190734,0.08932338201762412,0.10083580021526523,-2.008699238878742,0.044569039496761054,0.8166466332357173,"cluster_2way(u,v)",0.2080686915309431,0.8133044188469879,slashdot090221,walk_full,atomic,False,,0.08672894172342692
twohop_out,35507,-0.08947194460672492,-0.027742003880947098,0.058016563971494704,0.06629949227439977,-1.3495117615142391,0.177172645118437,0.914413919006552,"cluster_2way(u,v)",0.2080686915309431,0.8133044188469879,slashdot090221,walk_full,atomic,False,,0.27433183760274116
const,35507,4.464305093466159,,0.0786773559137862,0.08908663044297233,50.111953626127175,0.0,86.86064853040577,"cluster_2way(u,v)",0.20753441451952548,0.8255836877235475,slashdot090221,walk_localattn4,atomic,False,,
src_out,35507,-3.022747176655872,-1.1645017237871256,0.052767732800571274,0.06824803098112532,-44.29061371004012,0.0,0.04866733677653399,"cluster_2way(u,v)",0.20753441451952548,0.8255836877235475,slashdot090221,walk_localattn4,atomic,False,,0.0
src_in,35507,0.09094721565602143,0.034975893794242034,0.051326976993318875,0.05595629925206587,1.6253257787176432,0.10409316140171132,1.095211193728328,"cluster_2way(u,v)",0.20753441451952548,0.8255836877235475,slashdot090221,walk_localattn4,atomic,False,,0.18059536435959556
tgt_out,35507,-0.09640535431826111,-0.03708290884838851,0.04603306189267502,0.05128795196344014,-1.879688126111611,0.060150594782654165,0.9080958408825499,"cluster_2way(u,v)",0.20753441451952548,0.8255836877235475,slashdot090221,walk_localattn4,atomic,False,,0.11396954800923947
tgt_in,35507,-1.5358582379310057,-0.5252925467481878,0.0559132850328548,0.07260545778655646,-21.153481911044206,0.0,0.21527085824978576,"cluster_2way(u,v)",0.20753441451952548,0.8255836877235475,slashdot090221,walk_localattn4,atomic,False,,0.0
twohop_in,35507,-0.2090368307370716,-0.050453533183072254,0.0912505167263882,0.09984898245954538,-2.0935299047415388,0.03630187741635704,0.8113653519091496,"cluster_2way(u,v)",0.20753441451952548,0.8255836877235475,slashdot090221,walk_localattn4,atomic,False,,0.07160918284870431
twohop_out,35507,-0.00015263212329973813,-4.732568377216504e-05,0.05924714002025064,0.06483307499373019,-0.0023542323623320155,0.9981215960807004,0.9998473795243902,"cluster_2way(u,v)",0.20753441451952548,0.8255836877235475,slashdot090221,walk_localattn4,atomic,False,,0.9981215960807004
const,35507,4.9986784499315435,,0.07949004808642428,0.10481425935955603,47.69082451638589,0.0,148.21715322632127,"cluster_2way(u,v)",0.1975771231146508,0.7827752274199453,slashdot090221,GINEConv,atomic,False,,
src_out,35507,-0.7950445774413151,-0.3062878655773864,0.039776560830814045,0.06700970154560151,-11.864618989539455,0.0,0.45156110503526625,"cluster_2way(u,v)",0.1975771231146508,0.7827752274199453,slashdot090221,GINEConv,atomic,False,,0.0
src_in,35507,-0.7919904618271875,-0.3045785852717978,0.04779976850118104,0.06939308713788024,-11.413103156133493,0.0,0.4529423329982004,"cluster_2way(u,v)",0.1975771231146508,0.7827752274199453,slashdot090221,GINEConv,atomic,False,,0.0
tgt_out,35507,0.00460741731553088,0.0017722712347934676,0.04245415603232339,0.04889638270222736,0.09422818337277535,0.9249278972772355,1.004618047782753,"cluster_2way(u,v)",0.1975771231146508,0.7827752274199453,slashdot090221,GINEConv,atomic,False,,0.9513544086280137
tgt_in,35507,-3.3076583292938135,-1.1312816669253811,0.06211778515079537,0.09235739947410097,-35.81367977149847,0.0,0.03660178280310388,"cluster_2way(u,v)",0.1975771231146508,0.7827752274199453,slashdot090221,GINEConv,atomic,False,,0.0
twohop_in,35507,-0.8339469473340582,-0.2012830458244172,0.08849332118516286,0.12481685561614961,-6.681364814209891,2.3672619420267438e-11,0.4343316147628402,"cluster_2way(u,v)",0.1975771231146508,0.7827752274199453,slashdot090221,GINEConv,atomic,False,,7.252887652167045e-11
twohop_out,35507,0.048650583270909376,0.015084780775072791,0.05526387042059984,0.05819263113867829,0.8360265263650074,0.4031399802791935,1.0498534502845596,"cluster_2way(u,v)",0.1975771231146508,0.7827752274199453,slashdot090221,GINEConv,atomic,False,,0.5277468832745805
const,35507,5.12622162009492,,0.08561123675195294,0.10347152275192266,49.54234250891671,0.0,168.3797121016642,"cluster_2way(u,v)",0.22134041733778054,0.827414312670741,slashdot090221,SiGAT,atomic,False,,
src_out,35507,-2.8411555448152623,-1.0945442460540185,0.05232320538246445,0.07626195685507277,-37.25521429006283,0.0,0.05835819148151991,"cluster_2way(u,v)",0.22134041733778054,0.827414312670741,slashdot090221,SiGAT,atomic,False,,0.0
src_in,35507,-0.04286915598952128,-0.016486343601867015,0.05197499861326346,0.05913463056284104,-0.7249416387909146,0.46848783475210065,0.9580367352351437,"cluster_2way(u,v)",0.22134041733778054,0.827414312670741,slashdot090221,SiGAT,atomic,False,,0.5793021097785486
tgt_out,35507,-0.0352962601240753,-0.013576922216883123,0.04648619062851691,0.053563450827823815,-0.6589616534889211,0.5099203932201937,0.965319388248577,"cluster_2way(u,v)",0.22134041733778054,0.827414312670741,slashdot090221,SiGAT,atomic,False,,0.6170465262496461
tgt_in,35507,-1.9702278347121225,-0.6738551589008169,0.059429356859632465,0.07927070107775112,-24.854426767080852,0.0,0.1394250867215958,"cluster_2way(u,v)",0.22134041733778054,0.827414312670741,slashdot090221,SiGAT,atomic,False,,0.0
twohop_in,35507,-0.6290518381134881,-0.15182916654554396,0.09569212085077176,0.11254541662421819,-5.589315469095034,2.2796647458633856e-08,0.5330970237322968,"cluster_2way(u,v)",0.22134041733778054,0.827414312670741,slashdot090221,SiGAT,atomic,False,,6.31291775777553e-08
twohop_out,35507,-0.10583803800940103,-0.032816535665057316,0.06041392672064293,0.06692021406552333,-1.5815555805869397,0.11375106116165234,0.8995703324796698,"cluster_2way(u,v)",0.22134041733778054,0.827414312670741,slashdot090221,SiGAT,atomic,False,,0.1938699465250387
src_out,125212,-2.719839112098854,-1.0125342498506589,0.031553922936315704,0.04518767535843076,-60.1898435917529,0.0,0.06588535373000812,"cluster_2way(u,v)",0.24215768234133517,0.888868479059515,POOLED,walk_full,atomic,True,shared_slope,0.0
src_in,125212,-0.14114908200343224,-0.04760993586906986,0.03887358314423989,0.04795491600502517,-2.943370435444852,0.003246596869250329,0.8683598452219211,"cluster_2way(u,v)",0.24215768234133517,0.888868479059515,POOLED,walk_full,atomic,True,shared_slope,0.004328795825667105
tgt_out,125212,-0.1289800166911609,-0.04949184734308208,0.030037024137309683,0.03679248433756203,-3.5056077080253907,0.00045556613331654283,0.8789915305293009,"cluster_2way(u,v)",0.24215768234133517,0.888868479059515,POOLED,walk_full,atomic,True,shared_slope,0.0006833491999748142
tgt_in,125212,-2.106839981014473,-0.6875679721955792,0.034509482483853174,0.05410786563938506,-38.93777653430311,0.0,0.12162168667138624,"cluster_2way(u,v)",0.24215768234133517,0.888868479059515,POOLED,walk_full,atomic,True,shared_slope,0.0
twohop_in,125212,-0.4965989267580106,-0.13323332556140638,0.06131625215589409,0.07771843297071816,-6.389718729212069,1.6619106091297908e-10,0.6085970268509625,"cluster_2way(u,v)",0.24215768234133517,0.888868479059515,POOLED,walk_full,atomic,True,shared_slope,3.625986783555907e-10
twohop_out,125212,-0.21763861874434415,-0.06735015040674036,0.04376760604135117,0.05327980728419716,-4.084823685330709,4.4110297706678736e-05,0.8044160900426484,"cluster_2way(u,v)",0.24215768234133517,0.888868479059515,POOLED,walk_full,atomic,True,shared_slope,7.561765321144926e-05
ds_bitcoin-alpha,125212,4.040244143092751,0.546448388679145,0.08374199118907591,0.10376217629141585,38.93754244076121,0.0,56.84021825828036,"cluster_2way(u,v)",0.24215768234133517,0.888868479059515,POOLED,walk_full,atomic,True,shared_slope,
ds_bitcoin-otc,125212,4.27205933580612,0.6908619566461411,0.07331059619334328,0.08564120567612941,49.88322270895892,0.0,71.66907444528337,"cluster_2way(u,v)",0.24215768234133517,0.888868479059515,POOLED,walk_full,atomic,True,shared_slope,
ds_epinions,125212,5.358336650623192,2.6590811373221053,0.05126933650983744,0.06325815917464082,84.70585803532619,0.0,212.37140465571258,"cluster_2way(u,v)",0.24215768234133517,0.888868479059515,POOLED,walk_full,atomic,True,shared_slope,
ds_wiki-elec,125212,5.33555601908399,0.9393089152457255,0.07165469088160441,0.08359169618405943,63.828780401054445,0.0,207.58813969247842,"cluster_2way(u,v)",0.24215768234133517,0.888868479059515,POOLED,walk_full,atomic,True,shared_slope,
ds_wiki-rfa,125212,5.371717831629,1.4386814587760177,0.06306201039168116,0.07828655747607577,68.61609457371513,0.0,215.23228314029183,"cluster_2way(u,v)",0.24215768234133517,0.888868479059515,POOLED,walk_full,atomic,True,shared_slope,
ds_slashdot090221,125212,5.089147563505055,2.2938467861717675,0.05615108444467051,0.06875832076717556,74.01500657262352,0.0,162.25149399203704,"cluster_2way(u,v)",0.24215768234133517,0.888868479059515,POOLED,walk_full,atomic,True,shared_slope,
src_out,125212,-2.741332887937217,-1.020535893807518,0.033380655063876,0.04458896004782554,-61.48008128013972,0.0,0.06448433918874191,"cluster_2way(u,v)",0.2490707498907596,0.8992109382487301,POOLED,walk_localattn4,atomic,True,shared_slope,0.0
src_in,125212,-0.015421420856955154,-0.0052016835503876525,0.04017477803271074,0.04773362108176737,-0.32307251173210527,0.7466403273785214,0.9846968803487345,"cluster_2way(u,v)",0.2490707498907596,0.8992109382487301,POOLED,walk_localattn4,atomic,True,shared_slope,0.7466403273785214
tgt_out,125212,-0.07408292395036416,-0.02842689012562246,0.03130008129098138,0.03741900212966595,-1.9798209394694384,0.04772365261646283,0.9285946879087047,"cluster_2way(u,v)",0.2490707498907596,0.8992109382487301,POOLED,walk_localattn4,atomic,True,shared_slope,0.06028250856816358
tgt_in,125212,-2.290979274857224,-0.7476618958015014,0.03641916314402679,0.05311030442903352,-43.13624821937242,0.0,0.10116734269428138,"cluster_2way(u,v)",0.2490707498907596,0.8992109382487301,POOLED,walk_localattn4,atomic,True,shared_slope,0.0
twohop_in,125212,-0.4433139714408015,-0.11893741911301776,0.06414284377243279,0.07835230943645156,-5.657956665595872,1.531857996006636e-08,0.6419056354083681,"cluster_2way(u,v)",0.2490707498907596,0.8992109382487301,POOLED,walk_localattn4,atomic,True,shared_slope,3.063715992013272e-08
twohop_out,125212,-0.07889076575298976,-0.02441342887499308,0.04491615604814527,0.05270338361743227,-1.4968823695580655,0.1344238684625081,0.9241408667635197,"cluster_2way(u,v)",0.2490707498907596,0.8992109382487301,POOLED,walk_localattn4,atomic,True,shared_slope,0.1536272782428664
ds_bitcoin-alpha,125212,4.506586503494446,0.6095218125587387,0.09808481114127997,0.12203919184330293,36.927370916064866,0.0,90.61198630718286,"cluster_2way(u,v)",0.2490707498907596,0.8992109382487301,POOLED,walk_localattn4,atomic,True,shared_slope,
ds_bitcoin-otc,125212,4.8481063810055005,0.7840181975791986,0.08655699415800766,0.10079343375435688,48.09942672278428,0.0,127.49872709824909,"cluster_2way(u,v)",0.2490707498907596,0.8992109382487301,POOLED,walk_localattn4,atomic,True,shared_slope,
ds_epinions,125212,5.425726716486249,2.6925235401913814,0.05334981726845361,0.06277775622238707,86.4275348941412,0.0,227.17637916199303,"cluster_2way(u,v)",0.2490707498907596,0.8992109382487301,POOLED,walk_localattn4,atomic,True,shared_slope,
ds_wiki-elec,125212,5.252361344648708,0.924662737955389,0.07361288256490471,0.08441900194647656,62.21776168330937,0.0,191.01679280916952,"cluster_2way(u,v)",0.2490707498907596,0.8992109382487301,POOLED,walk_localattn4,atomic,True,shared_slope,
ds_wiki-rfa,125212,5.279933115365001,1.4140991978258017,0.06515424680060845,0.07748770306510627,68.13898085130651,0.0,196.3567416635865,"cluster_2way(u,v)",0.2490707498907596,0.8992109382487301,POOLED,walk_localattn4,atomic,True,shared_slope,
ds_slashdot090221,125212,5.108534628885675,2.3025851764545617,0.05852352387428291,0.06844854188982986,74.63321332845959,0.0,165.42776410735837,"cluster_2way(u,v)",0.2490707498907596,0.8992109382487301,POOLED,walk_localattn4,atomic,True,shared_slope,
src_out,125212,-1.3393066655646393,-0.49859341455352946,0.027436606608265336,0.05653206725873152,-23.691096584793296,0.0,0.2620272781499118,"cluster_2way(u,v)",0.2568457833237616,0.8789732613487525,POOLED,GINEConv,atomic,True,shared_slope,0.0
src_in,125212,-0.6511223664220687,-0.21962519109771733,0.03672782496318241,0.06430491868141786,-10.125545289123007,0.0,0.5214601787996145,"cluster_2way(u,v)",0.2568457833237616,0.8789732613487525,POOLED,GINEConv,atomic,True,shared_slope,0.0
tgt_out,125212,0.03159565578608636,0.012123795708710037,0.02939774165538005,0.034388430105800116,0.9187873854339541,0.35820679182234416,1.0321000972200427,"cluster_2way(u,v)",0.2568457833237616,0.8789732613487525,POOLED,GINEConv,atomic,True,shared_slope,0.3907710456243754
tgt_in,125212,-3.5189321020599262,-1.1484047348209963,0.03711392042485118,0.07070113854265378,-49.771929767962156,0.0,0.02963106122743151,"cluster_2way(u,v)",0.2568457833237616,0.8789732613487525,POOLED,GINEConv,atomic,True,shared_slope,0.0
twohop_in,125212,-0.7463361821765052,-0.20023573588316573,0.05832164073981001,0.0961231877845079,-7.764371941655389,8.215650382226158e-15,0.47410039203229487,"cluster_2way(u,v)",0.2568457833237616,0.8789732613487525,POOLED,GINEConv,atomic,True,shared_slope,1.971756091734278e-14
twohop_out,125212,0.17358163497428564,0.053716336240394374,0.04010861257228067,0.05248928929878728,3.3069915270941967,0.0009430374436201205,1.1895577923257374,"cluster_2way(u,v)",0.2568457833237616,0.8789732613487525,POOLED,GINEConv,atomic,True,shared_slope,0.0013313469792284056
ds_bitcoin-alpha,125212,4.974113614996536,0.6727554755988555,0.11273018104741718,0.13662339909820714,36.40747959594434,0.0,144.6205788065143,"cluster_2way(u,v)",0.2568457833237616,0.8789732613487525,POOLED,GINEConv,atomic,True,shared_slope,
ds_bitcoin-otc,125212,5.11641539024962,0.8274081583783274,0.0904195491138745,0.10596374935119893,48.28458243103617,0.0,166.73661142195775,"cluster_2way(u,v)",0.2568457833237616,0.8789732613487525,POOLED,GINEConv,atomic,True,shared_slope,
ds_epinions,125212,5.114981167478499,2.5383156802247613,0.04790872611042707,0.06769188916684374,75.56268897845851,0.0,166.49764538330652,"cluster_2way(u,v)",0.2568457833237616,0.8789732613487525,POOLED,GINEConv,atomic,True,shared_slope,
ds_wiki-elec,125212,5.382520307229141,0.9475768397872586,0.07210451671615824,0.09565663832315394,56.26917693935193,0.0,217.56992807115887,"cluster_2way(u,v)",0.2568457833237616,0.8789732613487525,POOLED,GINEConv,atomic,True,shared_slope,
ds_wiki-rfa,125212,5.673688799037279,1.5195568966742892,0.06328104674148763,0.08828056086973467,64.26883498632593,0.0,291.1063892160837,"cluster_2way(u,v)",0.2568457833237616,0.8789732613487525,POOLED,GINEConv,atomic,True,shared_slope,
ds_slashdot090221,125212,5.21779576722555,2.3518327779255195,0.0539342926793499,0.07573683181302679,68.8937686237898,0.0,184.52699501563447,"cluster_2way(u,v)",0.2568457833237616,0.8789732613487525,POOLED,GINEConv,atomic,True,shared_slope,
src_out,125212,-2.7207922284862778,-1.012889073406997,0.032983761163779074,0.04737865519672946,-57.426539803394284,0.0,0.06582258723631529,"cluster_2way(u,v)",0.2541055965071214,0.8986838322205539,POOLED,SiGAT,atomic,True,shared_slope,0.0
src_in,125212,-0.27801515377525043,-0.0937752017512052,0.040541200379625324,0.05314292840527774,-5.231460932206366,1.6817558101678287e-07,0.7572853456954557,"cluster_2way(u,v)",0.2541055965071214,0.8986838322205539,POOLED,SiGAT,atomic,True,shared_slope,3.1047799572329143e-07
tgt_out,125212,-0.01780389065559594,-0.0068316585859153865,0.03134665808877682,0.035611656512798996,-0.4999455908263391,0.6171133891400871,0.9823536622020945,"cluster_2way(u,v)",0.2541055965071214,0.8986838322205539,POOLED,SiGAT,atomic,True,shared_slope,0.6439444060592213
tgt_in,125212,-2.5301681251511243,-0.825721261605443,0.037109995489430316,0.05564309104031414,-45.47137978582075,0.0,0.07964562872683453,"cluster_2way(u,v)",0.2541055965071214,0.8986838322205539,POOLED,SiGAT,atomic,True,shared_slope,0.0
twohop_in,125212,-0.35939595248138206,-0.0964229187022331,0.06399490667065877,0.08923347182191838,-4.027591274254375,5.6351194064552246e-05,0.6980978830319929,"cluster_2way(u,v)",0.2541055965071214,0.8986838322205539,POOLED,SiGAT,atomic,True,shared_slope,9.016191050328359e-05
twohop_out,125212,0.08512842431027656,0.02634372619282661,0.044055900045554125,0.055019888851450094,1.5472300305825306,0.12180778695439942,1.0888568934151583,"cluster_2way(u,v)",0.2541055965071214,0.8986838322205539,POOLED,SiGAT,atomic,True,shared_slope,0.1461693443452793
ds_bitcoin-alpha,125212,4.800603313404151,0.6492879767630519,0.10780704002460872,0.10793637336738367,44.47623320698676,0.0,121.5837485009259,"cluster_2way(u,v)",0.2541055965071214,0.8986838322205539,POOLED,SiGAT,atomic,True,shared_slope,
ds_bitcoin-otc,125212,4.6484502837557224,0.7517305369546801,0.08257207386810346,0.10169871895548982,45.708051502499224,0.0,104.42303404792776,"cluster_2way(u,v)",0.2541055965071214,0.8986838322205539,POOLED,SiGAT,atomic,True,shared_slope,
ds_epinions,125212,5.286516527550535,2.6234403131270736,0.052502820366311154,0.06880130434284115,76.83744629618496,0.0,197.6537035624178,"cluster_2way(u,v)",0.2541055965071214,0.8986838322205539,POOLED,SiGAT,atomic,True,shared_slope,
ds_wiki-elec,125212,5.513031861800483,0.9705530144001694,0.0760552691849946,0.09206102469859792,59.88453723874797,0.0,247.90159220715316,"cluster_2way(u,v)",0.2541055965071214,0.8986838322205539,POOLED,SiGAT,atomic,True,shared_slope,
ds_wiki-rfa,125212,5.56451331412228,1.4903169494500959,0.06642653755656358,0.0840609237075642,66.19619519624145,0.0,260.998148681258,"cluster_2way(u,v)",0.2541055965071214,0.8986838322205539,POOLED,SiGAT,atomic,True,shared_slope,
ds_slashdot090221,125212,5.248260914150587,2.365564425218552,0.05866188500646007,0.07578389164945674,69.25298767219233,0.0,190.23514536697436,"cluster_2way(u,v)",0.2541055965071214,0.8986838322205539,POOLED,SiGAT,atomic,True,shared_slope,
const,2334,3.221437058842555,,0.12789337048747595,0.12881146425502527,25.008931289412608,0.0,25.064112918403303,"cluster_2way(u,v)",0.34494219618162003,0.903598971722365,bitcoin-alpha,walk_full,atomic_zscored,False,,
src_out,2334,-1.0115358842171998,-1.0115358842171822,0.08306028124202208,0.09875112320739461,-10.243284849457334,0.0,0.3636600107547678,"cluster_2way(u,v)",0.34494219618162003,0.903598971722365,bitcoin-alpha,walk_full,atomic_zscored,False,,0.0
src_in,2334,0.1518018003128482,0.15180180031284798,0.11178591943285644,0.16192966948709148,0.9374551358850848,0.34852449103282135,1.1639295231018671,"cluster_2way(u,v)",0.34494219618162003,0.903598971722365,bitcoin-alpha,walk_full,atomic_zscored,False,,0.4690423056890306
tgt_out,2334,-0.1384473784577141,-0.1384473784577124,0.1027088004800927,0.13419608211145514,-1.031679735200675,0.30222217372592564,0.8707090681176758,"cluster_2way(u,v)",0.34494219618162003,0.903598971722365,bitcoin-alpha,walk_full,atomic_zscored,False,,0.42252420404401253
tgt_in,2334,-0.9202943772890029,-0.9202943772889863,0.06896807784003132,0.10555162674346394,-8.718902831556692,0.0,0.39840174339531864,"cluster_2way(u,v)",0.34494219618162003,0.903598971722365,bitcoin-alpha,walk_full,atomic_zscored,False,,0.0
twohop_in,2334,-0.29328360099772066,-0.29328360099772066,0.1235469361310659,0.15412416594738182,-1.9029047079991859,0.057052980551458576,0.7458105980720656,"cluster_2way(u,v)",0.34494219618162003,0.903598971722365,bitcoin-alpha,walk_full,atomic_zscored,False,,0.10954172265880047
twohop_out,2334,0.008335938746242152,0.008335938746242175,0.11873827162767356,0.15336498310926003,0.05435359869797317,0.9566534470440544,1.0083707794262702,"cluster_2way(u,v)",0.34494219618162003,0.903598971722365,bitcoin-alpha,walk_full,atomic_zscored,False,,0.9701274392559425
const,2334,3.8829861197385127,,0.1689422974417273,0.1472800220307697,26.36464923210889,0.0,48.5690316880608,"cluster_2way(u,v)",0.35940032006467726,0.9357326478149101,bitcoin-alpha,walk_localattn4,atomic_zscored,False,,
src_out,2334,-1.0615560309240801,-1.0615560309240617,0.09898672687057193,0.11761422456640039,-9.025745268802645,0.0,0.34591713358288345,"cluster_2way(u,v)",0.35940032006467726,0.9357326478149101,bitcoin-alpha,walk_localattn4,atomic_zscored,False,,0.0
src_in,2334,0.27392224713017754,0.27392224713017715,0.13203293320113707,0.19386142539857257,1.412979640312675,0.15766171053141953,1.3151125444888858,"cluster_2way(u,v)",0.35940032006467726,0.9357326478149101,bitcoin-alpha,walk_localattn4,atomic_zscored,False,,0.2506717744804032
tgt_out,2334,-0.06597178863290484,-0.06597178863290404,0.12140309813377324,0.1796649044859615,-0.36719351963399,0.71347467281119,0.9361572741956085,"cluster_2way(u,v)",0.35940032006467726,0.9357326478149101,bitcoin-alpha,walk_localattn4,atomic_zscored,False,,0.7667190513791893
tgt_in,2334,-0.9970445402745178,-0.9970445402744998,0.07960568263775528,0.10417616738372859,-9.570754667926549,0.0,0.36896830229367744,"cluster_2way(u,v)",0.35940032006467726,0.9357326478149101,bitcoin-alpha,walk_localattn4,atomic_zscored,False,,0.0
twohop_in,2334,-0.2867100165300199,-0.2867100165300199,0.14816231472220684,0.16941729257105956,-1.6923302939088325,0.09058301485258058,0.750729396390928,"cluster_2way(u,v)",0.35940032006467726,0.9357326478149101,bitcoin-alpha,walk_localattn4,atomic_zscored,False,,0.16304942673464504
twohop_out,2334,0.08357443667693511,0.08357443667693533,0.1413944682679627,0.1961472068757736,0.4260801772714791,0.6700494239444676,1.087166137315595,"cluster_2way(u,v)",0.35940032006467726,0.9357326478149101,bitcoin-alpha,walk_localattn4,atomic_zscored,False,,0.7371196273321682
const,2334,4.719105447865229,,0.24042033195022927,0.21493578450830889,21.955885376000758,0.0,112.06795718438934,"cluster_2way(u,v)",0.43876909739168035,0.9537275064267352,bitcoin-alpha,GINEConv,atomic_zscored,False,,
src_out,2334,-1.0679568919868723,-1.0679568919868585,0.12012274903462626,0.19289432611278334,-5.536486808650083,3.085990707418773e-08,0.34371003726559723,"cluster_2way(u,v)",0.43876909739168035,0.9537275064267352,bitcoin-alpha,GINEConv,atomic_zscored,False,,8.384578525817044e-08
src_in,2334,-0.266496965870661,-0.2664969658706602,0.14735105006092303,0.18973663619519748,-1.4045625094591323,0.1601514114735909,0.7660583280427165,"cluster_2way(u,v)",0.43876909739168035,0.9537275064267352,bitcoin-alpha,GINEConv,atomic_zscored,False,,0.2506717744804032
tgt_out,2334,-0.25093532977592686,-0.2509353297759264,0.14549776067723716,0.1589647545259689,-1.5785595399698078,0.11443712121269756,0.7780726880670323,"cluster_2way(u,v)",0.43876909739168035,0.9537275064267352,bitcoin-alpha,GINEConv,atomic_zscored,False,,0.19386994652504055
tgt_in,2334,-1.255719738122757,-1.2557197381227394,0.09995773181634315,0.1020350822286202,-12.30674500079479,0.0,0.2848707420888158,"cluster_2way(u,v)",0.43876909739168035,0.9537275064267352,bitcoin-alpha,GINEConv,atomic_zscored,False,,0.0
twohop_in,2334,0.12813041358445457,0.12813041358445462,0.1800817423578384,0.2091002852251126,0.6127701521139117,0.5400283293543686,1.1367012343135627,"cluster_2way(u,v)",0.43876909739168035,0.9537275064267352,bitcoin-alpha,GINEConv,atomic_zscored,False,,0.6426783423721413
twohop_out,2334,0.5225597060328545,0.5225597060328531,0.17107977243564002,0.168716441533998,3.097266047586439,0.0019531449692868907,1.6863386611283844,"cluster_2way(u,v)",0.43876909739168035,0.9537275064267352,bitcoin-alpha,GINEConv,atomic_zscored,False,,0.004394576180895504
const,2334,4.534116413958337,,0.2216984114294008,0.24114222308219566,18.802664900426166,0.0,93.14118068776183,"cluster_2way(u,v)",0.43890953861451354,0.9485861182519281,bitcoin-alpha,SiGAT,atomic_zscored,False,,
src_out,2334,-1.0547312560218196,-1.0547312560218014,0.1140303970433595,0.16801643313121087,-6.27754819195654,3.4395375436702125e-10,0.34828601449921814,"cluster_2way(u,v)",0.43890953861451354,0.9485861182519281,bitcoin-alpha,SiGAT,atomic_zscored,False,,1.0318612631010637e-09
src_in,2334,-0.49506987518476875,-0.495069875184768,0.14148088542585663,0.17705815382421833,-2.7960862829071935,0.005172558899893431,0.6095283149046252,"cluster_2way(u,v)",0.43890953861451354,0.9485861182519281,bitcoin-alpha,SiGAT,atomic_zscored,False,,0.011285583054312941
tgt_out,2334,0.0006622390246140721,0.0006622390246140647,0.13989446917800175,0.13530016166465883,0.004894591524993371,0.9960946965840203,1.0006624583532902,"cluster_2way(u,v)",0.43890953861451354,0.9485861182519281,bitcoin-alpha,SiGAT,atomic_zscored,False,,0.9981215960807567
tgt_in,2334,-1.1797179352427782,-1.179717935242757,0.09397189067791877,0.09800122651282162,-12.037787456552234,0.0,0.30736542332871275,"cluster_2way(u,v)",0.43890953861451354,0.9485861182519281,bitcoin-alpha,SiGAT,atomic_zscored,False,,0.0
twohop_in,2334,0.31100923180922463,0.31100923180922463,0.17527691850561006,0.1827796390021855,1.701552938319929,0.08883920604042195,1.3648018207180412,"cluster_2way(u,v)",0.43890953861451354,0.9485861182519281,bitcoin-alpha,SiGAT,atomic_zscored,False,,0.16193475531418683
twohop_out,2334,0.12512763425865042,0.12512763425865076,0.162516475301193,0.17345874457742153,0.7213682686536509,0.47068296419507183,1.1332930908597467,"cluster_2way(u,v)",0.43890953861451354,0.9485861182519281,bitcoin-alpha,SiGAT,atomic_zscored,False,,0.57930210977855
const,3365,2.8659788974634166,,0.0898703433324147,0.10421500655177009,27.500635391120053,0.0,17.566240339102663,"cluster_2way(u,v)",0.2776264794409773,0.8939078751857356,bitcoin-otc,walk_full,atomic_zscored,False,,
src_out,3365,-0.650428165864087,-0.6504281658640837,0.06302494811232684,0.0763086975789546,-8.523643916096276,0.0,0.5218223024253712,"cluster_2way(u,v)",0.2776264794409773,0.8939078751857356,bitcoin-otc,walk_full,atomic_zscored,False,,0.0
src_in,3365,-0.24390831658258133,-0.24390831658258388,0.07394542259713903,0.0784650388717945,-3.1084967278370654,0.0018804172819120168,0.7835594703797171,"cluster_2way(u,v)",0.2776264794409773,0.8939078751857356,bitcoin-otc,walk_full,atomic_zscored,False,,0.004298096644370324
tgt_out,3365,-0.11815000404273356,-0.11815000404273515,0.07086060796600349,0.08395096088127164,-1.407369288004079,0.15931791323146127,0.8885627546118334,"cluster_2way(u,v)",0.2776264794409773,0.8939078751857356,bitcoin-otc,walk_full,atomic_zscored,False,,0.2506717744804032
tgt_in,3365,-0.7663015096879007,-0.7663015096878969,0.056329470199419744,0.1104052227754013,-6.940808509093789,3.8986591732737e-12,0.46472868830507663,"cluster_2way(u,v)",0.2776264794409773,0.8939078751857356,bitcoin-otc,walk_full,atomic_zscored,False,,1.2475709354475839e-11
twohop_in,3365,-0.19782551900929182,-0.19782551900929088,0.08187821184303934,0.08909285643375885,-2.2204419852266883,0.02638877969825648,0.8205130045707923,"cluster_2way(u,v)",0.2776264794409773,0.8939078751857356,bitcoin-otc,walk_full,atomic_zscored,False,,0.05277755939651296
twohop_out,3365,-0.09002115985477727,-0.09002115985477759,0.08210997397088096,0.10853553904718416,-0.8294164348844478,0.4068688048314988,0.9139118468246715,"cluster_2way(u,v)",0.2776264794409773,0.8939078751857356,bitcoin-otc,walk_full,atomic_zscored,False,,0.5278298008624849
const,3365,3.4635275889812402,,0.11445923458160923,0.11473226905531912,30.187911539614642,0.0,31.929411926803276,"cluster_2way(u,v)",0.2714960071599848,0.9334323922734027,bitcoin-otc,walk_localattn4,atomic_zscored,False,,
src_out,3365,-0.6155792316712934,-0.6155792316712903,0.07596452453567543,0.09104783883605008,-6.761052645958652,1.3699263945454732e-11,0.5403278296574804,"cluster_2way(u,v)",0.2714960071599848,0.9334323922734027,bitcoin-otc,walk_localattn4,atomic_zscored,False,,4.2884652350988724e-11
src_in,3365,-0.08979350225811951,-0.08979350225812045,0.08847966647196318,0.10105882365928955,-0.8885270875589248,0.37425729180921263,0.9141199294841771,"cluster_2way(u,v)",0.2714960071599848,0.9334323922734027,bitcoin-otc,walk_localattn4,atomic_zscored,False,,0.4990097224122835
tgt_out,3365,0.23785028971236702,0.23785028971237024,0.08499163814237841,0.10707721288551543,2.221296980961498,0.02633085321844275,1.2685192682239184,"cluster_2way(u,v)",0.2714960071599848,0.9334323922734027,bitcoin-otc,walk_localattn4,atomic_zscored,False,,0.05277755939651296
tgt_in,3365,-0.9856497142341893,-0.9856497142341845,0.06818363159066917,0.09794551450725007,-10.063245052035844,0.0,0.3731966769579346,"cluster_2way(u,v)",0.2714960071599848,0.9334323922734027,bitcoin-otc,walk_localattn4,atomic_zscored,False,,0.0
twohop_in,3365,-0.05938691135117028,-0.059386911351169996,0.10285934504329877,0.11545690629639307,-0.514364304883731,0.6069973106018716,0.9423420957599755,"cluster_2way(u,v)",0.2714960071599848,0.9334323922734027,bitcoin-otc,walk_localattn4,atomic_zscored,False,,0.6982722175484127
twohop_out,3365,-0.13078987452169555,-0.13078987452169602,0.0929424418180952,0.1136786362669686,-1.1505229022500063,0.24992856694935028,0.8774021195625951,"cluster_2way(u,v)",0.2714960071599848,0.9334323922734027,bitcoin-otc,walk_localattn4,atomic_zscored,False,,0.3635324610172368
const,3365,4.024602120811908,,0.15147506433978455,0.13709606208622704,29.356073832964075,0.0,55.958039812310446,"cluster_2way(u,v)",0.3609715320708641,0.9411589895988113,bitcoin-otc,GINEConv,atomic_zscored,False,,
src_out,3365,-0.5602325599632462,-0.560232559963247,0.08066270613714761,0.09273100874982293,-6.041480271984164,1.527066917361708e-09,0.5710762389353975,"cluster_2way(u,v)",0.3609715320708641,0.9411589895988113,bitcoin-otc,GINEConv,atomic_zscored,False,,4.487706859185427e-09
src_in,3365,-0.28655270052088655,-0.28655270052089005,0.0902621980550435,0.10898472659324461,-2.629292282306358,0.008556278564026742,0.7508475074336425,"cluster_2way(u,v)",0.3609715320708641,0.9411589895988113,bitcoin-otc,GINEConv,atomic_zscored,False,,0.018389613630147027
tgt_out,3365,-0.012777210002274058,-0.012777210002274138,0.09230185934633615,0.11032535496066655,-0.11581390340261692,0.9078000313445325,0.987304071991453,"cluster_2way(u,v)",0.3609715320708641,0.9411589895988113,bitcoin-otc,GINEConv,atomic_zscored,False,,0.9404547087310264
tgt_in,3365,-1.246183703348554,-1.2461837033485812,0.08153303116346379,0.08560134251749166,-14.557992511553318,0.0,0.28760027315878217,"cluster_2way(u,v)",0.3609715320708641,0.9411589895988113,bitcoin-otc,GINEConv,atomic_zscored,False,,0.0
twohop_in,3365,-0.05280960867386622,-0.05280960867386591,0.11112091120041674,0.11243438356913142,-0.46969269539682845,0.6385745873914792,0.9485605930004901,"cluster_2way(u,v)",0.3609715320708641,0.9411589895988113,bitcoin-otc,GINEConv,atomic_zscored,False,,0.7183964108154142
twohop_out,3365,0.14940392259894206,0.14940392259894258,0.10220620357656969,0.12069436683313836,1.2378698900297067,0.21576430848047634,1.1611419059560688,"cluster_2way(u,v)",0.3609715320708641,0.9411589895988113,bitcoin-otc,GINEConv,atomic_zscored,False,,0.3203099012493669
const,3365,3.8599420778652673,,0.1413414893574766,0.15530901468184868,24.85330349801252,0.0,47.46260215399737,"cluster_2way(u,v)",0.4360473409693979,0.9209509658246656,bitcoin-otc,SiGAT,atomic_zscored,False,,
src_out,3365,-0.7017710823163027,-0.7017710823162977,0.0763366169684257,0.09194782322304197,-7.632275106872133,2.3092638912203256e-14,0.4957065887093913,"cluster_2way(u,v)",0.4360473409693979,0.9209509658246656,bitcoin-otc,SiGAT,atomic_zscored,False,,7.733348845016904e-14
src_in,3365,-0.5690251328147052,-0.5690251328147103,0.08888916869835943,0.1141044648289933,-4.9868787664662815,6.136254271371655e-07,0.5660770197076035,"cluster_2way(u,v)",0.4360473409693979,0.9209509658246656,bitcoin-otc,SiGAT,atomic_zscored,False,,1.6065829365045787e-06
tgt_out,3365,0.07941296467650324,0.07941296467650442,0.08946715884243464,0.118828859512937,0.6682969524575593,0.5039440582872268,1.0826513265202602,"cluster_2way(u,v)",0.4360473409693979,0.9209509658246656,bitcoin-otc,SiGAT,atomic_zscored,False,,0.6149825796047512
tgt_in,3365,-1.3078314800677346,-1.3078314800677298,0.07566064974768444,0.08262842940963513,-15.827863235595169,0.0,0.2704058014254423,"cluster_2way(u,v)",0.4360473409693979,0.9209509658246656,bitcoin-otc,SiGAT,atomic_zscored,False,,0.0
twohop_in,3365,0.07326791703015108,0.0732679170301507,0.10767833887441657,0.12089743101097752,0.6060336966423904,0.5444923774457016,1.0760187820565634,"cluster_2way(u,v)",0.4360473409693979,0.9209509658246656,bitcoin-otc,SiGAT,atomic_zscored,False,,0.6426795274768936
twohop_out,3365,0.061836027001721215,0.06183602700172141,0.10033005878018633,0.1453733215069602,0.42536021300690047,0.6705741054202363,1.0637878979349855,"cluster_2way(u,v)",0.4360473409693979,0.9209509658246656,bitcoin-otc,SiGAT,atomic_zscored,False,,0.7371196273321682
const,70258,3.478620419379595,,0.02652435644570344,0.03322928225878325,104.68539140535053,0.0,32.41497214750866,"cluster_2way(u,v)",0.211302316093399,0.9356229895527911,epinions,walk_full,atomic_zscored,False,,
src_out,70258,-0.9346406659463975,-0.9346406659461717,0.01665383794735947,0.025407466827260996,-36.78606262878489,0.0,0.3927269603505353,"cluster_2way(u,v)",0.211302316093399,0.9356229895527911,epinions,walk_full,atomic_zscored,False,,0.0
src_in,70258,-0.12970606080415287,-0.12970606080411012,0.022760673061476368,0.032692867233804095,-3.967411603165785,7.265744769502369e-05,0.8783535755229529,"cluster_2way(u,v)",0.211302316093399,0.9356229895527911,epinions,walk_full,atomic_zscored,False,,0.0001773334316624307
tgt_out,70258,-0.08127200309001349,-0.08127200309000308,0.018479693523378794,0.02321712782038855,-3.500519259692535,0.0004643526832741607,0.9219428860224155,"cluster_2way(u,v)",0.211302316093399,0.9356229895527911,epinions,walk_full,atomic_zscored,False,,0.001096176826089822
tgt_in,70258,-0.5988021765672745,-0.598802176567309,0.015190338192134053,0.025427633264383315,-23.549269031106462,0.0,0.549469409401386,"cluster_2way(u,v)",0.211302316093399,0.9356229895527911,epinions,walk_full,atomic_zscored,False,,0.0
twohop_in,70258,-0.1691477391419266,-0.1691477391419242,0.025657092728957887,0.03582174278611883,-4.721929364293032,2.336178240636144e-06,0.8443841455813311,"cluster_2way(u,v)",0.211302316093399,0.9356229895527911,epinions,walk_full,atomic_zscored,False,,6.007315475921514e-06
twohop_out,70258,-0.16571872764397957,-0.16571872764397627,0.024728922800812365,0.0308965274570453,-5.363668388765512,8.15485572402963e-08,0.8472845183891565,"cluster_2way(u,v)",0.211302316093399,0.9356229895527911,epinions,walk_full,atomic_zscored,False,,2.174628193074568e-07
const,70258,3.6470386911051063,,0.028439432843069316,0.032483258371688,112.27441069408908,0.0,38.36089921074657,"cluster_2way(u,v)",0.20904771544283074,0.9444903071536338,epinions,walk_localattn4,atomic_zscored,False,,
src_out,70258,-0.9499359349311352,-0.9499359349309057,0.017935057602511364,0.02418559442479588,-39.276931476086816,0.0,0.3867658008384756,"cluster_2way(u,v)",0.20904771544283074,0.9444903071536338,epinions,walk_localattn4,atomic_zscored,False,,0.0
src_in,70258,-0.11034326068796982,-0.11034326068793346,0.024307910475291405,0.03394411014346345,-3.250733638961468,0.0011510764540916263,0.8955266834260287,"cluster_2way(u,v)",0.20904771544283074,0.9444903071536338,epinions,walk_localattn4,atomic_zscored,False,,0.0026734678933740996
tgt_out,70258,-0.05820822567794595,-0.0582082256779385,0.019755981391987202,0.023742557033973346,-2.451640975091921,0.014220646989700825,0.9434534757426856,"cluster_2way(u,v)",0.20904771544283074,0.9444903071536338,epinions,walk_localattn4,atomic_zscored,False,,0.029253902378813125
tgt_in,70258,-0.612188612498482,-0.6121886124985173,0.01599821086793556,0.02460560747918729,-24.88004464089347,0.0,0.5421629849545643,"cluster_2way(u,v)",0.20904771544283074,0.9444903071536338,epinions,walk_localattn4,atomic_zscored,False,,0.0
twohop_in,70258,-0.16022143199034633,-0.16022143199034408,0.02736329210925546,0.03662940144637455,-4.374120942841792,1.2192277450973066e-05,0.8519551179606283,"cluster_2way(u,v)",0.20904771544283074,0.9444903071536338,epinions,walk_localattn4,atomic_zscored,False,,3.0270481947243473e-05
twohop_out,70258,-0.07264084718656216,-0.0726408471865607,0.024975656775167127,0.029528886191037773,-2.4599927920278,0.013893980618731705,0.9299347587414,"cluster_2way(u,v)",0.20904771544283074,0.9444903071536338,epinions,walk_localattn4,atomic_zscored,False,,0.02899613346517921
const,70258,3.287210769047307,,0.02374110587117798,0.049439706985436385,66.48928501974397,0.0,26.76809702889825,"cluster_2way(u,v)",0.2354018438664811,0.9248341825841897,epinions,GINEConv,atomic_zscored,False,,
src_out,70258,-0.6678298086699803,-0.6678298086698224,0.01498089027146705,0.03311035544057947,-20.169816958579062,0.0,0.5128202891824463,"cluster_2way(u,v)",0.2354018438664811,0.9248341825841897,epinions,GINEConv,atomic_zscored,False,,0.0
src_in,70258,-0.2780525044731219,-0.27805250447305363,0.020296858915923414,0.04613295067612853,-6.027199656600332,1.668248650332771e-09,0.7572570610875343,"cluster_2way(u,v)",0.2354018438664811,0.9248341825841897,epinions,GINEConv,atomic_zscored,False,,4.8045561129583805e-09
tgt_out,70258,0.029333981107627465,0.02933398110762474,0.018096286339436104,0.02196527468673393,1.3354707157540766,0.18172233355415912,1.0297684602605541,"cluster_2way(u,v)",0.2354018438664811,0.9248341825841897,epinions,GINEConv,atomic_zscored,False,,0.2783831492744565
tgt_in,70258,-0.8650638991746448,-0.8650638991745476,0.014248594571678127,0.03167685253031557,-27.309023153318538,0.0,0.42102464864020583,"cluster_2way(u,v)",0.2354018438664811,0.9248341825841897,epinions,GINEConv,atomic_zscored,False,,0.0
twohop_in,70258,-0.2520054752287322,-0.2520054752287176,0.02349855794645012,0.04236436409504205,-5.948524912668868,2.7056972218275632e-09,0.7772404824878745,"cluster_2way(u,v)",0.2354018438664811,0.9248341825841897,epinions,GINEConv,atomic_zscored,False,,7.639615685160179e-09
twohop_out,70258,0.1440297554916791,0.14402975549167665,0.019765888088904424,0.030735430861017675,4.686114736538629,2.7844020762390898e-06,1.1549184731806612,"cluster_2way(u,v)",0.2354018438664811,0.9248341825841897,epinions,GINEConv,atomic_zscored,False,,7.034278929446121e-06
const,70258,3.5042185084314785,,0.02635551471813217,0.03857878872351993,90.83277688019008,0.0,33.255444844970626,"cluster_2way(u,v)",0.21985508593750847,0.9378576105212217,epinions,SiGAT,atomic_zscored,False,,
src_out,70258,-0.9756818208305522,-0.9756818208303625,0.017118195882007615,0.02473399020220724,-39.447004419993796,0.0,0.37693526361397356,"cluster_2way(u,v)",0.21985508593750847,0.9378576105212217,epinions,SiGAT,atomic_zscored,False,,0.0
src_in,70258,-0.26656107087677067,-0.2665610708766837,0.022977615576432492,0.03560821852830178,-7.485942344037941,7.105427357601002e-14,0.7660092214429232,"cluster_2way(u,v)",0.21985508593750847,0.9378576105212217,epinions,SiGAT,atomic_zscored,False,,2.325412589760328e-13
tgt_out,70258,-0.02188930400299581,-0.021889304002992487,0.019209322903082037,0.02195634725455286,-0.9969465207131324,0.31879046912119713,0.9783485283230439,"cluster_2way(u,v)",0.21985508593750847,0.9378576105212217,epinions,SiGAT,atomic_zscored,False,,0.43719835765192744
tgt_in,70258,-0.6203048572601583,-0.6203048572601921,0.015126203892444543,0.025475607640707,-24.348972005244136,0.0,0.5377804663224983,"cluster_2way(u,v)",0.21985508593750847,0.9378576105212217,epinions,SiGAT,atomic_zscored,False,,0.0
twohop_in,70258,-0.0032268706722972554,-0.003226870672297182,0.0259410752509958,0.04108392303635488,-0.07854339200864094,0.9373958149791988,0.9967783300793157,"cluster_2way(u,v)",0.21985508593750847,0.9378576105212217,epinions,SiGAT,atomic_zscored,False,,0.9573404067872668
twohop_out,70258,0.11391956586372046,0.11391956586371825,0.021897068510822962,0.0297748648527484,3.8260313330424736,0.0001302257216586611,1.1206619817803445,"cluster_2way(u,v)",0.21985508593750847,0.9378576105212217,epinions,SiGAT,atomic_zscored,False,,0.0003125417319807866
const,4009,2.4410928197893482,,0.07418568258212714,0.07764182891359679,31.440434285826814,0.0,11.485585562127492,"cluster_2way(u,v)",0.24672357002266465,0.846595160888002,wiki-elec,walk_full,atomic_zscored,False,,
src_out,4009,-0.6435645035495126,-0.6435645035495146,0.05872597859976038,0.0723263701088142,-8.898061697016969,0.0,0.5254162341551962,"cluster_2way(u,v)",0.24672357002266465,0.846595160888002,wiki-elec,walk_full,atomic_zscored,False,,0.0
src_in,4009,-0.05641545300225196,-0.05641545300225226,0.08247429455680272,0.08863059999631978,-0.6365234242416784,0.5244353183556472,0.945146390406938,"cluster_2way(u,v)",0.24672357002266465,0.846595160888002,wiki-elec,walk_full,atomic_zscored,False,,0.6293223820267766
tgt_out,4009,-0.0872217826058296,-0.08722178260582851,0.05526078647873175,0.06652918024539871,-1.3110304724048067,0.18984746869962743,0.9164738151410503,"cluster_2way(u,v)",0.24672357002266465,0.846595160888002,wiki-elec,walk_full,atomic_zscored,False,,0.2877687946604879
tgt_in,4009,-1.3014504140716319,-1.3014504140716423,0.06298871759704845,0.07660152982571178,-16.989874967677107,0.0,0.27213679561058596,"cluster_2way(u,v)",0.24672357002266465,0.846595160888002,wiki-elec,walk_full,atomic_zscored,False,,0.0
twohop_in,4009,-0.021708583236377914,-0.021708583236377924,0.08470417731383555,0.09554185169179451,-0.22721543336219774,0.8202562274321505,0.9785253521964937,"cluster_2way(u,v)",0.24672357002266465,0.846595160888002,wiki-elec,walk_full,atomic_zscored,False,,0.8621671295637202
twohop_out,4009,-0.10560843398063999,-0.10560843398064008,0.05716679882657552,0.06347939967945547,-1.6636646615109563,0.09617946205968786,0.8997769011657548,"cluster_2way(u,v)",0.24672357002266465,0.846595160888002,wiki-elec,walk_full,atomic_zscored,False,,0.17098571032833398
const,4009,2.4316242037912623,,0.073270388361709,0.07082612527980633,34.332305970217426,0.0,11.37734621003621,"cluster_2way(u,v)",0.2385405140197091,0.8488401097530556,wiki-elec,walk_localattn4,atomic_zscored,False,,
src_out,4009,-0.6611105436651461,-0.6611105436651482,0.05920761608911357,0.07101456637357487,-9.309506167894465,0.0,0.5162776671166508,"cluster_2way(u,v)",0.2385405140197091,0.8488401097530556,wiki-elec,walk_localattn4,atomic_zscored,False,,0.0
src_in,4009,-0.1032805867464204,-0.10328058674642096,0.08274148503319993,0.0912246800963019,-1.132156195422024,0.25756877269177814,0.9018738841175903,"cluster_2way(u,v)",0.2385405140197091,0.8488401097530556,wiki-elec,walk_localattn4,atomic_zscored,False,,0.37089903267616053
tgt_out,4009,-0.08099255080376133,-0.08099255080376032,0.05531794606181325,0.06656743005636175,-1.2166993788882345,0.22371861548066097,0.9222005610719722,"cluster_2way(u,v)",0.2385405140197091,0.8488401097530556,wiki-elec,walk_localattn4,atomic_zscored,False,,0.3287293941756651
tgt_in,4009,-1.251565388774641,-1.251565388774651,0.0620136931941959,0.07022939763405796,-17.82110385306353,0.0,0.286056656315905,"cluster_2way(u,v)",0.2385405140197091,0.8488401097530556,wiki-elec,walk_localattn4,atomic_zscored,False,,0.0
twohop_in,4009,0.04245449772677899,0.04245449772677901,0.08437048772395131,0.09417466523754375,0.45080593193182966,0.6521294256206085,1.0433685796513554,"cluster_2way(u,v)",0.2385405140197091,0.8488401097530556,wiki-elec,walk_localattn4,atomic_zscored,False,,0.727958428599749
twohop_out,4009,-0.1290923026280073,-0.12909230262800742,0.057872216322611386,0.07295498598210695,-1.7694788216348734,0.07681400199285959,0.8788928376828283,"cluster_2way(u,v)",0.2385405140197091,0.8488401097530556,wiki-elec,walk_localattn4,atomic_zscored,False,,0.14181046521758695
const,4009,2.6708657689025275,,0.08685330664468768,0.10324324375275869,25.86964213656994,0.0,14.452476282426863,"cluster_2way(u,v)",0.2636811931761972,0.8553255175854327,wiki-elec,GINEConv,atomic_zscored,False,,
src_out,4009,-0.1921039634405416,-0.19210396344054265,0.053583181880041006,0.06601023331387462,-2.910214883306032,0.003611803385354939,0.8252210712100989,"cluster_2way(u,v)",0.2636811931761972,0.8553255175854327,wiki-elec,GINEConv,atomic_zscored,False,,0.008001533653709404
src_in,4009,0.03936838285433925,0.03936838285433945,0.08244318618002373,0.1007427664948732,0.3907812364507849,0.6959589454963204,1.0401535878289556,"cluster_2way(u,v)",0.2636811931761972,0.8553255175854327,wiki-elec,GINEConv,atomic_zscored,False,,0.7566831233078188
tgt_out,4009,0.08365572777524773,0.0836557277752466,0.05570660143485303,0.056740751152833585,1.4743500231415254,0.14038737310073435,1.0872545178371718,"cluster_2way(u,v)",0.2636811931761972,0.8553255175854327,wiki-elec,GINEConv,atomic_zscored,False,,0.23236530720121548
tgt_in,4009,-1.6458911701699177,-1.6458911701699284,0.07542935875974338,0.08799989251514453,-18.703331596531942,0.0,0.19284063237638888,"cluster_2way(u,v)",0.2636811931761972,0.8553255175854327,wiki-elec,GINEConv,atomic_zscored,False,,0.0
twohop_in,4009,-0.012615774964381186,-0.012615774964381194,0.08460844646757414,0.10496865459076082,-0.12018611664183039,0.9043357153682401,0.9874634703276187,"cluster_2way(u,v)",0.2636811931761972,0.8553255175854327,wiki-elec,GINEConv,atomic_zscored,False,,0.9404547087310264
twohop_out,4009,-0.06010042220256936,-0.06010042220256943,0.055926072490410726,0.0544530102822663,-1.1037116569135252,0.26971823736810174,0.9416699642639936,"cluster_2way(u,v)",0.2636811931761972,0.8553255175854327,wiki-elec,GINEConv,atomic_zscored,False,,0.3807786880490848
const,4009,2.6710903569569844,,0.08101004582442548,0.08353368480044472,31.976206524804997,0.0,14.45572250047447,"cluster_2way(u,v)",0.22913646495441942,0.8720379146919431,wiki-elec,SiGAT,atomic_zscored,False,,
src_out,4009,-0.6999663907970936,-0.6999663907970956,0.06440843540649126,0.07463655603223014,-9.378331852488325,0.0,0.4966019939081142,"cluster_2way(u,v)",0.22913646495441942,0.8720379146919431,wiki-elec,SiGAT,atomic_zscored,False,,0.0
src_in,4009,0.17961597873661916,0.1796159787366201,0.08688214119263407,0.10934461138966692,1.6426596286169883,0.1004533760641293,1.196757694464401,"cluster_2way(u,v)",0.22913646495441942,0.8720379146919431,wiki-elec,SiGAT,atomic_zscored,False,,0.17640592869798316
tgt_out,4009,0.05264936316860859,0.0526493631686079,0.0575458516516964,0.06294272537992164,0.8364646247968701,0.40289356975833934,1.0540599880611432,"cluster_2way(u,v)",0.22913646495441942,0.8720379146919431,wiki-elec,SiGAT,atomic_zscored,False,,0.5277468832743559
tgt_in,4009,-1.237666744722307,-1.2376667447223166,0.06689886217032981,0.0696534969324882,-17.768910381081344,0.0,0.2900602135212868,"cluster_2way(u,v)",0.22913646495441942,0.8720379146919431,wiki-elec,SiGAT,atomic_zscored,False,,0.0
twohop_in,4009,-0.18223480345892698,-0.18223480345892695,0.09053558958670746,0.11598606771368285,-1.5711783928116463,0.11614121751947604,0.8334056309151725,"cluster_2way(u,v)",0.22913646495441942,0.8720379146919431,wiki-elec,SiGAT,atomic_zscored,False,,0.19446901538144826
twohop_out,4009,-0.07906508765936755,-0.07906508765936768,0.0589304164758531,0.06159918569568062,-1.2835411177344778,0.19930256378835187,0.923979782806503,"cluster_2way(u,v)",0.22913646495441942,0.8720379146919431,wiki-elec,SiGAT,atomic_zscored,False,,0.2989538456825278
const,9739,2.41270952539305,,0.04858791808489375,0.05521143147238289,43.69945609180415,0.0,11.16416980259395,"cluster_2way(u,v)",0.2453504194698115,0.8392032036143341,wiki-rfa,walk_full,atomic_zscored,False,,
src_out,9739,-0.5283110535947552,-0.5283110535947544,0.035892693157963895,0.042656129912718325,-12.385348944589422,0.0,0.5895999319084295,"cluster_2way(u,v)",0.2453504194698115,0.8392032036143341,wiki-rfa,walk_full,atomic_zscored,False,,0.0
src_in,9739,-0.04218493293588744,-0.04218493293588648,0.05233649625745879,0.055935581323038226,-0.7541699207926655,0.45074719663184126,0.9586924703645835,"cluster_2way(u,v)",0.2453504194698115,0.8392032036143341,wiki-rfa,walk_full,atomic_zscored,False,,0.56936487995601
tgt_out,9739,-0.06068778104905614,-0.06068778104905674,0.037688212253867176,0.04302073809666918,-1.4106634087190335,0.15834388516892517,0.9411170284817704,"cluster_2way(u,v)",0.2453504194698115,0.8392032036143341,wiki-rfa,walk_full,atomic_zscored,False,,0.2506717744804032
tgt_in,9739,-1.426009401310511,-1.4260094013105085,0.043536337430746794,0.05313662248124382,-26.83665868702634,0.0,0.2402658161351301,"cluster_2way(u,v)",0.2453504194698115,0.8392032036143341,wiki-rfa,walk_full,atomic_zscored,False,,0.0
twohop_in,9739,-0.016165774824258343,-0.016165774824258426,0.05558981005233973,0.057349810389082684,-0.2818801791075445,0.7780353883006768,0.9839641900435532,"cluster_2way(u,v)",0.2453504194698115,0.8392032036143341,wiki-rfa,walk_full,atomic_zscored,False,,0.8238021758477754
twohop_out,9739,-0.04827240663376551,-0.04827240663376541,0.037490143000901664,0.04294794754884513,-1.123974704003371,0.261023757420106,0.9528741824716526,"cluster_2way(u,v)",0.2453504194698115,0.8392032036143341,wiki-rfa,walk_full,atomic_zscored,False,,0.3721526838464877
const,9739,2.4706872923464003,,0.049948932504323924,0.05360062584143994,46.09437396598926,0.0,11.830575121812196,"cluster_2way(u,v)",0.25458520772379556,0.8411541225998562,wiki-rfa,walk_localattn4,atomic_zscored,False,,
src_out,9739,-0.6210402398736168,-0.6210402398736159,0.037231384927556795,0.04480240602550647,-13.86176089561021,0.0,0.5373851372945697,"cluster_2way(u,v)",0.25458520772379556,0.8411541225998562,wiki-rfa,walk_localattn4,atomic_zscored,False,,0.0
src_in,9739,0.028383874085651507,0.028383874085650865,0.052789552372775175,0.0558008986506274,0.5086633866483864,0.6109881903548611,1.028790534656008,"cluster_2way(u,v)",0.25458520772379556,0.8411541225998562,wiki-rfa,walk_localattn4,atomic_zscored,False,,0.6982722175484127
tgt_out,9739,-0.03470070240606452,-0.03470070240606487,0.03797056136394253,0.046682383630035774,-0.7433361304142543,0.45727820231117144,0.9658944628886663,"cluster_2way(u,v)",0.25458520772379556,0.8411541225998562,wiki-rfa,walk_localattn4,atomic_zscored,False,,0.5725918359374668
tgt_in,9739,-1.4419037129893808,-1.4419037129893784,0.04428014019200971,0.052151984960197004,-27.64810800758319,0.0,0.2364771452857515,"cluster_2way(u,v)",0.25458520772379556,0.8411541225998562,wiki-rfa,walk_localattn4,atomic_zscored,False,,0.0
twohop_in,9739,-0.027694682704859513,-0.027694682704859655,0.056182407549218,0.05792803839296511,-0.47808770110577065,0.6325877853846646,0.9726852991142034,"cluster_2way(u,v)",0.25458520772379556,0.8411541225998562,wiki-rfa,walk_localattn4,atomic_zscored,False,,0.7172648905148954
twohop_out,9739,-0.06851117975118837,-0.06851117975118823,0.03803056206650033,0.047511189467847,-1.4420009374329184,0.14930210915689446,0.9337830205833333,"cluster_2way(u,v)",0.25458520772379556,0.8411541225998562,wiki-rfa,walk_localattn4,atomic_zscored,False,,0.24431254225673638
const,9739,2.983148646495114,,0.06523606646540442,0.07895836929888882,37.781284909807475,0.0,19.749904314404453,"cluster_2way(u,v)",0.2788374021950836,0.869185748023411,wiki-rfa,GINEConv,atomic_zscored,False,,
src_out,9739,-0.5728565434997678,-0.572856543499767,0.04014062106730172,0.059108212774152305,-9.691657328375099,0.0,0.5639122957870327,"cluster_2way(u,v)",0.2788374021950836,0.869185748023411,wiki-rfa,GINEConv,atomic_zscored,False,,0.0
src_in,9739,-0.06264071305892285,-0.06264071305892269,0.05691849124492627,0.06202550207717266,-1.0099186779815945,0.3125342532001256,0.9392808844276458,"cluster_2way(u,v)",0.2788374021950836,0.869185748023411,wiki-rfa,GINEConv,atomic_zscored,False,,0.43273973520017395
tgt_out,9739,0.03344928733721792,0.03344928733721826,0.04078918739657263,0.04084262181888255,0.8189799245883254,0.41279786750845116,1.0340150047423824,"cluster_2way(u,v)",0.2788374021950836,0.869185748023411,wiki-rfa,GINEConv,atomic_zscored,False,,0.5307401153680086
tgt_in,9739,-1.7229144993095398,-1.722914499309572,0.0564210429261529,0.060288876845161904,-28.577651292699464,0.0,0.17854501953008242,"cluster_2way(u,v)",0.2788374021950836,0.869185748023411,wiki-rfa,GINEConv,atomic_zscored,False,,0.0
twohop_in,9739,0.12036972365223425,0.1203697236522343,0.059360101916180144,0.06781583642723739,1.774950070569199,0.07590613172672755,1.1279137909046397,"cluster_2way(u,v)",0.2788374021950836,0.869185748023411,wiki-rfa,GINEConv,atomic_zscored,False,,0.14181046521758695
twohop_out,9739,-0.04271408739300648,-0.042714087393006306,0.03994463821888867,0.04399703796624809,-0.9708400694104495,0.3316279256833432,0.9581853081662864,"cluster_2way(u,v)",0.2788374021950836,0.869185748023411,wiki-rfa,GINEConv,atomic_zscored,False,,0.45051340847548516
const,9739,2.7468171643920174,,0.05632148560879176,0.06640022417366653,41.367588717891245,0.0,15.592923107820658,"cluster_2way(u,v)",0.24510778955144374,0.867234829037889,wiki-rfa,SiGAT,atomic_zscored,False,,
src_out,9739,-0.6137484334428466,-0.6137484334428456,0.03988773718388572,0.04416448750021075,-13.896876612457413,0.0,0.5413179669850667,"cluster_2way(u,v)",0.24510778955144374,0.867234829037889,wiki-rfa,SiGAT,atomic_zscored,False,,0.0
src_in,9739,-0.02506762985623424,-0.02506762985623367,0.055831252423698415,0.06480244891951031,-0.38683152063234816,0.6988809402773604,0.9752439541895831,"cluster_2way(u,v)",0.24510778955144374,0.867234829037889,wiki-rfa,SiGAT,atomic_zscored,False,,0.7566831233078188
tgt_out,9739,-0.012172230808671327,-0.012172230808671435,0.04006917197401217,0.038468325054486045,-0.3164221678856757,0.7516820931482919,0.9879015511257664,"cluster_2way(u,v)",0.24510778955144374,0.867234829037889,wiki-rfa,SiGAT,atomic_zscored,False,,0.8017942326915113
tgt_in,9739,-1.4638669336349992,-1.4638669336349928,0.04901750750564253,0.058128929166569136,-25.18310511862813,0.0,0.2313399665667184,"cluster_2way(u,v)",0.24510778955144374,0.867234829037889,wiki-rfa,SiGAT,atomic_zscored,False,,0.0
twohop_in,9739,0.05466268180312571,0.054662681803126,0.058794661833064255,0.07016949017818438,0.7790092483829999,0.43597426683384843,1.056184284402149,"cluster_2way(u,v)",0.24510778955144374,0.867234829037889,wiki-rfa,SiGAT,atomic_zscored,False,,0.5555778267617183
twohop_out,9739,-0.02264181074371682,-0.022641810743716767,0.039291909547272554,0.04272270151272882,-0.5299714189883546,0.5961317471681995,0.9776125913941842,"cluster_2way(u,v)",0.24510778955144374,0.867234829037889,wiki-rfa,SiGAT,atomic_zscored,False,,0.692282028969522
const,35507,2.0110591855066984,,0.020771694779199705,0.024368101214375184,82.52834998569105,0.0,7.471226572814443,"cluster_2way(u,v)",0.20806869153094298,0.8133044188469879,slashdot090221,walk_full,atomic_zscored,False,,
src_out,35507,-1.1792098914472606,-1.179209891447134,0.019777166940162738,0.026153557482447135,-45.087934681111086,0.0,0.3075216180985238,"cluster_2way(u,v)",0.20806869153094298,0.8133044188469879,slashdot090221,walk_full,atomic_zscored,False,,0.0
src_in,35507,-0.01270614832434569,-0.012706148324345327,0.019389132007347692,0.02194744517370199,-0.5789351892114775,0.5626329051259231,0.9873742339683186,"cluster_2way(u,v)",0.20806869153094298,0.8133044188469879,slashdot090221,walk_full,atomic_zscored,False,,0.6586921816108369
tgt_out,35507,-0.05106528122845948,-0.05106528122846423,0.017306642679366203,0.020191098425458007,-2.5290987222405725,0.011435585641612178,0.9502166371982639,"cluster_2way(u,v)",0.20806869153094298,0.8133044188469879,slashdot090221,walk_full,atomic_zscored,False,,0.02421653429988461
tgt_in,35507,-0.41967153228448295,-0.41967153228452864,0.01810262331134684,0.025242800272630043,-16.625395271202112,0.0,0.6572626739315627,"cluster_2way(u,v)",0.20806869153094298,0.8133044188469879,slashdot090221,walk_full,atomic_zscored,False,,0.0
twohop_in,35507,-0.048887568381908865,-0.0488875683819093,0.021559263995534962,0.02433792348584609,-2.008699238878773,0.044569039496757945,0.9522881909820565,"cluster_2way(u,v)",0.20806869153094298,0.8133044188469879,slashdot090221,walk_full,atomic_zscored,False,,0.08672894172342087
twohop_out,35507,-0.02774200388094597,-0.027742003880945772,0.017988831582134268,0.020557067135019754,-1.3495117615141898,0.177172645118453,0.9726392715909341,"cluster_2way(u,v)",0.20806869153094298,0.8133044188469879,slashdot090221,walk_full,atomic_zscored,False,,0.2743318376027659
const,35507,2.1232806638164816,,0.02171313267655411,0.024070240500992584,88.21185910996294,0.0,8.358514031057394,"cluster_2way(u,v)",0.20753441451952537,0.8255836877235475,slashdot090221,walk_localattn4,atomic_zscored,False,,
src_out,35507,-1.1645017237871251,-1.1645017237870003,0.020328566107399332,0.026292291441496616,-44.2906137100403,0.0,0.31207812440377847,"cluster_2way(u,v)",0.20753441451952537,0.8255836877235475,slashdot090221,walk_localattn4,atomic_zscored,False,,0.0
src_in,35507,0.034975893794242326,0.034975893794241326,0.019738997869793124,0.021519312775459324,1.6253257787176605,0.10409316140170777,1.0355947442387379,"cluster_2way(u,v)",0.20753441451952537,0.8255836877235475,slashdot090221,walk_localattn4,atomic_zscored,False,,0.18059536435958937
tgt_out,35507,-0.03708290884838914,-0.03708290884839259,0.017706898649455478,0.0197282242374428,-1.8796881261116423,0.060150594782649947,0.9635962413824557,"cluster_2way(u,v)",0.20753441451952537,0.8255836877235475,slashdot090221,walk_localattn4,atomic_zscored,False,,0.11396954800923148
tgt_in,35507,-0.5252925467481883,-0.5252925467482454,0.019123400302577247,0.024832438884396096,-21.153481911044395,0.0,0.5913823320798467,"cluster_2way(u,v)",0.20753441451952537,0.8255836877235475,slashdot090221,walk_localattn4,atomic_zscored,False,,0.0
twohop_in,35507,-0.05045353318307353,-0.05045353318307398,0.022024400950749822,0.02409974324646697,-2.0935299047416214,0.036301877416349715,0.9507981082075059,"cluster_2way(u,v)",0.20753441451952537,0.8255836877235475,slashdot090221,walk_localattn4,atomic_zscored,False,,0.07160918284868985
twohop_out,35507,-4.73256837707491e-05,-4.732568377074876e-05,0.018370388568186628,0.020102384339532983,-0.0023542323622615887,0.9981215960807566,0.9999526754360718,"cluster_2way(u,v)",0.20753441451952537,0.8255836877235475,slashdot090221,walk_localattn4,atomic_zscored,False,,0.9981215960807567
const,35507,1.791269776411169,,0.019473542029012154,0.02747790355631298,65.18946297122544,0.0,5.997062562378435,"cluster_2way(u,v)",0.1975771231146507,0.7827752274199453,slashdot090221,GINEConv,atomic_zscored,False,,
src_out,35507,-0.3062878655773883,-0.3062878655773743,0.015323767072392105,0.025815229789294413,-11.864618989539501,0.0,0.7361746696047061,"cluster_2way(u,v)",0.1975771231146507,0.7827752274199453,slashdot090221,GINEConv,atomic_zscored,False,,0.0
src_in,35507,-0.3045785852717981,-0.30457858527179277,0.018382526770361445,0.026686746023855557,-11.413103156133467,0.0,0.7374340745003011,"cluster_2way(u,v)",0.1975771231146507,0.7827752274199453,slashdot090221,GINEConv,atomic_zscored,False,,0.0
tgt_out,35507,0.001772271234791164,0.0017722712347912324,0.016330250633016706,0.0188082925018537,0.09422818337265294,0.9249278972773327,1.001773842635635,"cluster_2way(u,v)",0.1975771231146507,0.7827752274199453,slashdot090221,GINEConv,atomic_zscored,False,,0.9513544086281135
tgt_in,35507,-1.131281666925387,-1.13128166692547,0.021245456614652134,0.03158797627452067,-35.81367977149887,0.0,0.32261950058691985,"cluster_2way(u,v)",0.1975771231146507,0.7827752274199453,slashdot090221,GINEConv,atomic_zscored,False,,0.0
twohop_in,35507,-0.20128304582441614,-0.20128304582441708,0.021358918909901565,0.030126037332422338,-6.681364814209756,2.3672619420267438e-11,0.8176809576157812,"cluster_2way(u,v)",0.1975771231146507,0.7827752274199453,slashdot090221,GINEConv,atomic_zscored,False,,7.252887652167045e-11
twohop_out,35507,0.01508478077507829,0.015084780775078221,0.01713532118278333,0.018043423622765294,0.8360265263653125,0.40313998027902187,1.015199130336437,"cluster_2way(u,v)",0.1975771231146507,0.7827752274199453,slashdot090221,GINEConv,atomic_zscored,False,,0.5277468832743559
const,35507,2.1989995451554147,,0.022643669457281298,0.0311549014828619,70.58277961061984,0.0,9.01598889606298,"cluster_2way(u,v)",0.22134041733778054,0.827414312670741,slashdot090221,SiGAT,atomic_zscored,False,,
src_out,35507,-1.0945442460540185,-1.0945442460539012,0.02015731362930465,0.02937962556146052,-37.2552142900628,0.0,0.3346921094437288,"cluster_2way(u,v)",0.22134041733778054,0.827414312670741,slashdot090221,SiGAT,atomic_zscored,False,,0.0
src_in,35507,-0.016486343601866727,-0.01648634360186662,0.019988209846125166,0.02274161493794687,-0.7249416387908961,0.468487834752112,0.9836488123987543,"cluster_2way(u,v)",0.22134041733778054,0.827414312670741,slashdot090221,SiGAT,atomic_zscored,False,,0.57930210977855
tgt_out,35507,-0.01357692221688291,-0.013576922216884188,0.017881197387597456,0.020603508785373325,-0.6589616534889109,0.5099203932202001,0.9865148284914447,"cluster_2way(u,v)",0.22134041733778054,0.827414312670741,slashdot090221,SiGAT,atomic_zscored,False,,0.617046526249654
tgt_in,35507,-0.6738551589008172,-0.6738551589008805,0.020325963324882346,0.027112078070266412,-24.85442676708092,0.0,0.5097396575969093,"cluster_2way(u,v)",0.22134041733778054,0.827414312670741,slashdot090221,SiGAT,atomic_zscored,False,,0.0
twohop_in,35507,-0.15182916654554474,-0.15182916654554626,0.02309643510035657,0.027164179117291607,-5.589315469094978,2.2796647458633856e-08,0.8591350372115596,"cluster_2way(u,v)",0.22134041733778054,0.827414312670741,slashdot090221,SiGAT,atomic_zscored,False,,6.31291775777553e-08
twohop_out,35507,-0.032816535665057774,-0.032816535665057565,0.01873216679165991,0.020749530441970736,-1.5815555805869574,0.11375106116164835,0.9677160846916625,"cluster_2way(u,v)",0.22134041733778054,0.827414312670741,slashdot090221,SiGAT,atomic_zscored,False,,0.19386994652504055
src_out,125212,-1.0125342498506589,-1.0125342498507557,0.01174680794464829,0.01682234392762893,-60.18984359175287,0.0,0.3632971262736059,"cluster_2way(u,v)",0.24215768234133528,0.888868479059515,POOLED,walk_full,atomic_zscored,True,shared_slope,0.0
src_in,125212,-0.04760993586906992,-0.04760993586905363,0.013112156127612733,0.016175312252830382,-2.9433704354448587,0.003246596869250329,0.9535056428989153,"cluster_2way(u,v)",0.24215768234133528,0.888868479059515,POOLED,walk_full,atomic_zscored,True,shared_slope,0.004328795825667105
tgt_out,125212,-0.049491847343082075,-0.0494918473430894,0.011525721979117044,0.014117908067631179,-3.505607708025417,0.0004555661333163208,0.9517129170937315,"cluster_2way(u,v)",0.24215768234133528,0.888868479059515,POOLED,walk_full,atomic_zscored,True,shared_slope,0.0006833491999744812
tgt_in,125212,-0.6875679721955791,-0.6875679721955338,0.011262181801541768,0.017658121068876435,-38.93777653430305,0.0,0.5027974005661495,"cluster_2way(u,v)",0.24215768234133528,0.888868479059515,POOLED,walk_full,atomic_zscored,True,shared_slope,0.0
twohop_in,125212,-0.1332333255614063,-0.1332333255614089,0.01645063600725901,0.020851203504826964,-6.389718729212122,1.6619106091297908e-10,0.8752608475533277,"cluster_2way(u,v)",0.24215768234133528,0.888868479059515,POOLED,walk_full,atomic_zscored,True,shared_slope,3.625986783555907e-10
twohop_out,125212,-0.06735015040674042,-0.06735015040674375,0.013544263728720978,0.016487896564203353,-4.084823685330694,4.4110297706678736e-05,0.9348677996799035,"cluster_2way(u,v)",0.24215768234133528,0.888868479059515,POOLED,walk_full,atomic_zscored,True,shared_slope,7.561765321144926e-05
ds_bitcoin-alpha,125212,1.6753512106952662,0.2265934773078554,0.07855778498684632,0.09940608279622501,16.85360858781258,0.0,5.340670520335311,"cluster_2way(u,v)",0.24215768234133528,0.888868479059515,POOLED,walk_full,atomic_zscored,True,shared_slope,
ds_bitcoin-otc,125212,1.9071664034086349,0.308420040439361,0.06495336396165563,0.076089244160311,25.064861984835357,0.0,6.733980354726767,"cluster_2way(u,v)",0.24215768234133528,0.888868479059515,POOLED,walk_full,atomic_zscored,True,shared_slope,
ds_epinions,125212,2.993443718225707,1.4855001179971723,0.019186434237618948,0.027195732864355966,110.07034571033967,0.0,19.954281228357825,"cluster_2way(u,v)",0.24215768234133528,0.888868479059515,POOLED,walk_full,atomic_zscored,True,shared_slope,
ds_wiki-elec,125212,2.9706630866865047,0.5229764829636389,0.04983439571516576,0.05427510987823208,54.73343293733133,0.0,19.5048487144991,"cluster_2way(u,v)",0.24215768234133528,0.888868479059515,POOLED,walk_full,atomic_zscored,True,shared_slope,
ds_wiki-rfa,125212,3.0068248992315136,0.8053035114464692,0.034040540581326155,0.044172021232021914,68.07080172848772,0.0,20.223087539329846,"cluster_2way(u,v)",0.24215768234133528,0.888868479059515,POOLED,walk_full,atomic_zscored,True,shared_slope,
ds_slashdot090221,125212,2.7242546311075695,1.2279114826797743,0.02289431675281211,0.027870814178300857,97.74578574129238,0.0,15.245046507494711,"cluster_2way(u,v)",0.24215768234133528,0.888868479059515,POOLED,walk_full,atomic_zscored,True,shared_slope,
src_out,125212,-1.020535893807518,-1.0205358938076157,0.01242685877421006,0.01659945583281445,-61.4800812801395,0.0,0.3604017513465885,"cluster_2way(u,v)",0.2490707498907596,0.8992109382487301,POOLED,walk_localattn4,atomic_zscored,True,shared_slope,0.0
src_in,125212,-0.005201683550387751,-0.0052016835503859715,0.013551052394694016,0.01610066892568349,-0.3230725117321133,0.7466403273785154,0.9948118217785287,"cluster_2way(u,v)",0.2490707498907596,0.8992109382487301,POOLED,walk_localattn4,atomic_zscored,True,shared_slope,0.7466403273785153
tgt_out,125212,-0.028426890125622356,-0.028426890125626565,0.012010378699117292,0.014358313703480936,-1.9798209394694257,0.04772365261646416,0.9719733523982672,"cluster_2way(u,v)",0.2490707498907596,0.8992109382487301,POOLED,walk_localattn4,atomic_zscored,True,shared_slope,0.060282508568165256
tgt_in,125212,-0.7476618958015013,-0.7476618958014521,0.011885406759720333,0.017332566615418547,-43.136248219372376,0.0,0.47347228711857475,"cluster_2way(u,v)",0.2490707498907596,0.8992109382487301,POOLED,walk_localattn4,atomic_zscored,True,shared_slope,0.0
twohop_in,125212,-0.11893741911301763,-0.11893741911301994,0.017208986822743105,0.021021267242330857,-5.657956665595853,1.531857996006636e-08,0.8878633623001186,"cluster_2way(u,v)",0.2490707498907596,0.8992109382487301,POOLED,walk_localattn4,atomic_zscored,True,shared_slope,3.063715992013272e-08
twohop_out,125212,-0.024413428874993263,-0.02441342887499447,0.013899692448832985,0.016309517281709172,-1.4968823695580789,0.13442386846250454,0.9758821684788085,"cluster_2way(u,v)",0.2490707498907596,0.8992109382487301,POOLED,walk_localattn4,atomic_zscored,True,shared_slope,0.15362727824286232
ds_bitcoin-alpha,125212,2.2588402466660784,0.3055111447125101,0.09292277646411144,0.11897257639826202,18.986226196401645,0.0,9.571981589423881,"cluster_2way(u,v)",0.2490707498907596,0.8992109382487301,POOLED,walk_localattn4,atomic_zscored,True,shared_slope,
ds_bitcoin-otc,125212,2.600360124177133,0.4205208172827558,0.07837305382387817,0.0923089839491861,28.170173832793665,0.0,13.468587525739697,"cluster_2way(u,v)",0.2490707498907596,0.8992109382487301,POOLED,walk_localattn4,atomic_zscored,True,shared_slope,
ds_epinions,125212,3.177980459657882,1.5770767023515937,0.02062228038062953,0.02700840743383093,117.6663402847337,0.0,23.998239168035987,"cluster_2way(u,v)",0.2490707498907596,0.8992109382487301,POOLED,walk_localattn4,atomic_zscored,True,shared_slope,
ds_wiki-elec,125212,3.004615087820341,0.5289536327192366,0.050631507711585776,0.055546788701279715,54.091607419082344,0.0,20.178447670727504,"cluster_2way(u,v)",0.2490707498907596,0.8992109382487301,POOLED,walk_localattn4,atomic_zscored,True,shared_slope,
ds_wiki-rfa,125212,3.032186858536633,0.8120960835349852,0.03474813795503158,0.04247060095610912,71.39496004942856,0.0,20.742544035966237,"cluster_2way(u,v)",0.2490707498907596,0.8992109382487301,POOLED,walk_localattn4,atomic_zscored,True,shared_slope,
ds_slashdot090221,125212,2.860788372057307,1.2894517463434718,0.02399425678166608,0.028027910284590375,102.06927105907558,0.0,17.475298544356793,"cluster_2way(u,v)",0.2490707498907596,0.8992109382487301,POOLED,walk_localattn4,atomic_zscored,True,shared_slope,
src_out,125212,-0.4985934145535292,-0.49859341455350703,0.01021402470718661,0.021045603050454127,-23.6910965847933,0.0,0.6073843971980258,"cluster_2way(u,v)",0.2568457833237616,0.8789732613487525,POOLED,GINEConv,atomic_zscored,True,shared_slope,0.0
src_in,125212,-0.21962519109771753,-0.21962519109764356,0.012388386564674902,0.021690208756820612,-10.125545289122915,0.0,0.802819645528855,"cluster_2way(u,v)",0.2568457833237616,0.8789732613487525,POOLED,GINEConv,atomic_zscored,True,shared_slope,0.0
tgt_out,125212,0.012123795708710134,0.012123795708711686,0.011280418312577468,0.01319543117473675,0.9187873854339591,0.3582067918223417,1.0121975868278588,"cluster_2way(u,v)",0.2568457833237616,0.8789732613487525,POOLED,GINEConv,atomic_zscored,True,shared_slope,0.39077104562437276
tgt_in,125212,-1.148404734820996,-1.1484047348209336,0.012112141043789586,0.023073341543614664,-49.771929767962305,0.0,0.31714229210583006,"cluster_2way(u,v)",0.2568457833237616,0.8789732613487525,POOLED,GINEConv,atomic_zscored,True,shared_slope,0.0
twohop_in,125212,-0.2002357358831657,-0.2002357358831666,0.015647206889251114,0.02578904480463074,-7.764371941655276,8.215650382226158e-15,0.8185377716080524,"cluster_2way(u,v)",0.2568457833237616,0.8789732613487525,POOLED,GINEConv,atomic_zscored,True,shared_slope,1.971756091734278e-14
twohop_out,125212,0.05371633624039427,0.05371633624039669,0.012411956595451515,0.016243263945582027,3.306991527094188,0.0009430374436201205,1.055185241885464,"cluster_2way(u,v)",0.2568457833237616,0.8789732613487525,POOLED,GINEConv,atomic_zscored,True,shared_slope,0.0013313469792284056
ds_bitcoin-alpha,125212,2.5486954507265422,0.3447144461961327,0.10832159519529022,0.13100575541971787,19.454835725048873,0.0,12.790407177868012,"cluster_2way(u,v)",0.2568457833237616,0.8789732613487525,POOLED,GINEConv,atomic_zscored,True,shared_slope,
ds_bitcoin-otc,125212,2.690997225979625,0.43517832097685877,0.08335906940924655,0.09707485949996048,27.72084595168248,0.0,14.746374057858036,"cluster_2way(u,v)",0.2568457833237616,0.8789732613487525,POOLED,GINEConv,atomic_zscored,True,shared_slope,
ds_epinions,125212,2.6895630032085043,1.3346989403212193,0.017163755400478126,0.03989668878930301,67.41318853332065,0.0,14.725239631753162,"cluster_2way(u,v)",0.2568457833237616,0.8789732613487525,POOLED,GINEConv,atomic_zscored,True,shared_slope,
ds_wiki-elec,125212,2.957102142959146,0.5205891187795326,0.052436565371132296,0.06742593791847995,43.8570412848298,0.0,19.242129942051,"cluster_2way(u,v)",0.2568457833237616,0.8789732613487525,POOLED,GINEConv,atomic_zscored,True,shared_slope,
ds_wiki-rfa,125212,3.2482706347672847,0.8699687663804783,0.03730159210167871,0.05214564327948853,62.292272766821746,0.0,25.74577754341638,"cluster_2way(u,v)",0.2568457833237616,0.8789732613487525,POOLED,GINEConv,atomic_zscored,True,shared_slope,
ds_slashdot090221,125212,2.7923776029555554,1.2586167546507738,0.02253271435957918,0.03367305395707165,82.92617612039108,0.0,16.319775657349755,"cluster_2way(u,v)",0.2568457833237616,0.8789732613487525,POOLED,GINEConv,atomic_zscored,True,shared_slope,
src_out,125212,-1.0128890734069973,-1.0128890734071005,0.01227910420092789,0.01763799589657888,-57.426539803394576,0.0,0.3631682427620591,"cluster_2way(u,v)",0.2541055965071214,0.8986838322205539,POOLED,SiGAT,atomic_zscored,True,shared_slope,0.0
src_in,125212,-0.09377520175120511,-0.09377520175117304,0.01367464756222883,0.017925241718598956,-5.231460932206309,1.6817558101678287e-07,0.9104874152135799,"cluster_2way(u,v)",0.2541055965071214,0.8986838322205539,POOLED,SiGAT,atomic_zscored,True,shared_slope,3.1047799572329143e-07
tgt_out,125212,-0.006831658585915295,-0.006831658585916332,0.012028251016282023,0.013664804153235188,-0.499945590826333,0.6171133891400915,0.993191624143545,"cluster_2way(u,v)",0.2541055965071214,0.8986838322205539,POOLED,SiGAT,atomic_zscored,True,shared_slope,0.6439444060592259
tgt_in,125212,-0.825721261605443,-0.8257212616053841,0.01211086013972866,0.01815914242089763,-45.471379785820666,0.0,0.4379190243522545,"cluster_2way(u,v)",0.2541055965071214,0.8986838322205539,POOLED,SiGAT,atomic_zscored,True,shared_slope,0.0
twohop_in,125212,-0.09642291870223331,-0.09642291870223496,0.01716929653953627,0.02394059181690061,-4.027591274254322,5.6351194064552246e-05,0.9080798908785935,"cluster_2way(u,v)",0.2541055965071214,0.8986838322205539,POOLED,SiGAT,atomic_zscored,True,shared_slope,9.016191050328359e-05
twohop_out,125212,0.026343726192826506,0.026343726192827537,0.013633478798438311,0.017026379835006388,1.5472300305825182,0.12180778695440253,1.0266937893770591,"cluster_2way(u,v)",0.2541055965071214,0.8986838322205539,POOLED,SiGAT,atomic_zscored,True,shared_slope,0.14616934434528303
ds_bitcoin-alpha,125212,2.558124834941602,0.345989782940167,0.10289265696792362,0.09947767075748837,25.715568282433214,0.0,12.911583251447329,"cluster_2way(u,v)",0.2541055965071214,0.8986838322205539,POOLED,SiGAT,atomic_zscored,True,shared_slope,
ds_bitcoin-otc,125212,2.4059718052931736,0.38908504268858457,0.07431609082196272,0.09236209583457211,26.04934181660907,0.0,11.08920159233511,"cluster_2way(u,v)",0.2541055965071214,0.8986838322205539,POOLED,SiGAT,atomic_zscored,True,shared_slope,
ds_epinions,125212,3.0440380490879857,1.5106076167646623,0.019767382173688713,0.03085693781617501,98.65003673476376,0.0,20.989830301897754,"cluster_2way(u,v)",0.2541055965071214,0.8986838322205539,POOLED,SiGAT,atomic_zscored,True,shared_slope,
ds_wiki-elec,125212,3.270553383337934,0.5757712860231208,0.054124015181733834,0.0617526352837652,52.96216701213015,0.0,26.325903629502175,"cluster_2way(u,v)",0.2541055965071214,0.8986838322205539,POOLED,SiGAT,atomic_zscored,True,shared_slope,
ds_wiki-rfa,125212,3.3220348356597316,0.8897246790087501,0.037132381681339165,0.04418653529293727,75.18206199323173,0.0,27.716692129672502,"cluster_2way(u,v)",0.2541055965071214,0.8986838322205539,POOLED,SiGAT,atomic_zscored,True,shared_slope,
ds_slashdot090221,125212,3.0057824356880385,1.3548053566923668,0.024667863013829887,0.032573073508454696,92.27813380606699,0.0,20.20201669253659,"cluster_2way(u,v)",0.2541055965071214,0.8986838322205539,POOLED,SiGAT,atomic_zscored,True,shared_slope,
const,2419,4.507778538323956,,0.18037533667323274,0.2062039522631527,21.860776618729567,0.0,90.72006335383645,"cluster_2way(u,v)",0.33472379277115105,0.9011988424968995,bitcoin-alpha,walk_full,srctgt2,False,,
src_out,2419,-3.3985148858007452,-0.9761624144298471,0.2558056257369054,0.3391103936742277,-10.021854089985776,0.0,0.033422869899090074,"cluster_2way(u,v)",0.33472379277115105,0.9011988424968995,bitcoin-alpha,walk_full,srctgt2,False,,0.0
tgt_in,2419,-3.5980722543106722,-0.979747801580555,0.2393545059858973,0.3495818668872087,-10.29250254410815,0.0,0.027376446438352207,"cluster_2way(u,v)",0.33472379277115105,0.9011988424968995,bitcoin-alpha,walk_full,srctgt2,False,,0.0
const,2419,5.208009344290065,,0.23154662893474698,0.2163833506541566,24.068438392073777,0.0,182.72994349506166,"cluster_2way(u,v)",0.353998117309425,0.9338569656883009,bitcoin-alpha,walk_localattn4,srctgt2,False,,
src_out,2419,-3.3856920745718537,-0.9724792920103248,0.3022174728788003,0.38642815972368344,-8.7615045368143,0.0,0.033854204602121185,"cluster_2way(u,v)",0.353998117309425,0.9338569656883009,bitcoin-alpha,walk_localattn4,srctgt2,False,,0.0
tgt_in,2419,-3.7672506182596295,-1.0258147281008343,0.27630938614281064,0.35796150505277824,-10.524178061281148,0.0,0.02311552941543345,"cluster_2way(u,v)",0.353998117309425,0.9338569656883009,bitcoin-alpha,walk_localattn4,srctgt2,False,,0.0
const,2419,5.935914000936523,,0.29166411093467204,0.2794653911039798,21.240247235937588,0.0,378.38568303718165,"cluster_2way(u,v)",0.40704220436842375,0.9458453906572964,bitcoin-alpha,GINEConv,srctgt2,False,,
src_out,2419,-3.8263387141872682,-1.0990471318142792,0.35140032349813444,0.6031261150799148,-6.344176812307779,2.2361779095092515e-10,0.021789246424148406,"cluster_2way(u,v)",0.40704220436842375,0.9458453906572964,bitcoin-alpha,GINEConv,srctgt2,False,,2.2837561629030655e-10
tgt_in,2419,-4.144161901849704,-1.1284469087208608,0.31710041586541005,0.45682545744261693,-9.071652716224255,0.0,0.01585671987152316,"cluster_2way(u,v)",0.40704220436842375,0.9458453906572964,bitcoin-alpha,GINEConv,srctgt2,False,,0.0
const,2419,5.664036335876104,,0.26895041764678407,0.2939320069274172,19.269886240305794,0.0,288.310013187997,"cluster_2way(u,v)",0.382808763912025,0.9433650268706076,bitcoin-alpha,SiGAT,srctgt2,False,,
src_out,2419,-3.625844202028889,-1.041458681080645,0.33384369018465115,0.3927262242402461,-9.232498311115627,0.0,0.026626609607744673,"cluster_2way(u,v)",0.382808763912025,0.9433650268706076,bitcoin-alpha,SiGAT,srctgt2,False,,0.0
tgt_in,2419,-3.9593891993122883,-1.0781336753258712,0.30226170221991333,0.33497417496628545,-11.819983435173155,0.0,0.019074761611664316,"cluster_2way(u,v)",0.382808763912025,0.9433650268706076,bitcoin-alpha,SiGAT,srctgt2,False,,0.0
const,3560,3.867533027567787,,0.12013897390150016,0.16145891871970372,23.953666098073594,0.0,47.8242593036842,"cluster_2way(u,v)",0.24348291002140354,0.8896067415730337,bitcoin-otc,walk_full,srctgt2,False,,
src_out,3560,-2.4101398418968634,-0.777270768586733,0.1673356001198544,0.2278328969522643,-10.578541879322358,0.0,0.08980273550924937,"cluster_2way(u,v)",0.24348291002140354,0.8896067415730337,bitcoin-otc,walk_full,srctgt2,False,,0.0
tgt_in,3560,-2.641836721394532,-0.8109334771059922,0.1670178908702114,0.3304914132764795,-7.993662211079743,1.3322676295501878e-15,0.07123031908243338,"cluster_2way(u,v)",0.24348291002140354,0.8896067415730337,bitcoin-otc,walk_full,srctgt2,False,,1.4210854715202005e-15
const,3560,4.486179896841324,,0.15197528262719323,0.16708415424093176,26.84982257726456,0.0,88.78164221750625,"cluster_2way(u,v)",0.25273601817518787,0.927247191011236,bitcoin-otc,walk_localattn4,srctgt2,False,,
src_out,3560,-2.2537403162414953,-0.7268318781126132,0.19807656991541464,0.25362382439002246,-8.886153821163488,0.0,0.10500573447781333,"cluster_2way(u,v)",0.25273601817518787,0.927247191011236,bitcoin-otc,walk_localattn4,srctgt2,False,,0.0
tgt_in,3560,-2.8746392325714636,-0.8823941197486085,0.1985864285836216,0.3108883984457855,-9.246531060478796,0.0,0.0564364962811644,"cluster_2way(u,v)",0.25273601817518787,0.927247191011236,bitcoin-otc,walk_localattn4,srctgt2,False,,0.0
const,3560,4.933634755087117,,0.175680686635055,0.18836886293306399,26.191349665046612,0.0,138.88340318153058,"cluster_2way(u,v)",0.3019082940292659,0.9342696629213483,bitcoin-otc,GINEConv,srctgt2,False,,
src_out,3560,-2.3218384664650555,-0.7487935504784516,0.2126093222408837,0.34593721042621683,-6.711733795865445,1.9232615500186512e-11,0.09809307889143846,"cluster_2way(u,v)",0.3019082940292659,0.9342696629213483,bitcoin-otc,GINEConv,srctgt2,False,,2.0068816174107663e-11
tgt_in,3560,-3.3861086675090766,-1.0393938631273232,0.22011297460684418,0.3730531066921251,-9.076747001342035,0.0,0.033840104116873854,"cluster_2way(u,v)",0.3019082940292659,0.9342696629213483,bitcoin-otc,GINEConv,srctgt2,False,,0.0
const,3560,4.993258349100385,,0.17163106645805473,0.20735837256701606,24.080331492217013,0.0,147.41597450703273,"cluster_2way(u,v)",0.36232628822934265,0.9151685393258427,bitcoin-otc,SiGAT,srctgt2,False,,
src_out,3560,-2.922397914443202,-0.9424741392963283,0.20417856065952214,0.2998064601698689,-9.747614887242209,0.0,0.053804513867918534,"cluster_2way(u,v)",0.36232628822934265,0.9151685393258427,bitcoin-otc,SiGAT,srctgt2,False,,0.0
tgt_in,3560,-3.6240752245922923,-1.1124396520694035,0.20732095621480234,0.3333597576680083,-10.871363868105204,0.0,0.026673753165004595,"cluster_2way(u,v)",0.36232628822934265,0.9151685393258427,bitcoin-otc,SiGAT,srctgt2,False,,0.0
const,84080,3.562799985056261,,0.025413640046584918,0.0354413614513644,100.52661182176743,0.0,35.26179153864323,"cluster_2way(u,v)",0.09263516648961512,0.9146408182683159,epinions,walk_full,srctgt2,False,,
src_out,84080,-1.4988508920086352,-0.5386366087502654,0.032342360432106254,0.05277196873125512,-28.40240620246018,0.0,0.22338670817103248,"cluster_2way(u,v)",0.09263516648961512,0.9146408182683159,epinions,walk_full,srctgt2,False,,0.0
tgt_in,84080,-1.7578998247461124,-0.48290894138309387,0.04124603735998794,0.06165790641454465,-28.510533798005127,0.0,0.17240656787661301,"cluster_2way(u,v)",0.09263516648961512,0.9146408182683159,epinions,walk_full,srctgt2,False,,0.0
const,84080,3.6504002966324687,,0.02644527185418849,0.0356368001724597,102.43344741859052,0.0,38.49007041123837,"cluster_2way(u,v)",0.08790728448297169,0.9225856327307327,epinions,walk_localattn4,srctgt2,False,,
src_out,84080,-1.4295206737854285,-0.5137216596871075,0.033683818875030594,0.052174916204242264,-27.39861944750371,0.0,0.23942365677900532,"cluster_2way(u,v)",0.08790728448297169,0.9225856327307327,epinions,walk_localattn4,srctgt2,False,,0.0
tgt_in,84080,-1.7731075243530638,-0.4870866163647304,0.04281040279166546,0.05959654867862508,-29.751849119897226,0.0,0.16980449649119506,"cluster_2way(u,v)",0.08790728448297169,0.9225856327307327,epinions,walk_localattn4,srctgt2,False,,0.0
const,84080,4.194643825056211,,0.029594592848638888,0.0743118720912399,56.446483004842605,0.0,66.33010224901726,"cluster_2way(u,v)",0.17276927377034423,0.9148430066603235,epinions,GINEConv,srctgt2,False,,
src_out,84080,-1.6161326932757227,-0.580783744292093,0.03368023159449977,0.07419270077322732,-21.78290689559194,0.0,0.19866551585542244,"cluster_2way(u,v)",0.17276927377034423,0.9148430066603235,epinions,GINEConv,srctgt2,False,,0.0
tgt_in,84080,-2.998381788185407,-0.8236791168712269,0.04291274215930613,0.08370982960717573,-35.81875392956697,0.0,0.049867699611731355,"cluster_2way(u,v)",0.17276927377034423,0.9148430066603235,epinions,GINEConv,srctgt2,False,,0.0
const,84080,4.03256980096434,,0.02914815963920784,0.04203947702540638,95.92340548212037,0.0,56.40567652040712,"cluster_2way(u,v)",0.14129240515184238,0.9211822074215034,epinions,SiGAT,srctgt2,False,,
src_out,84080,-2.0104954228033938,-0.7225044480545286,0.03461127166779605,0.05229829855433318,-38.44284572115997,0.0,0.13392231006460406,"cluster_2way(u,v)",0.14129240515184238,0.9211822074215034,epinions,SiGAT,srctgt2,False,,0.0
tgt_in,84080,-2.030678707351121,-0.5578434510611241,0.04327662873508025,0.06423713509506129,-31.612224056163498,0.0,0.13124641300742204,"cluster_2way(u,v)",0.14129240515184238,0.9211822074215034,epinions,SiGAT,srctgt2,False,,0.0
const,10370,4.558744134424305,,0.10319727871493149,0.12219980010663756,37.30565950554846,0.0,95.46351517365107,"cluster_2way(u,v)",0.20261927067868413,0.8281581485053038,wiki-elec,walk_full,srctgt2,False,,
src_out,10370,-1.5760719717522609,-0.49948525366121116,0.10145664750904361,0.1353676874895686,-11.642896476854661,0.0,0.2067857653283008,"cluster_2way(u,v)",0.20261927067868413,0.8281581485053038,wiki-elec,walk_full,srctgt2,False,,0.0
tgt_in,10370,-3.339233900546148,-1.2030253794454653,0.09976466489455418,0.1237152391668753,-26.9912900224197,0.0,0.03546411635733503,"cluster_2way(u,v)",0.20261927067868413,0.8281581485053038,wiki-elec,walk_full,srctgt2,False,,0.0
const,10370,4.64561938424541,,0.10556508729255121,0.12209289544003737,38.049874790028056,0.0,104.12784096009956,"cluster_2way(u,v)",0.20551387706759527,0.8327868852459016,wiki-elec,walk_localattn4,srctgt2,False,,
src_out,10370,-1.5872240487331142,-0.5030195453049093,0.10285267878497585,0.13153595032523646,-12.066845944462605,0.0,0.20449248573773854,"cluster_2way(u,v)",0.20551387706759527,0.8327868852459016,wiki-elec,walk_localattn4,srctgt2,False,,0.0
tgt_in,10370,-3.393885767030128,-1.2227148005439812,0.10202317206469523,0.12417657406217726,-27.331127409995652,0.0,0.03357794699172258,"cluster_2way(u,v)",0.20551387706759527,0.8327868852459016,wiki-elec,walk_localattn4,srctgt2,False,,0.0
const,10370,4.927899581774201,,0.11908918455257887,0.14754824108377163,33.39856541547214,0.0,138.0891625249324,"cluster_2way(u,v)",0.252076380344994,0.8430086788813886,wiki-elec,GINEConv,srctgt2,False,,
src_out,10370,-0.6332038491399545,-0.20067356749913734,0.09951204290172637,0.14868611306918766,-4.258661660254093,2.0565446629428052e-05,0.5308881877404927,"cluster_2way(u,v)",0.252076380344994,0.8430086788813886,wiki-elec,GINEConv,srctgt2,False,,2.0565446629428052e-05
tgt_in,10370,-4.502259767738331,-1.6220285630663767,0.12693180051243036,0.15609386526161495,-28.84328452109567,0.0,0.011083921129230845,"cluster_2way(u,v)",0.252076380344994,0.8430086788813886,wiki-elec,GINEConv,srctgt2,False,,0.0
const,10370,4.976093291752474,,0.11660646074050506,0.1363296160064107,36.50045703582471,0.0,144.90716438461467,"cluster_2way(u,v)",0.20090176547976313,0.8588235294117647,wiki-elec,SiGAT,srctgt2,False,,
src_out,10370,-1.7319220202941608,-0.5488769073574036,0.11221555861803667,0.14012962240836696,-12.359428295945724,0.0,0.1769439929850503,"cluster_2way(u,v)",0.20090176547976313,0.8588235294117647,wiki-elec,SiGAT,srctgt2,False,,0.0
tgt_in,10370,-3.3737340448507753,-1.2154547421164092,0.11063054093194837,0.12430199842049666,-27.141430449395468,0.0,0.03426146434601814,"cluster_2way(u,v)",0.20090176547976313,0.8588235294117647,wiki-elec,SiGAT,srctgt2,False,,0.0
const,17722,4.370061660526867,,0.0772186742935845,0.09458016725959577,46.20484174586291,0.0,79.04850572180635,"cluster_2way(u,v)",0.18604439911140835,0.8170071098070195,wiki-rfa,walk_full,srctgt2,False,,
src_out,17722,-1.3770388046879865,-0.43426436313736133,0.07461762434246932,0.10434856849732467,-13.196527988050851,0.0,0.252324630386846,"cluster_2way(u,v)",0.18604439911140835,0.8170071098070195,wiki-rfa,walk_full,srctgt2,False,,0.0
tgt_in,17722,-3.2604584386275963,-1.1778115374278144,0.07563515222998922,0.09503636948417837,-34.307480981482534,0.0,0.03837080332640046,"cluster_2way(u,v)",0.18604439911140835,0.8170071098070195,wiki-rfa,walk_full,srctgt2,False,,0.0
const,17722,4.710978800668385,,0.08249297256165719,0.09697845942969273,48.57757927247485,0.0,111.16091104820352,"cluster_2way(u,v)",0.1988878061299486,0.8243426249858933,wiki-rfa,walk_localattn4,srctgt2,False,,
src_out,17722,-1.7167765060597249,-0.5414043914486029,0.07894791643745394,0.10603651579612611,-16.190427355803827,0.0,0.17964429788503705,"cluster_2way(u,v)",0.1988878061299486,0.8243426249858933,wiki-rfa,walk_localattn4,srctgt2,False,,0.0
tgt_in,17722,-3.3237320155756898,-1.2006685528894685,0.07838624236721242,0.09323999347137044,-35.647064010104735,0.0,0.03601816027716767,"cluster_2way(u,v)",0.1988878061299486,0.8243426249858933,wiki-rfa,walk_localattn4,srctgt2,False,,0.0
const,17722,5.479238748997026,,0.10109540155949004,0.12324291039016008,44.458855537011864,0.0,239.66419330602923,"cluster_2way(u,v)",0.24412466610450712,0.8478727005981266,wiki-rfa,GINEConv,srctgt2,False,,
src_out,17722,-1.3721533824101602,-0.4327236913807513,0.08227141037075486,0.12347174722356305,-11.113096018036277,0.0,0.2535603588272121,"cluster_2way(u,v)",0.24412466610450712,0.8478727005981266,wiki-rfa,GINEConv,srctgt2,False,,0.0
tgt_in,17722,-4.3726520006981975,-1.5795815442895214,0.10166637280766687,0.10924515658385256,-40.026049093919426,0.0,0.012617733918652618,"cluster_2way(u,v)",0.24412466610450712,0.8478727005981266,wiki-rfa,GINEConv,srctgt2,False,,0.0
const,17722,5.168519843078604,,0.09340394003194748,0.11122037276311399,46.470981122198985,0.0,175.65464852753271,"cluster_2way(u,v)",0.20787016761304256,0.8505247714704887,wiki-rfa,SiGAT,srctgt2,False,,
src_out,17722,-1.7787671687120745,-0.5609538301031549,0.08551575313658909,0.10214346966063917,-17.414399321090613,0.0,0.16884617785984854,"cluster_2way(u,v)",0.20787016761304256,0.8505247714704887,wiki-rfa,SiGAT,srctgt2,False,,0.0
tgt_in,17722,-3.565319925145856,-1.2879400309809292,0.08872851367761479,0.10597548171313959,-33.64287538505053,0.0,0.028287934014952047,"cluster_2way(u,v)",0.20787016761304256,0.8505247714704887,wiki-rfa,SiGAT,srctgt2,False,,0.0
const,54921,3.7101749603358387,,0.03476673765461558,0.047459978547296416,78.17481326162948,0.0,40.860954948027356,"cluster_2way(u,v)",0.18304863620802447,0.8133318766956174,slashdot090221,walk_full,srctgt2,False,,
src_out,54921,-2.836046047385984,-1.0984475481084925,0.037425428221285195,0.052046508827197004,-54.49061063446397,0.0,0.0586571355875661,"cluster_2way(u,v)",0.18304863620802447,0.8133318766956174,slashdot090221,walk_full,srctgt2,False,,0.0
tgt_in,54921,-1.0853956848250297,-0.4031990528321006,0.03500478739269554,0.05289946957324176,-20.5180825740086,0.0,0.33776810973424226,"cluster_2way(u,v)",0.18304863620802447,0.8133318766956174,slashdot090221,walk_full,srctgt2,False,,0.0
const,54921,3.892917308946742,,0.03649840914602212,0.04757007812180692,81.83541971443944,0.0,49.05378302585706,"cluster_2way(u,v)",0.18555491325421714,0.8236011725933614,slashdot090221,walk_localattn4,srctgt2,False,,
src_out,54921,-2.796974592086761,-1.0833145271499576,0.038391008037244115,0.052619599866883894,-53.15461537454668,0.0,0.06099431645083888,"cluster_2way(u,v)",0.18555491325421714,0.8236011725933614,slashdot090221,walk_localattn4,srctgt2,False,,0.0
tgt_in,54921,-1.2822376729010014,-0.4763212369898658,0.03648048066304635,0.052654810594659575,-24.35176688359506,0.0,0.27741583949299115,"cluster_2way(u,v)",0.18555491325421714,0.8236011725933614,slashdot090221,walk_localattn4,srctgt2,False,,0.0
const,54921,3.6879136695705914,,0.03435744862054528,0.0599603027176919,61.50592145830569,0.0,39.96138726705783,"cluster_2way(u,v)",0.16752911574650664,0.7907539920977404,slashdot090221,GINEConv,srctgt2,False,,
src_out,54921,-1.3427351788566655,-0.520063546335434,0.030818287277952112,0.05896867755788792,-22.770311875122847,0.0,0.2611304524118763,"cluster_2way(u,v)",0.16752911574650664,0.7907539920977404,slashdot090221,GINEConv,srctgt2,False,,0.0
tgt_in,54921,-2.6828470218015106,-0.9966147767191265,0.039598887821226704,0.0664936678970085,-40.347406101238846,0.0,0.06836823096656588,"cluster_2way(u,v)",0.16752911574650664,0.7907539920977404,slashdot090221,GINEConv,srctgt2,False,,0.0
const,54921,4.3134564943295945,,0.04044013487845856,0.058605842424517385,73.60113456069163,0.0,74.6982372644529,"cluster_2way(u,v)",0.21270851817217562,0.8318311756887166,slashdot090221,SiGAT,srctgt2,False,,
src_out,54921,-3.0148246576967,-1.1676914612428004,0.04117151674480899,0.05927925731990854,-50.85800318696286,0.0,0.04905443605077759,"cluster_2way(u,v)",0.21270851817217562,0.8318311756887166,slashdot090221,SiGAT,srctgt2,False,,0.0
tgt_in,54921,-1.5824958252100911,-0.587860101856145,0.038872205791918996,0.05683960821858579,-27.84142739204589,0.0,0.20546166135297472,"cluster_2way(u,v)",0.21270851817217562,0.8318311756887166,slashdot090221,SiGAT,srctgt2,False,,0.0
src_out,173072,-2.0305343652361225,-0.7699673664179257,0.021817872379049787,0.033208567201345025,-61.14489531947892,0.0,0.1312653587595636,"cluster_2way(u,v)",0.1616776006017816,0.8666104280299528,POOLED,walk_full,srctgt2,True,shared_slope,0.0
tgt_in,173072,-1.8042961799954416,-0.6169137469438944,0.023759623803778964,0.03614225603417379,-49.92206845885368,0.0,0.1645902577367388,"cluster_2way(u,v)",0.1616776006017816,0.8666104280299528,POOLED,walk_full,srctgt2,True,shared_slope,0.0
ds_bitcoin-alpha,173072,3.28636953743,0.38580200631025285,0.07285978990577756,0.09105099157172646,36.093725951804984,0.0,26.745588328185146,"cluster_2way(u,v)",0.1616776006017816,0.8666104280299528,POOLED,walk_full,srctgt2,True,shared_slope,
ds_bitcoin-otc,173072,3.3585325945377207,0.47670310211773387,0.05902715910104098,0.07218710625154418,46.52538062454716,0.0,28.74697644371347,"cluster_2way(u,v)",0.1616776006017816,0.8666104280299528,POOLED,walk_full,srctgt2,True,shared_slope,
ds_epinions,173072,3.8479066200387884,1.9231782861006814,0.01976831467557635,0.027924714917513572,137.79573511869563,0.0,46.894791790314706,"cluster_2way(u,v)",0.1616776006017816,0.8666104280299528,POOLED,walk_full,srctgt2,True,shared_slope,
ds_wiki-elec,173072,3.8689580657202716,0.9182332907535845,0.03437978552373068,0.0444387476098976,87.06271607120088,0.0,47.892459280049096,"cluster_2way(u,v)",0.1616776006017816,0.8666104280299528,POOLED,walk_full,srctgt2,True,shared_slope,
ds_wiki-rfa,173072,3.846638975467206,1.1661827423192035,0.029356008281809613,0.04123205261234398,93.2924443910805,0.0,46.83538352430457,"cluster_2way(u,v)",0.1616776006017816,0.8666104280299528,POOLED,walk_full,srctgt2,True,shared_slope,
ds_slashdot090221,173072,3.6517485350780294,1.6996596734457852,0.023654678471267787,0.03278563951200185,111.38256228740735,0.0,38.541999202269274,"cluster_2way(u,v)",0.1616776006017816,0.8666104280299528,POOLED,walk_full,srctgt2,True,shared_slope,
src_out,173072,-2.014568107821137,-0.763913050182831,0.022614988366474097,0.03294707486125641,-61.145583221111266,0.0,0.13337799584142063,"cluster_2way(u,v)",0.16746794819242028,0.8759880281039105,POOLED,walk_localattn4,srctgt2,True,shared_slope,0.0
tgt_in,173072,-1.90934981080197,-0.6528330321086392,0.02471910089710701,0.03578882032467252,-53.35045395407124,0.0,0.14817669817024678,"cluster_2way(u,v)",0.16746794819242028,0.8759880281039105,POOLED,walk_localattn4,srctgt2,True,shared_slope,0.0
ds_bitcoin-alpha,173072,3.7984424368519494,0.4459165946801873,0.08662409213898956,0.10551248073875942,35.999934891651286,0.0,44.631613770122044,"cluster_2way(u,v)",0.16746794819242028,0.8759880281039105,POOLED,walk_localattn4,srctgt2,True,shared_slope,
ds_bitcoin-otc,173072,3.918224828699836,0.5561446489082035,0.07025413729091208,0.07879536061374376,49.726593014873586,0.0,50.311054719787016,"cluster_2way(u,v)",0.16746794819242028,0.8759880281039105,POOLED,walk_localattn4,srctgt2,True,shared_slope,
ds_epinions,173072,4.002764888945779,2.0005762298642082,0.02078315267274025,0.028151730206266552,142.185395342229,0.0,54.74931673790548,"cluster_2way(u,v)",0.16746794819242028,0.8759880281039105,POOLED,walk_localattn4,srctgt2,True,shared_slope,
ds_wiki-elec,173072,3.9586367144156167,0.9395170367397357,0.03523265447580399,0.043798220465623205,90.38350582126303,0.0,52.385860357910985,"cluster_2way(u,v)",0.16746794819242028,0.8759880281039105,POOLED,walk_localattn4,srctgt2,True,shared_slope,
ds_wiki-rfa,173072,3.95762502587991,1.199830302554238,0.030315870157238193,0.04026831728113227,98.28136095804173,0.0,52.332888983338016,"cluster_2way(u,v)",0.16746794819242028,0.8759880281039105,POOLED,walk_localattn4,srctgt2,True,shared_slope,
ds_slashdot090221,173072,3.7948536865017197,1.7662661367881474,0.024710906683035445,0.03294877222654324,115.17435795208841,0.0,44.47172911522672,"cluster_2way(u,v)",0.16746794819242028,0.8759880281039105,POOLED,walk_localattn4,srctgt2,True,shared_slope,
src_out,173072,-1.4397315367474908,-0.5459382114764666,0.021415863604639058,0.04285042834568489,-33.598999877733405,0.0,0.23699137361758144,"cluster_2way(u,v)",0.21104459167561207,0.8651370527872793,POOLED,GINEConv,srctgt2,True,shared_slope,0.0
tgt_in,173072,-3.0916680355423822,-1.0570839384684343,0.026862962497693134,0.04697160766509758,-65.81993227878502,0.0,0.04542611879325775,"cluster_2way(u,v)",0.21104459167561207,0.8651370527872793,POOLED,GINEConv,srctgt2,True,shared_slope,0.0
ds_bitcoin-alpha,173072,4.282157097119994,0.5027020791753462,0.09752292341216581,0.14360868893996032,29.81823125556331,0.0,72.3964378431644,"cluster_2way(u,v)",0.21104459167561207,0.8651370527872793,POOLED,GINEConv,srctgt2,True,shared_slope,
ds_bitcoin-otc,173072,4.336364152316375,0.6154944712114321,0.07582758191493559,0.10771806729416629,40.2566093251027,0.0,76.4291488085366,"cluster_2way(u,v)",0.21104459167561207,0.8651370527872793,POOLED,GINEConv,srctgt2,True,shared_slope,
ds_epinions,173072,4.158646591125476,2.0784856841298587,0.021151512739908937,0.04870788245821679,85.37933453980263,0.0,63.98486628658483,"cluster_2way(u,v)",0.21104459167561207,0.8651370527872793,POOLED,GINEConv,srctgt2,True,shared_slope,
ds_wiki-elec,173072,4.422547950255902,1.0496187058370163,0.037606757822251695,0.0556505379345844,79.4699946198989,0.0,83.30828052176226,"cluster_2way(u,v)",0.21104459167561207,0.8651370527872793,POOLED,GINEConv,srctgt2,True,shared_slope,
ds_wiki-rfa,173072,4.555673591859835,1.3811402516195326,0.03304176912717412,0.050943468145424255,89.42605907503425,0.0,95.1708399527688,"cluster_2way(u,v)",0.21104459167561207,0.8651370527872793,POOLED,GINEConv,srctgt2,True,shared_slope,
ds_slashdot090221,173072,4.040418474635142,1.8805611282420747,0.025680294289593297,0.04764394722196333,84.80444443051003,0.0,56.85012816497869,"cluster_2way(u,v)",0.21104459167561207,0.8651370527872793,POOLED,GINEConv,srctgt2,True,shared_slope,
src_out,173072,-2.3839079054264296,-0.9039646524330636,0.024113628251201724,0.034490124216612746,-69.11856537408991,0.0,0.09218960439006924,"cluster_2way(u,v)",0.19761480191427294,0.8820433114541925,POOLED,SiGAT,srctgt2,True,shared_slope,0.0
tgt_in,173072,-2.1502425959064415,-0.7351975974822189,0.026170348472959473,0.038139708246173694,-56.378055700574514,0.0,0.11645590262108654,"cluster_2way(u,v)",0.19761480191427294,0.8820433114541925,POOLED,SiGAT,srctgt2,True,shared_slope,0.0
ds_bitcoin-alpha,173072,4.2332889372236275,0.49696522155237416,0.09457213855978075,0.08718337115426789,48.55615103174862,0.0,68.94361090530238,"cluster_2way(u,v)",0.19761480191427294,0.8820433114541925,POOLED,SiGAT,srctgt2,True,shared_slope,
ds_bitcoin-otc,173072,4.012070971290119,0.5694649743882451,0.06807792966726328,0.08602489598485306,46.63848674686627,0.0,55.261196491136374,"cluster_2way(u,v)",0.19761480191427294,0.8820433114541925,POOLED,SiGAT,srctgt2,True,shared_slope,
ds_epinions,173072,4.292370550723417,2.145320729993725,0.022521254666389726,0.03248488398795986,132.13439679557834,0.0,73.13964439434406,"cluster_2way(u,v)",0.19761480191427294,0.8820433114541925,POOLED,SiGAT,srctgt2,True,shared_slope,
ds_wiki-elec,173072,4.605802382852469,1.0931111184788678,0.038634310025062964,0.0475371237128112,96.88853727620904,0.0,100.06323967429336,"cluster_2way(u,v)",0.19761480191427294,0.8820433114541925,POOLED,SiGAT,srctgt2,True,shared_slope,
ds_wiki-rfa,173072,4.602980991897197,1.395482401704169,0.033334810895831436,0.04265337786223423,107.9159781146601,0.0,99.78132004468013,"cluster_2way(u,v)",0.19761480191427294,0.8820433114541925,POOLED,SiGAT,srctgt2,True,shared_slope,
ds_slashdot090221,173072,4.270973497595832,1.9878700163740115,0.02713566438302248,0.03848412142276938,110.98014816752145,0.0,71.5912956609847,"cluster_2way(u,v)",0.19761480191427294,0.8820433114541925,POOLED,SiGAT,srctgt2,True,shared_slope,
const,2419,3.1062861996266116,,0.11740113584347546,0.12236622744433324,25.385159488059898,0.0,22.33793154548207,"cluster_2way(u,v)",0.33472379277115105,0.9011988424968995,bitcoin-alpha,walk_full,srctgt2_zscored,False,,
src_out,2419,-0.9761624144298469,-0.9761624144298374,0.0734755755484178,0.09740337523026467,-10.021854089985773,0.0,0.37675415446236765,"cluster_2way(u,v)",0.33472379277115105,0.9011988424968995,bitcoin-alpha,walk_full,srctgt2_zscored,False,,0.0
tgt_in,2419,-0.9797478015805549,-0.9797478015805603,0.06517574814044678,0.09519043569645737,-10.292502544108194,0.0,0.3754057636539851,"cluster_2way(u,v)",0.33472379277115105,0.9011988424968995,bitcoin-alpha,walk_full,srctgt2_zscored,False,,0.0
const,2419,3.780672636735927,,0.15639799303658325,0.14199902063945438,26.62463881589243,0.0,43.84552392915989,"cluster_2way(u,v)",0.3539981173094253,0.9338569656883009,bitcoin-alpha,walk_localattn4,srctgt2_zscored,False,,
src_out,2419,-0.9724792920103253,-0.9724792920103159,0.08680654577705608,0.11099455440834431,-8.761504536813714,0.0,0.3781443446841634,"cluster_2way(u,v)",0.3539981173094253,0.9338569656883009,bitcoin-alpha,walk_localattn4,srctgt2_zscored,False,,0.0
tgt_in,2419,-1.0258147281008347,-1.0258147281008405,0.0752384873052966,0.09747219423005117,-10.5241780612811,0.0,0.358504262892068,"cluster_2way(u,v)",0.3539981173094253,0.9338569656883009,bitcoin-alpha,walk_localattn4,srctgt2_zscored,False,,0.0
const,2419,4.342126846598134,,0.19967305452776227,0.19589178038302196,22.165947127072354,0.0,76.87085812282508,"cluster_2way(u,v)",0.4070422043684241,0.9458453906572964,bitcoin-alpha,GINEConv,srctgt2_zscored,False,,
src_out,2419,-1.0990471318142818,-1.0990471318142851,0.10093343702879004,0.17323715342897295,-6.344176812307702,2.2361779095092515e-10,0.3331884171281354,"cluster_2way(u,v)",0.4070422043684241,0.9458453906572964,bitcoin-alpha,GINEConv,srctgt2_zscored,False,,2.2837561629030655e-10
tgt_in,2419,-1.128446908720861,-1.1284469087208613,0.08634580224235716,0.12439264861877812,-9.0716527162242,0.0,0.3235353463504947,"cluster_2way(u,v)",0.4070422043684241,0.9458453906572964,bitcoin-alpha,GINEConv,srctgt2_zscored,False,,0.0
const,2419,4.148246130353662,,0.18364228452043785,0.1962250805638755,21.140244246215605,0.0,63.32284283679727,"cluster_2way(u,v)",0.3828087639120251,0.9433650268706076,bitcoin-alpha,SiGAT,srctgt2_zscored,False,,
src_out,2419,-1.0414586810806457,-1.0414586810806354,0.09589060916413274,0.11280356042163435,-9.23249831111631,0.0,0.3529394801502584,"cluster_2way(u,v)",0.3828087639120251,0.9433650268706076,bitcoin-alpha,SiGAT,srctgt2_zscored,False,,0.0
tgt_in,2419,-1.0781336753258715,-1.0781336753258774,0.08230525051217447,0.09121279071487863,-11.819983435174144,0.0,0.34022991295587984,"cluster_2way(u,v)",0.3828087639120251,0.9433650268706076,bitcoin-alpha,SiGAT,srctgt2_zscored,False,,0.0
const,3560,2.6748403399589336,,0.07797242425624049,0.09737323051885681,27.46997635495864,0.0,14.51003298217925,"cluster_2way(u,v)",0.24348291002140354,0.8896067415730337,bitcoin-otc,walk_full,srctgt2_zscored,False,,
src_out,3560,-0.7772707685867335,-0.7772707685867422,0.053965777527131366,0.0734761725626904,-10.578541879322314,0.0,0.4596588162109119,"cluster_2way(u,v)",0.24348291002140354,0.8896067415730337,bitcoin-otc,walk_full,srctgt2_zscored,False,,0.0
tgt_in,3560,-0.8109334771059926,-0.810933477105988,0.051267513198466695,0.10144705338961761,-7.993662211079912,1.3322676295501878e-15,0.44444299516251234,"cluster_2way(u,v)",0.24348291002140354,0.8896067415730337,bitcoin-otc,walk_full,srctgt2_zscored,False,,1.4210854715202005e-15
const,3560,3.285925935431466,,0.10184757992226824,0.10478011356765346,31.360205897370395,0.0,26.733726562896695,"cluster_2way(u,v)",0.25273601817518787,0.927247191011236,bitcoin-otc,walk_localattn4,srctgt2_zscored,False,,
src_out,3560,-0.726831878112613,-0.7268318781126211,0.06387974882652826,0.08179375382649669,-8.886153821163289,0.0,0.4834381575248249,"cluster_2way(u,v)",0.25273601817518787,0.927247191011236,bitcoin-otc,walk_localattn4,srctgt2_zscored,False,,0.0
tgt_in,3560,-0.8823941197486083,-0.8823941197486032,0.06095773509892468,0.09542974700210874,-9.24653106047855,0.0,0.41379105950154416,"cluster_2way(u,v)",0.25273601817518787,0.927247191011236,bitcoin-otc,walk_localattn4,srctgt2_zscored,False,,0.0
const,3560,3.60787476246669,,0.11896778075813637,0.14392677544876928,25.067432735967273,0.0,36.887574593890584,"cluster_2way(u,v)",0.3019082940292659,0.9342696629213483,bitcoin-otc,GINEConv,srctgt2_zscored,False,,
src_out,3560,-0.7487935504784516,-0.7487935504784624,0.06856656548891937,0.11156484646928636,-6.711733795865469,1.9232615500186512e-11,0.4729367830504414,"cluster_2way(u,v)",0.3019082940292659,0.9342696629213483,bitcoin-otc,GINEConv,srctgt2_zscored,False,,2.0068816174107663e-11
tgt_in,3560,-1.039393863127321,-1.0393938631273212,0.06756548518253892,0.11451171471162673,-9.076747001342284,0.0,0.35366898881741954,"cluster_2way(u,v)",0.3019082940292659,0.9342696629213483,bitcoin-otc,GINEConv,srctgt2_zscored,False,,0.0
const,3560,3.4586422128769385,,0.11263767609469616,0.13917682044793378,24.850705755063725,0.0,31.773805149055992,"cluster_2way(u,v)",0.36232628822934265,0.9151685393258427,bitcoin-otc,SiGAT,srctgt2_zscored,False,,
src_out,3560,-0.9424741392963275,-0.9424741392963374,0.06584764253673232,0.09668766669576419,-9.747614887242042,0.0,0.38966256228324386,"cluster_2way(u,v)",0.36232628822934265,0.9151685393258427,bitcoin-otc,SiGAT,srctgt2_zscored,False,,0.0
tgt_in,3560,-1.112439652069402,-1.1124396520693944,0.0636388700856057,0.10232751525621535,-10.871363868105188,0.0,0.32875593182809015,"cluster_2way(u,v)",0.36232628822934265,0.9151685393258427,bitcoin-otc,SiGAT,srctgt2_zscored,False,,0.0
const,84080,2.6348222741349603,,0.014994598197714955,0.021256339601044543,123.95465652070615,0.0,13.940834596090884,"cluster_2way(u,v)",0.09263516648961523,0.9146408182683159,epinions,walk_full,srctgt2_zscored,False,,
src_out,84080,-0.5386366087502585,-0.5386366087502951,0.011622756763207644,0.018964470999778826,-28.402406202447747,0.0,0.5835433081049353,"cluster_2way(u,v)",0.09263516648961523,0.9146408182683159,epinions,walk_full,srctgt2_zscored,False,,0.0
tgt_in,84080,-0.4829089413830953,-0.4829089413832017,0.011330611652254474,0.01693791301154462,-28.510533797992238,0.0,0.6169860027077585,"cluster_2way(u,v)",0.09263516648961523,0.9146408182683159,epinions,walk_full,srctgt2_zscored,False,,0.0
const,84080,2.7372583371179244,,0.01564138356794559,0.021044950519540497,130.06722608239664,0.0,15.444583156618446,"cluster_2way(u,v)",0.08790728448297169,0.9225856327307327,epinions,walk_localattn4,srctgt2_zscored,False,,
src_out,84080,-0.5137216596871189,-0.5137216596871537,0.012104831818383028,0.01874991039862535,-27.39861944752453,0.0,0.5982648921273852,"cluster_2way(u,v)",0.08790728448297169,0.9225856327307327,epinions,walk_localattn4,srctgt2_zscored,False,,0.0
tgt_in,84080,-0.4870866163647461,-0.4870866163648534,0.011760355170001189,0.01637164178943491,-29.751849119926206,0.0,0.6144138123489014,"cluster_2way(u,v)",0.08790728448297169,0.9225856327307327,epinions,walk_localattn4,srctgt2_zscored,False,,0.0
const,84080,2.873090168489695,,0.017286439897852435,0.0459168390909488,62.571601734145574,0.0,17.691603853727287,"cluster_2way(u,v)",0.1727692737703439,0.9148430066603235,epinions,GINEConv,srctgt2_zscored,False,,
src_out,84080,-0.580783744292023,-0.5807837442916313,0.012103542670389475,0.026662361780986334,-21.78290689559977,0.0,0.5594597213317958,"cluster_2way(u,v)",0.1727692737703439,0.9148430066603235,epinions,GINEConv,srctgt2_zscored,False,,0.0
tgt_in,84080,-0.8236791168711846,-0.8236791168713704,0.011788468601156649,0.02299575017296876,-35.81875392955912,0.0,0.4388142321426935,"cluster_2way(u,v)",0.1727692737703439,0.9148430066603235,epinions,GINEConv,srctgt2_zscored,False,,0.0
const,84080,2.883065448973523,,0.01724692009167081,0.025420486493431538,113.41503828884177,0.0,17.86896571079779,"cluster_2way(u,v)",0.14129240515184238,0.9211822074215034,epinions,SiGAT,srctgt2_zscored,False,,
src_out,84080,-0.7225044480545436,-0.7225044480545821,0.012438127164663101,0.01879424986627794,-38.44284572117537,0.0,0.48553473546429005,"cluster_2way(u,v)",0.14129240515184238,0.9211822074215034,epinions,SiGAT,srctgt2_zscored,False,,0.0
tgt_in,84080,-0.5578434510611394,-0.5578434510612608,0.011888431112450722,0.0176464474650649,-31.612224056174234,0.0,0.5724422333666077,"cluster_2way(u,v)",0.14129240515184238,0.9211822074215034,epinions,SiGAT,srctgt2_zscored,False,,0.0
const,10370,2.1140044710117327,,0.039408077631037174,0.045624421034182086,46.33493254474195,0.0,8.281337349638418,"cluster_2way(u,v)",0.20261927067868424,0.8281581485053038,wiki-elec,walk_full,srctgt2_zscored,False,,
src_out,10370,-0.49948525366121144,-0.49948525366121155,0.032153416991693884,0.04290042900013488,-11.64289647685437,0.0,0.6068429495172049,"cluster_2way(u,v)",0.20261927067868424,0.8281581485053038,wiki-elec,walk_full,srctgt2_zscored,False,,0.0
tgt_in,10370,-1.2030253794454655,-1.203025379445442,0.03594220333603869,0.044570873731720195,-26.991290022418756,0.0,0.3002843621487579,"cluster_2way(u,v)",0.20261927067868424,0.8281581485053038,wiki-elec,walk_full,srctgt2_zscored,False,,0.0
const,10370,2.1694889234658246,,0.04047924979672596,0.04459029205008267,48.653839742271934,0.0,8.753809030921628,"cluster_2way(u,v)",0.20551387706759527,0.8327868852459016,wiki-elec,walk_localattn4,srctgt2_zscored,False,,
src_out,10370,-0.5030195453049096,-0.5030195453049097,0.032595844145068206,0.04168608330793419,-12.06684594446341,0.0,0.6047019751941329,"cluster_2way(u,v)",0.20551387706759527,0.8327868852459016,wiki-elec,walk_localattn4,srctgt2_zscored,False,,0.0
tgt_in,10370,-1.2227148005439814,-1.2227148005439574,0.03675587543157303,0.04473707879671325,-27.331127409995574,0.0,0.2944297628665254,"cluster_2way(u,v)",0.20551387706759527,0.8327868852459016,wiki-elec,walk_localattn4,srctgt2_zscored,False,,0.0
const,10370,2.510003981296835,,0.05066004378320467,0.06481869992821304,38.72345455982107,0.0,12.30497905018704,"cluster_2way(u,v)",0.252076380344994,0.8430086788813886,wiki-elec,GINEConv,srctgt2_zscored,False,,
src_out,10370,-0.20067356749913595,-0.20067356749913504,0.031537137187873286,0.04712127506441898,-4.258661660254255,2.0565446629428052e-05,0.8181794683367505,"cluster_2way(u,v)",0.252076380344994,0.8430086788813886,wiki-elec,GINEConv,srctgt2_zscored,False,,2.0565446629428052e-05
tgt_in,10370,-1.6220285630663733,-1.6220285630663662,0.04572970388512759,0.056235917302688225,-28.84328452109798,0.0,0.19749765599989078,"cluster_2way(u,v)",0.252076380344994,0.8430086788813886,wiki-elec,GINEConv,srctgt2_zscored,False,,0.0
const,10370,2.4239227972350217,,0.045004496683668814,0.05185242873534885,46.74656243406752,0.0,11.290061181505035,"cluster_2way(u,v)",0.20090176547976302,0.8588235294117647,wiki-elec,SiGAT,srctgt2_zscored,False,,
src_out,10370,-0.5488769073574035,-0.5488769073574038,0.035563107374308706,0.04440957091336059,-12.359428295945868,0.0,0.5775981424680241,"cluster_2way(u,v)",0.20090176547976302,0.8588235294117647,wiki-elec,SiGAT,srctgt2_zscored,False,,0.0
tgt_in,10370,-1.21545474211641,-1.2154547421163855,0.03985685113616777,0.044782265414587005,-27.141430449396108,0.0,0.2965751184279256,"cluster_2way(u,v)",0.20090176547976302,0.8588235294117647,wiki-elec,SiGAT,srctgt2_zscored,False,,0.0
const,17722,1.9834833562381768,,0.028600380303265473,0.035936506008514474,55.19410695542377,0.0,7.268016031076184,"cluster_2way(u,v)",0.18604439911140846,0.8170071098070195,wiki-rfa,walk_full,srctgt2_zscored,False,,
src_out,17722,-0.43426436313736144,-0.43426436313735844,0.023531490182839985,0.03290747108107306,-13.19652798805106,0.0,0.6477409940073638,"cluster_2way(u,v)",0.18604439911140846,0.8170071098070195,wiki-rfa,walk_full,srctgt2_zscored,False,,0.0
tgt_in,17722,-1.1778115374278146,-1.1778115374277962,0.027322524304002244,0.03433104103631429,-34.30748098148153,0.0,0.3079519429924097,"cluster_2way(u,v)",0.18604439911140846,0.8170071098070195,wiki-rfa,walk_full,srctgt2_zscored,False,,0.0
const,17722,2.0912558747136614,,0.030157847515507853,0.03437734741369186,60.832380391302465,0.0,8.095075183342125,"cluster_2way(u,v)",0.1988878061299486,0.8243426249858933,wiki-rfa,walk_localattn4,srctgt2_zscored,False,,
src_out,17722,-0.5414043914486024,-0.5414043914485986,0.02489709551830644,0.03343978386428996,-16.190427355804868,0.0,0.5819304201243951,"cluster_2way(u,v)",0.1988878061299486,0.8243426249858933,wiki-rfa,walk_localattn4,srctgt2_zscored,False,,0.0
tgt_in,17722,-1.200668552889468,-1.2006685528894492,0.028316331084586126,0.033682116219978846,-35.64706401010756,0.0,0.3009929149478684,"cluster_2way(u,v)",0.1988878061299486,0.8243426249858933,wiki-rfa,walk_localattn4,srctgt2_zscored,False,,0.0
const,17722,2.5618459987833067,,0.03973351824186624,0.04899282694467641,52.29022611159363,0.0,12.959718872904082,"cluster_2way(u,v)",0.24412466610450712,0.8478727005981266,wiki-rfa,GINEConv,srctgt2_zscored,False,,
src_out,17722,-0.43272369138074834,-0.43272369138075095,0.02594519595776005,0.03893817624525872,-11.113096018035478,0.0,0.6487397194188949,"cluster_2way(u,v)",0.24412466610450712,0.8478727005981266,wiki-rfa,GINEConv,srctgt2_zscored,False,,0.0
tgt_in,17722,-1.5795815442895147,-1.579581544289485,0.036726070617144516,0.039463838676231676,-40.02604909392321,0.0,0.20606130769711425,"cluster_2way(u,v)",0.24412466610450712,0.8478727005981266,wiki-rfa,GINEConv,srctgt2_zscored,False,,0.0
const,17722,2.3958607718656513,,0.03486163362018744,0.041175742357254935,58.18621923263307,0.0,10.97764323987633,"cluster_2way(u,v)",0.20787016761304256,0.8505247714704887,wiki-rfa,SiGAT,srctgt2_zscored,False,,
src_out,17722,-0.5609538301031548,-0.5609538301031508,0.026968335204239444,0.03221206886095266,-17.414399321092375,0.0,0.570664487206606,"cluster_2way(u,v)",0.20787016761304256,0.8505247714704887,wiki-rfa,SiGAT,srctgt2_zscored,False,,0.0
tgt_in,17722,-1.2879400309809286,-1.2879400309809086,0.03205238437337616,0.03828269778489445,-33.64287538505509,0.0,0.2758384168280021,"cluster_2way(u,v)",0.20787016761304256,0.8505247714704887,wiki-rfa,SiGAT,srctgt2_zscored,False,,0.0
const,54921,1.9215003225642373,,0.015633785799536427,0.020643668272186912,93.07940319662387,0.0,6.831199787911586,"cluster_2way(u,v)",0.18304863620802447,0.8133318766956174,slashdot090221,walk_full,srctgt2_zscored,False,,
src_out,54921,-1.0984475481084939,-1.0984475481085003,0.014495487442617376,0.02015847382361861,-54.49061063449661,0.0,0.33338825137669564,"cluster_2way(u,v)",0.18304863620802447,0.8133318766956174,slashdot090221,walk_full,srctgt2_zscored,False,,0.0
tgt_in,54921,-0.4031990528321033,-0.4031990528321731,0.013003457926586791,0.019650912865645093,-20.518082574016198,0.0,0.6681790831465236,"cluster_2way(u,v)",0.18304863620802447,0.8133318766956174,slashdot090221,walk_full,srctgt2_zscored,False,,0.0
const,54921,2.019258136900234,,0.01627849865352468,0.020394061346454405,99.0120654536175,0.0,7.532734602446206,"cluster_2way(u,v)",0.18555491325421725,0.8236011725933614,slashdot090221,walk_localattn4,srctgt2_zscored,False,,
src_out,54921,-1.0833145271499598,-1.083314527149966,0.014869472477986352,0.02038044146337523,-53.154615374585255,0.0,0.3384717904094457,"cluster_2way(u,v)",0.18555491325421725,0.8236011725933614,slashdot090221,walk_localattn4,srctgt2_zscored,False,,0.0
tgt_in,54921,-0.47632123698986595,-0.47632123698994844,0.013551643382999056,0.01956002779044499,-24.351766883610836,0.0,0.6210639414881632,"cluster_2way(u,v)",0.18555491325421725,0.8236011725933614,slashdot090221,walk_localattn4,srctgt2_zscored,False,,0.0
const,54921,1.7183899482790554,,0.014395723095249514,0.025790257095213407,66.62942296135479,0.0,5.575544319021521,"cluster_2way(u,v)",0.16752911574650653,0.7907539920977404,slashdot090221,GINEConv,srctgt2_zscored,False,,
src_out,54921,-0.5200635463354273,-0.5200635463354221,0.011936432459752044,0.022839544279742347,-22.77031187512355,0.0,0.5944827695683869,"cluster_2way(u,v)",0.16752911574650653,0.7907539920977404,slashdot090221,GINEConv,srctgt2_zscored,False,,0.0
tgt_in,54921,-0.9966147767191165,-0.9966147767192773,0.01471005853989311,0.024700838864794853,-40.34740610123784,0.0,0.3691269055015997,"cluster_2way(u,v)",0.16752911574650653,0.7907539920977404,slashdot090221,GINEConv,srctgt2_zscored,False,,0.0
const,54921,2.190140268735415,,0.017900258476243297,0.027060865707272504,80.93385823007218,0.0,8.9364665336487,"cluster_2way(u,v)",0.2127085181721755,0.8318311756887166,slashdot090221,SiGAT,srctgt2_zscored,False,,
src_out,54921,-1.1676914612428004,-1.1676914612427973,0.01594640949568357,0.02295983695918149,-50.85800318698902,0.0,0.3110842630423399,"cluster_2way(u,v)",0.2127085181721755,0.8318311756887166,slashdot090221,SiGAT,srctgt2_zscored,False,,0.0
tgt_in,54921,-0.5878601018561452,-0.587860101856247,0.014440113201040314,0.021114582006810056,-27.841427392052733,0.0,0.5555147587457783,"cluster_2way(u,v)",0.2127085181721755,0.8318311756887166,slashdot090221,SiGAT,srctgt2_zscored,False,,0.0
src_out,173072,-0.7699673664179256,-0.7699673664187499,0.008273216166221283,0.01259250445020611,-61.14489531947897,0.0,0.46302817833274,"cluster_2way(u,v)",0.1616776006017816,0.8666104280299528,POOLED,walk_full,srctgt2_zscored,True,shared_slope,0.0
tgt_in,173072,-0.6169137469438943,-0.6169137469442615,0.008123743046889155,0.012357535775032291,-49.92206845885359,0.0,0.539607234845926,"cluster_2way(u,v)",0.1616776006017816,0.8666104280299528,POOLED,walk_full,srctgt2_zscored,True,shared_slope,0.0
ds_bitcoin-alpha,173072,1.818895409496381,0.21352848188855258,0.0720571056764157,0.09042040948459658,20.115982883336045,0.0,6.165044837468701,"cluster_2way(u,v)",0.1616776006017816,0.8666104280299528,POOLED,walk_full,srctgt2_zscored,True,shared_slope,
ds_bitcoin-otc,173072,1.8910584666041017,0.2684128892428576,0.05763344290380748,0.07018219194302533,26.94499009291821,0.0,6.6263787710508,"cluster_2way(u,v)",0.1616776006017816,0.8666104280299528,POOLED,walk_full,srctgt2_zscored,True,shared_slope,
ds_epinions,173072,2.3804324921051685,1.1897367925989442,0.013434179934414798,0.020959487603428674,113.5730289377763,0.0,10.809576909788131,"cluster_2way(u,v)",0.1616776006017816,0.8666104280299528,POOLED,walk_full,srctgt2_zscored,True,shared_slope,
ds_wiki-elec,173072,2.4014839377866517,0.5699525457315064,0.02891122083720413,0.03598189131442657,66.74145938581614,0.0,11.039546231517935,"cluster_2way(u,v)",0.1616776006017816,0.8666104280299528,POOLED,walk_full,srctgt2_zscored,True,shared_slope,
ds_wiki-rfa,173072,2.3791648475335863,0.7212896775656407,0.022486487841599383,0.031553815286989514,75.40022738595988,0.0,10.795882889706217,"cluster_2way(u,v)",0.1616776006017816,0.8666104280299528,POOLED,walk_full,srctgt2_zscored,True,shared_slope,
ds_slashdot090221,173072,2.1842744071444096,1.016642600086297,0.014596772567491681,0.019344214693418703,112.91615822934101,0.0,8.88419990213004,"cluster_2way(u,v)",0.1616776006017816,0.8666104280299528,POOLED,walk_full,srctgt2_zscored,True,shared_slope,
src_out,173072,-0.7639130501828311,-0.7639130501836489,0.00857547812645921,0.012493348005536427,-61.14558322111119,0.0,0.46584000059182246,"cluster_2way(u,v)",0.16746794819242028,0.8759880281039105,POOLED,walk_localattn4,srctgt2_zscored,True,shared_slope,0.0
tgt_in,173072,-0.6528330321086392,-0.6528330321090277,0.008451801497222584,0.012236691231730755,-53.35045395407126,0.0,0.5205688973244995,"cluster_2way(u,v)",0.16746794819242028,0.8759880281039105,POOLED,walk_localattn4,srctgt2_zscored,True,shared_slope,0.0
ds_bitcoin-alpha,173072,2.296159717193759,0.26955672988464213,0.08573832316422597,0.10490768596648406,21.88743080204187,0.0,9.935952227853035,"cluster_2way(u,v)",0.16746794819242028,0.8759880281039105,POOLED,walk_localattn4,srctgt2_zscored,True,shared_slope,
ds_bitcoin-otc,173072,2.4159421090416466,0.34291377722226196,0.06872682079693339,0.0769167406228404,31.409834705401355,0.0,11.20031730878947,"cluster_2way(u,v)",0.16746794819242028,0.8759880281039105,POOLED,walk_localattn4,srctgt2_zscored,True,shared_slope,
ds_epinions,173072,2.5004821692875896,1.2497374514528488,0.014069252306401318,0.020566516520537256,121.58024752469214,0.0,12.188369401502293,"cluster_2way(u,v)",0.16746794819242028,0.8759880281039105,POOLED,walk_localattn4,srctgt2_zscored,True,shared_slope,
ds_wiki-elec,173072,2.456353994757427,0.5829750474284153,0.029392243957991847,0.03507658834983718,70.02830407161959,0.0,11.662213439381105,"cluster_2way(u,v)",0.16746794819242028,0.8759880281039105,POOLED,walk_localattn4,srctgt2_zscored,True,shared_slope,
ds_wiki-rfa,173072,2.4553423062217203,0.7443843423476524,0.02302343041376664,0.03048201103918174,80.55053529983996,0.0,11.650420877948942,"cluster_2way(u,v)",0.16746794819242028,0.8759880281039105,POOLED,walk_localattn4,srctgt2_zscored,True,shared_slope,
ds_slashdot090221,173072,2.29257096684353,1.067047849386842,0.015166246739609106,0.019298061828897806,118.79799055315124,0.0,9.900358482549795,"cluster_2way(u,v)",0.16746794819242028,0.8759880281039105,POOLED,walk_localattn4,srctgt2_zscored,True,shared_slope,
src_out,173072,-0.5459382114764665,-0.5459382114768065,0.008120776669207023,0.016248644705590416,-33.59899987773344,0.0,0.5792980242445805,"cluster_2way(u,v)",0.21104459167561185,0.8651370527872793,POOLED,GINEConv,srctgt2_zscored,True,shared_slope,0.0
tgt_in,173072,-1.0570839384684345,-1.0570839384689767,0.009184817344404718,0.016060240444962494,-65.81993227878496,0.0,0.34746757125254907,"cluster_2way(u,v)",0.21104459167561185,0.8651370527872793,POOLED,GINEConv,srctgt2_zscored,True,shared_slope,0.0
ds_bitcoin-alpha,173072,2.5372211002537735,0.29785603225135265,0.09641469230912277,0.14170870968258897,17.90448241280902,0.0,12.64448434908134,"cluster_2way(u,v)",0.21104459167561185,0.8651370527872793,POOLED,GINEConv,srctgt2_zscored,True,shared_slope,
ds_bitcoin-otc,173072,2.591428155450155,0.3678219001439712,0.07399653672161748,0.10397059375358808,24.924625914822414,0.0,13.348822189521536,"cluster_2way(u,v)",0.21104459167561185,0.8651370527872793,POOLED,GINEConv,srctgt2_zscored,True,shared_slope,
ds_epinions,173072,2.4137105942592547,1.2063691409860091,0.013742824193862009,0.03289751776488996,73.37059931115228,0.0,11.175351501291768,"cluster_2way(u,v)",0.21104459167561185,0.8651370527872793,POOLED,GINEConv,srctgt2_zscored,True,shared_slope,
ds_wiki-elec,173072,2.6776119533896807,0.635486969245405,0.03123214878235421,0.04102734574252649,65.2640794799023,0.0,14.550304967881225,"cluster_2way(u,v)",0.21104459167561185,0.8651370527872793,POOLED,GINEConv,srctgt2_zscored,True,shared_slope,
ds_wiki-rfa,173072,2.810737594993614,0.852129273730768,0.025212763043729193,0.03380294527430812,83.15067140406582,0.0,16.6221741307032,"cluster_2way(u,v)",0.21104459167561185,0.8651370527872793,POOLED,GINEConv,srctgt2_zscored,True,shared_slope,
ds_slashdot090221,173072,2.2954824777689207,1.0684029749277024,0.015458636365858156,0.027687361789461285,82.90723020936781,0.0,9.929225487345063,"cluster_2way(u,v)",0.21104459167561185,0.8651370527872793,POOLED,GINEConv,srctgt2_zscored,True,shared_slope,
src_out,173072,-0.9039646524330632,-0.9039646524340177,0.009143754056681348,0.013078463760648688,-69.11856537409,0.0,0.40496094345757416,"cluster_2way(u,v)",0.19761480191427294,0.8820433114541925,POOLED,SiGAT,srctgt2_zscored,True,shared_slope,0.0
tgt_in,173072,-0.7351975974822188,-0.7351975974826628,0.008948003057525465,0.013040492233128417,-56.37805570057418,0.0,0.4794107192639629,"cluster_2way(u,v)",0.19761480191427294,0.8820433114541925,POOLED,SiGAT,srctgt2_zscored,True,shared_slope,0.0
ds_bitcoin-alpha,173072,2.4980138978150013,0.29325331877363475,0.09344374344779155,0.08521094946827401,29.315644449485557,0.0,12.158322294474575,"cluster_2way(u,v)",0.19761480191427294,0.8820433114541925,POOLED,SiGAT,srctgt2_zscored,True,shared_slope,
ds_bitcoin-otc,173072,2.2767959318814937,0.3231636594452455,0.06617208514776997,0.08390358621591262,27.135859556974346,0.0,9.745405389926427,"cluster_2way(u,v)",0.19761480191427294,0.8820433114541925,POOLED,SiGAT,srctgt2_zscored,True,shared_slope,
ds_epinions,173072,2.5570955113147913,1.2780327197224326,0.014587293571899994,0.022107271784397566,115.6676199692577,0.0,12.898299891358093,"cluster_2way(u,v)",0.19761480191427294,0.8820433114541925,POOLED,SiGAT,srctgt2_zscored,True,shared_slope,
ds_wiki-elec,173072,2.8705273434438423,0.6812722505633783,0.03204246179046242,0.03710836975756212,77.3552533349669,0.0,17.64632141853403,"cluster_2way(u,v)",0.19761480191427294,0.8820433114541925,POOLED,SiGAT,srctgt2_zscored,True,shared_slope,
ds_wiki-rfa,173072,2.8677059524885706,0.8694003292658978,0.025164714877393565,0.030438247699974975,94.21389761838782,0.0,17.59660441542138,"cluster_2way(u,v)",0.19761480191427294,0.8820433114541925,POOLED,SiGAT,srctgt2_zscored,True,shared_slope,
ds_slashdot090221,173072,2.5356984581872055,1.1802084322072182,0.016481692303465918,0.02339653922399645,108.37921087006275,0.0,12.625245975596664,"cluster_2way(u,v)",0.19761480191427294,0.8820433114541925,POOLED,SiGAT,srctgt2_zscored,True,shared_slope,
const,2339,4.658894028259875,,0.19684139955884794,0.23087023591950961,20.179708353068726,0.0,105.51931621687365,"cluster_2way(u,v)",0.33850290055652943,0.903805044890979,bitcoin-alpha,walk_full,node4,False,,
src_out,2339,-3.429276782809431,-0.9668024974622698,0.278307762666061,0.36892861073878763,-9.295231334707896,0.0,0.03241037203714921,"cluster_2way(u,v)",0.33850290055652943,0.903805044890979,bitcoin-alpha,walk_full,node4,False,,0.0
src_in,2339,-0.18836026975647313,-0.04555428630731319,0.3170408006968657,0.43631639778661674,-0.43170568585550134,0.6659553344091749,0.8283162361821705,"cluster_2way(u,v)",0.33850290055652943,0.903805044890979,bitcoin-alpha,walk_full,node4,False,,0.6949865955372757
tgt_out,2339,-0.5110447698469545,-0.14246793053292392,0.26838329078202733,0.35269095454344235,-1.4489874584634606,0.14734108502972676,0.5998685267578708,"cluster_2way(u,v)",0.33850290055652943,0.903805044890979,bitcoin-alpha,walk_full,node4,False,,0.18859658883805025
tgt_in,2339,-3.4580617516879,-0.9237967714174263,0.2556199263880757,0.4040981064131128,-8.557480712747255,0.0,0.03149073977747871,"cluster_2way(u,v)",0.33850290055652943,0.903805044890979,bitcoin-alpha,walk_full,node4,False,,0.0
const,2339,5.2080383360773475,,0.24356415906469553,0.22953006175392257,22.6900053800397,0.0,182.73524123950884,"cluster_2way(u,v)",0.35249129615237085,0.9358700299273194,bitcoin-alpha,walk_localattn4,node4,False,,
src_out,2339,-3.547555049526209,-1.0001482233688286,0.3299698838840941,0.4279902067454187,-8.288869683498156,2.220446049250313e-16,0.028794955900413303,"cluster_2way(u,v)",0.35249129615237085,0.9358700299273194,bitcoin-alpha,walk_localattn4,node4,False,,4.736951571734001e-16
src_in,2339,0.365763668200666,0.08845869080336481,0.3812764891967196,0.5757062210609176,0.6353304078018001,0.5252129456031616,1.441614503042849,"cluster_2way(u,v)",0.35249129615237085,0.9358700299273194,bitcoin-alpha,walk_localattn4,node4,False,,0.5931816797400413
tgt_out,2339,-0.09297382227789404,-0.025919036521270367,0.30980336078936016,0.4531511010195582,-0.20517178942897735,0.8374379093514792,0.911217353578587,"cluster_2way(u,v)",0.35249129615237085,0.9358700299273194,bitcoin-alpha,walk_localattn4,node4,False,,0.8552557372100213
tgt_in,2339,-3.7182241513566026,-0.9932973188674097,0.2948178038554827,0.3975688352099872,-9.352403463397017,0.0,0.024277041939829838,"cluster_2way(u,v)",0.35249129615237085,0.9358700299273194,bitcoin-alpha,walk_localattn4,node4,False,,0.0
const,2339,6.235667953749853,,0.33684421692069244,0.30869500135100725,20.20009370562976,0.0,510.6415895237132,"cluster_2way(u,v)",0.42269141391503917,0.95382642154767,bitcoin-alpha,GINEConv,node4,False,,
src_out,2339,-3.4264377123204097,-0.966002089500733,0.3940113152027314,0.573045799214799,-5.979343565584803,2.240385876817186e-09,0.032502518110643135,"cluster_2way(u,v)",0.42269141391503917,0.95382642154767,bitcoin-alpha,GINEConv,node4,False,,3.982908225452775e-09
src_in,2339,-0.6743407362097366,-0.1630869981535849,0.4168179328790289,0.5467358698676869,-1.233393990361252,0.2174288060469527,0.5094921996705631,"cluster_2way(u,v)",0.42269141391503917,0.95382642154767,bitcoin-alpha,GINEConv,node4,False,,0.2699635291281107
tgt_out,2339,0.2176021311516267,0.06066264079761597,0.35941046983720326,0.39519397607306755,0.5506210730079402,0.5818934600089756,1.243092381481244,"cluster_2way(u,v)",0.42269141391503917,0.95382642154767,bitcoin-alpha,GINEConv,node4,False,,0.634792865464337
tgt_in,2339,-4.549258723347456,-1.2153023348757723,0.36590881240705314,0.39143574521464874,-11.621980820511965,0.0,0.010575040509754833,"cluster_2way(u,v)",0.42269141391503917,0.95382642154767,bitcoin-alpha,GINEConv,node4,False,,0.0
const,2339,6.246009551024572,,0.3301025434517415,0.3588602241869509,17.405131942877755,0.0,515.9498397783815,"cluster_2way(u,v)",0.43090511388358876,0.9486960239418555,bitcoin-alpha,SiGAT,node4,False,,
src_out,2339,-3.6807843934439255,-1.0377090475871011,0.38611390381701133,0.48360851277857153,-7.611082717084503,2.708944180085382e-14,0.02520319785661037,"cluster_2way(u,v)",0.43090511388358876,0.9486960239418555,bitcoin-alpha,SiGAT,node4,False,,5.653448723656449e-14
src_in,2339,-1.2724221511299219,-0.30773094056023886,0.38943928611466355,0.45747695913442077,-2.7813906814835785,0.00541265565117266,0.2801522282773959,"cluster_2way(u,v)",0.43090511388358876,0.9486960239418555,bitcoin-alpha,SiGAT,node4,False,,0.008247856230358338
tgt_out,2339,0.2271368355365543,0.06332070459576551,0.3513970485191481,0.3328501759791357,0.6823996258027879,0.49498629231335345,1.2550015850067737,"cluster_2way(u,v)",0.43090511388358876,0.9486960239418555,bitcoin-alpha,SiGAT,node4,False,,0.5656986197866897
tgt_in,2339,-4.327318613192892,-1.156012602091589,0.34977854557187926,0.38095446413254747,-11.359149243851007,0.0,0.013202902156787209,"cluster_2way(u,v)",0.43090511388358876,0.9486960239418555,bitcoin-alpha,SiGAT,node4,False,,0.0
const,3371,4.2387392982657515,,0.1418584916268038,0.1672148975848246,25.34905298204981,0.0,69.3204043737392,"cluster_2way(u,v)",0.2724696559101232,0.8935034114506081,bitcoin-otc,walk_full,node4,False,,
src_out,3371,-2.0167117278475835,-0.6423641178094139,0.18971693355832536,0.2325668717954735,-8.671534824706857,0.0,0.13309239032266815,"cluster_2way(u,v)",0.2724696559101232,0.8935034114506081,bitcoin-otc,walk_full,node4,False,,0.0
src_in,3371,-1.2023711986522037,-0.3439515377541071,0.2090502084642145,0.23579187340907803,-5.099290239601244,3.4092944511954215e-07,0.3004808666787293,"cluster_2way(u,v)",0.2724696559101232,0.8935034114506081,bitcoin-otc,walk_full,node4,False,,5.950768496632009e-07
tgt_out,3371,-0.589133260039795,-0.18267255077483852,0.18227531230571298,0.20585308678484038,-2.861911226308512,0.004210948349497645,0.554807950619292,"cluster_2way(u,v)",0.2724696559101232,0.8935034114506081,bitcoin-otc,walk_full,node4,False,,0.006520178089544741
tgt_in,3371,-2.473170961696487,-0.7589718930738419,0.18214431855525712,0.3708368591876144,-6.669161655382418,2.5726976105033827e-11,0.08431706845473741,"cluster_2way(u,v)",0.2724696559101232,0.8935034114506081,bitcoin-otc,walk_full,node4,False,,4.939579412166495e-11
const,3371,4.576940845970919,,0.17116419329482593,0.17973060904531835,25.465561321371037,0.0,97.21653848068307,"cluster_2way(u,v)",0.269035490378402,0.9332542272322752,bitcoin-otc,walk_localattn4,node4,False,,
src_out,3371,-1.9666012957271626,-0.6264029156814143,0.23312010955343032,0.27972665540994146,-7.030439386783122,2.0587975768648903e-12,0.13993163518778537,"cluster_2way(u,v)",0.269035490378402,0.9332542272322752,bitcoin-otc,walk_localattn4,node4,False,,4.1175951537297806e-12
src_in,3371,-0.39538943160163537,-0.11310550615612551,0.2605216599145073,0.2936602596048099,-1.3464179052818601,0.17816777965498654,0.6734177380297001,"cluster_2way(u,v)",0.269035490378402,0.9332542272322752,bitcoin-otc,walk_localattn4,node4,False,,0.22505403745893035
tgt_out,3371,0.5062717492716342,0.15697968201361082,0.22132461213646784,0.2674636717043503,1.8928617335039735,0.05837625929995749,1.6590941311174425,"cluster_2way(u,v)",0.269035490378402,0.9332542272322752,bitcoin-otc,walk_localattn4,node4,False,,0.0812191433738539
tgt_in,3371,-3.1850174267529874,-0.9774248296194222,0.22040746826946767,0.3278328704522362,-9.715369365980129,0.0,0.041377524718784836,"cluster_2way(u,v)",0.269035490378402,0.9332542272322752,bitcoin-otc,walk_localattn4,node4,False,,0.0
const,3371,5.4714806100166316,,0.22466968703767065,0.22520913581885327,24.295109477342034,0.0,237.81203911045813,"cluster_2way(u,v)",0.3612725289604578,0.940670424206467,bitcoin-otc,GINEConv,node4,False,,
src_out,3371,-1.6721089974593752,-0.5326010684633401,0.24573456613027303,0.27682565294115313,-6.04029640928844,1.5383136986457657e-09,0.18785047141068945,"cluster_2way(u,v)",0.3612725289604578,0.940670424206467,bitcoin-otc,GINEConv,node4,False,,2.7863795296225193e-09
src_in,3371,-1.0885444555837327,-0.31139014293707645,0.2696491229287625,0.31698001433361844,-3.434110689508803,0.0005945013749169004,0.33670622807540507,"cluster_2way(u,v)",0.3612725289604578,0.940670424206467,bitcoin-otc,GINEConv,node4,False,,0.0009512021998670406
tgt_out,3371,0.21672335759342223,0.06719941179590452,0.23152144115845527,0.29607822324025546,0.7319800666919026,0.46418073439260676,1.2420004646100988,"cluster_2way(u,v)",0.3612725289604578,0.940670424206467,bitcoin-otc,GINEConv,node4,False,,0.5368837409842199
tgt_in,3371,-4.090278740906668,-1.2552333208118176,0.2647795042844432,0.2784107660530184,-14.691525040119128,0.0,0.016734568299671036,"cluster_2way(u,v)",0.3612725289604578,0.940670424206467,bitcoin-otc,GINEConv,node4,False,,0.0
const,3371,5.5960737216167065,,0.2178780513541258,0.246481671134774,22.703812806254557,0.0,269.3667197441383,"cluster_2way(u,v)",0.43283588914766025,0.9207950163156333,bitcoin-otc,SiGAT,node4,False,,
src_out,3371,-2.1563319878326332,-0.6868360390538755,0.23227029011481706,0.308663285478718,-6.986033290251198,2.8277380437202737e-12,0.11574891174481661,"cluster_2way(u,v)",0.43283588914766025,0.9207950163156333,bitcoin-otc,SiGAT,node4,False,,5.540058208105026e-12
src_in,3371,-1.8657299224946526,-0.5337126143700237,0.25262548823613634,0.30419176465375664,-6.133400503522184,8.602023537918058e-10,0.15478318891026951,"cluster_2way(u,v)",0.43283588914766025,0.9207950163156333,bitcoin-otc,SiGAT,node4,False,,1.5880658839233337e-09
tgt_out,3371,0.34694030283593735,0.10757578019165752,0.22496246541239062,0.2824624114186996,1.2282706965977888,0.21934536741658994,1.414732267345233,"cluster_2way(u,v)",0.43283588914766025,0.9207950163156333,bitcoin-otc,SiGAT,node4,False,,0.2699635291281107
tgt_in,3371,-4.239024314834738,-1.3008806745851647,0.2447451771879014,0.27420578385744077,-15.459281183647832,0.0,0.014421655976708369,"cluster_2way(u,v)",0.43283588914766025,0.9207950163156333,bitcoin-otc,SiGAT,node4,False,,0.0
const,70792,5.196160318866433,,0.05087758243518805,0.06310953457034714,82.33558295497109,0.0,180.57754882138664,"cluster_2way(u,v)",0.20534525346442356,0.9349785286473048,epinions,walk_full,node4,False,,
src_out,70792,-2.6022854277984515,-0.926682970935295,0.04575539409691355,0.07043757768893452,-36.94456159879076,0.0,0.07410402513844937,"cluster_2way(u,v)",0.20534525346442356,0.9349785286473048,epinions,walk_full,node4,False,,0.0
src_in,70792,-0.7570419933925918,-0.22014946872470423,0.05726339102125536,0.08270896830581446,-9.15308229445502,0.0,0.46905183540448936,"cluster_2way(u,v)",0.20534525346442356,0.9349785286473048,epinions,walk_full,node4,False,,0.0
tgt_out,70792,-0.35585983336701077,-0.1370763050607245,0.04252583065651494,0.0541801911175362,-6.568080068138253,5.0968118614491686e-11,0.7005708100052359,"cluster_2way(u,v)",0.20534525346442356,0.9349785286473048,epinions,walk_full,node4,False,,9.593998798021964e-11
tgt_in,70792,-2.2403556528434065,-0.595808162948263,0.055765167538697306,0.09461230443654123,-23.67932655467733,0.0,0.10642064884157937,"cluster_2way(u,v)",0.20534525346442356,0.9349785286473048,epinions,walk_full,node4,False,,0.0
const,70792,5.3260430405323085,,0.054249995256082664,0.06308527512037594,84.42608881976719,0.0,205.62272148460482,"cluster_2way(u,v)",0.20419710915179246,0.943863713413945,epinions,walk_localattn4,node4,False,,
src_out,70792,-2.6249995086381404,-0.9347715348144674,0.049202753672052936,0.06762476754200186,-38.817131711510115,0.0,0.07243979262839394,"cluster_2way(u,v)",0.20419710915179246,0.943863713413945,epinions,walk_localattn4,node4,False,,0.0
src_in,70792,-0.6533036848233191,-0.1899821415258795,0.061231469705132,0.08662849065674157,-7.541441388053065,4.6407322429331543e-14,0.520323947807395,"cluster_2way(u,v)",0.20419710915179246,0.943863713413945,epinions,walk_localattn4,node4,False,,9.478942453650699e-14
tgt_out,70792,-0.21854714918026977,-0.08418380744951892,0.0453887082278467,0.05559562560840657,-3.931013398781206,8.458855714232882e-05,0.8036855854347794,"cluster_2way(u,v)",0.20419710915179246,0.943863713413945,epinions,walk_localattn4,node4,False,,0.00014000864630454426
tgt_in,70792,-2.3193444325016817,-0.6168147203856912,0.058937613432905794,0.09204681968645737,-25.197442349471217,0.0,0.09833803169510012,"cluster_2way(u,v)",0.20419710915179246,0.943863713413945,epinions,walk_localattn4,node4,False,,0.0
const,70792,5.12005931204514,,0.04749984774741218,0.07820996846752365,65.46555908881645,0.0,167.34529491844256,"cluster_2way(u,v)",0.22936088620959394,0.9242993558594191,epinions,GINEConv,node4,False,,
src_out,70792,-1.8077992606560265,-0.6437636593677108,0.04114514003283813,0.0906372384281523,-19.945436246814385,0.0,0.1640146935005028,"cluster_2way(u,v)",0.22936088620959394,0.9242993558594191,epinions,GINEConv,node4,False,,0.0
src_in,70792,-1.391391911760811,-0.40461981347865406,0.05229233050530666,0.13916546784814243,-9.99811183963467,0.0,0.24872885495544808,"cluster_2way(u,v)",0.22936088620959394,0.9242993558594191,epinions,GINEConv,node4,False,,0.0
tgt_out,70792,0.22874230809141402,0.08811095679881117,0.041470988901591885,0.055127353735163316,4.149343158939069,3.3343064991919746e-05,1.2570180738834498,"cluster_2way(u,v)",0.22936088620959394,0.9242993558594191,epinions,GINEConv,node4,False,,5.7159539986148135e-05
tgt_in,70792,-3.317846741843157,-0.88235998141297,0.05312811661152951,0.11876467038724448,-27.93631078185941,0.0,0.03623076200577846,"cluster_2way(u,v)",0.22936088620959394,0.9242993558594191,epinions,GINEConv,node4,False,,0.0
const,70792,5.20229353322867,,0.05156246228989634,0.07127035359618038,72.99379434406902,0.0,181.68847292273844,"cluster_2way(u,v)",0.21539378721770064,0.9372810487060684,epinions,SiGAT,node4,False,,
src_out,70792,-2.6770633325647872,-0.9533116451802205,0.047046008994082844,0.06861895782785463,-39.01346533534908,0.0,0.06876479727081077,"cluster_2way(u,v)",0.21539378721770064,0.9372810487060684,epinions,SiGAT,node4,False,,0.0
src_in,70792,-0.8609369066630188,-0.2503623369133987,0.05827192633888367,0.0964950487408496,-8.922083753490611,0.0,0.4227658046098884,"cluster_2way(u,v)",0.21539378721770064,0.9372810487060684,epinions,SiGAT,node4,False,,0.0
tgt_out,70792,0.06313670761259838,0.024320099605927008,0.04381917928623269,0.0531929371999012,1.1869377954319027,0.23525215768704144,1.0651724464604315,"cluster_2way(u,v)",0.21539378721770064,0.9372810487060684,epinions,SiGAT,node4,False,,0.28587603972096176
tgt_in,70792,-2.3541369491497037,-0.626067566201529,0.05615124435518631,0.09361269336316813,-25.14762544024759,0.0,0.09497543980733003,"cluster_2way(u,v)",0.21539378721770064,0.9372810487060684,epinions,SiGAT,node4,False,,0.0
const,4117,5.600083891446079,,0.21856623342610518,0.24111120654687082,23.226145195194196,0.0,270.4490948401563,"cluster_2way(u,v)",0.24416746076050844,0.8477046393004615,wiki-elec,walk_full,node4,False,,
src_out,4117,-2.1714544382085665,-0.6405213383330615,0.19653090750087093,0.2403589647067837,-9.034214475243498,0.0,0.11401167332883431,"cluster_2way(u,v)",0.24416746076050844,0.8477046393004615,wiki-elec,walk_full,node4,False,,0.0
src_in,4117,-0.23707774827234032,-0.08020333730354513,0.14328155053278135,0.1452182456011529,-1.6325617162700259,0.10256120850332451,0.7889299476926578,"cluster_2way(u,v)",0.24416746076050844,0.8477046393004615,wiki-elec,walk_full,node4,False,,0.13674827800443268
tgt_out,4117,-0.36925098290786923,-0.13223433222104305,0.13884451541353313,0.160554222934045,-2.2998522004591306,0.021456594913057403,0.6912518962656772,"cluster_2way(u,v)",0.24416746076050844,0.8477046393004615,wiki-elec,walk_full,node4,False,,0.031209592600810767
tgt_in,4117,-3.635996005818257,-1.292133784757332,0.17370149289740033,0.21165465069199904,-17.178909104668705,0.0,0.026357668917717424,"cluster_2way(u,v)",0.24416746076050844,0.8477046393004615,wiki-elec,walk_full,node4,False,,0.0
const,4117,5.587546118493006,,0.21887494176781644,0.23170258356076892,24.115165366844316,0.0,267.079433658352,"cluster_2way(u,v)",0.2363552013016459,0.8506193830459072,wiki-elec,walk_localattn4,node4,False,,
src_out,4117,-2.2265373054022626,-0.6567693199592547,0.1986460949130594,0.23177536859270056,-9.606444890677587,0.0,0.10790141364123351,"cluster_2way(u,v)",0.2363552013016459,0.8506193830459072,wiki-elec,walk_localattn4,node4,False,,0.0
src_in,4117,-0.22197461646084185,-0.0750939519485517,0.14370912243358072,0.14821116531396478,-1.4976915942238187,0.13421339678095112,0.8009356946591988,"cluster_2way(u,v)",0.2363552013016459,0.8506193830459072,wiki-elec,walk_localattn4,node4,False,,0.17411467690501767
tgt_out,4117,-0.397335474540234,-0.1422918111951744,0.13940329997822945,0.1591477680464618,-2.4966449697505992,0.012537441024598417,0.6721085125135945,"cluster_2way(u,v)",0.2363552013016459,0.8506193830459072,wiki-elec,walk_localattn4,node4,False,,0.018516835974791507
tgt_in,4117,-3.5074494308370943,-1.2464518389625037,0.17175906540779468,0.193776626680157,-18.1004772914455,0.0,0.029973265913424498,"cluster_2way(u,v)",0.2363552013016459,0.8506193830459072,wiki-elec,walk_localattn4,node4,False,,0.0
const,4117,4.951304612639769,,0.2138434331484301,0.2289332851656611,21.627718350596755,0.0,141.3592627569829,"cluster_2way(u,v)",0.26360649707931794,0.8559630799125577,wiki-elec,GINEConv,node4,False,,
src_out,4117,-0.6720633055497651,-0.19824081055571668,0.1794811833987795,0.2202211418306657,-3.051765602353173,0.002274996777144933,0.5106538551198819,"cluster_2way(u,v)",0.26360649707931794,0.8559630799125577,wiki-elec,GINEConv,node4,False,,0.0035803227968182554
src_in,4117,0.09530494437941471,0.032241636578971986,0.1471781363978386,0.15284937554975775,0.6235219740782628,0.5329415667727078,1.0999942410476742,"cluster_2way(u,v)",0.26360649707931794,0.8559630799125577,wiki-elec,GINEConv,node4,False,,0.5949115163974412
tgt_out,4117,0.13692095088754408,0.049033452436881154,0.14022438786098265,0.1438329117539706,0.9519445112934266,0.3411251238654631,1.1467374963561519,"cluster_2way(u,v)",0.26360649707931794,0.8559630799125577,wiki-elec,GINEConv,node4,False,,0.40685617224740206
tgt_in,4117,-4.611699829040716,-1.6388723047901368,0.20781819075769542,0.23971216177017954,-19.238489173787162,0.0,0.009934916287423148,"cluster_2way(u,v)",0.26360649707931794,0.8559630799125577,wiki-elec,GINEConv,node4,False,,0.0
const,4117,5.547513780936391,,0.23043795887922758,0.25925319518016704,21.39805365592955,0.0,256.5988013612952,"cluster_2way(u,v)",0.2281067904237566,0.8724799611367501,wiki-elec,SiGAT,node4,False,,
src_out,4117,-2.368688685933647,-0.6987001985914452,0.2150418956729363,0.2458210191674011,-9.63582648040605,0.0,0.09360338927664048,"cluster_2way(u,v)",0.2281067904237566,0.8724799611367501,wiki-elec,SiGAT,node4,False,,0.0
src_in,4117,0.11872756212256237,0.04016550174588631,0.15294309849065277,0.15481565329454697,0.7668963673632884,0.4431431336595857,1.1260630942557468,"cluster_2way(u,v)",0.2281067904237566,0.8724799611367501,wiki-elec,SiGAT,node4,False,,0.5188017174551247
tgt_out,4117,-0.0018796967933659343,-0.0006731477010334667,0.1447467575784097,0.15140599213751066,-0.012414943205542006,0.990094562949221,0.9981220687302619,"cluster_2way(u,v)",0.2281067904237566,0.8724799611367501,wiki-elec,SiGAT,node4,False,,0.990094562949221
tgt_in,4117,-3.4912735339036645,-1.2407033664963636,0.1848736835849851,0.19218530740795536,-18.166183362251893,0.0,0.030462053000427862,"cluster_2way(u,v)",0.2281067904237566,0.8724799611367501,wiki-elec,SiGAT,node4,False,,0.0
const,9820,5.5673177085661605,,0.14340931818219763,0.15732661233439474,35.38700558004091,0.0,261.73111772606387,"cluster_2way(u,v)",0.24534856121161774,0.8397148676171079,wiki-rfa,walk_full,node4,False,,
src_out,9820,-1.8658048818392434,-0.5302134951880298,0.12582393677772652,0.14972994052215802,-12.461134194888226,0.0,0.15477158689872014,"cluster_2way(u,v)",0.24534856121161774,0.8397148676171079,wiki-rfa,walk_full,node4,False,,0.0
src_in,9820,-0.15460617802493135,-0.05418365571199344,0.08987861445842915,0.1004217453167669,-1.5395687212689537,0.12366551471797615,0.8567525190221844,"cluster_2way(u,v)",0.24534856121161774,0.8397148676171079,wiki-rfa,walk_full,node4,False,,0.16262862209487275
tgt_out,9820,-0.25915002132227016,-0.0911902656307822,0.08879777246297452,0.103752334197873,-2.497775335136344,0.01249753705278911,0.7717072418182713,"cluster_2way(u,v)",0.24534856121161774,0.8397148676171079,wiki-rfa,walk_full,node4,False,,0.018516835974791507
tgt_in,9820,-3.952866058069733,-1.422258032456348,0.12019909959809791,0.14635753546121086,-27.008285194289577,0.0,0.01919959568832747,"cluster_2way(u,v)",0.24534856121161774,0.8397148676171079,wiki-rfa,walk_full,node4,False,,0.0
const,9820,5.739600879819228,,0.14745783401050305,0.1614029964525466,35.56068354348491,0.0,310.9402836699556,"cluster_2way(u,v)",0.254160505446942,0.8415478615071283,wiki-rfa,walk_localattn4,node4,False,,
src_out,9820,-2.1917461244102796,-0.6228375670465837,0.13042369035386103,0.1571819833035524,-13.944003494201647,0.0,0.11172149856569863,"cluster_2way(u,v)",0.254160505446942,0.8415478615071283,wiki-rfa,walk_localattn4,node4,False,,0.0
src_in,9820,0.010036240320749156,0.0035173250974136834,0.09114986291631827,0.10016288477103572,0.10019919397979794,0.9201861859065694,1.0100867722894842,"cluster_2way(u,v)",0.254160505446942,0.8415478615071283,wiki-rfa,walk_localattn4,node4,False,,0.9298723562845334
tgt_out,9820,-0.20627913409672044,-0.07258594437457289,0.08943792481814386,0.10756294509684382,-1.91775275315303,0.05514236919715776,0.8136059394245869,"cluster_2way(u,v)",0.254160505446942,0.8415478615071283,wiki-rfa,walk_localattn4,node4,False,,0.07784805063128154
tgt_in,9820,-3.991217617940722,-1.4360570869354115,0.12206784661088818,0.14336139710668047,-27.840253363119157,0.0,0.01847720224422186,"cluster_2way(u,v)",0.254160505446942,0.8415478615071283,wiki-rfa,walk_localattn4,node4,False,,0.0
const,9820,6.346961933608359,,0.1743001508972872,0.1985182622513578,31.971677878038385,0.0,570.7560774916248,"cluster_2way(u,v)",0.27811053276622955,0.869959266802444,wiki-rfa,GINEConv,node4,False,,
src_out,9820,-1.994445267066863,-0.566769765855858,0.1406095714047193,0.2071873933721319,-9.626286786110652,0.0,0.13608912635168963,"cluster_2way(u,v)",0.27811053276622955,0.869959266802444,wiki-rfa,GINEConv,node4,False,,0.0
src_in,9820,0.07037422051308818,0.024663519815270086,0.09898196661622609,0.12223294439087873,0.575738569203113,0.5647919014127116,1.0729096109230203,"cluster_2way(u,v)",0.27811053276622955,0.869959266802444,wiki-rfa,GINEConv,node4,False,,0.6232186498347163
tgt_out,9820,0.02074352827280754,0.007299277243603337,0.09618401882334562,0.09092205832456014,0.22814626785900904,0.8195325318622007,1.0209601706380698,"cluster_2way(u,v)",0.27811053276622955,0.869959266802444,wiki-rfa,GINEConv,node4,False,,0.8459690651480781
tgt_in,9820,-4.774609738934314,-1.7179249064562834,0.15589944963542193,0.16693825210272545,-28.601052657459583,0.0,0.008441377785799163,"cluster_2way(u,v)",0.27811053276622955,0.869959266802444,wiki-rfa,GINEConv,node4,False,,0.0
const,9820,5.952817538937916,,0.1605347971448912,0.1725853960010152,34.49201193653083,0.0,384.83610368592116,"cluster_2way(u,v)",0.24514172756052532,0.8679226069246436,wiki-rfa,SiGAT,node4,False,,
src_out,9820,-2.154116762131916,-0.6121442754331339,0.1399106702657947,0.1536906523012767,-14.015925691493871,0.0,0.11600560592174143,"cluster_2way(u,v)",0.24514172756052532,0.8679226069246436,wiki-rfa,SiGAT,node4,False,,0.0
src_in,9820,0.04799609696295713,0.01682082842084718,0.09681631311503991,0.11120386089627544,0.4316045915683191,0.6660288207232226,1.0491665603805298,"cluster_2way(u,v)",0.24514172756052532,0.8679226069246436,wiki-rfa,SiGAT,node4,False,,0.6949865955372757
tgt_out,9820,-0.08768186589333832,-0.030853683133110415,0.09444989701517216,0.0925212149756947,-0.9476947088986275,0.3432848953337455,0.9160522578384356,"cluster_2way(u,v)",0.24514172756052532,0.8679226069246436,wiki-rfa,SiGAT,node4,False,,0.40685617224740206
tgt_in,9820,-4.062272264173618,-1.4616228510831184,0.13560206182340184,0.16127126962494165,-25.189063579774544,0.0,0.017209869283405493,"cluster_2way(u,v)",0.24514172756052532,0.8679226069246436,wiki-rfa,SiGAT,node4,False,,0.0
const,36692,4.172666130909283,,0.051234754190361706,0.06272670376155508,66.52136778573549,0.0,64.88822218605713,"cluster_2way(u,v)",0.2077845153219614,0.8132835495475853,slashdot090221,walk_full,node4,False,,
src_out,36692,-3.0765621297314665,-1.184723980883599,0.05038658076663047,0.06663200109983493,-46.172440853484865,0.0,0.04611753051766957,"cluster_2way(u,v)",0.2077845153219614,0.8132835495475853,slashdot090221,walk_full,node4,False,,0.0
src_in,36692,-0.08717476277959745,-0.03356758656102234,0.04229732353105054,0.04974245337323512,-1.752522380138642,0.07968402501405869,0.9165169085936999,"cluster_2way(u,v)",0.2077845153219614,0.8132835495475853,slashdot090221,walk_full,node4,False,,0.10774178030069907
tgt_out,36692,-0.16632669344336073,-0.06386247912781846,0.0389281092993401,0.04504571876218316,-3.692397369025789,0.0002221500000216814,0.8467695549355765,"cluster_2way(u,v)",0.2077845153219614,0.8132835495475853,slashdot090221,walk_full,node4,False,,0.0003614644068149392
tgt_in,36692,-1.25686285811878,-0.4320244441329241,0.05130797109261877,0.07151693730855284,-17.57433840736451,0.0,0.2845452866999736,"cluster_2way(u,v)",0.2077845153219614,0.8132835495475853,slashdot090221,walk_full,node4,False,,0.0
const,36692,4.354396800237191,,0.05386204149258081,0.06233245675512135,69.85761554921265,0.0,77.81987024932671,"cluster_2way(u,v)",0.2075461067546126,0.8253297721574185,slashdot090221,walk_localattn4,node4,False,,
src_out,36692,-3.0396234939279863,-1.170499633767512,0.0517963200585493,0.06723324669139757,-45.210125101944584,0.0,0.04785290301143356,"cluster_2way(u,v)",0.2075461067546126,0.8253297721574185,slashdot090221,walk_localattn4,node4,False,,0.0
src_in,36692,0.023614264276482024,0.009092928215701289,0.04318727567044533,0.04877948008780012,0.4841024183525075,0.6283131850847481,1.0238952887170876,"cluster_2way(u,v)",0.2075461067546126,0.8253297721574185,slashdot090221,walk_localattn4,node4,False,,0.6777310760464699
tgt_out,36692,-0.09418626247079195,-0.03616357721448037,0.03972109995580395,0.04414398203076055,-2.133615005668514,0.03287430862954821,0.9101132265139145,"cluster_2way(u,v)",0.2075461067546126,0.8253297721574185,slashdot090221,walk_localattn4,node4,False,,0.04710348699159147
tgt_in,36692,-1.5458134933123346,-0.5313461296652636,0.05413900321385787,0.07047339095794654,-21.934711418026772,0.0,0.21313841400494293,"cluster_2way(u,v)",0.2075461067546126,0.8253297721574185,slashdot090221,walk_localattn4,node4,False,,0.0
const,36692,4.51231758286261,,0.0538310481847715,0.07998683626710693,56.4132523981101,0.0,91.13278172688737,"cluster_2way(u,v)",0.19314664727050046,0.782105091028017,slashdot090221,GINEConv,node4,False,,
src_out,36692,-0.8386569628822754,-0.322950414704758,0.03898371677468166,0.06622974407212497,-12.662844687561652,0.0,0.43229071620916665,"cluster_2way(u,v)",0.19314664727050046,0.782105091028017,slashdot090221,GINEConv,node4,False,,0.0
src_in,36692,-1.025093704488042,-0.39472343326660464,0.04034746780852014,0.0629012500277959,-16.29687333773265,0.0,0.35876284614201204,"cluster_2way(u,v)",0.19314664727050046,0.782105091028017,slashdot090221,GINEConv,node4,False,,0.0
tgt_out,36692,0.019040637678293004,0.007310806829237908,0.03612215207774754,0.04145484509993165,0.45931030817732804,0.6460113463966015,1.019223066634927,"cluster_2way(u,v)",0.19314664727050046,0.782105091028017,slashdot090221,GINEConv,node4,False,,0.6890787694897083
tgt_in,36692,-3.297104522956509,-1.1333215390822036,0.05982829086339647,0.08939353180513858,-36.88303232211016,0.0,0.036990116525388556,"cluster_2way(u,v)",0.19314664727050046,0.782105091028017,slashdot090221,GINEConv,node4,False,,0.0
const,36692,4.700780304326629,,0.05735582723720432,0.07549300760877688,62.26775768011807,0.0,110.03299818722995,"cluster_2way(u,v)",0.21875578451425493,0.8274828300446964,slashdot090221,SiGAT,node4,False,,
src_out,36692,-2.884514764970617,-1.1107702920245583,0.05153631951622896,0.07521105283227046,-38.3522721241973,0.0,0.05588189881358008,"cluster_2way(u,v)",0.21875578451425493,0.8274828300446964,slashdot090221,SiGAT,node4,False,,0.0
src_in,36692,-0.22381866517379367,-0.08618380110983463,0.043925144160597195,0.05409269002618827,-4.137687829269256,3.508232314985982e-05,0.7994600911828021,"cluster_2way(u,v)",0.21875578451425493,0.8274828300446964,slashdot090221,SiGAT,node4,False,,5.908601793660601e-05
tgt_out,36692,-0.08123066379943639,-0.03118917032518837,0.03998371643683213,0.04575825922812118,-1.7752131564811648,0.07586269818790803,0.9219809992750582,"cluster_2way(u,v)",0.21875578451425493,0.8274828300446964,slashdot090221,SiGAT,node4,False,,0.10404027180055958
tgt_in,36692,-1.9558040136359653,-0.6722731413105105,0.05731878277206181,0.07719487412562173,-25.335931119639135,0.0,0.14145070266856663,"cluster_2way(u,v)",0.21875578451425493,0.8274828300446964,slashdot090221,SiGAT,node4,False,,0.0
src_out,127131,-2.7155866556168697,-1.012006265619149,0.031053075883984906,0.04461189601181651,-60.87135715768688,0.0,0.06616612489000712,"cluster_2way(u,v)",0.23924930443192094,0.8879974199841109,POOLED,walk_full,node4,True,shared_slope,0.0
src_in,127131,-0.32342834650298125,-0.1093788118938325,0.030435711196729866,0.03954772109332907,-8.178179110237968,2.220446049250313e-16,0.7236638091072891,"cluster_2way(u,v)",0.23924930443192094,0.8879974199841109,POOLED,walk_full,node4,True,shared_slope,3.2297397080004555e-16
tgt_out,127131,-0.20357888868988905,-0.07813202539321307,0.025937477193043255,0.03221246086448315,-6.319880047238219,2.617663863446751e-10,0.815805843929822,"cluster_2way(u,v)",0.23924930443192094,0.8879974199841109,POOLED,walk_full,node4,True,shared_slope,3.490218484595668e-10
tgt_in,127131,-2.116244744324771,-0.6924893060010037,0.03385971316745857,0.05317802131752178,-39.79547737755868,0.0,0.12048322536575698,"cluster_2way(u,v)",0.23924930443192094,0.8879974199841109,POOLED,walk_full,node4,True,shared_slope,0.0
ds_bitcoin-alpha,127131,3.800563685309027,0.5107460712321118,0.07944543447847795,0.09838669488811773,38.62883786909307,0.0,44.726388997332755,"cluster_2way(u,v)",0.23924930443192094,0.8879974199841109,POOLED,walk_full,node4,True,shared_slope,
ds_bitcoin-otc,127131,4.0104275357526795,0.644330570333797,0.06761922182379974,0.07985682182740607,50.22022469690048,0.0,55.17045286305698,"cluster_2way(u,v)",0.23924930443192094,0.8879974199841109,POOLED,walk_full,node4,True,shared_slope,
ds_epinions,127131,4.969899953701208,2.4688394092291586,0.0321874855177342,0.04082888273729167,121.72510292969334,0.0,144.01247873468893,"cluster_2way(u,v)",0.23924930443192094,0.8879974199841109,POOLED,walk_full,node4,True,shared_slope,
ds_wiki-elec,127131,4.934881304355955,0.8735604270799804,0.05776956161276351,0.0659332494203939,74.84662666769069,0.0,139.05663613549436,"cluster_2way(u,v)",0.23924930443192094,0.8879974199841109,POOLED,walk_full,node4,True,shared_slope,
ds_wiki-rfa,127131,4.948523129304467,1.3211412528976731,0.04562222574524887,0.05825975264937755,84.93896565414508,0.0,140.96662064023062,"cluster_2way(u,v)",0.23924930443192094,0.8879974199841109,POOLED,walk_full,node4,True,shared_slope,
ds_slashdot090221,127131,4.688091623349362,2.124262566012083,0.03857579281670417,0.04827961777823977,97.10291504135196,0.0,108.64564503096973,"cluster_2way(u,v)",0.23924930443192094,0.8879974199841109,POOLED,walk_full,node4,True,shared_slope,
src_out,127131,-2.731572463515663,-1.0179636294620966,0.03283480577861109,0.044078864978390225,-61.97011798862842,0.0,0.06511681530432131,"cluster_2way(u,v)",0.24655887166575308,0.8983017517363979,POOLED,walk_localattn4,node4,True,shared_slope,0.0
src_in,127131,-0.17896538841256293,-0.06052351862889036,0.031564151273756044,0.03954894139925315,-4.525162547484585,6.034910386976122e-06,0.8361348388502965,"cluster_2way(u,v)",0.24655887166575308,0.8983017517363979,POOLED,walk_localattn4,node4,True,shared_slope,7.427582014739843e-06
tgt_out,127131,-0.10157435428476765,-0.038983462771357814,0.02699711013682827,0.032524659981805315,-3.122995116369842,0.0017902071837343492,0.9034140041427425,"cluster_2way(u,v)",0.24655887166575308,0.8983017517363979,POOLED,walk_localattn4,node4,True,shared_slope,0.0020459510671249704
tgt_in,127131,-2.296065983227821,-0.7513314060303864,0.03574450426145499,0.052152816081649296,-44.025733521908975,0.0,0.10065404054133663,"cluster_2way(u,v)",0.24655887166575308,0.8983017517363979,POOLED,walk_localattn4,node4,True,shared_slope,0.0
ds_bitcoin-alpha,127131,4.337046754149023,0.5828423817746083,0.09428989068811489,0.11689548125891201,37.10191965883515,0.0,76.48133729553304,"cluster_2way(u,v)",0.24655887166575308,0.8983017517363979,POOLED,walk_localattn4,node4,True,shared_slope,
ds_bitcoin-otc,127131,4.668202752515129,0.7500112432270531,0.08155579794184871,0.09539819586163498,48.93386830172203,0.0,106.506152402144,"cluster_2way(u,v)",0.24655887166575308,0.8983017517363979,POOLED,walk_localattn4,node4,True,shared_slope,
ds_epinions,127131,5.148492766999617,2.5575568843863508,0.03421279801389938,0.04097279539325523,125.65637071097032,0.0,172.1717916467106,"cluster_2way(u,v)",0.24655887166575308,0.8983017517363979,POOLED,walk_localattn4,node4,True,shared_slope,
ds_wiki-elec,127131,4.967082522354074,0.8792606066814841,0.059266152409642156,0.0664084881150911,74.7958982855585,0.0,143.60730450602986,"cluster_2way(u,v)",0.24655887166575308,0.8983017517363979,POOLED,walk_localattn4,node4,True,shared_slope,
ds_wiki-rfa,127131,4.9671315270857415,1.3261092648310895,0.047097023276238104,0.05690512528543502,87.28794642258856,0.0,143.61434211588931,"cluster_2way(u,v)",0.24655887166575308,0.8983017517363979,POOLED,walk_localattn4,node4,True,shared_slope,
ds_slashdot090221,127131,4.805406476465899,2.177420134364943,0.04045763501176095,0.04819847406376917,99.70038615969644,0.0,122.16913981015833,"cluster_2way(u,v)",0.24655887166575308,0.8983017517363979,POOLED,walk_localattn4,node4,True,shared_slope,
src_out,127131,-1.3266667561545815,-0.4944033241730446,0.026972353708755243,0.055841205697859934,-23.75784583400256,0.0,0.2653602993763378,"cluster_2way(u,v)",0.25328387781838113,0.8778268085675406,POOLED,GINEConv,node4,True,shared_slope,0.0
src_in,127131,-0.9244992403243701,-0.3126523373624452,0.02909522346372871,0.06201240986696124,-14.908294038366693,0.0,0.3967300357452452,"cluster_2way(u,v)",0.25328387781838113,0.8778268085675406,POOLED,GINEConv,node4,True,shared_slope,0.0
tgt_out,127131,0.09181709197518513,0.03523869988633288,0.025273801325178726,0.030846992734448922,2.9765330048736574,0.0029152770108171744,1.0961643064952475,"cluster_2way(u,v)",0.25328387781838113,0.8778268085675406,POOLED,GINEConv,node4,True,shared_slope,0.0031096288115383193
tgt_in,127131,-3.5295527531334465,-1.1549597668539524,0.03645420636158997,0.06807600580576396,-51.847236208364635,0.0,0.029318025330201537,"cluster_2way(u,v)",0.25328387781838113,0.8778268085675406,POOLED,GINEConv,node4,True,shared_slope,0.0
ds_bitcoin-alpha,127131,4.798535423973869,0.6448604255564501,0.10995049720139688,0.13030860863436117,36.82439306399393,0.0,121.33258652960046,"cluster_2way(u,v)",0.25328387781838113,0.8778268085675406,POOLED,GINEConv,node4,True,shared_slope,
ds_bitcoin-otc,127131,4.939504013300903,0.793599537626086,0.0865991770758053,0.10202439129291234,48.41493245590235,0.0,139.7009425643865,"cluster_2way(u,v)",0.25328387781838113,0.8778268085675406,POOLED,GINEConv,node4,True,shared_slope,
ds_epinions,127131,4.851174378411905,2.4098614857521787,0.03072823783546256,0.05834237839775223,83.15009623602879,0.0,127.89049352420047,"cluster_2way(u,v)",0.25328387781838113,0.8778268085675406,POOLED,GINEConv,node4,True,shared_slope,
ds_wiki-elec,127131,5.064742611673815,0.8965481530424305,0.06036156765660396,0.08113452403117247,62.42401335500414,0.0,158.33968204259887,"cluster_2way(u,v)",0.25328387781838113,0.8778268085675406,POOLED,GINEConv,node4,True,shared_slope,
ds_wiki-rfa,127131,5.343198632363979,1.426510486298296,0.048978023254636946,0.07176281769309287,74.4563661813722,0.0,209.18073360346528,"cluster_2way(u,v)",0.25328387781838113,0.8778268085675406,POOLED,GINEConv,node4,True,shared_slope,
ds_slashdot090221,127131,4.876310238885523,2.2095479638525872,0.038467704380459496,0.059641035224984804,81.76099258657302,0.0,131.1458731118334,"cluster_2way(u,v)",0.25328387781838113,0.8778268085675406,POOLED,GINEConv,node4,True,shared_slope,
src_out,127131,-2.7067477193491274,-1.0087122963893744,0.03245473319619156,0.04679395787205303,-57.84395769107812,0.0,0.06675355535672192,"cluster_2way(u,v)",0.2510727486652671,0.8979084566313488,POOLED,SiGAT,node4,True,shared_slope,0.0
src_in,127131,-0.40325756554557807,-0.13637590484409826,0.03177874928941053,0.04489754773781908,-8.981728086808122,0.0,0.6681399873190943,"cluster_2way(u,v)",0.2510727486652671,0.8979084566313488,POOLED,SiGAT,node4,True,shared_slope,0.0
tgt_out,127131,0.007348123959186729,0.00282015395342012,0.027031786223352176,0.03162757483422379,0.23233282974436023,0.8162795155059714,1.0073751876706036,"cluster_2way(u,v)",0.2510727486652671,0.8979084566313488,POOLED,SiGAT,node4,True,shared_slope,0.8162795155059714
tgt_in,127131,-2.5143743328063137,-0.822767471211056,0.036421385855753864,0.053920644510833664,-46.63101406922406,0.0,0.08091352130863377,"cluster_2way(u,v)",0.2510727486652671,0.8979084566313488,POOLED,SiGAT,node4,True,shared_slope,0.0
ds_bitcoin-alpha,127131,4.713506877377088,0.6334337005459597,0.10453492050634314,0.10020307056245362,47.039545304545314,0.0,111.4422898821192,"cluster_2way(u,v)",0.2510727486652671,0.8979084566313488,POOLED,SiGAT,node4,True,shared_slope,
ds_bitcoin-otc,127131,4.560429853681266,0.7326960386128107,0.07766409869797454,0.09705201799325423,46.9895417733431,0.0,95.6245755726848,"cluster_2way(u,v)",0.2510727486652671,0.8979084566313488,POOLED,SiGAT,node4,True,shared_slope,
ds_epinions,127131,5.14285700298977,2.554757271432721,0.034145398641266124,0.04813841903538485,106.83477160330999,0.0,171.20420117664716,"cluster_2way(u,v)",0.2510727486652671,0.8979084566313488,POOLED,SiGAT,node4,True,shared_slope,
ds_wiki-elec,127131,5.34274735452889,0.945759861880164,0.06266021059114475,0.07345149037731986,72.73844719941323,0.0,209.08635627166302,"cluster_2way(u,v)",0.2510727486652671,0.8979084566313488,POOLED,SiGAT,node4,True,shared_slope,
ds_wiki-rfa,127131,5.38704803983225,1.4382172641808506,0.04971493493269412,0.061629910839483534,87.40963545871314,0.0,218.55726002876852,"cluster_2way(u,v)",0.2510727486652671,0.8979084566313488,POOLED,SiGAT,node4,True,shared_slope,
ds_slashdot090221,127131,5.06355872006059,2.294393775551684,0.04167782237568317,0.05506092514169983,91.9628340248456,0.0,158.1523359416089,"cluster_2way(u,v)",0.2510727486652671,0.8979084566313488,POOLED,SiGAT,node4,True,shared_slope,
const,2339,3.1623473054353304,,0.12225537148110782,0.1278500293837126,24.734818761318145,0.0,23.625988302982982,"cluster_2way(u,v)",0.33850290055652943,0.903805044890979,bitcoin-alpha,walk_full,node4_zscored,False,,
src_out,2339,-0.9668024974622696,-0.9668024974622621,0.0784622114369703,0.10401059023160535,-9.295231334707786,0.0,0.3802970970236038,"cluster_2way(u,v)",0.33850290055652943,0.903805044890979,bitcoin-alpha,walk_full,node4_zscored,False,,0.0
src_in,2339,-0.04555428630731318,-0.04555428630731356,0.07667523212149377,0.1055216268857772,-0.4317056858555054,0.6659553344091722,0.9554677323490997,"cluster_2way(u,v)",0.33850290055652943,0.903805044890979,bitcoin-alpha,walk_full,node4_zscored,False,,0.6949865955372759
tgt_out,2339,-0.1424679305329241,-0.14246793053292273,0.07481930015403941,0.09832240417318665,-1.448987458463473,0.1473410850297232,0.8672153649809106,"cluster_2way(u,v)",0.33850290055652943,0.903805044890979,bitcoin-alpha,walk_full,node4_zscored,False,,0.1885965888380457
tgt_in,2339,-0.9237967714174261,-0.9237967714174234,0.06828705779820313,0.10795195483658539,-8.557480712747106,0.0,0.39700882416844213,"cluster_2way(u,v)",0.33850290055652943,0.903805044890979,bitcoin-alpha,walk_full,node4_zscored,False,,0.0
const,2339,3.812994475667447,,0.16096143440485183,0.1456331607971948,26.182185807100147,0.0,45.28584338847217,"cluster_2way(u,v)",0.35249129615237096,0.9358700299273194,bitcoin-alpha,walk_localattn4,node4_zscored,False,,
src_out,2339,-1.0001482233688295,-1.0001482233688217,0.09302710980509746,0.12066159338468216,-8.28886968349779,2.220446049250313e-16,0.36782491688233554,"cluster_2way(u,v)",0.35249129615237096,0.9358700299273194,bitcoin-alpha,walk_localattn4,node4_zscored,False,,4.736951571734001e-16
src_in,2339,0.08845869080336462,0.08845869080336537,0.0922104134463729,0.13923257838299827,0.6353304078017874,0.52521294560317,1.092489121830372,"cluster_2way(u,v)",0.35249129615237096,0.9358700299273194,bitcoin-alpha,walk_localattn4,node4_zscored,False,,0.5931816797400509
tgt_out,2339,-0.025919036521270557,-0.02591903652127031,0.0863662956515984,0.12632846159507147,-0.20517178942897657,0.8374379093514797,0.974413978360563,"cluster_2way(u,v)",0.35249129615237096,0.9358700299273194,bitcoin-alpha,walk_localattn4,node4_zscored,False,,0.8552557372100217
tgt_in,2339,-0.9932973188674104,-0.9932973188674075,0.07875849389477539,0.1062077061532799,-9.35240346339723,0.0,0.3703535019185444,"cluster_2way(u,v)",0.35249129615237096,0.9358700299273194,bitcoin-alpha,walk_localattn4,node4_zscored,False,,0.0
const,2339,4.6393198989832465,,0.22955890990876474,0.2070166492600791,22.41037093183156,0.0,103.4739509083491,"cluster_2way(u,v)",0.42269141391503917,0.95382642154767,bitcoin-alpha,GINEConv,node4_zscored,False,,
src_out,2339,-0.9660020895007324,-0.9660020895007205,0.11108205831502234,0.1615565452804427,-5.979343565584849,2.240385876817186e-09,0.38060161169953916,"cluster_2way(u,v)",0.42269141391503917,0.95382642154767,bitcoin-alpha,GINEConv,node4_zscored,False,,3.982908225452775e-09
src_in,2339,-0.1630869981535849,-0.16308699815358638,0.10080598990935195,0.1322261981395092,-1.2333939903612376,0.21742880604695802,0.8495172787649443,"cluster_2way(u,v)",0.42269141391503917,0.95382642154767,bitcoin-alpha,GINEConv,node4_zscored,False,,0.269963529128114
tgt_out,2339,0.06066264079761593,0.060662640797615394,0.10019565578355613,0.11017130250069689,0.5506210730079388,0.5818934600089765,1.0625403959354063,"cluster_2way(u,v)",0.42269141391503917,0.95382642154767,bitcoin-alpha,GINEConv,node4_zscored,False,,0.634792865464338
tgt_in,2339,-1.215302334875772,-1.2153023348757772,0.09774995468771525,0.10456929448126669,-11.621980820512185,0.0,0.2966203220679606,"cluster_2way(u,v)",0.42269141391503917,0.95382642154767,bitcoin-alpha,GINEConv,node4_zscored,False,,0.0
const,2339,4.542330820882899,,0.22054262234536093,0.242762273504074,18.711024391550158,0.0,93.9094312889955,"cluster_2way(u,v)",0.43090511388358865,0.9486960239418555,bitcoin-alpha,SiGAT,node4_zscored,False,,
src_out,2339,-1.037709047587101,-1.037709047587093,0.10885557222633414,0.13634184335663765,-7.611082717084162,2.708944180085382e-14,0.3542653580708947,"cluster_2way(u,v)",0.43090511388358865,0.9486960239418555,bitcoin-alpha,SiGAT,node4_zscored,False,,5.653448723656449e-14
src_in,2339,-0.3077309405602389,-0.30773094056024136,0.0941845579320924,0.11063923619536188,-2.781390681483567,0.00541265565117266,0.7351130805165458,"cluster_2way(u,v)",0.43090511388358865,0.9486960239418555,bitcoin-alpha,SiGAT,node4_zscored,False,,0.008247856230358338
tgt_out,2339,0.0633207045957657,0.06332070459576511,0.09796169191378873,0.09279123581182183,0.6823996258027905,0.4949862923133517,1.065368453008887,"cluster_2way(u,v)",0.43090511388358865,0.9486960239418555,bitcoin-alpha,SiGAT,node4_zscored,False,,0.5656986197866877
tgt_in,2339,-1.156012602091589,-1.1560126020915857,0.09344086783663534,0.10176929427328586,-11.35914924385045,0.0,0.3147386704522379,"cluster_2way(u,v)",0.43090511388358865,0.9486960239418555,bitcoin-alpha,SiGAT,node4_zscored,False,,0.0
const,3371,2.8133185433024868,,0.08608436223450786,0.1011297221136464,27.81890906553632,0.0,16.66513051317155,"cluster_2way(u,v)",0.2724696559101233,0.8935034114506081,bitcoin-otc,walk_full,node4_zscored,False,,
src_out,3371,-0.6423641178094138,-0.6423641178094122,0.06042874099253084,0.07407732665493025,-8.671534824706866,0.0,0.5260473150047404,"cluster_2way(u,v)",0.2724696559101233,0.8935034114506081,bitcoin-otc,walk_full,node4_zscored,False,,0.0
src_in,3371,-0.34395153775410703,-0.3439515377541092,0.05980111695097397,0.06745086504058319,-5.09929023960125,3.4092944511954215e-07,0.7089632851700474,"cluster_2way(u,v)",0.2724696559101233,0.8935034114506081,bitcoin-otc,walk_full,node4_zscored,False,,5.950768496632009e-07
tgt_out,3371,-0.18267255077483827,-0.18267255077483643,0.05651810634476113,0.06382886691089389,-2.8619112263084987,0.004210948349497867,0.8330408896752478,"cluster_2way(u,v)",0.2724696559101233,0.8935034114506081,bitcoin-otc,walk_full,node4_zscored,False,,0.006520178089545085
tgt_in,3371,-0.7589718930738426,-0.7589718930738302,0.0558968305901912,0.11380319330860868,-6.669161655382388,2.5726976105033827e-11,0.4681474853499817,"cluster_2way(u,v)",0.2724696559101233,0.8935034114506081,bitcoin-otc,walk_full,node4_zscored,False,,4.939579412166495e-11
const,3371,3.4384338046441587,,0.11222066135129924,0.11276506808124094,30.49201196036133,0.0,31.138151529605633,"cluster_2way(u,v)",0.26903549037840213,0.9332542272322752,bitcoin-otc,walk_localattn4,node4_zscored,False,,
src_out,3371,-0.6264029156814142,-0.6264029156814126,0.07425354424687534,0.08909868661395759,-7.0304393867831285,2.0587975768648903e-12,0.5345110283644133,"cluster_2way(u,v)",0.26903549037840213,0.9332542272322752,bitcoin-otc,walk_localattn4,node4_zscored,False,,4.1175951537297806e-12
src_in,3371,-0.11310550615612532,-0.11310550615612602,0.07452509312123587,0.0840047549222456,-1.3464179052818526,0.17816777965498898,0.8930564321939262,"cluster_2way(u,v)",0.26903549037840213,0.9332542272322752,bitcoin-otc,walk_localattn4,node4_zscored,False,,0.22505403745893346
tgt_out,3371,0.15697968201361104,0.15697968201360946,0.06862612279858298,0.08293246106413628,1.8928617335039646,0.05837625929995882,1.1699718421874528,"cluster_2way(u,v)",0.26903549037840213,0.9332542272322752,bitcoin-otc,walk_localattn4,node4_zscored,False,,0.08121914337385575
tgt_in,3371,-0.9774248296194228,-0.9774248296194068,0.06763910624494077,0.10060603902946097,-9.715369365980093,0.0,0.3762788343838082,"cluster_2way(u,v)",0.26903549037840213,0.9332542272322752,bitcoin-otc,walk_localattn4,node4_zscored,False,,0.0
const,3371,4.010833456512192,,0.14934358482235094,0.13518863597102115,29.66842166653674,0.0,55.19285224106452,"cluster_2way(u,v)",0.3612725289604577,0.940670424206467,bitcoin-otc,GINEConv,node4_zscored,False,,
src_out,3371,-0.5326010684633397,-0.5326010684633415,0.07827150782527752,0.08817465772777854,-6.04029640928846,1.5383136986457657e-09,0.587075957249416,"cluster_2way(u,v)",0.3612725289604577,0.940670424206467,bitcoin-otc,GINEConv,node4_zscored,False,,2.7863795296225193e-09
src_in,3371,-0.31139014293707573,-0.3113901429370758,0.07713610454854396,0.0906756278673172,-3.4341106895087967,0.0005945013749169004,0.7324280684822566,"cluster_2way(u,v)",0.3612725289604577,0.940670424206467,bitcoin-otc,GINEConv,node4_zscored,False,,0.0009512021998670406
tgt_out,3371,0.06719941179590473,0.06719941179590411,0.07178785358787036,0.09180497509939568,0.7319800666919094,0.46418073439260255,1.0695087295679708,"cluster_2way(u,v)",0.3612725289604577,0.940670424206467,bitcoin-otc,GINEConv,node4_zscored,False,,0.536883740984215
tgt_in,3371,-1.255233320811816,-1.2552333208118014,0.08125608974321258,0.08543927995113207,-14.691525040119258,0.0,0.2850093418550784,"cluster_2way(u,v)",0.3612725289604577,0.940670424206467,bitcoin-otc,GINEConv,node4_zscored,False,,0.0
const,3371,3.8596682950938743,,0.13975936906989203,0.1563029863970399,24.69350320210497,0.0,47.449609489907075,"cluster_2way(u,v)",0.43283588914766025,0.9207950163156333,bitcoin-otc,SiGAT,node4_zscored,False,,
src_out,3371,-0.686836039053876,-0.686836039053874,0.07398285929649649,0.09831559778169704,-6.986033290251133,2.8277380437202737e-12,0.5031655493609025,"cluster_2way(u,v)",0.43283588914766025,0.9207950163156333,bitcoin-otc,SiGAT,node4_zscored,False,,5.540058208105026e-12
src_in,3371,-0.5337126143700239,-0.533712614370028,0.07226630615578739,0.08701740805341701,-6.133400503522192,8.602023537918058e-10,0.5864237579141246,"cluster_2way(u,v)",0.43283588914766025,0.9207950163156333,bitcoin-otc,SiGAT,node4_zscored,False,,1.5880658839233337e-09
tgt_out,3371,0.10757578019165746,0.10757578019165662,0.06975411196900005,0.08758312030860493,1.2282706965977812,0.2193453674165926,1.1135752444946403,"cluster_2way(u,v)",0.43283588914766025,0.9207950163156333,bitcoin-otc,SiGAT,node4_zscored,False,,0.269963529128114
tgt_in,3371,-1.300880674585166,-1.3008806745851431,0.07510791341475741,0.08414884619351823,-15.459281183648237,0.0,0.2722918868653763,"cluster_2way(u,v)",0.43283588914766025,0.9207950163156333,bitcoin-otc,SiGAT,node4_zscored,False,,0.0
const,70792,3.4068777628014413,,0.0250719444207717,0.03174045042131138,107.33552037163194,0.0,30.170896352866418,"cluster_2way(u,v)",0.20534525346442356,0.9349785286473048,epinions,walk_full,node4_zscored,False,,
src_out,70792,-0.9266829709352933,-0.9266829709354715,0.016293656370321544,0.02508306854467102,-36.94456159879091,0.0,0.39586462947290324,"cluster_2way(u,v)",0.20534525346442356,0.9349785286473048,epinions,walk_full,node4_zscored,False,,0.0
src_in,70792,-0.2201494687247028,-0.22014946872480196,0.016652319449558983,0.024051949020284853,-9.153082294454968,0.0,0.8023988554652464,"cluster_2way(u,v)",0.20534525346442356,0.9349785286473048,epinions,walk_full,node4_zscored,False,,0.0
tgt_out,70792,-0.13707630506072402,-0.13707630506076568,0.01638084208852313,0.020870072173096887,-6.568080068138232,5.0968118614491686e-11,0.8719036929294972,"cluster_2way(u,v)",0.20534525346442356,0.9349785286473048,epinions,walk_full,node4_zscored,False,,9.593998798021964e-11
tgt_in,70792,-0.595808162948266,-0.5958081629483553,0.014830387302821563,0.02516153327133264,-23.679326554677402,0.0,0.5511169935102312,"cluster_2way(u,v)",0.20534525346442356,0.9349785286473048,epinions,walk_full,node4_zscored,False,,0.0
const,70792,3.5892409681083364,,0.027190347486754154,0.031451827031014394,114.11867948303971,0.0,36.20658354240139,"cluster_2way(u,v)",0.20419710915179257,0.943863713413945,epinions,walk_localattn4,node4_zscored,False,,
src_out,70792,-0.934771534814467,-0.9347715348146467,0.01752127321006032,0.024081416982628088,-38.81713171150995,0.0,0.3926755679806778,"cluster_2way(u,v)",0.20419710915179257,0.943863713413945,epinions,walk_localattn4,node4_zscored,False,,0.0
src_in,70792,-0.18998214152587803,-0.18998214152596357,0.017806245416331926,0.02519175469915379,-7.541441388053039,4.6407322429331543e-14,0.8269739023035255,"cluster_2way(u,v)",0.20419710915179257,0.943863713413945,epinions,walk_localattn4,node4_zscored,False,,9.478942453650699e-14
tgt_out,70792,-0.0841838074495178,-0.08418380744954339,0.017483615266395764,0.021415293948278003,-3.9310133987811544,8.458855714232882e-05,0.9192622733115579,"cluster_2way(u,v)",0.20419710915179257,0.943863713413945,epinions,walk_localattn4,node4_zscored,False,,0.00014000864630454426
tgt_in,70792,-0.6168147203856914,-0.6168147203857839,0.01567407886486533,0.024479259118083928,-25.19744234947138,0.0,0.5396606729390258,"cluster_2way(u,v)",0.20419710915179257,0.943863713413945,epinions,walk_localattn4,node4_zscored,False,,0.0
const,70792,3.2461840270800146,,0.022991200893063564,0.05025035211862703,64.60022448035154,0.0,25.692112214794427,"cluster_2way(u,v)",0.22936088620959405,0.9242993558594191,epinions,GINEConv,node4_zscored,False,,
src_out,70792,-0.6437636593677144,-0.6437636593679967,0.014651928723062277,0.032276238604233586,-19.945436246814513,0.0,0.5253116048742974,"cluster_2way(u,v)",0.22936088620959405,0.9242993558594191,epinions,GINEConv,node4_zscored,False,,0.0
src_in,70792,-0.4046198134786587,-0.40461981347879844,0.01520672417065095,0.04046962266161627,-9.998111839634806,0.0,0.6672304346611306,"cluster_2way(u,v)",0.22936088620959405,0.9242993558594191,epinions,GINEConv,node4_zscored,False,,0.0
tgt_out,70792,0.08811095679880572,0.08811095679883037,0.015974519720470093,0.02123491681062583,4.1493431589388425,3.3343064991919746e-05,1.0921092922567577,"cluster_2way(u,v)",0.22936088620959405,0.9242993558594191,epinions,GINEConv,node4_zscored,False,,5.7159539986148135e-05
tgt_in,70792,-0.8823599814129667,-0.882359981413097,0.014129080585504437,0.03158469950820901,-27.936310781859337,0.0,0.41380518588074305,"cluster_2way(u,v)",0.22936088620959405,0.9242993558594191,epinions,GINEConv,node4_zscored,False,,0.0
const,70792,3.4801944364595094,,0.025890219096895133,0.03832607536836289,90.80487378398033,0.0,32.46603404291927,"cluster_2way(u,v)",0.21539378721770053,0.9372810487060684,epinions,SiGAT,node4_zscored,False,,
src_out,70792,-0.9533116451802216,-0.9533116451803698,0.016753248863314765,0.024435451631528143,-39.01346533534905,0.0,0.3854623927623297,"cluster_2way(u,v)",0.21539378721770053,0.9372810487060684,epinions,SiGAT,node4_zscored,False,,0.0
src_in,70792,-0.25036233691339965,-0.250362336913519,0.01694560372745023,0.02806097138635896,-8.922083753490664,0.0,0.7785186459169532,"cluster_2way(u,v)",0.21539378721770053,0.9372810487060684,epinions,SiGAT,node4_zscored,False,,0.0
tgt_out,70792,0.02432009960592686,0.024320099605934776,0.01687903669969804,0.02048978446850904,1.1869377954318976,0.23525215768704344,1.0246182452996502,"cluster_2way(u,v)",0.21539378721770053,0.9372810487060684,epinions,SiGAT,node4_zscored,False,,0.2858760397209642
tgt_in,70792,-0.6260675662015253,-0.6260675662016201,0.014933061946687639,0.024895693141648818,-25.14762544024759,0.0,0.5346903064184911,"cluster_2way(u,v)",0.21539378721770053,0.9372810487060684,epinions,SiGAT,node4_zscored,False,,0.0
const,4117,2.4388652114457527,,0.07288395826201861,0.07690913111437077,31.710996810234946,0.0,11.460028651859782,"cluster_2way(u,v)",0.24416746076050855,0.8477046393004615,wiki-elec,walk_full,node4_zscored,False,,
src_out,4117,-0.6405213383330614,-0.6405213383330589,0.0579713935882158,0.07089950543993188,-9.03421447524383,0.0,0.5270175979345794,"cluster_2way(u,v)",0.24416746076050855,0.8477046393004615,wiki-elec,walk_full,node4_zscored,False,,0.0
src_in,4117,-0.08020333730354509,-0.08020333730354542,0.048472109299581595,0.049127292710739325,-1.6325617162700374,0.10256120850332207,0.9229286614802212,"cluster_2way(u,v)",0.24416746076050855,0.8477046393004615,wiki-elec,walk_full,node4_zscored,False,,0.13674827800442943
tgt_out,4117,-0.132234332221043,-0.1322343322210437,0.049722309832940716,0.057496882710395936,-2.299852200459102,0.021456594913058957,0.8761356642063647,"cluster_2way(u,v)",0.24416746076050855,0.8477046393004615,wiki-elec,walk_full,node4_zscored,False,,0.03120959260081303
tgt_in,4117,-1.292133784757332,-1.29213378475732,0.061728771724820886,0.07521628858296706,-17.178909104668843,0.0,0.2746840407022597,"cluster_2way(u,v)",0.24416746076050855,0.8477046393004615,wiki-elec,walk_full,node4_zscored,False,,0.0
const,4117,2.439548750866425,,0.07236946877105006,0.06943225962200325,35.13566696730875,0.0,11.46786471102793,"cluster_2way(u,v)",0.2363552013016459,0.8506193830459072,wiki-elec,walk_localattn4,node4_zscored,False,,
src_out,4117,-0.6567693199592547,-0.6567693199592523,0.058595317649547875,0.06836757275281201,-9.60644489067723,0.0,0.5185238159536315,"cluster_2way(u,v)",0.2363552013016459,0.8506193830459072,wiki-elec,walk_localattn4,node4_zscored,False,,0.0
src_in,4117,-0.07509395194855173,-0.07509395194855205,0.0486167567565078,0.050139796629805784,-1.4976915942238158,0.1342133967809518,0.9276563271147092,"cluster_2way(u,v)",0.2363552013016459,0.8506193830459072,wiki-elec,walk_localattn4,node4_zscored,False,,0.17411467690501853
tgt_out,4117,-0.14229181119517442,-0.14229181119517517,0.0499224189922611,0.056993210055568365,-2.4966449697506063,0.012537441024598195,0.8673681118271193,"cluster_2way(u,v)",0.2363552013016459,0.8506193830459072,wiki-elec,walk_localattn4,node4_zscored,False,,0.01851683597479118
tgt_in,4117,-1.2464518389625032,-1.2464518389624917,0.061038485987503964,0.0688629265898758,-18.100477291445177,0.0,0.28752316762079916,"cluster_2way(u,v)",0.2363552013016459,0.8506193830459072,wiki-elec,walk_localattn4,node4_zscored,False,,0.0
const,4117,2.670473266998598,,0.0853960123806251,0.10122816449524896,26.38073386309335,0.0,14.446804771081831,"cluster_2way(u,v)",0.26360649707931794,0.8559630799125577,wiki-elec,GINEConv,node4_zscored,False,,
src_out,4117,-0.19824081055571696,-0.19824081055571724,0.05294217818865684,0.06495938298893512,-3.0517656023531563,0.002274996777145155,0.8201723232022048,"cluster_2way(u,v)",0.26360649707931794,0.8559630799125577,wiki-elec,GINEConv,node4_zscored,False,,0.003580322796818605
src_in,4117,0.03224163657897239,0.03224163657897255,0.0497903232304329,0.05170890188214148,0.6235219740782693,0.5329415667727035,1.0327670294486955,"cluster_2way(u,v)",0.26360649707931794,0.8559630799125577,wiki-elec,GINEConv,node4_zscored,False,,0.5949115163974366
tgt_out,4117,0.04903345243688066,0.04903345243688089,0.05021646291603244,0.05150872961099189,0.9519445112934214,0.3411251238654658,1.0502554837576614,"cluster_2way(u,v)",0.26360649707931794,0.8559630799125577,wiki-elec,GINEConv,node4_zscored,False,,0.4068561722473905
tgt_in,4117,-1.6388723047901346,-1.638872304790123,0.07385291538699786,0.08518716256695961,-19.238489173787574,0.0,0.194198916043639,"cluster_2way(u,v)",0.26360649707931794,0.8559630799125577,wiki-elec,GINEConv,node4_zscored,False,,0.0
const,4117,2.66502906945438,,0.0794601547634751,0.08400259727530723,31.725555588717157,0.0,14.36836722052137,"cluster_2way(u,v)",0.2281067904237566,0.8724799611367501,wiki-elec,SiGAT,node4_zscored,False,,
src_out,4117,-0.6987001985914447,-0.6987001985914421,0.06343164304554429,0.0725106663151544,-9.635826480405953,0.0,0.4972311857369428,"cluster_2way(u,v)",0.2281067904237566,0.8724799611367501,wiki-elec,SiGAT,node4_zscored,False,,0.0
src_in,4117,0.04016550174588623,0.04016550174588636,0.051740608327375225,0.052374093104629114,0.766896367363279,0.443143133659591,1.040983044447775,"cluster_2way(u,v)",0.2281067904237566,0.8724799611367501,wiki-elec,SiGAT,node4_zscored,False,,0.5188017174551309
tgt_out,4117,-0.0006731477010335331,-0.000673147701033537,0.051835991549189435,0.054220763630475274,-0.012414943205543205,0.9900945629492202,0.9993270788120517,"cluster_2way(u,v)",0.2281067904237566,0.8724799611367501,wiki-elec,SiGAT,node4_zscored,False,,0.9900945629492202
tgt_in,4117,-1.2407033664963634,-1.2407033664963527,0.06569906350019124,0.06829741513423516,-18.16618336225204,0.0,0.28918074634151686,"cluster_2way(u,v)",0.2281067904237566,0.8724799611367501,wiki-elec,SiGAT,node4_zscored,False,,0.0
const,9820,2.4151185832596784,,0.04836034292641103,0.0548024636195848,44.06952577943203,0.0,11.191097355675083,"cluster_2way(u,v)",0.24534856121161774,0.8397148676171079,wiki-rfa,walk_full,node4_zscored,False,,
src_out,9820,-0.53021349518803,-0.530213495188022,0.03575590885552674,0.04254937687819785,-12.461134194886636,0.0,0.5884793187630885,"cluster_2way(u,v)",0.24534856121161774,0.8397148676171079,wiki-rfa,walk_full,node4_zscored,False,,0.0
src_in,9820,-0.05418365571199346,-0.05418365571199559,0.031499076970269435,0.03519404815351993,-1.5395687212689764,0.1236655147179706,0.9472581211609031,"cluster_2way(u,v)",0.24534856121161774,0.8397148676171079,wiki-rfa,walk_full,node4_zscored,False,,0.16262862209486545
tgt_out,9820,-0.09119026563078227,-0.09119026563078356,0.031246350731535186,0.036508594006836786,-2.497775335136311,0.01249753705279022,0.9128440115336198,"cluster_2way(u,v)",0.24534856121161774,0.8397148676171079,wiki-rfa,walk_full,node4_zscored,False,,0.01851683597479118
tgt_in,9820,-1.4222580324563479,-1.422258032456337,0.043248147644269715,0.05266006420715586,-27.008285194287332,0.0,0.24116883455308624,"cluster_2way(u,v)",0.24534856121161774,0.8397148676171079,wiki-rfa,walk_full,node4_zscored,False,,0.0
const,9820,2.469523919130943,,0.0496215426248144,0.05290757055619389,46.676191954571536,0.0,11.816819750458745,"cluster_2way(u,v)",0.2541605054469419,0.8415478615071283,wiki-rfa,walk_localattn4,node4_zscored,False,,
src_out,9820,-0.6228375670465839,-0.6228375670465746,0.037063039866031634,0.044667054716790645,-13.944003494200729,0.0,0.5364201478456146,"cluster_2way(u,v)",0.2541605054469419,0.8415478615071283,wiki-rfa,walk_localattn4,node4_zscored,False,,0.0
src_in,9820,0.003517325097413594,0.0035173250974137324,0.03194460178465013,0.03510332725952657,0.10019919397979687,0.9201861859065703,1.0035235181441915,"cluster_2way(u,v)",0.2541605054469419,0.8415478615071283,wiki-rfa,walk_localattn4,node4_zscored,False,,0.9298723562845342
tgt_out,9820,-0.07258594437457284,-0.07258594437457387,0.03147160891601884,0.03784947994741854,-1.9177527531530443,0.05514236919715598,0.929985816176207,"cluster_2way(u,v)",0.2541605054469419,0.8415478615071283,wiki-rfa,walk_localattn4,node4_zscored,False,,0.07784805063127903
tgt_in,9820,-1.4360570869354121,-1.436057086935401,0.04392053077350437,0.05158204087459629,-27.84025336311689,0.0,0.23786378836635833,"cluster_2way(u,v)",0.2541605054469419,0.8415478615071283,wiki-rfa,walk_localattn4,node4_zscored,False,,0.0
const,9820,2.988649474809073,,0.06504100006647417,0.0787307973225671,37.96036083013753,0.0,19.85884450318997,"cluster_2way(u,v)",0.27811053276622966,0.869959266802444,wiki-rfa,GINEConv,node4_zscored,False,,
src_out,9820,-0.5667697658558608,-0.5667697658558563,0.039957603840062854,0.05887729905093119,-9.626286786110596,0.0,0.567355171923355,"cluster_2way(u,v)",0.27811053276622966,0.869959266802444,wiki-rfa,GINEConv,node4_zscored,False,,0.0
src_in,9820,0.024663519815272275,0.02466351981527331,0.03468945982200514,0.04283805382260097,0.5757385692031608,0.5647919014126794,1.0249701803392937,"cluster_2way(u,v)",0.27811053276622966,0.869959266802444,wiki-rfa,GINEConv,node4_zscored,False,,0.6232186498346808
tgt_out,9820,0.007299277243603629,0.007299277243603704,0.033845438951478325,0.03199384899916193,0.2281462678590135,0.8195325318621971,1.007325981903106,"cluster_2way(u,v)",0.27811053276622966,0.869959266802444,wiki-rfa,GINEConv,node4_zscored,False,,0.8459690651480745
tgt_in,9820,-1.7179249064562905,-1.7179249064562798,0.05609328554071457,0.06006509365340491,-28.601052657459835,0.0,0.17943811271633003,"cluster_2way(u,v)",0.27811053276622966,0.869959266802444,wiki-rfa,GINEConv,node4_zscored,False,,0.0
const,9820,2.7542859238171133,,0.056216094227581934,0.06638621115247852,41.48882540518782,0.0,15.709818889087924,"cluster_2way(u,v)",0.24514172756052532,0.8679226069246436,wiki-rfa,SiGAT,node4_zscored,False,,
src_out,9820,-0.6121442754331339,-0.6121442754331242,0.039758994210908116,0.04367490873647327,-14.015925691492681,0.0,0.5421870234031507,"cluster_2way(u,v)",0.24514172756052532,0.8679226069246436,wiki-rfa,SiGAT,node4_zscored,False,,0.0
src_in,9820,0.016820828420846985,0.01682082842084703,0.033930479649292654,0.038972774501135996,0.43160459156831865,0.6660288207232228,1.0169630951170674,"cluster_2way(u,v)",0.24514172756052532,0.8679226069246436,wiki-rfa,SiGAT,node4_zscored,False,,0.6949865955372759
tgt_out,9820,-0.03085368313311036,-0.030853683133110803,0.03323523244824558,0.03255656367330219,-0.9476947088986463,0.34328489533373574,0.9696174340824804,"cluster_2way(u,v)",0.24514172756052532,0.8679226069246436,wiki-rfa,SiGAT,node4_zscored,False,,0.4068561722473905
tgt_in,9820,-1.4616228510831184,-1.461622851083107,0.04879019901326065,0.05802608923726999,-25.189063579772014,0.0,0.2318596954884371,"cluster_2way(u,v)",0.24514172756052532,0.8679226069246436,wiki-rfa,SiGAT,node4_zscored,False,,0.0
const,36692,2.00832675069385,,0.02037779384710238,0.023871245524738603,84.13162809676399,0.0,7.450839798682197,"cluster_2way(u,v)",0.2077845153219614,0.8132835495475853,slashdot090221,walk_full,node4_zscored,False,,
src_out,36692,-1.1847239808835992,-1.1847239808834302,0.019402888039244958,0.025658682083608664,-46.17244085347732,0.0,0.30583058293696525,"cluster_2way(u,v)",0.2077845153219614,0.8132835495475853,slashdot090221,walk_full,node4_zscored,False,,0.0
src_in,36692,-0.033567586561022426,-0.03356758656102401,0.016287042529932474,0.01915387041069653,-1.752522380138717,0.07968402501404581,0.9669895535243092,"cluster_2way(u,v)",0.2077845153219614,0.8132835495475853,slashdot090221,walk_full,node4_zscored,False,,0.10774178030068166
tgt_out,36692,-0.06386247912781866,-0.0638624791278031,0.014946762399633266,0.01729566802954052,-3.6923973690257768,0.0002221500000216814,0.9381340036665528,"cluster_2way(u,v)",0.2077845153219614,0.8132835495475853,slashdot090221,walk_full,node4_zscored,False,,0.0003614644068149392
tgt_in,36692,-0.4320244441329234,-0.4320244441329582,0.017636210305437324,0.024582686080054348,-17.57433840736611,0.0,0.6491935075188033,"cluster_2way(u,v)",0.2077845153219614,0.8132835495475853,slashdot090221,walk_full,node4_zscored,False,,0.0
const,36692,2.11963020308726,,0.021301359166065657,0.023675906744560257,89.52688595862386,0.0,8.328057228335432,"cluster_2way(u,v)",0.2075461067546126,0.8253297721574185,slashdot090221,walk_localattn4,node4_zscored,False,,
src_out,36692,-1.170499633767512,-1.170499633767345,0.019945751103765102,0.025890210016637508,-45.21012510193344,0.0,0.31021191019391364,"cluster_2way(u,v)",0.2075461067546126,0.8253297721574185,slashdot090221,walk_localattn4,node4_zscored,False,,0.0
src_in,36692,0.00909292821570122,0.009092928215701648,0.01662972823989931,0.018783067117586552,0.4841024183525132,0.6283131850847439,1.0091343944754168,"cluster_2way(u,v)",0.2075461067546126,0.8253297721574185,slashdot090221,walk_localattn4,node4_zscored,False,,0.6777310760464653
tgt_out,36692,-0.03616357721448021,-0.0361635772144714,0.015251237575556725,0.01694943891864338,-2.13361500566856,0.032874308629544435,0.9644825132159198,"cluster_2way(u,v)",0.2075461067546126,0.8253297721574185,slashdot090221,walk_localattn4,node4_zscored,False,,0.047103486991586056
tgt_in,36692,-0.5313461296652651,-0.5313461296653079,0.018609327675085458,0.02422398542378566,-21.93471141802841,0.0,0.5878131641235889,"cluster_2way(u,v)",0.2075461067546126,0.8253297721574185,slashdot090221,walk_localattn4,node4_zscored,False,,0.0
const,36692,1.7618264017092664,,0.018753670494790563,0.02766937284480054,63.67424413959343,0.0,5.823062940298649,"cluster_2way(u,v)",0.19314664727050046,0.782105091028017,slashdot090221,GINEConv,node4_zscored,False,,
src_out,36692,-0.32295041470475966,-0.32295041470470454,0.015011867851007726,0.025503780759624985,-12.662844687561861,0.0,0.7240097537152629,"cluster_2way(u,v)",0.19314664727050046,0.782105091028017,slashdot090221,GINEConv,node4_zscored,False,,0.0
src_in,36692,-0.3947234332666064,-0.3947234332665931,0.015536229465916492,0.024220807579861107,-16.29687333773327,0.0,0.67386638250366,"cluster_2way(u,v)",0.19314664727050046,0.782105091028017,slashdot090221,GINEConv,node4_zscored,False,,0.0
tgt_out,36692,0.007310806829238466,0.0073108068292370276,0.013869392431002001,0.01591692304544458,0.45931030817735946,0.6460113463965791,1.0073375960212292,"cluster_2way(u,v)",0.19314664727050046,0.782105091028017,slashdot090221,GINEConv,node4_zscored,False,,0.6890787694896844
tgt_in,36692,-1.1333215390822058,-1.133321539082296,0.020564919980505678,0.03072745020487035,-36.88303232210828,0.0,0.321962068816776,"cluster_2way(u,v)",0.19314664727050046,0.782105091028017,slashdot090221,GINEConv,node4_zscored,False,,0.0
const,36692,2.182261187223338,,0.021994681329811507,0.03096532668430489,70.47434730696514,0.0,8.866332045901293,"cluster_2way(u,v)",0.21875578451425493,0.8274828300446964,slashdot090221,SiGAT,node4_zscored,False,,
src_out,36692,-1.110770292024559,-1.1107702920244062,0.01984562997357408,0.028962307328955817,-38.3522721241908,0.0,0.32930520218262377,"cluster_2way(u,v)",0.21875578451425493,0.8274828300446964,slashdot090221,SiGAT,node4_zscored,False,,0.0
src_in,36692,-0.08618380110983481,-0.08618380110983612,0.016913852493572197,0.020828976149478307,-4.137687829269199,3.508232314985982e-05,0.9174255918805984,"cluster_2way(u,v)",0.21875578451425493,0.8274828300446964,slashdot090221,SiGAT,node4_zscored,False,,5.908601793660601e-05
tgt_out,36692,-0.03118917032518851,-0.031189170325180635,0.015352071297379167,0.017569253704164376,-1.7752131564811917,0.07586269818790359,0.9692921944120524,"cluster_2way(u,v)",0.21875578451425493,0.8274828300446964,slashdot090221,SiGAT,node4_zscored,False,,0.10404027180055349
tgt_in,36692,-0.6722731413105107,-0.6722731413105658,0.01970232082642784,0.026534376736975746,-25.335931119636808,0.0,0.5105467129212407,"cluster_2way(u,v)",0.21875578451425493,0.8274828300446964,slashdot090221,SiGAT,node4_zscored,False,,0.0
src_out,127131,-1.0120062656191493,-1.0120062656193956,0.011572419276821412,0.016625327787543078,-60.87135715768678,0.0,0.3634889920742326,"cluster_2way(u,v)",0.23924930443192094,0.8879974199841109,POOLED,walk_full,node4_zscored,True,shared_slope,0.0
src_in,127131,-0.10937881189383263,-0.10937881189388207,0.010292919485371843,0.013374470089179797,-8.17817911023796,2.220446049250313e-16,0.896390789682115,"cluster_2way(u,v)",0.23924930443192094,0.8879974199841109,POOLED,walk_full,node4_zscored,True,shared_slope,3.2297397080004555e-16
tgt_out,127131,-0.07813202539321312,-0.07813202539322353,0.009954605999297766,0.012362896891904885,-6.319880047238223,2.617663863446751e-10,0.9248423158124527,"cluster_2way(u,v)",0.23924930443192094,0.8879974199841109,POOLED,walk_full,node4_zscored,True,shared_slope,3.490218484595668e-10
tgt_in,127131,-0.6924893060010038,-0.6924893060009627,0.011079762553743655,0.01740120615795172,-39.795477377558754,0.0,0.5003290455029358,"cluster_2way(u,v)",0.23924930443192094,0.8879974199841109,POOLED,walk_full,node4_zscored,True,shared_slope,0.0
ds_bitcoin-alpha,127131,1.7908529449478598,0.24066722242340327,0.07750380248709698,0.09712275577676395,18.439066422951633,0.0,5.9945633189328404,"cluster_2way(u,v)",0.23924930443192094,0.8879974199841109,POOLED,walk_full,node4_zscored,True,shared_slope,
ds_bitcoin-otc,127131,2.0007167953915124,0.32144278443098123,0.06401250151703786,0.07600711324326798,26.322757305464666,0.0,7.3943544389759985,"cluster_2way(u,v)",0.23924930443192094,0.8879974199841109,POOLED,walk_full,node4_zscored,True,shared_slope,
ds_epinions,127131,2.960189213340041,1.470498773969551,0.018634678289300904,0.026852987331287943,110.23686775776176,0.0,19.301623534666405,"cluster_2way(u,v)",0.23924930443192094,0.8879974199841109,POOLED,walk_full,node4_zscored,True,shared_slope,
ds_wiki-elec,127131,2.9251705639947883,0.5178064252344899,0.04900056921750304,0.05304134210889284,55.14887911375754,0.0,18.637404649003436,"cluster_2way(u,v)",0.23924930443192094,0.8879974199841109,POOLED,walk_full,node4_zscored,True,shared_slope,
ds_wiki-rfa,127131,2.9388123889433,0.7845949549205132,0.033156916160163356,0.043251357121460075,67.9472873114806,0.0,18.893394978392756,"cluster_2way(u,v)",0.23924930443192094,0.8879974199841109,POOLED,walk_full,node4_zscored,True,shared_slope,
ds_slashdot090221,127131,2.678380882988196,1.2136247975438126,0.02170513907862153,0.026535988756225204,100.93390178874951,0.0,14.561497430594919,"cluster_2way(u,v)",0.23924930443192094,0.8879974199841109,POOLED,walk_full,node4_zscored,True,shared_slope,
src_out,127131,-1.0179636294620966,-1.0179636294623444,0.012236409068225432,0.016426685352590314,-61.97011798862846,0.0,0.36132999325157006,"cluster_2way(u,v)",0.2465588716657532,0.8983017517363979,POOLED,walk_localattn4,node4_zscored,True,shared_slope,0.0
src_in,127131,-0.060523518628890334,-0.060523518628917694,0.010674541678519249,0.013374882779080237,-4.525162547484578,6.034910386976122e-06,0.9412716313399002,"cluster_2way(u,v)",0.2465588716657532,0.8983017517363979,POOLED,walk_localattn4,node4_zscored,True,shared_slope,7.427582014739843e-06
tgt_out,127131,-0.03898346277135777,-0.03898346277136296,0.010361285044478186,0.01248271653292626,-3.12299511636984,0.0017902071837343492,0.9617666139692512,"cluster_2way(u,v)",0.2465588716657532,0.8983017517363979,POOLED,walk_localattn4,node4_zscored,True,shared_slope,0.0020459510671249704
tgt_in,127131,-0.7513314060303862,-0.7513314060303415,0.011696514316571982,0.017065732832287604,-44.02573352190893,0.0,0.47173805954679815,"cluster_2way(u,v)",0.2465588716657532,0.8983017517363979,POOLED,walk_localattn4,node4_zscored,True,shared_slope,0.0
ds_bitcoin-alpha,127131,2.342046844048864,0.31474047622550505,0.09208053849251015,0.11537580215212469,20.29928980221382,0.0,10.402507096316464,"cluster_2way(u,v)",0.2465588716657532,0.8983017517363979,POOLED,walk_localattn4,node4_zscored,True,shared_slope,
ds_bitcoin-otc,127131,2.673202842414969,0.4294869553721779,0.07750474634151709,0.09188383079002663,29.09328898708833,0.0,14.486292281782243,"cluster_2way(u,v)",0.2465588716657532,0.8983017517363979,POOLED,walk_localattn4,node4_zscored,True,shared_slope,
ds_epinions,127131,3.1534928568994576,1.5665239772156776,0.020100403918072468,0.026706867548617733,118.07797568017942,0.0,23.417716631571405,"cluster_2way(u,v)",0.2465588716657532,0.8983017517363979,POOLED,walk_localattn4,node4_zscored,True,shared_slope,
ds_wiki-elec,127131,2.972082612253915,0.5261106794576395,0.04985495480245328,0.054280717830086665,54.75392977589828,0.0,19.53255600689014,"cluster_2way(u,v)",0.2465588716657532,0.8983017517363979,POOLED,walk_localattn4,node4_zscored,True,shared_slope,
ds_wiki-rfa,127131,2.9721316169855823,0.7934904183812551,0.033813054082225805,0.04163307054091521,71.38872003362562,0.0,19.53351321800978,"cluster_2way(u,v)",0.2465588716657532,0.8983017517363979,POOLED,walk_localattn4,node4_zscored,True,shared_slope,
ds_slashdot090221,127131,2.81040656636574,1.2734481200135024,0.022735239474296665,0.026744159876764994,105.08487009185836,0.0,16.616672625836475,"cluster_2way(u,v)",0.2465588716657532,0.8983017517363979,POOLED,walk_localattn4,node4_zscored,True,shared_slope,
src_out,127131,-0.49440332417304456,-0.4944033241731401,0.01005167369463047,0.02081010743261274,-23.757845834002573,0.0,0.6099347320534331,"cluster_2way(u,v)",0.25328387781838113,0.8778268085675406,POOLED,GINEConv,node4_zscored,True,shared_slope,0.0
src_in,127131,-0.3126523373624452,-0.31265233736259035,0.009839585826837213,0.020971704512792056,-14.90829403836667,0.0,0.7315041850401552,"cluster_2way(u,v)",0.25328387781838113,0.8778268085675406,POOLED,GINEConv,node4_zscored,True,shared_slope,0.0
tgt_out,127131,0.035238699886332985,0.03523869988633767,0.00969989226107788,0.01183884063393027,2.9765330048736716,0.0029152770108171744,1.0358669406123269,"cluster_2way(u,v)",0.25328387781838113,0.8778268085675406,POOLED,GINEConv,node4_zscored,True,shared_slope,0.0031096288115383193
tgt_in,127131,-1.1549597668539522,-1.1549597668538845,0.011928746961736085,0.02227620701347276,-51.847236208364684,0.0,0.3150702129143052,"cluster_2way(u,v)",0.25328387781838113,0.8778268085675406,POOLED,GINEConv,node4_zscored,True,shared_slope,0.0
ds_bitcoin-alpha,127131,2.6245961158785716,0.3527114043471274,0.1077726262527884,0.12639757723809333,20.764607781481892,0.0,13.798999863516219,"cluster_2way(u,v)",0.25328387781838113,0.8778268085675406,POOLED,GINEConv,node4_zscored,True,shared_slope,
ds_bitcoin-otc,127131,2.7655647052056054,0.44432616420925103,0.08267815957424017,0.095720163931287,28.892185215968436,0.0,15.888009499482346,"cluster_2way(u,v)",0.25328387781838113,0.8778268085675406,POOLED,GINEConv,node4_zscored,True,shared_slope,
ds_epinions,127131,2.6772350703166086,1.3299389345746608,0.016737663490703263,0.04051735187313292,66.07625983799511,0.0,14.544822237469834,"cluster_2way(u,v)",0.25328387781838113,0.8778268085675406,POOLED,GINEConv,node4_zscored,True,shared_slope,
ds_wiki-elec,127131,2.8908033035785183,0.5117228181859667,0.051502108940755326,0.0653686803682765,44.22306351133606,0.0,18.007769498608578,"cluster_2way(u,v)",0.25328387781838113,0.8778268085675406,POOLED,GINEConv,node4_zscored,True,shared_slope,
ds_wiki-rfa,127131,3.169259324268683,0.8461189581244746,0.03658249116346995,0.05151489540858838,61.52122214617396,0.0,23.789857259329523,"cluster_2way(u,v)",0.25328387781838113,0.8778268085675406,POOLED,GINEConv,node4_zscored,True,shared_slope,
ds_slashdot090221,127131,2.7023709307902264,1.2244951398060837,0.02137174747522516,0.03335428073181701,81.02021304307142,0.0,14.915052393854744,"cluster_2way(u,v)",0.25328387781838113,0.8778268085675406,POOLED,GINEConv,node4_zscored,True,shared_slope,
src_out,127131,-1.0087122963893742,-1.0087122963896373,0.012094769016340727,0.017438507610017036,-57.8439576910784,0.0,0.3646882877666549,"cluster_2way(u,v)",0.2510727486652671,0.8979084566313488,POOLED,SiGAT,node4_zscored,True,shared_slope,0.0
src_in,127131,-0.1363759048440982,-0.13637590484416073,0.010747115638844172,0.015183704463776872,-8.981728086808097,0.0,0.8725145883755798,"cluster_2way(u,v)",0.2510727486652671,0.8979084566313488,POOLED,SiGAT,node4_zscored,True,shared_slope,0.0
tgt_out,127131,0.002820153953420163,0.0028201539534205306,0.010374593462115668,0.01213842209266414,0.2323328297443639,0.8162795155059688,1.0028241343284579,"cluster_2way(u,v)",0.2510727486652671,0.8979084566313488,POOLED,SiGAT,node4_zscored,True,shared_slope,0.8162795155059688
tgt_in,127131,-0.822767471211056,-0.8227674712110047,0.011918007254351468,0.017644211425247042,-46.6310140692239,0.0,0.4392144576372278,"cluster_2way(u,v)",0.2510727486652671,0.8979084566313488,POOLED,SiGAT,node4_zscored,True,shared_slope,0.0
ds_bitcoin-alpha,127131,2.600113666009166,0.34942128316503246,0.10219334350909359,0.09615241537752917,27.041584507265668,0.0,13.46526849135137,"cluster_2way(u,v)",0.2510727486652671,0.8979084566313488,POOLED,SiGAT,node4_zscored,True,shared_slope,
ds_bitcoin-otc,127131,2.4470366423133436,0.39315023181775066,0.07340284765300846,0.09309573063116904,26.285165020167536,0.0,11.554057134142896,"cluster_2way(u,v)",0.2510727486652671,0.8979084566313488,POOLED,SiGAT,node4_zscored,True,shared_slope,
ds_epinions,127131,3.029463791621848,1.5049115006870146,0.019311099158918845,0.030424007784016476,99.57477703556873,0.0,20.686137534766967,"cluster_2way(u,v)",0.2510727486652671,0.8979084566313488,POOLED,SiGAT,node4_zscored,True,shared_slope,
ds_wiki-elec,127131,3.2293541431609674,0.5716522466309588,0.053140894909395324,0.0599023289053177,53.91032706366594,0.0,25.263335202949904,"cluster_2way(u,v)",0.2510727486652671,0.8979084566313488,POOLED,SiGAT,node4_zscored,True,shared_slope,
ds_wiki-rfa,127131,3.2736548284643274,0.8739901438512155,0.036271415996644026,0.04317937733856547,75.81523936290014,0.0,26.40767871994037,"cluster_2way(u,v)",0.2510727486652671,0.8979084566313488,POOLED,SiGAT,node4_zscored,True,shared_slope,
ds_slashdot090221,127131,2.950165508692668,1.3367755276887023,0.023463706763572748,0.03145264138144423,93.79706692720393,0.0,19.109116191355735,"cluster_2way(u,v)",0.2510727486652671,0.8979084566313488,POOLED,SiGAT,node4_zscored,True,shared_slope,
