/home/eng/shilo_avital/yolo_lab/walk_to_paint/.venv/lib64/python3.9/site-packages/networkx/utils/backends.py:135: RuntimeWarning: networkx backend defined more than once: nx-loopback
  backends.update(_get_backends("networkx.backends"))
Outputs -> exp_dir: outputs/wiki-rfa/wiki-rfa-optuna_20251203-235202
Set torch.float32 matmul precision to 'medium' (Tensor Cores enabled)
🎯 Starting Optuna hyperparameter optimization with 200 trials
📊 Objective: Maximize validation AUC
🖥️  Device: 1
💾 Keeping top 10 checkpoints/logs to save space
/home/eng/shilo_avital/yolo_lab/walk_to_paint/optuna_run.py:368: ExperimentalWarning: JournalStorage is experimental (supported from v3.1.0). The interface can change in the future.
  storage = JournalStorage(JournalFileStorage(optuna_log))
[I 2025-12-03 23:52:05,344] A new study created in Journal with name: walk_to_paint_study_wiki-rfa-optuna_20251203-235202
🔁 Enqueued initial seed trial from config.optuna.initial_params
Seed set to 42

🔬 Trial 0 hyperparameters:
  Walk length: 83, Num walks: 219,589
  LR: 1.20e-03, Batch size: 64
  Model: emb_dim=32, hidden_dim=16
  Transformer: 5 layers, 8 heads
  Epochs: 25, Weighted loss: True
Loading wiki-rfa dataset...
Success! ✅
Splitting edges for wiki-rfa dataset...
Ratios: train=0.480, mask=0.320, val=0.100, test=0.100
Success! ✅
Sampling random walks from wiki-rfa dataset...
Success! ✅
Building tokenizer for wiki-rfa dataset...
Success! ✅
Padding and building stage tensors for wiki-rfa dataset...
Success! ✅
Data creation profiling (seconds):
  get_edge_list: 4.72s
  split_edges: 0.09s
  get_walks: 15.80s
  get_tokenizer: 0.56s
  encode_walks: 8.76s
  pad_and_build_stage_tensors: 1.17s
Creating DataLoaders for wiki-rfa dataset...
Success! ✅
GPU available: True (cuda), used: True
TPU available: False, using: 0 TPU cores
HPU available: False, using: 0 HPUs
LOCAL_RANK: 0 - CUDA_VISIBLE_DEVICES: [1]
Metric val_auc_epoch improved. New best score: 0.531
Metric val_auc_epoch improved by 0.009 >= min_delta = 0.0. New best score: 0.541
Metric val_auc_epoch improved by 0.009 >= min_delta = 0.0. New best score: 0.549
Metric val_auc_epoch improved by 0.002 >= min_delta = 0.0. New best score: 0.551
Metric val_auc_epoch improved by 0.000 >= min_delta = 0.0. New best score: 0.552
Metric val_auc_epoch improved by 0.000 >= min_delta = 0.0. New best score: 0.552
Monitored metric val_auc_epoch did not improve in the last 10 records. Best score: 0.552. Signaling Trainer to stop.
Restoring states from the checkpoint path at /home/eng/shilo_avital/yolo_lab/walk_to_paint/outputs/wiki-rfa/wiki-rfa-optuna_20251203-235202/checkpoints/trial_0-epoch=06-val_auc_epoch=0.5518.ckpt
LOCAL_RANK: 0 - CUDA_VISIBLE_DEVICES: [1]
Loaded model weights from the checkpoint at /home/eng/shilo_avital/yolo_lab/walk_to_paint/outputs/wiki-rfa/wiki-rfa-optuna_20251203-235202/checkpoints/trial_0-epoch=06-val_auc_epoch=0.5518.ckpt
────────────────────────────────────────────────────────────────────────────────────────────────────────────────────────
     Validate metric           DataLoader 0
────────────────────────────────────────────────────────────────────────────────────────────────────────────────────────
          step                     17.0
      val_acc_epoch         0.37846338748931885
      val_auc_epoch         0.5518443584442139
      val_f1_epoch          0.32783636450767517
        val_loss            1.3104420900344849
────────────────────────────────────────────────────────────────────────────────────────────────────────────────────────
✅ Trial 0 completed - Val AUC: 0.5518
[I 2025-12-04 00:39:41,871] Trial 0 finished with value: 0.5518443584442139 and parameters: {'dataset.max_walk_length': 83, 'dataset.num_walks': 219589, 'training.lr': 0.0011990397793339518, 'training.weight_decay': 0.0026821863636421073, 'training.batch_size': 64, 'training.gradient_clip_val': 0.5956847053697083, 'training.early_stopping_patience': 10, 'model.nhead': 8, 'model.embedding_dim': 32, 'model.hidden_dim': 16, 'model.nlayers': 5, 'model.dropout': 0.6207573207736868, 'training.epochs': 25}. Best is trial 0 with value: 0.5518443584442139.
Seed set to 43

🔬 Trial 1 hyperparameters:
  Walk length: 89, Num walks: 665,523
  LR: 1.81e-05, Batch size: 128
  Model: emb_dim=128, hidden_dim=16
  Transformer: 5 layers, 4 heads
  Epochs: 8, Weighted loss: True
Loading wiki-rfa dataset...
Success! ✅
Splitting edges for wiki-rfa dataset...
Ratios: train=0.480, mask=0.320, val=0.100, test=0.100
Success! ✅
Sampling random walks from wiki-rfa dataset...
Success! ✅
Building tokenizer for wiki-rfa dataset...
Success! ✅
Padding and building stage tensors for wiki-rfa dataset...
Success! ✅
Data creation profiling (seconds):
  get_edge_list: 4.98s
  split_edges: 0.09s
  get_walks: 52.15s
  get_tokenizer: 1.47s
  encode_walks: 27.82s
  pad_and_build_stage_tensors: 3.64s
Creating DataLoaders for wiki-rfa dataset...
Success! ✅
GPU available: True (cuda), used: True
TPU available: False, using: 0 TPU cores
HPU available: False, using: 0 HPUs
/home/eng/shilo_avital/yolo_lab/walk_to_paint/.venv/lib64/python3.9/site-packages/pytorch_lightning/callbacks/model_checkpoint.py:658: Checkpoint directory /home/eng/shilo_avital/yolo_lab/walk_to_paint/outputs/wiki-rfa/wiki-rfa-optuna_20251203-235202/checkpoints exists and is not empty.
LOCAL_RANK: 0 - CUDA_VISIBLE_DEVICES: [1]
Metric val_auc_epoch improved. New best score: 0.532
Metric val_auc_epoch improved by 0.003 >= min_delta = 0.0. New best score: 0.534
Metric val_auc_epoch improved by 0.002 >= min_delta = 0.0. New best score: 0.537
Metric val_auc_epoch improved by 0.001 >= min_delta = 0.0. New best score: 0.538
Metric val_auc_epoch improved by 0.002 >= min_delta = 0.0. New best score: 0.540
Metric val_auc_epoch improved by 0.001 >= min_delta = 0.0. New best score: 0.541
Metric val_auc_epoch improved by 0.000 >= min_delta = 0.0. New best score: 0.541
`Trainer.fit` stopped: `max_epochs=8` reached.
Restoring states from the checkpoint path at /home/eng/shilo_avital/yolo_lab/walk_to_paint/outputs/wiki-rfa/wiki-rfa-optuna_20251203-235202/checkpoints/trial_1-epoch=07-val_auc_epoch=0.5413.ckpt
LOCAL_RANK: 0 - CUDA_VISIBLE_DEVICES: [1]
Loaded model weights from the checkpoint at /home/eng/shilo_avital/yolo_lab/walk_to_paint/outputs/wiki-rfa/wiki-rfa-optuna_20251203-235202/checkpoints/trial_1-epoch=07-val_auc_epoch=0.5413.ckpt
────────────────────────────────────────────────────────────────────────────────────────────────────────────────────────
     Validate metric           DataLoader 0
────────────────────────────────────────────────────────────────────────────────────────────────────────────────────────
          step                      8.0
      val_acc_epoch         0.36936748027801514
      val_auc_epoch          0.541294276714325
      val_f1_epoch          0.3349500596523285
        val_loss            1.1498183012008667
────────────────────────────────────────────────────────────────────────────────────────────────────────────────────────
✅ Trial 1 completed - Val AUC: 0.5413
[I 2025-12-04 01:22:55,771] Trial 1 finished with value: 0.541294276714325 and parameters: {'dataset.max_walk_length': 89, 'dataset.num_walks': 665523, 'training.lr': 1.8113197936374797e-05, 'training.weight_decay': 0.00031403468241767747, 'training.batch_size': 128, 'training.gradient_clip_val': 1.1025731635861344, 'training.early_stopping_patience': 7, 'model.nhead': 4, 'model.embedding_dim': 128, 'model.hidden_dim': 16, 'model.nlayers': 5, 'model.dropout': 0.3056815336146731, 'training.epochs': 8}. Best is trial 0 with value: 0.5518443584442139.
Seed set to 44

🔬 Trial 2 hyperparameters:
  Walk length: 33, Num walks: 350,799
  LR: 3.64e-04, Batch size: 64
  Model: emb_dim=64, hidden_dim=4
  Transformer: 5 layers, 2 heads
  Epochs: 11, Weighted loss: True
Loading wiki-rfa dataset...
Success! ✅
Splitting edges for wiki-rfa dataset...
Ratios: train=0.480, mask=0.320, val=0.100, test=0.100
Success! ✅
Sampling random walks from wiki-rfa dataset...
Success! ✅
Building tokenizer for wiki-rfa dataset...
Success! ✅
Padding and building stage tensors for wiki-rfa dataset...
Success! ✅
Data creation profiling (seconds):
  get_edge_list: 4.98s
  split_edges: 0.09s
  get_walks: 26.48s
  get_tokenizer: 0.84s
  encode_walks: 14.87s
  pad_and_build_stage_tensors: 1.84s
Creating DataLoaders for wiki-rfa dataset...
Success! ✅
GPU available: True (cuda), used: True
TPU available: False, using: 0 TPU cores
HPU available: False, using: 0 HPUs
/home/eng/shilo_avital/yolo_lab/walk_to_paint/.venv/lib64/python3.9/site-packages/pytorch_lightning/callbacks/model_checkpoint.py:658: Checkpoint directory /home/eng/shilo_avital/yolo_lab/walk_to_paint/outputs/wiki-rfa/wiki-rfa-optuna_20251203-235202/checkpoints exists and is not empty.
LOCAL_RANK: 0 - CUDA_VISIBLE_DEVICES: [1]
Metric val_auc_epoch improved. New best score: 0.541
Metric val_auc_epoch improved by 0.018 >= min_delta = 0.0. New best score: 0.560
Metric val_auc_epoch improved by 0.050 >= min_delta = 0.0. New best score: 0.610
Metric val_auc_epoch improved by 0.038 >= min_delta = 0.0. New best score: 0.647
Metric val_auc_epoch improved by 0.019 >= min_delta = 0.0. New best score: 0.666
Metric val_auc_epoch improved by 0.003 >= min_delta = 0.0. New best score: 0.669
Metric val_auc_epoch improved by 0.012 >= min_delta = 0.0. New best score: 0.682
Metric val_auc_epoch improved by 0.003 >= min_delta = 0.0. New best score: 0.684
Metric val_auc_epoch improved by 0.006 >= min_delta = 0.0. New best score: 0.690
Metric val_auc_epoch improved by 0.000 >= min_delta = 0.0. New best score: 0.690
`Trainer.fit` stopped: `max_epochs=11` reached.
Restoring states from the checkpoint path at /home/eng/shilo_avital/yolo_lab/walk_to_paint/outputs/wiki-rfa/wiki-rfa-optuna_20251203-235202/checkpoints/trial_2-epoch=10-val_auc_epoch=0.6900.ckpt
LOCAL_RANK: 0 - CUDA_VISIBLE_DEVICES: [1]
Loaded model weights from the checkpoint at /home/eng/shilo_avital/yolo_lab/walk_to_paint/outputs/wiki-rfa/wiki-rfa-optuna_20251203-235202/checkpoints/trial_2-epoch=10-val_auc_epoch=0.6900.ckpt
────────────────────────────────────────────────────────────────────────────────────────────────────────────────────────
     Validate metric           DataLoader 0
────────────────────────────────────────────────────────────────────────────────────────────────────────────────────────
          step                     11.0
      val_acc_epoch         0.4744197130203247
      val_auc_epoch         0.6900161504745483
      val_f1_epoch          0.43482816219329834
        val_loss            1.4203182458877563
────────────────────────────────────────────────────────────────────────────────────────────────────────────────────────
✅ Trial 2 completed - Val AUC: 0.6900
[I 2025-12-04 01:59:59,465] Trial 2 finished with value: 0.6900161504745483 and parameters: {'dataset.max_walk_length': 33, 'dataset.num_walks': 350799, 'training.lr': 0.0003639316773843746, 'training.weight_decay': 0.004254753923301051, 'training.batch_size': 64, 'training.gradient_clip_val': 0.4328209792095925, 'training.early_stopping_patience': 12, 'model.nhead': 2, 'model.embedding_dim': 64, 'model.hidden_dim': 4, 'model.nlayers': 5, 'model.dropout': 0.4015869617984874, 'training.epochs': 11}. Best is trial 2 with value: 0.6900161504745483.
[I 2025-12-04 01:59:59,474] Trial 3 pruned. Could not find valid nhead/embedding_dim combination after 10 attempts
Seed set to 46

🔬 Trial 4 hyperparameters:
  Walk length: 95, Num walks: 138,176
  LR: 6.04e-03, Batch size: 32
  Model: emb_dim=64, hidden_dim=32
  Transformer: 4 layers, 4 heads
  Epochs: 19, Weighted loss: True
Loading wiki-rfa dataset...
Success! ✅
Splitting edges for wiki-rfa dataset...
Ratios: train=0.480, mask=0.320, val=0.100, test=0.100
Success! ✅
Sampling random walks from wiki-rfa dataset...
Success! ✅
Building tokenizer for wiki-rfa dataset...
Success! ✅
Padding and building stage tensors for wiki-rfa dataset...
Success! ✅
Data creation profiling (seconds):
  get_edge_list: 4.40s
  split_edges: 0.09s
  get_walks: 10.05s
  get_tokenizer: 0.38s
  encode_walks: 5.51s
  pad_and_build_stage_tensors: 0.71s
Creating DataLoaders for wiki-rfa dataset...
Success! ✅
GPU available: True (cuda), used: True
TPU available: False, using: 0 TPU cores
HPU available: False, using: 0 HPUs
/home/eng/shilo_avital/yolo_lab/walk_to_paint/.venv/lib64/python3.9/site-packages/pytorch_lightning/callbacks/model_checkpoint.py:658: Checkpoint directory /home/eng/shilo_avital/yolo_lab/walk_to_paint/outputs/wiki-rfa/wiki-rfa-optuna_20251203-235202/checkpoints exists and is not empty.
LOCAL_RANK: 0 - CUDA_VISIBLE_DEVICES: [1]
Metric val_auc_epoch improved. New best score: 0.508
Monitored metric val_auc_epoch did not improve in the last 8 records. Best score: 0.508. Signaling Trainer to stop.
Restoring states from the checkpoint path at /home/eng/shilo_avital/yolo_lab/walk_to_paint/outputs/wiki-rfa/wiki-rfa-optuna_20251203-235202/checkpoints/trial_4-epoch=00-val_auc_epoch=0.5083.ckpt
LOCAL_RANK: 0 - CUDA_VISIBLE_DEVICES: [1]
Loaded model weights from the checkpoint at /home/eng/shilo_avital/yolo_lab/walk_to_paint/outputs/wiki-rfa/wiki-rfa-optuna_20251203-235202/checkpoints/trial_4-epoch=00-val_auc_epoch=0.5083.ckpt
────────────────────────────────────────────────────────────────────────────────────────────────────────────────────────
     Validate metric           DataLoader 0
────────────────────────────────────────────────────────────────────────────────────────────────────────────────────────
          step                      9.0
      val_acc_epoch         0.3333333432674408
      val_auc_epoch         0.5083115100860596
      val_f1_epoch          0.03316223993897438
        val_loss             1.099208950996399
────────────────────────────────────────────────────────────────────────────────────────────────────────────────────────
✅ Trial 4 completed - Val AUC: 0.5083
[I 2025-12-04 02:13:36,448] Trial 4 finished with value: 0.5083115100860596 and parameters: {'dataset.max_walk_length': 95, 'dataset.num_walks': 138176, 'training.lr': 0.006042844832695083, 'training.weight_decay': 9.726957383470783e-08, 'training.batch_size': 32, 'training.gradient_clip_val': 0.5853770749080751, 'training.early_stopping_patience': 8, 'model.nhead': 4, 'model.embedding_dim': 64, 'model.hidden_dim': 32, 'model.nlayers': 4, 'model.dropout': 0.5643207792154578, 'training.epochs': 19}. Best is trial 2 with value: 0.6900161504745483.
Seed set to 47

🔬 Trial 5 hyperparameters:
  Walk length: 93, Num walks: 2,066,011
  LR: 1.51e-02, Batch size: 128
  Model: emb_dim=64, hidden_dim=256
  Transformer: 5 layers, 2 heads
  Epochs: 24, Weighted loss: True
Loading wiki-rfa dataset...
Success! ✅
Splitting edges for wiki-rfa dataset...
Ratios: train=0.480, mask=0.320, val=0.100, test=0.100
Success! ✅
Sampling random walks from wiki-rfa dataset...
Success! ✅
Building tokenizer for wiki-rfa dataset...
Success! ✅
Padding and building stage tensors for wiki-rfa dataset...
Success! ✅
Data creation profiling (seconds):
  get_edge_list: 4.65s
  split_edges: 0.09s
  get_walks: 154.22s
  get_tokenizer: 4.08s
  encode_walks: 82.80s
  pad_and_build_stage_tensors: 11.13s
Creating DataLoaders for wiki-rfa dataset...
Success! ✅
GPU available: True (cuda), used: True
TPU available: False, using: 0 TPU cores
HPU available: False, using: 0 HPUs
/home/eng/shilo_avital/yolo_lab/walk_to_paint/.venv/lib64/python3.9/site-packages/pytorch_lightning/callbacks/model_checkpoint.py:658: Checkpoint directory /home/eng/shilo_avital/yolo_lab/walk_to_paint/outputs/wiki-rfa/wiki-rfa-optuna_20251203-235202/checkpoints exists and is not empty.
LOCAL_RANK: 0 - CUDA_VISIBLE_DEVICES: [1]
Metric val_auc_epoch improved. New best score: 0.502
Monitored metric val_auc_epoch did not improve in the last 15 records. Best score: 0.502. Signaling Trainer to stop.
Restoring states from the checkpoint path at /home/eng/shilo_avital/yolo_lab/walk_to_paint/outputs/wiki-rfa/wiki-rfa-optuna_20251203-235202/checkpoints/trial_5-epoch=00-val_auc_epoch=0.5025.ckpt
LOCAL_RANK: 0 - CUDA_VISIBLE_DEVICES: [1]
Loaded model weights from the checkpoint at /home/eng/shilo_avital/yolo_lab/walk_to_paint/outputs/wiki-rfa/wiki-rfa-optuna_20251203-235202/checkpoints/trial_5-epoch=00-val_auc_epoch=0.5025.ckpt
────────────────────────────────────────────────────────────────────────────────────────────────────────────────────────
     Validate metric           DataLoader 0
────────────────────────────────────────────────────────────────────────────────────────────────────────────────────────
          step                     16.0
      val_acc_epoch         0.3333333432674408
      val_auc_epoch         0.5024827122688293
      val_f1_epoch          0.03432737663388252
        val_loss             1.098813772201538
────────────────────────────────────────────────────────────────────────────────────────────────────────────────────────
✅ Trial 5 completed - Val AUC: 0.5025
[I 2025-12-04 04:09:27,290] Trial 5 finished with value: 0.5024827122688293 and parameters: {'dataset.max_walk_length': 93, 'dataset.num_walks': 2066011, 'training.lr': 0.015054019357632321, 'training.weight_decay': 8.531012476419937e-05, 'training.batch_size': 128, 'training.gradient_clip_val': 1.7014630481153608, 'training.early_stopping_patience': 15, 'model.nhead': 2, 'model.embedding_dim': 64, 'model.hidden_dim': 256, 'model.nlayers': 5, 'model.dropout': 0.526441223119494, 'training.epochs': 24}. Best is trial 2 with value: 0.6900161504745483.
🧹 Cleaning up old checkpoints and logs (keeping top 10)...
Seed set to 48

🔬 Trial 6 hyperparameters:
  Walk length: 100, Num walks: 1,867,169
  LR: 1.18e-03, Batch size: 32
  Model: emb_dim=8, hidden_dim=8
  Transformer: 5 layers, 8 heads
  Epochs: 7, Weighted loss: True
Loading wiki-rfa dataset...
Success! ✅
Splitting edges for wiki-rfa dataset...
Ratios: train=0.480, mask=0.320, val=0.100, test=0.100
Success! ✅
Sampling random walks from wiki-rfa dataset...
Success! ✅
Building tokenizer for wiki-rfa dataset...
Success! ✅
Padding and building stage tensors for wiki-rfa dataset...
Success! ✅
Data creation profiling (seconds):
  get_edge_list: 4.78s
  split_edges: 0.09s
  get_walks: 140.06s
  get_tokenizer: 3.75s
  encode_walks: 74.92s
  pad_and_build_stage_tensors: 10.32s
Creating DataLoaders for wiki-rfa dataset...
Success! ✅
GPU available: True (cuda), used: True
TPU available: False, using: 0 TPU cores
HPU available: False, using: 0 HPUs
/home/eng/shilo_avital/yolo_lab/walk_to_paint/.venv/lib64/python3.9/site-packages/pytorch_lightning/callbacks/model_checkpoint.py:658: Checkpoint directory /home/eng/shilo_avital/yolo_lab/walk_to_paint/outputs/wiki-rfa/wiki-rfa-optuna_20251203-235202/checkpoints exists and is not empty.
LOCAL_RANK: 0 - CUDA_VISIBLE_DEVICES: [1]
Metric val_auc_epoch improved. New best score: 0.589
/home/eng/shilo_avital/yolo_lab/walk_to_paint/.venv/lib64/python3.9/site-packages/pytorch_lightning/loops/optimization/automatic.py:134: `training_step` returned `None`. If this was on purpose, ignore this warning...
Metric val_auc_epoch improved by 0.013 >= min_delta = 0.0. New best score: 0.602
Metric val_auc_epoch improved by 0.006 >= min_delta = 0.0. New best score: 0.608
Metric val_auc_epoch improved by 0.004 >= min_delta = 0.0. New best score: 0.612
Metric val_auc_epoch improved by 0.015 >= min_delta = 0.0. New best score: 0.627
Metric val_auc_epoch improved by 0.001 >= min_delta = 0.0. New best score: 0.628
`Trainer.fit` stopped: `max_epochs=7` reached.
Restoring states from the checkpoint path at /home/eng/shilo_avital/yolo_lab/walk_to_paint/outputs/wiki-rfa/wiki-rfa-optuna_20251203-235202/checkpoints/trial_6-epoch=05-val_auc_epoch=0.6279.ckpt
LOCAL_RANK: 0 - CUDA_VISIBLE_DEVICES: [1]
Loaded model weights from the checkpoint at /home/eng/shilo_avital/yolo_lab/walk_to_paint/outputs/wiki-rfa/wiki-rfa-optuna_20251203-235202/checkpoints/trial_6-epoch=05-val_auc_epoch=0.6279.ckpt
────────────────────────────────────────────────────────────────────────────────────────────────────────────────────────
     Validate metric           DataLoader 0
────────────────────────────────────────────────────────────────────────────────────────────────────────────────────────
          step                      7.0
      val_acc_epoch         0.4264618158340454
      val_auc_epoch         0.6278747916221619
      val_f1_epoch          0.3991331160068512
        val_loss             1.238223910331726
────────────────────────────────────────────────────────────────────────────────────────────────────────────────────────
✅ Trial 6 completed - Val AUC: 0.6279
[I 2025-12-04 06:51:14,647] Trial 6 finished with value: 0.6278747916221619 and parameters: {'dataset.max_walk_length': 100, 'dataset.num_walks': 1867169, 'training.lr': 0.001184168271837097, 'training.weight_decay': 0.03320727992488932, 'training.batch_size': 32, 'training.gradient_clip_val': 0.3403654106435893, 'training.early_stopping_patience': 16, 'model.nhead': 8, 'model.embedding_dim': 8, 'model.hidden_dim': 8, 'model.nlayers': 5, 'model.dropout': 0.3417683901700069, 'training.epochs': 7}. Best is trial 2 with value: 0.6900161504745483.
Seed set to 49

🔬 Trial 7 hyperparameters:
  Walk length: 28, Num walks: 242,424
  LR: 2.87e-03, Batch size: 64
  Model: emb_dim=16, hidden_dim=8
  Transformer: 1 layers, 16 heads
  Epochs: 8, Weighted loss: True
Loading wiki-rfa dataset...
Success! ✅
Splitting edges for wiki-rfa dataset...
Ratios: train=0.480, mask=0.320, val=0.100, test=0.100
Success! ✅
Sampling random walks from wiki-rfa dataset...
Success! ✅
Building tokenizer for wiki-rfa dataset...
Success! ✅
Padding and building stage tensors for wiki-rfa dataset...
Success! ✅
Data creation profiling (seconds):
  get_edge_list: 4.74s
  split_edges: 0.09s
  get_walks: 17.96s
  get_tokenizer: 0.63s
  encode_walks: 9.52s
  pad_and_build_stage_tensors: 1.23s
Creating DataLoaders for wiki-rfa dataset...
Success! ✅
GPU available: True (cuda), used: True
TPU available: False, using: 0 TPU cores
HPU available: False, using: 0 HPUs
/home/eng/shilo_avital/yolo_lab/walk_to_paint/.venv/lib64/python3.9/site-packages/pytorch_lightning/callbacks/model_checkpoint.py:658: Checkpoint directory /home/eng/shilo_avital/yolo_lab/walk_to_paint/outputs/wiki-rfa/wiki-rfa-optuna_20251203-235202/checkpoints exists and is not empty.
LOCAL_RANK: 0 - CUDA_VISIBLE_DEVICES: [1]
Metric val_auc_epoch improved. New best score: 0.587
Metric val_auc_epoch improved by 0.009 >= min_delta = 0.0. New best score: 0.596
Metric val_auc_epoch improved by 0.001 >= min_delta = 0.0. New best score: 0.597
Metric val_auc_epoch improved by 0.006 >= min_delta = 0.0. New best score: 0.603
Metric val_auc_epoch improved by 0.003 >= min_delta = 0.0. New best score: 0.606
`Trainer.fit` stopped: `max_epochs=8` reached.
Restoring states from the checkpoint path at /home/eng/shilo_avital/yolo_lab/walk_to_paint/outputs/wiki-rfa/wiki-rfa-optuna_20251203-235202/checkpoints/trial_7-epoch=05-val_auc_epoch=0.6062.ckpt
LOCAL_RANK: 0 - CUDA_VISIBLE_DEVICES: [1]
Loaded model weights from the checkpoint at /home/eng/shilo_avital/yolo_lab/walk_to_paint/outputs/wiki-rfa/wiki-rfa-optuna_20251203-235202/checkpoints/trial_7-epoch=05-val_auc_epoch=0.6062.ckpt
────────────────────────────────────────────────────────────────────────────────────────────────────────────────────────
     Validate metric           DataLoader 0
────────────────────────────────────────────────────────────────────────────────────────────────────────────────────────
          step                      8.0
      val_acc_epoch         0.42119741439819336
      val_auc_epoch          0.606221079826355
      val_f1_epoch          0.37577974796295166
        val_loss            1.2191460132598877
────────────────────────────────────────────────────────────────────────────────────────────────────────────────────────
✅ Trial 7 completed - Val AUC: 0.6062
[I 2025-12-04 07:00:03,994] Trial 7 finished with value: 0.606221079826355 and parameters: {'dataset.max_walk_length': 28, 'dataset.num_walks': 242424, 'training.lr': 0.002873802517966224, 'training.weight_decay': 9.862354550004369e-05, 'training.batch_size': 64, 'training.gradient_clip_val': 1.331213701208838, 'training.early_stopping_patience': 5, 'model.nhead': 16, 'model.embedding_dim': 16, 'model.hidden_dim': 8, 'model.nlayers': 1, 'model.dropout': 0.24583859913993125, 'training.epochs': 8}. Best is trial 2 with value: 0.6900161504745483.
Seed set to 50

🔬 Trial 8 hyperparameters:
  Walk length: 16, Num walks: 2,543,744
  LR: 3.42e-05, Batch size: 128
  Model: emb_dim=8, hidden_dim=128
  Transformer: 4 layers, 4 heads
  Epochs: 7, Weighted loss: True
Loading wiki-rfa dataset...
Success! ✅
Splitting edges for wiki-rfa dataset...
Ratios: train=0.480, mask=0.320, val=0.100, test=0.100
Success! ✅
Sampling random walks from wiki-rfa dataset...
Success! ✅
Building tokenizer for wiki-rfa dataset...
Success! ✅
Padding and building stage tensors for wiki-rfa dataset...
Success! ✅
Data creation profiling (seconds):
  get_edge_list: 4.42s
  split_edges: 0.09s
  get_walks: 182.63s
  get_tokenizer: 4.32s
  encode_walks: 94.58s
  pad_and_build_stage_tensors: 11.89s
Creating DataLoaders for wiki-rfa dataset...
Success! ✅
GPU available: True (cuda), used: True
TPU available: False, using: 0 TPU cores
HPU available: False, using: 0 HPUs
/home/eng/shilo_avital/yolo_lab/walk_to_paint/.venv/lib64/python3.9/site-packages/pytorch_lightning/callbacks/model_checkpoint.py:658: Checkpoint directory /home/eng/shilo_avital/yolo_lab/walk_to_paint/outputs/wiki-rfa/wiki-rfa-optuna_20251203-235202/checkpoints exists and is not empty.
LOCAL_RANK: 0 - CUDA_VISIBLE_DEVICES: [1]
Metric val_auc_epoch improved. New best score: 0.531
Metric val_auc_epoch improved by 0.012 >= min_delta = 0.0. New best score: 0.543
Metric val_auc_epoch improved by 0.001 >= min_delta = 0.0. New best score: 0.544
❌ Trial 8 failed: Trial was pruned at epoch 5.
[I 2025-12-04 07:45:01,649] Trial 8 finished with value: 0.0 and parameters: {'dataset.max_walk_length': 16, 'dataset.num_walks': 2543744, 'training.lr': 3.424917663186197e-05, 'training.weight_decay': 1.9412698299370375e-06, 'training.batch_size': 128, 'training.gradient_clip_val': 1.0123322107618138, 'training.early_stopping_patience': 18, 'model.nhead': 4, 'model.embedding_dim': 8, 'model.hidden_dim': 128, 'model.nlayers': 4, 'model.dropout': 0.49248665508646333, 'training.epochs': 7}. Best is trial 2 with value: 0.6900161504745483.
Seed set to 51

🔬 Trial 9 hyperparameters:
  Walk length: 16, Num walks: 174,201
  LR: 3.38e-04, Batch size: 64
  Model: emb_dim=128, hidden_dim=16
  Transformer: 3 layers, 8 heads
  Epochs: 23, Weighted loss: True
Loading wiki-rfa dataset...
Success! ✅
Splitting edges for wiki-rfa dataset...
Ratios: train=0.480, mask=0.320, val=0.100, test=0.100
Success! ✅
Sampling random walks from wiki-rfa dataset...
Success! ✅
Building tokenizer for wiki-rfa dataset...
Success! ✅
Padding and building stage tensors for wiki-rfa dataset...
Success! ✅
Data creation profiling (seconds):
  get_edge_list: 4.01s
  split_edges: 0.09s
  get_walks: 93.45s
  get_tokenizer: 0.42s
  encode_walks: 6.31s
  pad_and_build_stage_tensors: 0.85s
Creating DataLoaders for wiki-rfa dataset...
Success! ✅
GPU available: True (cuda), used: True
TPU available: False, using: 0 TPU cores
HPU available: False, using: 0 HPUs
/home/eng/shilo_avital/yolo_lab/walk_to_paint/.venv/lib64/python3.9/site-packages/pytorch_lightning/callbacks/model_checkpoint.py:658: Checkpoint directory /home/eng/shilo_avital/yolo_lab/walk_to_paint/outputs/wiki-rfa/wiki-rfa-optuna_20251203-235202/checkpoints exists and is not empty.
LOCAL_RANK: 0 - CUDA_VISIBLE_DEVICES: [1]
Metric val_auc_epoch improved. New best score: 0.579
Metric val_auc_epoch improved by 0.026 >= min_delta = 0.0. New best score: 0.605
Metric val_auc_epoch improved by 0.014 >= min_delta = 0.0. New best score: 0.620
Metric val_auc_epoch improved by 0.021 >= min_delta = 0.0. New best score: 0.640
Metric val_auc_epoch improved by 0.005 >= min_delta = 0.0. New best score: 0.646
Metric val_auc_epoch improved by 0.003 >= min_delta = 0.0. New best score: 0.649
Metric val_auc_epoch improved by 0.006 >= min_delta = 0.0. New best score: 0.655
Metric val_auc_epoch improved by 0.009 >= min_delta = 0.0. New best score: 0.663
Metric val_auc_epoch improved by 0.001 >= min_delta = 0.0. New best score: 0.664
Metric val_auc_epoch improved by 0.005 >= min_delta = 0.0. New best score: 0.669
Metric val_auc_epoch improved by 0.004 >= min_delta = 0.0. New best score: 0.673
Metric val_auc_epoch improved by 0.005 >= min_delta = 0.0. New best score: 0.678
Metric val_auc_epoch improved by 0.001 >= min_delta = 0.0. New best score: 0.680
Metric val_auc_epoch improved by 0.002 >= min_delta = 0.0. New best score: 0.682
Metric val_auc_epoch improved by 0.001 >= min_delta = 0.0. New best score: 0.683
Metric val_auc_epoch improved by 0.001 >= min_delta = 0.0. New best score: 0.684
Metric val_auc_epoch improved by 0.001 >= min_delta = 0.0. New best score: 0.685
Metric val_auc_epoch improved by 0.003 >= min_delta = 0.0. New best score: 0.687
`Trainer.fit` stopped: `max_epochs=23` reached.
Restoring states from the checkpoint path at /home/eng/shilo_avital/yolo_lab/walk_to_paint/outputs/wiki-rfa/wiki-rfa-optuna_20251203-235202/checkpoints/trial_9-epoch=18-val_auc_epoch=0.6874.ckpt
LOCAL_RANK: 0 - CUDA_VISIBLE_DEVICES: [1]
Loaded model weights from the checkpoint at /home/eng/shilo_avital/yolo_lab/walk_to_paint/outputs/wiki-rfa/wiki-rfa-optuna_20251203-235202/checkpoints/trial_9-epoch=18-val_auc_epoch=0.6874.ckpt
────────────────────────────────────────────────────────────────────────────────────────────────────────────────────────
     Validate metric           DataLoader 0
────────────────────────────────────────────────────────────────────────────────────────────────────────────────────────
          step                     23.0
      val_acc_epoch         0.47390490770339966
      val_auc_epoch         0.6874287128448486
      val_f1_epoch          0.4502067267894745
        val_loss             2.439319610595703
────────────────────────────────────────────────────────────────────────────────────────────────────────────────────────
✅ Trial 9 completed - Val AUC: 0.6874
[I 2025-12-04 08:05:02,856] Trial 9 finished with value: 0.6874287128448486 and parameters: {'dataset.max_walk_length': 16, 'dataset.num_walks': 174201, 'training.lr': 0.00033827869953278333, 'training.weight_decay': 2.375821073842849e-06, 'training.batch_size': 64, 'training.gradient_clip_val': 0.2313024203915558, 'training.early_stopping_patience': 7, 'model.nhead': 8, 'model.embedding_dim': 128, 'model.hidden_dim': 16, 'model.nlayers': 3, 'model.dropout': 0.29182533670568633, 'training.epochs': 23}. Best is trial 2 with value: 0.6900161504745483.
Seed set to 52

🔬 Trial 10 hyperparameters:
  Walk length: 59, Num walks: 4,253,659
  LR: 4.11e-02, Batch size: 512
  Model: emb_dim=64, hidden_dim=4
  Transformer: 2 layers, 2 heads
  Epochs: 13, Weighted loss: True
Loading wiki-rfa dataset...
Success! ✅
Splitting edges for wiki-rfa dataset...
Ratios: train=0.480, mask=0.320, val=0.100, test=0.100
Success! ✅
Sampling random walks from wiki-rfa dataset...
Success! ✅
Building tokenizer for wiki-rfa dataset...
Success! ✅
Padding and building stage tensors for wiki-rfa dataset...
Success! ✅
Data creation profiling (seconds):
  get_edge_list: 4.63s
  split_edges: 0.09s
  get_walks: 314.77s
  get_tokenizer: 8.88s
  encode_walks: 172.26s
  pad_and_build_stage_tensors: 23.05s
Creating DataLoaders for wiki-rfa dataset...
Success! ✅
GPU available: True (cuda), used: True
TPU available: False, using: 0 TPU cores
HPU available: False, using: 0 HPUs
/home/eng/shilo_avital/yolo_lab/walk_to_paint/.venv/lib64/python3.9/site-packages/pytorch_lightning/callbacks/model_checkpoint.py:658: Checkpoint directory /home/eng/shilo_avital/yolo_lab/walk_to_paint/outputs/wiki-rfa/wiki-rfa-optuna_20251203-235202/checkpoints exists and is not empty.
LOCAL_RANK: 0 - CUDA_VISIBLE_DEVICES: [1]
Metric val_auc_epoch improved. New best score: 0.502
Metric val_auc_epoch improved by 0.016 >= min_delta = 0.0. New best score: 0.518
❌ Trial 10 failed: Trial was pruned at epoch 5.
[I 2025-12-04 08:34:24,364] Trial 10 finished with value: 0.0 and parameters: {'dataset.max_walk_length': 59, 'dataset.num_walks': 4253659, 'training.lr': 0.04112881955388692, 'training.weight_decay': 0.051488797140106304, 'training.batch_size': 512, 'training.gradient_clip_val': 0.16076163653521713, 'training.early_stopping_patience': 12, 'model.nhead': 2, 'model.embedding_dim': 64, 'model.hidden_dim': 4, 'model.nlayers': 2, 'model.dropout': 0.06705643312968429, 'training.epochs': 13}. Best is trial 2 with value: 0.6900161504745483.
🧹 Cleaning up old checkpoints and logs (keeping top 10)...
Seed set to 53

🔬 Trial 11 hyperparameters:
  Walk length: 10, Num walks: 401,040
  LR: 2.19e-04, Batch size: 64
  Model: emb_dim=128, hidden_dim=64
  Transformer: 3 layers, 1 heads
  Epochs: 15, Weighted loss: True
Loading wiki-rfa dataset...
Success! ✅
Splitting edges for wiki-rfa dataset...
Ratios: train=0.480, mask=0.320, val=0.100, test=0.100
Success! ✅
Sampling random walks from wiki-rfa dataset...
Success! ✅
Building tokenizer for wiki-rfa dataset...
Success! ✅
Padding and building stage tensors for wiki-rfa dataset...
Success! ✅
Data creation profiling (seconds):
  get_edge_list: 84.80s
  split_edges: 0.09s
  get_walks: 29.35s
  get_tokenizer: 0.69s
  encode_walks: 13.10s
  pad_and_build_stage_tensors: 1.90s
Creating DataLoaders for wiki-rfa dataset...
Success! ✅
/home/eng/shilo_avital/yolo_lab/walk_to_paint/.venv/lib64/python3.9/site-packages/torch/nn/modules/transformer.py:382: UserWarning: enable_nested_tensor is True, but self.use_nested_tensor is False because encoder_layer.self_attn.num_heads is odd
  warnings.warn(
GPU available: True (cuda), used: True
TPU available: False, using: 0 TPU cores
HPU available: False, using: 0 HPUs
/home/eng/shilo_avital/yolo_lab/walk_to_paint/.venv/lib64/python3.9/site-packages/pytorch_lightning/callbacks/model_checkpoint.py:658: Checkpoint directory /home/eng/shilo_avital/yolo_lab/walk_to_paint/outputs/wiki-rfa/wiki-rfa-optuna_20251203-235202/checkpoints exists and is not empty.
LOCAL_RANK: 0 - CUDA_VISIBLE_DEVICES: [1]
Metric val_auc_epoch improved. New best score: 0.598
Metric val_auc_epoch improved by 0.040 >= min_delta = 0.0. New best score: 0.638
Metric val_auc_epoch improved by 0.028 >= min_delta = 0.0. New best score: 0.666
Metric val_auc_epoch improved by 0.005 >= min_delta = 0.0. New best score: 0.671
Metric val_auc_epoch improved by 0.010 >= min_delta = 0.0. New best score: 0.681
Metric val_auc_epoch improved by 0.002 >= min_delta = 0.0. New best score: 0.683
Metric val_auc_epoch improved by 0.002 >= min_delta = 0.0. New best score: 0.685
Metric val_auc_epoch improved by 0.004 >= min_delta = 0.0. New best score: 0.689
Metric val_auc_epoch improved by 0.001 >= min_delta = 0.0. New best score: 0.690
Metric val_auc_epoch improved by 0.001 >= min_delta = 0.0. New best score: 0.691
Metric val_auc_epoch improved by 0.001 >= min_delta = 0.0. New best score: 0.692
Metric val_auc_epoch improved by 0.000 >= min_delta = 0.0. New best score: 0.692
`Trainer.fit` stopped: `max_epochs=15` reached.
Restoring states from the checkpoint path at /home/eng/shilo_avital/yolo_lab/walk_to_paint/outputs/wiki-rfa/wiki-rfa-optuna_20251203-235202/checkpoints/trial_11-epoch=14-val_auc_epoch=0.6917.ckpt
LOCAL_RANK: 0 - CUDA_VISIBLE_DEVICES: [1]
Loaded model weights from the checkpoint at /home/eng/shilo_avital/yolo_lab/walk_to_paint/outputs/wiki-rfa/wiki-rfa-optuna_20251203-235202/checkpoints/trial_11-epoch=14-val_auc_epoch=0.6917.ckpt
────────────────────────────────────────────────────────────────────────────────────────────────────────────────────────
     Validate metric           DataLoader 0
────────────────────────────────────────────────────────────────────────────────────────────────────────────────────────
          step                     15.0
      val_acc_epoch         0.4890758991241455
      val_auc_epoch         0.6917497515678406
      val_f1_epoch          0.4500945210456848
        val_loss            1.7034704685211182
────────────────────────────────────────────────────────────────────────────────────────────────────────────────────────
✅ Trial 11 completed - Val AUC: 0.6917
[I 2025-12-04 09:04:52,574] Trial 11 finished with value: 0.6917497515678406 and parameters: {'dataset.max_walk_length': 10, 'dataset.num_walks': 401040, 'training.lr': 0.00021910008337462975, 'training.weight_decay': 3.6007784958483924e-06, 'training.batch_size': 64, 'training.gradient_clip_val': 0.1175710369144415, 'training.early_stopping_patience': 12, 'model.nhead': 1, 'model.embedding_dim': 128, 'model.hidden_dim': 64, 'model.nlayers': 3, 'model.dropout': 0.44311906117510835, 'training.epochs': 15}. Best is trial 11 with value: 0.6917497515678406.
Seed set to 54

🔬 Trial 12 hyperparameters:
  Walk length: 38, Num walks: 427,805
  LR: 1.15e-04, Batch size: 64
  Model: emb_dim=128, hidden_dim=64
  Transformer: 6 layers, 1 heads
  Epochs: 13, Weighted loss: True
Loading wiki-rfa dataset...
Success! ✅
Splitting edges for wiki-rfa dataset...
Ratios: train=0.480, mask=0.320, val=0.100, test=0.100
Success! ✅
Sampling random walks from wiki-rfa dataset...
Success! ✅
Building tokenizer for wiki-rfa dataset...
Success! ✅
Padding and building stage tensors for wiki-rfa dataset...
Success! ✅
Data creation profiling (seconds):
  get_edge_list: 4.57s
  split_edges: 0.08s
  get_walks: 31.44s
  get_tokenizer: 0.95s
  encode_walks: 16.94s
  pad_and_build_stage_tensors: 2.10s
Creating DataLoaders for wiki-rfa dataset...
Success! ✅
/home/eng/shilo_avital/yolo_lab/walk_to_paint/.venv/lib64/python3.9/site-packages/torch/nn/modules/transformer.py:382: UserWarning: enable_nested_tensor is True, but self.use_nested_tensor is False because encoder_layer.self_attn.num_heads is odd
  warnings.warn(
GPU available: True (cuda), used: True
TPU available: False, using: 0 TPU cores
HPU available: False, using: 0 HPUs
/home/eng/shilo_avital/yolo_lab/walk_to_paint/.venv/lib64/python3.9/site-packages/pytorch_lightning/callbacks/model_checkpoint.py:658: Checkpoint directory /home/eng/shilo_avital/yolo_lab/walk_to_paint/outputs/wiki-rfa/wiki-rfa-optuna_20251203-235202/checkpoints exists and is not empty.
LOCAL_RANK: 0 - CUDA_VISIBLE_DEVICES: [1]
Metric val_auc_epoch improved. New best score: 0.549
Metric val_auc_epoch improved by 0.020 >= min_delta = 0.0. New best score: 0.568
Metric val_auc_epoch improved by 0.036 >= min_delta = 0.0. New best score: 0.604
Metric val_auc_epoch improved by 0.026 >= min_delta = 0.0. New best score: 0.630
Metric val_auc_epoch improved by 0.011 >= min_delta = 0.0. New best score: 0.641
Metric val_auc_epoch improved by 0.012 >= min_delta = 0.0. New best score: 0.652
Metric val_auc_epoch improved by 0.006 >= min_delta = 0.0. New best score: 0.659
Metric val_auc_epoch improved by 0.006 >= min_delta = 0.0. New best score: 0.665
Metric val_auc_epoch improved by 0.000 >= min_delta = 0.0. New best score: 0.665
Metric val_auc_epoch improved by 0.001 >= min_delta = 0.0. New best score: 0.666
Metric val_auc_epoch improved by 0.002 >= min_delta = 0.0. New best score: 0.669
❌ Trial 12 failed: Trial was pruned at epoch 11.
[I 2025-12-04 09:36:30,309] Trial 12 finished with value: 0.0 and parameters: {'dataset.max_walk_length': 38, 'dataset.num_walks': 427805, 'training.lr': 0.00011462880668121395, 'training.weight_decay': 0.0025233620405289508, 'training.batch_size': 64, 'training.gradient_clip_val': 0.106513354519408, 'training.early_stopping_patience': 13, 'model.nhead': 1, 'model.embedding_dim': 128, 'model.hidden_dim': 64, 'model.nlayers': 6, 'model.dropout': 0.43589272221867426, 'training.epochs': 13}. Best is trial 11 with value: 0.6917497515678406.
Seed set to 55

🔬 Trial 13 hyperparameters:
  Walk length: 10, Num walks: 410,786
  LR: 1.59e-04, Batch size: 64
  Model: emb_dim=4, hidden_dim=4
  Transformer: 3 layers, 1 heads
  Epochs: 16, Weighted loss: True
Loading wiki-rfa dataset...
Success! ✅
Splitting edges for wiki-rfa dataset...
Ratios: train=0.480, mask=0.320, val=0.100, test=0.100
Success! ✅
Sampling random walks from wiki-rfa dataset...
Success! ✅
Building tokenizer for wiki-rfa dataset...
Success! ✅
Padding and building stage tensors for wiki-rfa dataset...
Success! ✅
Data creation profiling (seconds):
  get_edge_list: 84.73s
  split_edges: 0.09s
  get_walks: 30.01s
  get_tokenizer: 0.78s
  encode_walks: 13.06s
  pad_and_build_stage_tensors: 2.02s
Creating DataLoaders for wiki-rfa dataset...
Success! ✅
/home/eng/shilo_avital/yolo_lab/walk_to_paint/.venv/lib64/python3.9/site-packages/torch/nn/modules/transformer.py:382: UserWarning: enable_nested_tensor is True, but self.use_nested_tensor is False because encoder_layer.self_attn.num_heads is odd
  warnings.warn(
GPU available: True (cuda), used: True
TPU available: False, using: 0 TPU cores
HPU available: False, using: 0 HPUs
/home/eng/shilo_avital/yolo_lab/walk_to_paint/.venv/lib64/python3.9/site-packages/pytorch_lightning/callbacks/model_checkpoint.py:658: Checkpoint directory /home/eng/shilo_avital/yolo_lab/walk_to_paint/outputs/wiki-rfa/wiki-rfa-optuna_20251203-235202/checkpoints exists and is not empty.
LOCAL_RANK: 0 - CUDA_VISIBLE_DEVICES: [1]
Metric val_auc_epoch improved. New best score: 0.502
Metric val_auc_epoch improved by 0.000 >= min_delta = 0.0. New best score: 0.503
Metric val_auc_epoch improved by 0.005 >= min_delta = 0.0. New best score: 0.508
Metric val_auc_epoch improved by 0.002 >= min_delta = 0.0. New best score: 0.510
Metric val_auc_epoch improved by 0.000 >= min_delta = 0.0. New best score: 0.510
❌ Trial 13 failed: Trial was pruned at epoch 5.
[I 2025-12-04 09:50:06,320] Trial 13 finished with value: 0.0 and parameters: {'dataset.max_walk_length': 10, 'dataset.num_walks': 410786, 'training.lr': 0.00015949386669750906, 'training.weight_decay': 5.202246177183904e-06, 'training.batch_size': 64, 'training.gradient_clip_val': 0.7134676798332641, 'training.early_stopping_patience': 12, 'model.nhead': 1, 'model.embedding_dim': 4, 'model.hidden_dim': 4, 'model.nlayers': 3, 'model.dropout': 0.693165327514174, 'training.epochs': 16}. Best is trial 11 with value: 0.6917497515678406.
Seed set to 56

🔬 Trial 14 hyperparameters:
  Walk length: 29, Num walks: 104,134
  LR: 7.23e-05, Batch size: 256
  Model: emb_dim=32, hidden_dim=64
  Transformer: 2 layers, 1 heads
  Epochs: 12, Weighted loss: True
Loading wiki-rfa dataset...
Success! ✅
Splitting edges for wiki-rfa dataset...
Ratios: train=0.480, mask=0.320, val=0.100, test=0.100
Success! ✅
Sampling random walks from wiki-rfa dataset...
Success! ✅
Building tokenizer for wiki-rfa dataset...
Success! ✅
Padding and building stage tensors for wiki-rfa dataset...
Success! ✅
Data creation profiling (seconds):
  get_edge_list: 84.61s
  split_edges: 0.09s
  get_walks: 7.88s
  get_tokenizer: 0.33s
  encode_walks: 4.00s
  pad_and_build_stage_tensors: 0.51s
Creating DataLoaders for wiki-rfa dataset...
Success! ✅
/home/eng/shilo_avital/yolo_lab/walk_to_paint/.venv/lib64/python3.9/site-packages/torch/nn/modules/transformer.py:382: UserWarning: enable_nested_tensor is True, but self.use_nested_tensor is False because encoder_layer.self_attn.num_heads is odd
  warnings.warn(
GPU available: True (cuda), used: True
TPU available: False, using: 0 TPU cores
HPU available: False, using: 0 HPUs
/home/eng/shilo_avital/yolo_lab/walk_to_paint/.venv/lib64/python3.9/site-packages/pytorch_lightning/callbacks/model_checkpoint.py:658: Checkpoint directory /home/eng/shilo_avital/yolo_lab/walk_to_paint/outputs/wiki-rfa/wiki-rfa-optuna_20251203-235202/checkpoints exists and is not empty.
LOCAL_RANK: 0 - CUDA_VISIBLE_DEVICES: [1]
Metric val_auc_epoch improved. New best score: 0.516
Metric val_auc_epoch improved by 0.010 >= min_delta = 0.0. New best score: 0.526
Metric val_auc_epoch improved by 0.005 >= min_delta = 0.0. New best score: 0.532
Metric val_auc_epoch improved by 0.003 >= min_delta = 0.0. New best score: 0.535
Metric val_auc_epoch improved by 0.002 >= min_delta = 0.0. New best score: 0.537
❌ Trial 14 failed: Trial was pruned at epoch 5.
[I 2025-12-04 09:52:35,268] Trial 14 finished with value: 0.0 and parameters: {'dataset.max_walk_length': 29, 'dataset.num_walks': 104134, 'training.lr': 7.22905476555794e-05, 'training.weight_decay': 1.6688503698773777e-07, 'training.batch_size': 256, 'training.gradient_clip_val': 0.41294909327132245, 'training.early_stopping_patience': 10, 'model.nhead': 1, 'model.embedding_dim': 32, 'model.hidden_dim': 64, 'model.nlayers': 2, 'model.dropout': 0.44201009796355417, 'training.epochs': 12}. Best is trial 11 with value: 0.6917497515678406.
Seed set to 57

🔬 Trial 15 hyperparameters:
  Walk length: 57, Num walks: 358,406
  LR: 3.00e-04, Batch size: 512
  Model: emb_dim=16, hidden_dim=64
  Transformer: 6 layers, 2 heads
  Epochs: 18, Weighted loss: True
Loading wiki-rfa dataset...
Success! ✅
Splitting edges for wiki-rfa dataset...
Ratios: train=0.480, mask=0.320, val=0.100, test=0.100
Success! ✅
Sampling random walks from wiki-rfa dataset...
Success! ✅
Building tokenizer for wiki-rfa dataset...
Success! ✅
Padding and building stage tensors for wiki-rfa dataset...
Success! ✅
Data creation profiling (seconds):
  get_edge_list: 84.74s
  split_edges: 0.09s
  get_walks: 26.66s
  get_tokenizer: 0.83s
  encode_walks: 14.35s
  pad_and_build_stage_tensors: 1.83s
Creating DataLoaders for wiki-rfa dataset...
Success! ✅
GPU available: True (cuda), used: True
TPU available: False, using: 0 TPU cores
HPU available: False, using: 0 HPUs
/home/eng/shilo_avital/yolo_lab/walk_to_paint/.venv/lib64/python3.9/site-packages/pytorch_lightning/callbacks/model_checkpoint.py:658: Checkpoint directory /home/eng/shilo_avital/yolo_lab/walk_to_paint/outputs/wiki-rfa/wiki-rfa-optuna_20251203-235202/checkpoints exists and is not empty.
LOCAL_RANK: 0 - CUDA_VISIBLE_DEVICES: [1]
Metric val_auc_epoch improved. New best score: 0.525
Metric val_auc_epoch improved by 0.011 >= min_delta = 0.0. New best score: 0.536
Metric val_auc_epoch improved by 0.003 >= min_delta = 0.0. New best score: 0.539
Metric val_auc_epoch improved by 0.004 >= min_delta = 0.0. New best score: 0.543
Metric val_auc_epoch improved by 0.000 >= min_delta = 0.0. New best score: 0.543
❌ Trial 15 failed: Trial was pruned at epoch 5.
[I 2025-12-04 09:57:10,917] Trial 15 finished with value: 0.0 and parameters: {'dataset.max_walk_length': 57, 'dataset.num_walks': 358406, 'training.lr': 0.00030018468527539166, 'training.weight_decay': 2.101999443469586e-08, 'training.batch_size': 512, 'training.gradient_clip_val': 0.7741901399066458, 'training.early_stopping_patience': 15, 'model.nhead': 2, 'model.embedding_dim': 16, 'model.hidden_dim': 64, 'model.nlayers': 6, 'model.dropout': 0.4059810948986556, 'training.epochs': 18}. Best is trial 11 with value: 0.6917497515678406.
🧹 Cleaning up old checkpoints and logs (keeping top 10)...
  Removed old checkpoint: trial_5-epoch=00-val_auc_epoch=0.5025.ckpt
  Removed old checkpoint: trial_4-epoch=00-val_auc_epoch=0.5083.ckpt
  Removed old checkpoint: trial_2-epoch=10-val_auc_epoch=0.6900.ckpt
  Removed old checkpoint: trial_1-epoch=07-val_auc_epoch=0.5413.ckpt
  Removed old checkpoint: trial_0-epoch=06-val_auc_epoch=0.5518.ckpt
  Removed old log dir: trial_5
  Removed old log dir: trial_4
  Removed old log dir: trial_2
  Removed old log dir: trial_1
  Removed old log dir: trial_0
Seed set to 58

🔬 Trial 16 hyperparameters:
  Walk length: 28, Num walks: 740,512
  LR: 1.46e-05, Batch size: 64
  Model: emb_dim=128, hidden_dim=4
  Transformer: 4 layers, 1 heads
  Epochs: 11, Weighted loss: True
Loading wiki-rfa dataset...
Success! ✅
Splitting edges for wiki-rfa dataset...
Ratios: train=0.480, mask=0.320, val=0.100, test=0.100
Success! ✅
Sampling random walks from wiki-rfa dataset...
Success! ✅
Building tokenizer for wiki-rfa dataset...
Success! ✅
Padding and building stage tensors for wiki-rfa dataset...
Success! ✅
Data creation profiling (seconds):
  get_edge_list: 84.67s
  split_edges: 0.09s
  get_walks: 55.92s
  get_tokenizer: 1.57s
  encode_walks: 28.99s
  pad_and_build_stage_tensors: 3.68s
Creating DataLoaders for wiki-rfa dataset...
Success! ✅
/home/eng/shilo_avital/yolo_lab/walk_to_paint/.venv/lib64/python3.9/site-packages/torch/nn/modules/transformer.py:382: UserWarning: enable_nested_tensor is True, but self.use_nested_tensor is False because encoder_layer.self_attn.num_heads is odd
  warnings.warn(
GPU available: True (cuda), used: True
TPU available: False, using: 0 TPU cores
HPU available: False, using: 0 HPUs
/home/eng/shilo_avital/yolo_lab/walk_to_paint/.venv/lib64/python3.9/site-packages/pytorch_lightning/callbacks/model_checkpoint.py:658: Checkpoint directory /home/eng/shilo_avital/yolo_lab/walk_to_paint/outputs/wiki-rfa/wiki-rfa-optuna_20251203-235202/checkpoints exists and is not empty.
LOCAL_RANK: 0 - CUDA_VISIBLE_DEVICES: [1]
/home/eng/shilo_avital/yolo_lab/walk_to_paint/.venv/lib64/python3.9/site-packages/torchmetrics/utilities/prints.py:43: UserWarning: No positive samples in targets, true positive value should be meaningless. Returning zero tensor in true positive score
  warnings.warn(*args, **kwargs)
/home/eng/shilo_avital/yolo_lab/walk_to_paint/src/model/metrics_helper.py:118: RuntimeWarning: invalid value encountered in divide
  cm_norm = cm.astype("float") / cm.sum(axis=1)[:, None]
Metric val_auc_epoch improved. New best score: 0.543
Metric val_auc_epoch improved by 0.006 >= min_delta = 0.0. New best score: 0.549
Metric val_auc_epoch improved by 0.005 >= min_delta = 0.0. New best score: 0.553
Metric val_auc_epoch improved by 0.007 >= min_delta = 0.0. New best score: 0.561
Metric val_auc_epoch improved by 0.006 >= min_delta = 0.0. New best score: 0.567
Metric val_auc_epoch improved by 0.005 >= min_delta = 0.0. New best score: 0.572
❌ Trial 16 failed: Trial was pruned at epoch 6.
[I 2025-12-04 10:26:51,300] Trial 16 finished with value: 0.0 and parameters: {'dataset.max_walk_length': 28, 'dataset.num_walks': 740512, 'training.lr': 1.461436531693996e-05, 'training.weight_decay': 1.3815880354245504e-05, 'training.batch_size': 64, 'training.gradient_clip_val': 0.11347361381367693, 'training.early_stopping_patience': 10, 'model.nhead': 1, 'model.embedding_dim': 128, 'model.hidden_dim': 4, 'model.nlayers': 4, 'model.dropout': 0.21647160625151152, 'training.epochs': 11}. Best is trial 11 with value: 0.6917497515678406.
Seed set to 59

🔬 Trial 17 hyperparameters:
  Walk length: 70, Num walks: 292,709
  LR: 4.98e-05, Batch size: 64
  Model: emb_dim=64, hidden_dim=32
  Transformer: 2 layers, 2 heads
  Epochs: 16, Weighted loss: True
Loading wiki-rfa dataset...
Success! ✅
Splitting edges for wiki-rfa dataset...
Ratios: train=0.480, mask=0.320, val=0.100, test=0.100
Success! ✅
Sampling random walks from wiki-rfa dataset...
Success! ✅
Building tokenizer for wiki-rfa dataset...
Success! ✅
Padding and building stage tensors for wiki-rfa dataset...
Success! ✅
Data creation profiling (seconds):
  get_edge_list: 84.70s
  split_edges: 0.09s
  get_walks: 21.83s
  get_tokenizer: 0.74s
  encode_walks: 12.03s
  pad_and_build_stage_tensors: 1.59s
Creating DataLoaders for wiki-rfa dataset...
Success! ✅
GPU available: True (cuda), used: True
TPU available: False, using: 0 TPU cores
HPU available: False, using: 0 HPUs
/home/eng/shilo_avital/yolo_lab/walk_to_paint/.venv/lib64/python3.9/site-packages/pytorch_lightning/callbacks/model_checkpoint.py:658: Checkpoint directory /home/eng/shilo_avital/yolo_lab/walk_to_paint/outputs/wiki-rfa/wiki-rfa-optuna_20251203-235202/checkpoints exists and is not empty.
LOCAL_RANK: 0 - CUDA_VISIBLE_DEVICES: [1]
Metric val_auc_epoch improved. New best score: 0.541
Metric val_auc_epoch improved by 0.000 >= min_delta = 0.0. New best score: 0.541
Metric val_auc_epoch improved by 0.002 >= min_delta = 0.0. New best score: 0.543
Metric val_auc_epoch improved by 0.002 >= min_delta = 0.0. New best score: 0.545
Metric val_auc_epoch improved by 0.002 >= min_delta = 0.0. New best score: 0.547
Metric val_auc_epoch improved by 0.004 >= min_delta = 0.0. New best score: 0.551
❌ Trial 17 failed: Trial was pruned at epoch 6.
[I 2025-12-04 10:38:01,281] Trial 17 finished with value: 0.0 and parameters: {'dataset.max_walk_length': 70, 'dataset.num_walks': 292709, 'training.lr': 4.9816191592574195e-05, 'training.weight_decay': 0.0014767088790445314, 'training.batch_size': 64, 'training.gradient_clip_val': 0.35921570522579865, 'training.early_stopping_patience': 13, 'model.nhead': 2, 'model.embedding_dim': 64, 'model.hidden_dim': 32, 'model.nlayers': 2, 'model.dropout': 0.3844412625489918, 'training.epochs': 16}. Best is trial 11 with value: 0.6917497515678406.
Seed set to 60

🔬 Trial 18 hyperparameters:
  Walk length: 42, Num walks: 601,059
  LR: 3.56e-04, Batch size: 64
  Model: emb_dim=64, hidden_dim=256
  Transformer: 3 layers, 2 heads
  Epochs: 10, Weighted loss: True
Loading wiki-rfa dataset...
Success! ✅
Splitting edges for wiki-rfa dataset...
Ratios: train=0.480, mask=0.320, val=0.100, test=0.100
Success! ✅
Sampling random walks from wiki-rfa dataset...
Success! ✅
Building tokenizer for wiki-rfa dataset...
Success! ✅
Padding and building stage tensors for wiki-rfa dataset...
Success! ✅
Data creation profiling (seconds):
  get_edge_list: 84.76s
  split_edges: 0.09s
  get_walks: 45.86s
  get_tokenizer: 1.31s
  encode_walks: 24.19s
  pad_and_build_stage_tensors: 3.23s
Creating DataLoaders for wiki-rfa dataset...
Success! ✅
GPU available: True (cuda), used: True
TPU available: False, using: 0 TPU cores
HPU available: False, using: 0 HPUs
/home/eng/shilo_avital/yolo_lab/walk_to_paint/.venv/lib64/python3.9/site-packages/pytorch_lightning/callbacks/model_checkpoint.py:658: Checkpoint directory /home/eng/shilo_avital/yolo_lab/walk_to_paint/outputs/wiki-rfa/wiki-rfa-optuna_20251203-235202/checkpoints exists and is not empty.
LOCAL_RANK: 0 - CUDA_VISIBLE_DEVICES: [1]
Metric val_auc_epoch improved. New best score: 0.578
Metric val_auc_epoch improved by 0.052 >= min_delta = 0.0. New best score: 0.630
Metric val_auc_epoch improved by 0.026 >= min_delta = 0.0. New best score: 0.657
Metric val_auc_epoch improved by 0.004 >= min_delta = 0.0. New best score: 0.661
Metric val_auc_epoch improved by 0.007 >= min_delta = 0.0. New best score: 0.668
Metric val_auc_epoch improved by 0.008 >= min_delta = 0.0. New best score: 0.676
Metric val_auc_epoch improved by 0.005 >= min_delta = 0.0. New best score: 0.681
`Trainer.fit` stopped: `max_epochs=10` reached.
Restoring states from the checkpoint path at /home/eng/shilo_avital/yolo_lab/walk_to_paint/outputs/wiki-rfa/wiki-rfa-optuna_20251203-235202/checkpoints/trial_18-epoch=08-val_auc_epoch=0.6808.ckpt
LOCAL_RANK: 0 - CUDA_VISIBLE_DEVICES: [1]
Loaded model weights from the checkpoint at /home/eng/shilo_avital/yolo_lab/walk_to_paint/outputs/wiki-rfa/wiki-rfa-optuna_20251203-235202/checkpoints/trial_18-epoch=08-val_auc_epoch=0.6808.ckpt
────────────────────────────────────────────────────────────────────────────────────────────────────────────────────────
     Validate metric           DataLoader 0
────────────────────────────────────────────────────────────────────────────────────────────────────────────────────────
          step                     10.0
      val_acc_epoch          0.471383661031723
      val_auc_epoch         0.6808233261108398
      val_f1_epoch          0.43025898933410645
        val_loss            1.7381891012191772
────────────────────────────────────────────────────────────────────────────────────────────────────────────────────────
✅ Trial 18 completed - Val AUC: 0.6808
[I 2025-12-04 11:11:05,522] Trial 18 finished with value: 0.6808233261108398 and parameters: {'dataset.max_walk_length': 42, 'dataset.num_walks': 601059, 'training.lr': 0.00035567508874740484, 'training.weight_decay': 1.3221055732289937e-05, 'training.batch_size': 64, 'training.gradient_clip_val': 0.5177314932496995, 'training.early_stopping_patience': 17, 'model.nhead': 2, 'model.embedding_dim': 64, 'model.hidden_dim': 256, 'model.nlayers': 3, 'model.dropout': 0.4929482365940953, 'training.epochs': 10}. Best is trial 11 with value: 0.6917497515678406.
Seed set to 61

🔬 Trial 19 hyperparameters:
  Walk length: 21, Num walks: 210,084
  LR: 1.35e-04, Batch size: 256
  Model: emb_dim=128, hidden_dim=128
  Transformer: 6 layers, 1 heads
  Epochs: 21, Weighted loss: True
Loading wiki-rfa dataset...
Success! ✅
Splitting edges for wiki-rfa dataset...
Ratios: train=0.480, mask=0.320, val=0.100, test=0.100
Success! ✅
Sampling random walks from wiki-rfa dataset...
Success! ✅
Building tokenizer for wiki-rfa dataset...
Success! ✅
Padding and building stage tensors for wiki-rfa dataset...
Success! ✅
Data creation profiling (seconds):
  get_edge_list: 4.39s
  split_edges: 0.09s
  get_walks: 15.75s
  get_tokenizer: 0.51s
  encode_walks: 7.99s
  pad_and_build_stage_tensors: 1.02s
Creating DataLoaders for wiki-rfa dataset...
Success! ✅
/home/eng/shilo_avital/yolo_lab/walk_to_paint/.venv/lib64/python3.9/site-packages/torch/nn/modules/transformer.py:382: UserWarning: enable_nested_tensor is True, but self.use_nested_tensor is False because encoder_layer.self_attn.num_heads is odd
  warnings.warn(
GPU available: True (cuda), used: True
TPU available: False, using: 0 TPU cores
HPU available: False, using: 0 HPUs
/home/eng/shilo_avital/yolo_lab/walk_to_paint/.venv/lib64/python3.9/site-packages/pytorch_lightning/callbacks/model_checkpoint.py:658: Checkpoint directory /home/eng/shilo_avital/yolo_lab/walk_to_paint/outputs/wiki-rfa/wiki-rfa-optuna_20251203-235202/checkpoints exists and is not empty.
LOCAL_RANK: 0 - CUDA_VISIBLE_DEVICES: [1]
Metric val_auc_epoch improved. New best score: 0.529
Metric val_auc_epoch improved by 0.002 >= min_delta = 0.0. New best score: 0.531
Metric val_auc_epoch improved by 0.004 >= min_delta = 0.0. New best score: 0.535
Metric val_auc_epoch improved by 0.007 >= min_delta = 0.0. New best score: 0.543
Metric val_auc_epoch improved by 0.001 >= min_delta = 0.0. New best score: 0.543
❌ Trial 19 failed: Trial was pruned at epoch 5.
[I 2025-12-04 11:13:37,354] Trial 19 finished with value: 0.0 and parameters: {'dataset.max_walk_length': 21, 'dataset.num_walks': 210084, 'training.lr': 0.000134645997460387, 'training.weight_decay': 0.014370102665184254, 'training.batch_size': 256, 'training.gradient_clip_val': 0.2672138161564189, 'training.early_stopping_patience': 20, 'model.nhead': 1, 'model.embedding_dim': 128, 'model.hidden_dim': 128, 'model.nlayers': 6, 'model.dropout': 0.5840315038238342, 'training.epochs': 21}. Best is trial 11 with value: 0.6917497515678406.
Seed set to 62

🔬 Trial 20 hyperparameters:
  Walk length: 37, Num walks: 322,941
  LR: 1.07e-05, Batch size: 32
  Model: emb_dim=16, hidden_dim=64
  Transformer: 1 layers, 16 heads
  Epochs: 14, Weighted loss: True
Loading wiki-rfa dataset...
Success! ✅
Splitting edges for wiki-rfa dataset...
Ratios: train=0.480, mask=0.320, val=0.100, test=0.100
Success! ✅
Sampling random walks from wiki-rfa dataset...
Success! ✅
Building tokenizer for wiki-rfa dataset...
Success! ✅
Padding and building stage tensors for wiki-rfa dataset...
Success! ✅
Data creation profiling (seconds):
  get_edge_list: 84.85s
  split_edges: 0.09s
  get_walks: 24.01s
  get_tokenizer: 0.75s
  encode_walks: 12.86s
  pad_and_build_stage_tensors: 1.64s
Creating DataLoaders for wiki-rfa dataset...
Success! ✅
GPU available: True (cuda), used: True
TPU available: False, using: 0 TPU cores
HPU available: False, using: 0 HPUs
/home/eng/shilo_avital/yolo_lab/walk_to_paint/.venv/lib64/python3.9/site-packages/pytorch_lightning/callbacks/model_checkpoint.py:658: Checkpoint directory /home/eng/shilo_avital/yolo_lab/walk_to_paint/outputs/wiki-rfa/wiki-rfa-optuna_20251203-235202/checkpoints exists and is not empty.
LOCAL_RANK: 0 - CUDA_VISIBLE_DEVICES: [1]
Metric val_auc_epoch improved. New best score: 0.517
Metric val_auc_epoch improved by 0.003 >= min_delta = 0.0. New best score: 0.520
Metric val_auc_epoch improved by 0.003 >= min_delta = 0.0. New best score: 0.523
Metric val_auc_epoch improved by 0.002 >= min_delta = 0.0. New best score: 0.525
Metric val_auc_epoch improved by 0.002 >= min_delta = 0.0. New best score: 0.527
❌ Trial 20 failed: Trial was pruned at epoch 5.
[I 2025-12-04 11:32:10,240] Trial 20 finished with value: 0.0 and parameters: {'dataset.max_walk_length': 37, 'dataset.num_walks': 322941, 'training.lr': 1.0690721375645624e-05, 'training.weight_decay': 0.09756139476978207, 'training.batch_size': 32, 'training.gradient_clip_val': 0.8306314874324955, 'training.early_stopping_patience': 14, 'model.nhead': 16, 'model.embedding_dim': 16, 'model.hidden_dim': 64, 'model.nlayers': 1, 'model.dropout': 0.46190161290152265, 'training.epochs': 14}. Best is trial 11 with value: 0.6917497515678406.
🧹 Cleaning up old checkpoints and logs (keeping top 10)...
  Removed old checkpoint: trial_10-epoch=03-val_auc_epoch=0.5181.ckpt
  Removed old checkpoint: trial_9-epoch=18-val_auc_epoch=0.6874.ckpt
  Removed old checkpoint: trial_8-epoch=02-val_auc_epoch=0.5441.ckpt
  Removed old checkpoint: trial_7-epoch=05-val_auc_epoch=0.6062.ckpt
  Removed old checkpoint: trial_6-epoch=05-val_auc_epoch=0.6279.ckpt
  Removed old log dir: trial_10
  Removed old log dir: trial_9
  Removed old log dir: trial_8
  Removed old log dir: trial_7
  Removed old log dir: trial_6
Seed set to 63

🔬 Trial 21 hyperparameters:
  Walk length: 10, Num walks: 138,894
  LR: 4.47e-04, Batch size: 64
  Model: emb_dim=128, hidden_dim=16
  Transformer: 3 layers, 8 heads
  Epochs: 21, Weighted loss: True
Loading wiki-rfa dataset...
Success! ✅
Splitting edges for wiki-rfa dataset...
Ratios: train=0.480, mask=0.320, val=0.100, test=0.100
Success! ✅
Sampling random walks from wiki-rfa dataset...
Success! ✅
Building tokenizer for wiki-rfa dataset...
Success! ✅
Padding and building stage tensors for wiki-rfa dataset...
Success! ✅
Data creation profiling (seconds):
  get_edge_list: 84.79s
  split_edges: 0.09s
  get_walks: 9.91s
  get_tokenizer: 0.32s
  encode_walks: 4.50s
  pad_and_build_stage_tensors: 0.64s
Creating DataLoaders for wiki-rfa dataset...
Success! ✅
GPU available: True (cuda), used: True
TPU available: False, using: 0 TPU cores
HPU available: False, using: 0 HPUs
/home/eng/shilo_avital/yolo_lab/walk_to_paint/.venv/lib64/python3.9/site-packages/pytorch_lightning/callbacks/model_checkpoint.py:658: Checkpoint directory /home/eng/shilo_avital/yolo_lab/walk_to_paint/outputs/wiki-rfa/wiki-rfa-optuna_20251203-235202/checkpoints exists and is not empty.
LOCAL_RANK: 0 - CUDA_VISIBLE_DEVICES: [1]
Metric val_auc_epoch improved. New best score: 0.553
Metric val_auc_epoch improved by 0.018 >= min_delta = 0.0. New best score: 0.571
Metric val_auc_epoch improved by 0.034 >= min_delta = 0.0. New best score: 0.605
Metric val_auc_epoch improved by 0.015 >= min_delta = 0.0. New best score: 0.620
Metric val_auc_epoch improved by 0.010 >= min_delta = 0.0. New best score: 0.630
Metric val_auc_epoch improved by 0.014 >= min_delta = 0.0. New best score: 0.644
Metric val_auc_epoch improved by 0.011 >= min_delta = 0.0. New best score: 0.656
Metric val_auc_epoch improved by 0.002 >= min_delta = 0.0. New best score: 0.658
Metric val_auc_epoch improved by 0.010 >= min_delta = 0.0. New best score: 0.668
Metric val_auc_epoch improved by 0.002 >= min_delta = 0.0. New best score: 0.670
Metric val_auc_epoch improved by 0.000 >= min_delta = 0.0. New best score: 0.670
Metric val_auc_epoch improved by 0.005 >= min_delta = 0.0. New best score: 0.674
Metric val_auc_epoch improved by 0.003 >= min_delta = 0.0. New best score: 0.678
Metric val_auc_epoch improved by 0.002 >= min_delta = 0.0. New best score: 0.679
Metric val_auc_epoch improved by 0.001 >= min_delta = 0.0. New best score: 0.681
Metric val_auc_epoch improved by 0.001 >= min_delta = 0.0. New best score: 0.682
❌ Trial 21 failed: Trial was pruned at epoch 18.
[I 2025-12-04 11:46:21,967] Trial 21 finished with value: 0.0 and parameters: {'dataset.max_walk_length': 10, 'dataset.num_walks': 138894, 'training.lr': 0.0004467796808383774, 'training.weight_decay': 1.0149308307437083e-06, 'training.batch_size': 64, 'training.gradient_clip_val': 0.2699326286222727, 'training.early_stopping_patience': 5, 'model.nhead': 8, 'model.embedding_dim': 128, 'model.hidden_dim': 16, 'model.nlayers': 3, 'model.dropout': 0.32253124316114223, 'training.epochs': 21}. Best is trial 11 with value: 0.6917497515678406.
Seed set to 64

🔬 Trial 22 hyperparameters:
  Walk length: 21, Num walks: 187,673
  LR: 2.35e-04, Batch size: 64
  Model: emb_dim=128, hidden_dim=4
  Transformer: 3 layers, 8 heads
  Epochs: 15, Weighted loss: True
Loading wiki-rfa dataset...
Success! ✅
Splitting edges for wiki-rfa dataset...
Ratios: train=0.480, mask=0.320, val=0.100, test=0.100
Success! ✅
Sampling random walks from wiki-rfa dataset...
Success! ✅
Building tokenizer for wiki-rfa dataset...
Success! ✅
Padding and building stage tensors for wiki-rfa dataset...
Success! ✅
Data creation profiling (seconds):
  get_edge_list: 84.60s
  split_edges: 0.09s
  get_walks: 13.85s
  get_tokenizer: 0.47s
  encode_walks: 7.30s
  pad_and_build_stage_tensors: 0.91s
Creating DataLoaders for wiki-rfa dataset...
Success! ✅
GPU available: True (cuda), used: True
TPU available: False, using: 0 TPU cores
HPU available: False, using: 0 HPUs
/home/eng/shilo_avital/yolo_lab/walk_to_paint/.venv/lib64/python3.9/site-packages/pytorch_lightning/callbacks/model_checkpoint.py:658: Checkpoint directory /home/eng/shilo_avital/yolo_lab/walk_to_paint/outputs/wiki-rfa/wiki-rfa-optuna_20251203-235202/checkpoints exists and is not empty.
LOCAL_RANK: 0 - CUDA_VISIBLE_DEVICES: [1]
Metric val_auc_epoch improved. New best score: 0.537
Metric val_auc_epoch improved by 0.008 >= min_delta = 0.0. New best score: 0.545
Metric val_auc_epoch improved by 0.016 >= min_delta = 0.0. New best score: 0.561
Metric val_auc_epoch improved by 0.017 >= min_delta = 0.0. New best score: 0.578
Metric val_auc_epoch improved by 0.007 >= min_delta = 0.0. New best score: 0.585
Metric val_auc_epoch improved by 0.014 >= min_delta = 0.0. New best score: 0.599
❌ Trial 22 failed: Trial was pruned at epoch 6.
[I 2025-12-04 11:54:28,408] Trial 22 finished with value: 0.0 and parameters: {'dataset.max_walk_length': 21, 'dataset.num_walks': 187673, 'training.lr': 0.00023466842595506297, 'training.weight_decay': 1.6065194090217842e-06, 'training.batch_size': 64, 'training.gradient_clip_val': 0.25336393912120975, 'training.early_stopping_patience': 8, 'model.nhead': 8, 'model.embedding_dim': 128, 'model.hidden_dim': 4, 'model.nlayers': 3, 'model.dropout': 0.3819285373124113, 'training.epochs': 15}. Best is trial 11 with value: 0.6917497515678406.
Seed set to 65

🔬 Trial 23 hyperparameters:
  Walk length: 19, Num walks: 470,158
  LR: 5.20e-04, Batch size: 64
  Model: emb_dim=128, hidden_dim=16
  Transformer: 4 layers, 8 heads
  Epochs: 10, Weighted loss: True
Loading wiki-rfa dataset...
Success! ✅
Splitting edges for wiki-rfa dataset...
Ratios: train=0.480, mask=0.320, val=0.100, test=0.100
Success! ✅
Sampling random walks from wiki-rfa dataset...
Success! ✅
Building tokenizer for wiki-rfa dataset...
Success! ✅
Padding and building stage tensors for wiki-rfa dataset...
Success! ✅
Data creation profiling (seconds):
  get_edge_list: 84.60s
  split_edges: 0.09s
  get_walks: 34.69s
  get_tokenizer: 0.95s
  encode_walks: 17.67s
  pad_and_build_stage_tensors: 2.36s
Creating DataLoaders for wiki-rfa dataset...
Success! ✅
GPU available: True (cuda), used: True
TPU available: False, using: 0 TPU cores
HPU available: False, using: 0 HPUs
/home/eng/shilo_avital/yolo_lab/walk_to_paint/.venv/lib64/python3.9/site-packages/pytorch_lightning/callbacks/model_checkpoint.py:658: Checkpoint directory /home/eng/shilo_avital/yolo_lab/walk_to_paint/outputs/wiki-rfa/wiki-rfa-optuna_20251203-235202/checkpoints exists and is not empty.
LOCAL_RANK: 0 - CUDA_VISIBLE_DEVICES: [1]
Metric val_auc_epoch improved. New best score: 0.628
Metric val_auc_epoch improved by 0.041 >= min_delta = 0.0. New best score: 0.669
Metric val_auc_epoch improved by 0.027 >= min_delta = 0.0. New best score: 0.696
Metric val_auc_epoch improved by 0.024 >= min_delta = 0.0. New best score: 0.720
Metric val_auc_epoch improved by 0.013 >= min_delta = 0.0. New best score: 0.733
Metric val_auc_epoch improved by 0.011 >= min_delta = 0.0. New best score: 0.745
Metric val_auc_epoch improved by 0.004 >= min_delta = 0.0. New best score: 0.748
Metric val_auc_epoch improved by 0.006 >= min_delta = 0.0. New best score: 0.754
`Trainer.fit` stopped: `max_epochs=10` reached.
Restoring states from the checkpoint path at /home/eng/shilo_avital/yolo_lab/walk_to_paint/outputs/wiki-rfa/wiki-rfa-optuna_20251203-235202/checkpoints/trial_23-epoch=07-val_auc_epoch=0.7543.ckpt
LOCAL_RANK: 0 - CUDA_VISIBLE_DEVICES: [1]
Loaded model weights from the checkpoint at /home/eng/shilo_avital/yolo_lab/walk_to_paint/outputs/wiki-rfa/wiki-rfa-optuna_20251203-235202/checkpoints/trial_23-epoch=07-val_auc_epoch=0.7543.ckpt
────────────────────────────────────────────────────────────────────────────────────────────────────────────────────────
     Validate metric           DataLoader 0
────────────────────────────────────────────────────────────────────────────────────────────────────────────────────────
          step                     10.0
      val_acc_epoch         0.5140135884284973
      val_auc_epoch         0.7543424963951111
      val_f1_epoch          0.5034871101379395
        val_loss            2.4048938751220703
────────────────────────────────────────────────────────────────────────────────────────────────────────────────────────
✅ Trial 23 completed - Val AUC: 0.7543
[I 2025-12-04 12:21:41,697] Trial 23 finished with value: 0.7543424963951111 and parameters: {'dataset.max_walk_length': 19, 'dataset.num_walks': 470158, 'training.lr': 0.0005199110667283205, 'training.weight_decay': 1.0492031847113577e-05, 'training.batch_size': 64, 'training.gradient_clip_val': 0.45421121057071845, 'training.early_stopping_patience': 11, 'model.nhead': 8, 'model.embedding_dim': 128, 'model.hidden_dim': 16, 'model.nlayers': 4, 'model.dropout': 0.23926472487051753, 'training.epochs': 10}. Best is trial 23 with value: 0.7543424963951111.
Seed set to 66

🔬 Trial 24 hyperparameters:
  Walk length: 49, Num walks: 501,844
  LR: 6.64e-04, Batch size: 64
  Model: emb_dim=128, hidden_dim=4
  Transformer: 4 layers, 2 heads
  Epochs: 10, Weighted loss: True
Loading wiki-rfa dataset...
Success! ✅
Splitting edges for wiki-rfa dataset...
Ratios: train=0.480, mask=0.320, val=0.100, test=0.100
Success! ✅
Sampling random walks from wiki-rfa dataset...
Success! ✅
Building tokenizer for wiki-rfa dataset...
Success! ✅
Padding and building stage tensors for wiki-rfa dataset...
Success! ✅
Data creation profiling (seconds):
  get_edge_list: 4.74s
  split_edges: 0.09s
  get_walks: 37.24s
  get_tokenizer: 1.27s
  encode_walks: 20.50s
  pad_and_build_stage_tensors: 2.70s
Creating DataLoaders for wiki-rfa dataset...
Success! ✅
GPU available: True (cuda), used: True
TPU available: False, using: 0 TPU cores
HPU available: False, using: 0 HPUs
/home/eng/shilo_avital/yolo_lab/walk_to_paint/.venv/lib64/python3.9/site-packages/pytorch_lightning/callbacks/model_checkpoint.py:658: Checkpoint directory /home/eng/shilo_avital/yolo_lab/walk_to_paint/outputs/wiki-rfa/wiki-rfa-optuna_20251203-235202/checkpoints exists and is not empty.
LOCAL_RANK: 0 - CUDA_VISIBLE_DEVICES: [1]
Metric val_auc_epoch improved. New best score: 0.644
Metric val_auc_epoch improved by 0.031 >= min_delta = 0.0. New best score: 0.675
Metric val_auc_epoch improved by 0.032 >= min_delta = 0.0. New best score: 0.706
Metric val_auc_epoch improved by 0.010 >= min_delta = 0.0. New best score: 0.716
Metric val_auc_epoch improved by 0.005 >= min_delta = 0.0. New best score: 0.722
Metric val_auc_epoch improved by 0.008 >= min_delta = 0.0. New best score: 0.730
`Trainer.fit` stopped: `max_epochs=10` reached.
Restoring states from the checkpoint path at /home/eng/shilo_avital/yolo_lab/walk_to_paint/outputs/wiki-rfa/wiki-rfa-optuna_20251203-235202/checkpoints/trial_24-epoch=06-val_auc_epoch=0.7296.ckpt
LOCAL_RANK: 0 - CUDA_VISIBLE_DEVICES: [1]
Loaded model weights from the checkpoint at /home/eng/shilo_avital/yolo_lab/walk_to_paint/outputs/wiki-rfa/wiki-rfa-optuna_20251203-235202/checkpoints/trial_24-epoch=06-val_auc_epoch=0.7296.ckpt
────────────────────────────────────────────────────────────────────────────────────────────────────────────────────────
     Validate metric           DataLoader 0
────────────────────────────────────────────────────────────────────────────────────────────────────────────────────────
          step                     10.0
      val_acc_epoch         0.4963066577911377
      val_auc_epoch         0.7296416759490967
      val_f1_epoch          0.4829760193824768
        val_loss            2.9879629611968994
────────────────────────────────────────────────────────────────────────────────────────────────────────────────────────
✅ Trial 24 completed - Val AUC: 0.7296
[I 2025-12-04 12:49:47,416] Trial 24 finished with value: 0.7296416759490967 and parameters: {'dataset.max_walk_length': 49, 'dataset.num_walks': 501844, 'training.lr': 0.0006642099361557116, 'training.weight_decay': 2.8061368296471406e-05, 'training.batch_size': 64, 'training.gradient_clip_val': 0.5178306975210801, 'training.early_stopping_patience': 11, 'model.nhead': 2, 'model.embedding_dim': 128, 'model.hidden_dim': 4, 'model.nlayers': 4, 'model.dropout': 0.13497699691631976, 'training.epochs': 10}. Best is trial 23 with value: 0.7543424963951111.
Seed set to 67

🔬 Trial 25 hyperparameters:
  Walk length: 69, Num walks: 525,512
  LR: 6.81e-04, Batch size: 512
  Model: emb_dim=128, hidden_dim=64
  Transformer: 4 layers, 8 heads
  Epochs: 9, Weighted loss: True
Loading wiki-rfa dataset...
Success! ✅
Splitting edges for wiki-rfa dataset...
Ratios: train=0.480, mask=0.320, val=0.100, test=0.100
Success! ✅
Sampling random walks from wiki-rfa dataset...
Success! ✅
Building tokenizer for wiki-rfa dataset...
Success! ✅
Padding and building stage tensors for wiki-rfa dataset...
Success! ✅
Data creation profiling (seconds):
  get_edge_list: 4.62s
  split_edges: 0.09s
  get_walks: 39.69s
  get_tokenizer: 1.24s
  encode_walks: 21.01s
  pad_and_build_stage_tensors: 2.74s
Creating DataLoaders for wiki-rfa dataset...
Success! ✅
GPU available: True (cuda), used: True
TPU available: False, using: 0 TPU cores
HPU available: False, using: 0 HPUs
/home/eng/shilo_avital/yolo_lab/walk_to_paint/.venv/lib64/python3.9/site-packages/pytorch_lightning/callbacks/model_checkpoint.py:658: Checkpoint directory /home/eng/shilo_avital/yolo_lab/walk_to_paint/outputs/wiki-rfa/wiki-rfa-optuna_20251203-235202/checkpoints exists and is not empty.
LOCAL_RANK: 0 - CUDA_VISIBLE_DEVICES: [1]
Metric val_auc_epoch improved. New best score: 0.623
Metric val_auc_epoch improved by 0.044 >= min_delta = 0.0. New best score: 0.667
Metric val_auc_epoch improved by 0.025 >= min_delta = 0.0. New best score: 0.692
Metric val_auc_epoch improved by 0.004 >= min_delta = 0.0. New best score: 0.695
Metric val_auc_epoch improved by 0.019 >= min_delta = 0.0. New best score: 0.714
Metric val_auc_epoch improved by 0.001 >= min_delta = 0.0. New best score: 0.715
Metric val_auc_epoch improved by 0.004 >= min_delta = 0.0. New best score: 0.719
Metric val_auc_epoch improved by 0.000 >= min_delta = 0.0. New best score: 0.719
`Trainer.fit` stopped: `max_epochs=9` reached.
Restoring states from the checkpoint path at /home/eng/shilo_avital/yolo_lab/walk_to_paint/outputs/wiki-rfa/wiki-rfa-optuna_20251203-235202/checkpoints/trial_25-epoch=08-val_auc_epoch=0.7187.ckpt
LOCAL_RANK: 0 - CUDA_VISIBLE_DEVICES: [1]
Loaded model weights from the checkpoint at /home/eng/shilo_avital/yolo_lab/walk_to_paint/outputs/wiki-rfa/wiki-rfa-optuna_20251203-235202/checkpoints/trial_25-epoch=08-val_auc_epoch=0.7187.ckpt
────────────────────────────────────────────────────────────────────────────────────────────────────────────────────────
     Validate metric           DataLoader 0
────────────────────────────────────────────────────────────────────────────────────────────────────────────────────────
          step                      9.0
      val_acc_epoch          0.489011287689209
      val_auc_epoch         0.7186962366104126
      val_f1_epoch          0.4657753109931946
        val_loss            2.2856664657592773
────────────────────────────────────────────────────────────────────────────────────────────────────────────────────────
✅ Trial 25 completed - Val AUC: 0.7187
[I 2025-12-04 13:06:04,897] Trial 25 finished with value: 0.7186962366104126 and parameters: {'dataset.max_walk_length': 69, 'dataset.num_walks': 525512, 'training.lr': 0.0006813120810908044, 'training.weight_decay': 2.0285674338018062e-05, 'training.batch_size': 512, 'training.gradient_clip_val': 0.4828182273680999, 'training.early_stopping_patience': 11, 'model.nhead': 8, 'model.embedding_dim': 128, 'model.hidden_dim': 64, 'model.nlayers': 4, 'model.dropout': 0.16746780834865532, 'training.epochs': 9}. Best is trial 23 with value: 0.7543424963951111.
🧹 Cleaning up old checkpoints and logs (keeping top 10)...
  Removed old checkpoint: trial_15-epoch=04-val_auc_epoch=0.5428.ckpt
  Removed old checkpoint: trial_14-epoch=04-val_auc_epoch=0.5366.ckpt
  Removed old checkpoint: trial_13-epoch=04-val_auc_epoch=0.5102.ckpt
  Removed old checkpoint: trial_12-epoch=10-val_auc_epoch=0.6687.ckpt
  Removed old checkpoint: trial_11-epoch=14-val_auc_epoch=0.6917.ckpt
  Removed old log dir: trial_15
  Removed old log dir: trial_14
  Removed old log dir: trial_13
  Removed old log dir: trial_12
  Removed old log dir: trial_11
Seed set to 68

🔬 Trial 26 hyperparameters:
  Walk length: 69, Num walks: 897,623
  LR: 2.00e-03, Batch size: 512
  Model: emb_dim=128, hidden_dim=16
  Transformer: 4 layers, 8 heads
  Epochs: 9, Weighted loss: True
Loading wiki-rfa dataset...
Success! ✅
Splitting edges for wiki-rfa dataset...
Ratios: train=0.480, mask=0.320, val=0.100, test=0.100
Success! ✅
Sampling random walks from wiki-rfa dataset...
Success! ✅
Building tokenizer for wiki-rfa dataset...
Success! ✅
Padding and building stage tensors for wiki-rfa dataset...
Success! ✅
Data creation profiling (seconds):
  get_edge_list: 4.73s
  split_edges: 0.09s
  get_walks: 65.85s
  get_tokenizer: 1.88s
  encode_walks: 36.57s
  pad_and_build_stage_tensors: 4.66s
Creating DataLoaders for wiki-rfa dataset...
Success! ✅
GPU available: True (cuda), used: True
TPU available: False, using: 0 TPU cores
HPU available: False, using: 0 HPUs
/home/eng/shilo_avital/yolo_lab/walk_to_paint/.venv/lib64/python3.9/site-packages/pytorch_lightning/callbacks/model_checkpoint.py:658: Checkpoint directory /home/eng/shilo_avital/yolo_lab/walk_to_paint/outputs/wiki-rfa/wiki-rfa-optuna_20251203-235202/checkpoints exists and is not empty.
LOCAL_RANK: 0 - CUDA_VISIBLE_DEVICES: [1]
Metric val_auc_epoch improved. New best score: 0.665
Metric val_auc_epoch improved by 0.034 >= min_delta = 0.0. New best score: 0.700
Metric val_auc_epoch improved by 0.002 >= min_delta = 0.0. New best score: 0.701
Metric val_auc_epoch improved by 0.008 >= min_delta = 0.0. New best score: 0.709
`Trainer.fit` stopped: `max_epochs=9` reached.
Restoring states from the checkpoint path at /home/eng/shilo_avital/yolo_lab/walk_to_paint/outputs/wiki-rfa/wiki-rfa-optuna_20251203-235202/checkpoints/trial_26-epoch=05-val_auc_epoch=0.7091.ckpt
LOCAL_RANK: 0 - CUDA_VISIBLE_DEVICES: [1]
Loaded model weights from the checkpoint at /home/eng/shilo_avital/yolo_lab/walk_to_paint/outputs/wiki-rfa/wiki-rfa-optuna_20251203-235202/checkpoints/trial_26-epoch=05-val_auc_epoch=0.7091.ckpt
────────────────────────────────────────────────────────────────────────────────────────────────────────────────────────
     Validate metric           DataLoader 0
────────────────────────────────────────────────────────────────────────────────────────────────────────────────────────
          step                      9.0
      val_acc_epoch         0.4968581795692444
      val_auc_epoch         0.7090739607810974
      val_f1_epoch          0.4945469796657562
        val_loss            3.7406578063964844
────────────────────────────────────────────────────────────────────────────────────────────────────────────────────────
✅ Trial 26 completed - Val AUC: 0.7091
[I 2025-12-04 13:33:29,385] Trial 26 finished with value: 0.7090739607810974 and parameters: {'dataset.max_walk_length': 69, 'dataset.num_walks': 897623, 'training.lr': 0.002003739796039854, 'training.weight_decay': 2.5291263674146243e-05, 'training.batch_size': 512, 'training.gradient_clip_val': 0.6458798366365575, 'training.early_stopping_patience': 10, 'model.nhead': 8, 'model.embedding_dim': 128, 'model.hidden_dim': 16, 'model.nlayers': 4, 'model.dropout': 0.11682505838233309, 'training.epochs': 9}. Best is trial 23 with value: 0.7543424963951111.
Seed set to 69

🔬 Trial 27 hyperparameters:
  Walk length: 70, Num walks: 519,038
  LR: 6.70e-04, Batch size: 512
  Model: emb_dim=128, hidden_dim=32
  Transformer: 4 layers, 8 heads
  Epochs: 10, Weighted loss: True
Loading wiki-rfa dataset...
Success! ✅
Splitting edges for wiki-rfa dataset...
Ratios: train=0.480, mask=0.320, val=0.100, test=0.100
Success! ✅
Sampling random walks from wiki-rfa dataset...
Success! ✅
Building tokenizer for wiki-rfa dataset...
Success! ✅
Padding and building stage tensors for wiki-rfa dataset...
Success! ✅
Data creation profiling (seconds):
  get_edge_list: 4.66s
  split_edges: 0.09s
  get_walks: 39.29s
  get_tokenizer: 1.29s
  encode_walks: 20.75s
  pad_and_build_stage_tensors: 2.76s
Creating DataLoaders for wiki-rfa dataset...
Success! ✅
GPU available: True (cuda), used: True
TPU available: False, using: 0 TPU cores
HPU available: False, using: 0 HPUs
/home/eng/shilo_avital/yolo_lab/walk_to_paint/.venv/lib64/python3.9/site-packages/pytorch_lightning/callbacks/model_checkpoint.py:658: Checkpoint directory /home/eng/shilo_avital/yolo_lab/walk_to_paint/outputs/wiki-rfa/wiki-rfa-optuna_20251203-235202/checkpoints exists and is not empty.
LOCAL_RANK: 0 - CUDA_VISIBLE_DEVICES: [1]
Metric val_auc_epoch improved. New best score: 0.619
Metric val_auc_epoch improved by 0.030 >= min_delta = 0.0. New best score: 0.649
Metric val_auc_epoch improved by 0.022 >= min_delta = 0.0. New best score: 0.671
Metric val_auc_epoch improved by 0.006 >= min_delta = 0.0. New best score: 0.677
Metric val_auc_epoch improved by 0.008 >= min_delta = 0.0. New best score: 0.685
Metric val_auc_epoch improved by 0.006 >= min_delta = 0.0. New best score: 0.691
Metric val_auc_epoch improved by 0.002 >= min_delta = 0.0. New best score: 0.693
Metric val_auc_epoch improved by 0.007 >= min_delta = 0.0. New best score: 0.699
Metric val_auc_epoch improved by 0.001 >= min_delta = 0.0. New best score: 0.701
Metric val_auc_epoch improved by 0.001 >= min_delta = 0.0. New best score: 0.702
`Trainer.fit` stopped: `max_epochs=10` reached.
Restoring states from the checkpoint path at /home/eng/shilo_avital/yolo_lab/walk_to_paint/outputs/wiki-rfa/wiki-rfa-optuna_20251203-235202/checkpoints/trial_27-epoch=09-val_auc_epoch=0.7016.ckpt
LOCAL_RANK: 0 - CUDA_VISIBLE_DEVICES: [1]
Loaded model weights from the checkpoint at /home/eng/shilo_avital/yolo_lab/walk_to_paint/outputs/wiki-rfa/wiki-rfa-optuna_20251203-235202/checkpoints/trial_27-epoch=09-val_auc_epoch=0.7016.ckpt
────────────────────────────────────────────────────────────────────────────────────────────────────────────────────────
     Validate metric           DataLoader 0
────────────────────────────────────────────────────────────────────────────────────────────────────────────────────────
          step                     10.0
      val_acc_epoch         0.47441041469573975
      val_auc_epoch         0.7016436457633972
      val_f1_epoch          0.4595711827278137
        val_loss            2.4364593029022217
────────────────────────────────────────────────────────────────────────────────────────────────────────────────────────
✅ Trial 27 completed - Val AUC: 0.7016
[I 2025-12-04 13:51:18,142] Trial 27 finished with value: 0.7016436457633972 and parameters: {'dataset.max_walk_length': 70, 'dataset.num_walks': 519038, 'training.lr': 0.0006702968863938383, 'training.weight_decay': 1.10118489119089e-05, 'training.batch_size': 512, 'training.gradient_clip_val': 0.5220413583147308, 'training.early_stopping_patience': 11, 'model.nhead': 8, 'model.embedding_dim': 128, 'model.hidden_dim': 32, 'model.nlayers': 4, 'model.dropout': 0.16148485618608416, 'training.epochs': 10}. Best is trial 23 with value: 0.7543424963951111.
Seed set to 70

🔬 Trial 28 hyperparameters:
  Walk length: 64, Num walks: 519,623
  LR: 6.34e-04, Batch size: 512
  Model: emb_dim=128, hidden_dim=256
  Transformer: 4 layers, 8 heads
  Epochs: 6, Weighted loss: True
Loading wiki-rfa dataset...
Success! ✅
Splitting edges for wiki-rfa dataset...
Ratios: train=0.480, mask=0.320, val=0.100, test=0.100
Success! ✅
Sampling random walks from wiki-rfa dataset...
Success! ✅
Building tokenizer for wiki-rfa dataset...
Success! ✅
Padding and building stage tensors for wiki-rfa dataset...
Success! ✅
Data creation profiling (seconds):
  get_edge_list: 4.69s
  split_edges: 0.09s
  get_walks: 38.45s
  get_tokenizer: 1.14s
  encode_walks: 21.59s
  pad_and_build_stage_tensors: 2.73s
Creating DataLoaders for wiki-rfa dataset...
Success! ✅
GPU available: True (cuda), used: True
TPU available: False, using: 0 TPU cores
HPU available: False, using: 0 HPUs
/home/eng/shilo_avital/yolo_lab/walk_to_paint/.venv/lib64/python3.9/site-packages/pytorch_lightning/callbacks/model_checkpoint.py:658: Checkpoint directory /home/eng/shilo_avital/yolo_lab/walk_to_paint/outputs/wiki-rfa/wiki-rfa-optuna_20251203-235202/checkpoints exists and is not empty.
LOCAL_RANK: 0 - CUDA_VISIBLE_DEVICES: [1]
Metric val_auc_epoch improved. New best score: 0.674
Metric val_auc_epoch improved by 0.016 >= min_delta = 0.0. New best score: 0.690
Metric val_auc_epoch improved by 0.016 >= min_delta = 0.0. New best score: 0.706
Metric val_auc_epoch improved by 0.008 >= min_delta = 0.0. New best score: 0.714
Metric val_auc_epoch improved by 0.002 >= min_delta = 0.0. New best score: 0.716
`Trainer.fit` stopped: `max_epochs=6` reached.
Restoring states from the checkpoint path at /home/eng/shilo_avital/yolo_lab/walk_to_paint/outputs/wiki-rfa/wiki-rfa-optuna_20251203-235202/checkpoints/trial_28-epoch=05-val_auc_epoch=0.7156.ckpt
LOCAL_RANK: 0 - CUDA_VISIBLE_DEVICES: [1]
Loaded model weights from the checkpoint at /home/eng/shilo_avital/yolo_lab/walk_to_paint/outputs/wiki-rfa/wiki-rfa-optuna_20251203-235202/checkpoints/trial_28-epoch=05-val_auc_epoch=0.7156.ckpt
────────────────────────────────────────────────────────────────────────────────────────────────────────────────────────
     Validate metric           DataLoader 0
────────────────────────────────────────────────────────────────────────────────────────────────────────────────────────
          step                      6.0
      val_acc_epoch         0.47389504313468933
      val_auc_epoch         0.7156187891960144
      val_f1_epoch          0.4644309878349304
        val_loss             2.726548194885254
────────────────────────────────────────────────────────────────────────────────────────────────────────────────────────
✅ Trial 28 completed - Val AUC: 0.7156
[I 2025-12-04 14:02:40,180] Trial 28 finished with value: 0.7156187891960144 and parameters: {'dataset.max_walk_length': 64, 'dataset.num_walks': 519623, 'training.lr': 0.000633895350843023, 'training.weight_decay': 4.380581107727904e-05, 'training.batch_size': 512, 'training.gradient_clip_val': 0.7717123176497234, 'training.early_stopping_patience': 9, 'model.nhead': 8, 'model.embedding_dim': 128, 'model.hidden_dim': 256, 'model.nlayers': 4, 'model.dropout': 0.028897107495740176, 'training.epochs': 6}. Best is trial 23 with value: 0.7543424963951111.
Seed set to 71

🔬 Trial 29 hyperparameters:
  Walk length: 79, Num walks: 910,271
  LR: 2.33e-03, Batch size: 512
  Model: emb_dim=32, hidden_dim=8
  Transformer: 5 layers, 8 heads
  Epochs: 6, Weighted loss: True
Loading wiki-rfa dataset...
Success! ✅
Splitting edges for wiki-rfa dataset...
Ratios: train=0.480, mask=0.320, val=0.100, test=0.100
Success! ✅
Sampling random walks from wiki-rfa dataset...
Success! ✅
Building tokenizer for wiki-rfa dataset...
Success! ✅
Padding and building stage tensors for wiki-rfa dataset...
Success! ✅
Data creation profiling (seconds):
  get_edge_list: 4.34s
  split_edges: 0.09s
  get_walks: 67.98s
  get_tokenizer: 1.93s
  encode_walks: 37.45s
  pad_and_build_stage_tensors: 4.71s
Creating DataLoaders for wiki-rfa dataset...
Success! ✅
GPU available: True (cuda), used: True
TPU available: False, using: 0 TPU cores
HPU available: False, using: 0 HPUs
/home/eng/shilo_avital/yolo_lab/walk_to_paint/.venv/lib64/python3.9/site-packages/pytorch_lightning/callbacks/model_checkpoint.py:658: Checkpoint directory /home/eng/shilo_avital/yolo_lab/walk_to_paint/outputs/wiki-rfa/wiki-rfa-optuna_20251203-235202/checkpoints exists and is not empty.
LOCAL_RANK: 0 - CUDA_VISIBLE_DEVICES: [1]
Metric val_auc_epoch improved. New best score: 0.629
Metric val_auc_epoch improved by 0.045 >= min_delta = 0.0. New best score: 0.675
Metric val_auc_epoch improved by 0.020 >= min_delta = 0.0. New best score: 0.695
Metric val_auc_epoch improved by 0.006 >= min_delta = 0.0. New best score: 0.701
Metric val_auc_epoch improved by 0.005 >= min_delta = 0.0. New best score: 0.706
Metric val_auc_epoch improved by 0.001 >= min_delta = 0.0. New best score: 0.707
`Trainer.fit` stopped: `max_epochs=6` reached.
Restoring states from the checkpoint path at /home/eng/shilo_avital/yolo_lab/walk_to_paint/outputs/wiki-rfa/wiki-rfa-optuna_20251203-235202/checkpoints/trial_29-epoch=05-val_auc_epoch=0.7074.ckpt
LOCAL_RANK: 0 - CUDA_VISIBLE_DEVICES: [1]
Loaded model weights from the checkpoint at /home/eng/shilo_avital/yolo_lab/walk_to_paint/outputs/wiki-rfa/wiki-rfa-optuna_20251203-235202/checkpoints/trial_29-epoch=05-val_auc_epoch=0.7074.ckpt
────────────────────────────────────────────────────────────────────────────────────────────────────────────────────────
     Validate metric           DataLoader 0
────────────────────────────────────────────────────────────────────────────────────────────────────────────────────────
          step                      6.0
      val_acc_epoch         0.5019443035125732
      val_auc_epoch         0.7074169516563416
      val_f1_epoch          0.4687894284725189
        val_loss             2.020073652267456
────────────────────────────────────────────────────────────────────────────────────────────────────────────────────────
✅ Trial 29 completed - Val AUC: 0.7074
[I 2025-12-04 14:20:18,486] Trial 29 finished with value: 0.7074169516563416 and parameters: {'dataset.max_walk_length': 79, 'dataset.num_walks': 910271, 'training.lr': 0.002329050091251611, 'training.weight_decay': 0.0005101049379547069, 'training.batch_size': 512, 'training.gradient_clip_val': 0.6289924970671124, 'training.early_stopping_patience': 11, 'model.nhead': 8, 'model.embedding_dim': 32, 'model.hidden_dim': 8, 'model.nlayers': 5, 'model.dropout': 0.170050363945291, 'training.epochs': 6}. Best is trial 23 with value: 0.7543424963951111.
Seed set to 72

🔬 Trial 30 hyperparameters:
  Walk length: 82, Num walks: 245,609
  LR: 1.30e-03, Batch size: 512
  Model: emb_dim=8, hidden_dim=16
  Transformer: 4 layers, 8 heads
  Epochs: 9, Weighted loss: True
Loading wiki-rfa dataset...
Success! ✅
Splitting edges for wiki-rfa dataset...
Ratios: train=0.480, mask=0.320, val=0.100, test=0.100
Success! ✅
Sampling random walks from wiki-rfa dataset...
Success! ✅
Building tokenizer for wiki-rfa dataset...
Success! ✅
Padding and building stage tensors for wiki-rfa dataset...
Success! ✅
Data creation profiling (seconds):
  get_edge_list: 4.03s
  split_edges: 0.09s
  get_walks: 18.13s
  get_tokenizer: 0.61s
  encode_walks: 10.10s
  pad_and_build_stage_tensors: 1.47s
Creating DataLoaders for wiki-rfa dataset...
Success! ✅
GPU available: True (cuda), used: True
TPU available: False, using: 0 TPU cores
HPU available: False, using: 0 HPUs
/home/eng/shilo_avital/yolo_lab/walk_to_paint/.venv/lib64/python3.9/site-packages/pytorch_lightning/callbacks/model_checkpoint.py:658: Checkpoint directory /home/eng/shilo_avital/yolo_lab/walk_to_paint/outputs/wiki-rfa/wiki-rfa-optuna_20251203-235202/checkpoints exists and is not empty.
LOCAL_RANK: 0 - CUDA_VISIBLE_DEVICES: [1]
Metric val_auc_epoch improved. New best score: 0.523
Metric val_auc_epoch improved by 0.013 >= min_delta = 0.0. New best score: 0.536
Metric val_auc_epoch improved by 0.003 >= min_delta = 0.0. New best score: 0.540
Metric val_auc_epoch improved by 0.003 >= min_delta = 0.0. New best score: 0.543
Metric val_auc_epoch improved by 0.002 >= min_delta = 0.0. New best score: 0.544
❌ Trial 30 failed: Trial was pruned at epoch 5.
[I 2025-12-04 14:27:08,460] Trial 30 finished with value: 0.0 and parameters: {'dataset.max_walk_length': 82, 'dataset.num_walks': 245609, 'training.lr': 0.0012992793638464577, 'training.weight_decay': 5.508769213851596e-07, 'training.batch_size': 512, 'training.gradient_clip_val': 0.5194805057344126, 'training.early_stopping_patience': 14, 'model.nhead': 8, 'model.embedding_dim': 8, 'model.hidden_dim': 16, 'model.nlayers': 4, 'model.dropout': 0.11205295101034171, 'training.epochs': 9}. Best is trial 23 with value: 0.7543424963951111.
🧹 Cleaning up old checkpoints and logs (keeping top 10)...
  Removed old checkpoint: trial_20-epoch=04-val_auc_epoch=0.5266.ckpt
  Removed old checkpoint: trial_19-epoch=04-val_auc_epoch=0.5435.ckpt
  Removed old checkpoint: trial_18-epoch=08-val_auc_epoch=0.6808.ckpt
  Removed old checkpoint: trial_17-epoch=05-val_auc_epoch=0.5505.ckpt
  Removed old checkpoint: trial_16-epoch=05-val_auc_epoch=0.5719.ckpt
  Removed old log dir: trial_20
  Removed old log dir: trial_19
  Removed old log dir: trial_18
  Removed old log dir: trial_17
  Removed old log dir: trial_16
Seed set to 73

🔬 Trial 31 hyperparameters:
  Walk length: 49, Num walks: 488,161
  LR: 5.86e-04, Batch size: 512
  Model: emb_dim=128, hidden_dim=256
  Transformer: 4 layers, 8 heads
  Epochs: 6, Weighted loss: True
Loading wiki-rfa dataset...
Success! ✅
Splitting edges for wiki-rfa dataset...
Ratios: train=0.480, mask=0.320, val=0.100, test=0.100
Success! ✅
Sampling random walks from wiki-rfa dataset...
Success! ✅
Building tokenizer for wiki-rfa dataset...
Success! ✅
Padding and building stage tensors for wiki-rfa dataset...
Success! ✅
Data creation profiling (seconds):
  get_edge_list: 84.67s
  split_edges: 0.09s
  get_walks: 35.67s
  get_tokenizer: 1.13s
  encode_walks: 20.38s
  pad_and_build_stage_tensors: 2.54s
Creating DataLoaders for wiki-rfa dataset...
Success! ✅
GPU available: True (cuda), used: True
TPU available: False, using: 0 TPU cores
HPU available: False, using: 0 HPUs
/home/eng/shilo_avital/yolo_lab/walk_to_paint/.venv/lib64/python3.9/site-packages/pytorch_lightning/callbacks/model_checkpoint.py:658: Checkpoint directory /home/eng/shilo_avital/yolo_lab/walk_to_paint/outputs/wiki-rfa/wiki-rfa-optuna_20251203-235202/checkpoints exists and is not empty.
LOCAL_RANK: 0 - CUDA_VISIBLE_DEVICES: [1]
Metric val_auc_epoch improved. New best score: 0.656
Metric val_auc_epoch improved by 0.026 >= min_delta = 0.0. New best score: 0.681
Metric val_auc_epoch improved by 0.015 >= min_delta = 0.0. New best score: 0.696
Metric val_auc_epoch improved by 0.007 >= min_delta = 0.0. New best score: 0.703
Metric val_auc_epoch improved by 0.007 >= min_delta = 0.0. New best score: 0.710
Metric val_auc_epoch improved by 0.000 >= min_delta = 0.0. New best score: 0.710
`Trainer.fit` stopped: `max_epochs=6` reached.
Restoring states from the checkpoint path at /home/eng/shilo_avital/yolo_lab/walk_to_paint/outputs/wiki-rfa/wiki-rfa-optuna_20251203-235202/checkpoints/trial_31-epoch=05-val_auc_epoch=0.7101.ckpt
LOCAL_RANK: 0 - CUDA_VISIBLE_DEVICES: [1]
Loaded model weights from the checkpoint at /home/eng/shilo_avital/yolo_lab/walk_to_paint/outputs/wiki-rfa/wiki-rfa-optuna_20251203-235202/checkpoints/trial_31-epoch=05-val_auc_epoch=0.7101.ckpt
────────────────────────────────────────────────────────────────────────────────────────────────────────────────────────
     Validate metric           DataLoader 0
────────────────────────────────────────────────────────────────────────────────────────────────────────────────────────
          step                      6.0
      val_acc_epoch         0.47510597109794617
      val_auc_epoch         0.7100879549980164
      val_f1_epoch          0.4586833715438843
        val_loss            2.7093136310577393
────────────────────────────────────────────────────────────────────────────────────────────────────────────────────────
✅ Trial 31 completed - Val AUC: 0.7101
[I 2025-12-04 14:35:58,456] Trial 31 finished with value: 0.7100879549980164 and parameters: {'dataset.max_walk_length': 49, 'dataset.num_walks': 488161, 'training.lr': 0.0005862312521306549, 'training.weight_decay': 5.113693960995487e-05, 'training.batch_size': 512, 'training.gradient_clip_val': 0.8226671735110989, 'training.early_stopping_patience': 9, 'model.nhead': 8, 'model.embedding_dim': 128, 'model.hidden_dim': 256, 'model.nlayers': 4, 'model.dropout': 0.021961190859283213, 'training.epochs': 6}. Best is trial 23 with value: 0.7543424963951111.
Seed set to 74

🔬 Trial 32 hyperparameters:
  Walk length: 63, Num walks: 529,950
  LR: 6.98e-04, Batch size: 512
  Model: emb_dim=128, hidden_dim=256
  Transformer: 5 layers, 8 heads
  Epochs: 8, Weighted loss: True
Loading wiki-rfa dataset...
Success! ✅
Splitting edges for wiki-rfa dataset...
Ratios: train=0.480, mask=0.320, val=0.100, test=0.100
Success! ✅
Sampling random walks from wiki-rfa dataset...
Success! ✅
Building tokenizer for wiki-rfa dataset...
Success! ✅
Padding and building stage tensors for wiki-rfa dataset...
Success! ✅
Data creation profiling (seconds):
  get_edge_list: 4.35s
  split_edges: 0.09s
  get_walks: 40.28s
  get_tokenizer: 1.27s
  encode_walks: 21.96s
  pad_and_build_stage_tensors: 2.74s
Creating DataLoaders for wiki-rfa dataset...
Success! ✅
GPU available: True (cuda), used: True
TPU available: False, using: 0 TPU cores
HPU available: False, using: 0 HPUs
/home/eng/shilo_avital/yolo_lab/walk_to_paint/.venv/lib64/python3.9/site-packages/pytorch_lightning/callbacks/model_checkpoint.py:658: Checkpoint directory /home/eng/shilo_avital/yolo_lab/walk_to_paint/outputs/wiki-rfa/wiki-rfa-optuna_20251203-235202/checkpoints exists and is not empty.
LOCAL_RANK: 0 - CUDA_VISIBLE_DEVICES: [1]
Metric val_auc_epoch improved. New best score: 0.662
Metric val_auc_epoch improved by 0.028 >= min_delta = 0.0. New best score: 0.689
Metric val_auc_epoch improved by 0.016 >= min_delta = 0.0. New best score: 0.705
Metric val_auc_epoch improved by 0.010 >= min_delta = 0.0. New best score: 0.715
`Trainer.fit` stopped: `max_epochs=8` reached.
Restoring states from the checkpoint path at /home/eng/shilo_avital/yolo_lab/walk_to_paint/outputs/wiki-rfa/wiki-rfa-optuna_20251203-235202/checkpoints/trial_32-epoch=03-val_auc_epoch=0.7150.ckpt
LOCAL_RANK: 0 - CUDA_VISIBLE_DEVICES: [1]
Loaded model weights from the checkpoint at /home/eng/shilo_avital/yolo_lab/walk_to_paint/outputs/wiki-rfa/wiki-rfa-optuna_20251203-235202/checkpoints/trial_32-epoch=03-val_auc_epoch=0.7150.ckpt
────────────────────────────────────────────────────────────────────────────────────────────────────────────────────────
     Validate metric           DataLoader 0
────────────────────────────────────────────────────────────────────────────────────────────────────────────────────────
          step                      8.0
      val_acc_epoch         0.4872872829437256
      val_auc_epoch         0.7150120139122009
      val_f1_epoch          0.4751795530319214
        val_loss            2.3562495708465576
────────────────────────────────────────────────────────────────────────────────────────────────────────────────────────
✅ Trial 32 completed - Val AUC: 0.7150
[I 2025-12-04 14:51:13,776] Trial 32 finished with value: 0.7150120139122009 and parameters: {'dataset.max_walk_length': 63, 'dataset.num_walks': 529950, 'training.lr': 0.0006983341119289212, 'training.weight_decay': 0.0002169744167483927, 'training.batch_size': 512, 'training.gradient_clip_val': 0.6815147986166397, 'training.early_stopping_patience': 9, 'model.nhead': 8, 'model.embedding_dim': 128, 'model.hidden_dim': 256, 'model.nlayers': 5, 'model.dropout': 0.0007079515249922702, 'training.epochs': 8}. Best is trial 23 with value: 0.7543424963951111.
Seed set to 75

🔬 Trial 33 hyperparameters:
  Walk length: 52, Num walks: 660,623
  LR: 5.72e-04, Batch size: 512
  Model: emb_dim=128, hidden_dim=256
  Transformer: 4 layers, 8 heads
  Epochs: 10, Weighted loss: True
Loading wiki-rfa dataset...
Success! ✅
Splitting edges for wiki-rfa dataset...
Ratios: train=0.480, mask=0.320, val=0.100, test=0.100
Success! ✅
Sampling random walks from wiki-rfa dataset...
Success! ✅
Building tokenizer for wiki-rfa dataset...
Success! ✅
Padding and building stage tensors for wiki-rfa dataset...
Success! ✅
Data creation profiling (seconds):
  get_edge_list: 4.35s
  split_edges: 0.09s
  get_walks: 47.95s
  get_tokenizer: 1.58s
  encode_walks: 27.33s
  pad_and_build_stage_tensors: 3.37s
Creating DataLoaders for wiki-rfa dataset...
Success! ✅
GPU available: True (cuda), used: True
TPU available: False, using: 0 TPU cores
HPU available: False, using: 0 HPUs
/home/eng/shilo_avital/yolo_lab/walk_to_paint/.venv/lib64/python3.9/site-packages/pytorch_lightning/callbacks/model_checkpoint.py:658: Checkpoint directory /home/eng/shilo_avital/yolo_lab/walk_to_paint/outputs/wiki-rfa/wiki-rfa-optuna_20251203-235202/checkpoints exists and is not empty.
LOCAL_RANK: 0 - CUDA_VISIBLE_DEVICES: [1]
Metric val_auc_epoch improved. New best score: 0.687
Metric val_auc_epoch improved by 0.040 >= min_delta = 0.0. New best score: 0.727
Metric val_auc_epoch improved by 0.008 >= min_delta = 0.0. New best score: 0.735
Metric val_auc_epoch improved by 0.010 >= min_delta = 0.0. New best score: 0.745
Metric val_auc_epoch improved by 0.001 >= min_delta = 0.0. New best score: 0.746
Metric val_auc_epoch improved by 0.006 >= min_delta = 0.0. New best score: 0.752
Metric val_auc_epoch improved by 0.001 >= min_delta = 0.0. New best score: 0.753
Metric val_auc_epoch improved by 0.001 >= min_delta = 0.0. New best score: 0.754
`Trainer.fit` stopped: `max_epochs=10` reached.
Restoring states from the checkpoint path at /home/eng/shilo_avital/yolo_lab/walk_to_paint/outputs/wiki-rfa/wiki-rfa-optuna_20251203-235202/checkpoints/trial_33-epoch=08-val_auc_epoch=0.7540.ckpt
LOCAL_RANK: 0 - CUDA_VISIBLE_DEVICES: [1]
Loaded model weights from the checkpoint at /home/eng/shilo_avital/yolo_lab/walk_to_paint/outputs/wiki-rfa/wiki-rfa-optuna_20251203-235202/checkpoints/trial_33-epoch=08-val_auc_epoch=0.7540.ckpt
────────────────────────────────────────────────────────────────────────────────────────────────────────────────────────
     Validate metric           DataLoader 0
────────────────────────────────────────────────────────────────────────────────────────────────────────────────────────
          step                     10.0
      val_acc_epoch         0.5062108635902405
      val_auc_epoch         0.7539827227592468
      val_f1_epoch          0.5001664757728577
        val_loss            3.1639504432678223
────────────────────────────────────────────────────────────────────────────────────────────────────────────────────────
✅ Trial 33 completed - Val AUC: 0.7540
[I 2025-12-04 15:07:32,371] Trial 33 finished with value: 0.7539827227592468 and parameters: {'dataset.max_walk_length': 52, 'dataset.num_walks': 660623, 'training.lr': 0.0005718323660481427, 'training.weight_decay': 2.812086477087319e-05, 'training.batch_size': 512, 'training.gradient_clip_val': 0.8815621595215901, 'training.early_stopping_patience': 11, 'model.nhead': 8, 'model.embedding_dim': 128, 'model.hidden_dim': 256, 'model.nlayers': 4, 'model.dropout': 0.06191179313502476, 'training.epochs': 10}. Best is trial 23 with value: 0.7543424963951111.
Seed set to 76

🔬 Trial 34 hyperparameters:
  Walk length: 51, Num walks: 734,264
  LR: 1.35e-03, Batch size: 128
  Model: emb_dim=4, hidden_dim=16
  Transformer: 5 layers, 4 heads
  Epochs: 11, Weighted loss: True
Loading wiki-rfa dataset...
Success! ✅
Splitting edges for wiki-rfa dataset...
Ratios: train=0.480, mask=0.320, val=0.100, test=0.100
Success! ✅
Sampling random walks from wiki-rfa dataset...
Success! ✅
Building tokenizer for wiki-rfa dataset...
Success! ✅
Padding and building stage tensors for wiki-rfa dataset...
Success! ✅
Data creation profiling (seconds):
  get_edge_list: 4.52s
  split_edges: 0.09s
  get_walks: 54.71s
  get_tokenizer: 1.76s
  encode_walks: 30.17s
  pad_and_build_stage_tensors: 3.85s
Creating DataLoaders for wiki-rfa dataset...
Success! ✅
GPU available: True (cuda), used: True
TPU available: False, using: 0 TPU cores
HPU available: False, using: 0 HPUs
/home/eng/shilo_avital/yolo_lab/walk_to_paint/.venv/lib64/python3.9/site-packages/pytorch_lightning/callbacks/model_checkpoint.py:658: Checkpoint directory /home/eng/shilo_avital/yolo_lab/walk_to_paint/outputs/wiki-rfa/wiki-rfa-optuna_20251203-235202/checkpoints exists and is not empty.
LOCAL_RANK: 0 - CUDA_VISIBLE_DEVICES: [1]
Metric val_auc_epoch improved. New best score: 0.516
Metric val_auc_epoch improved by 0.010 >= min_delta = 0.0. New best score: 0.527
Metric val_auc_epoch improved by 0.011 >= min_delta = 0.0. New best score: 0.537
Metric val_auc_epoch improved by 0.007 >= min_delta = 0.0. New best score: 0.544
❌ Trial 34 failed: Trial was pruned at epoch 5.
[I 2025-12-04 15:21:53,329] Trial 34 finished with value: 0.0 and parameters: {'dataset.max_walk_length': 51, 'dataset.num_walks': 734264, 'training.lr': 0.0013452509456129032, 'training.weight_decay': 8.31669753429818e-06, 'training.batch_size': 128, 'training.gradient_clip_val': 0.9334981472878017, 'training.early_stopping_patience': 11, 'model.nhead': 4, 'model.embedding_dim': 4, 'model.hidden_dim': 16, 'model.nlayers': 5, 'model.dropout': 0.08503176647992808, 'training.epochs': 11}. Best is trial 23 with value: 0.7543424963951111.
Seed set to 77

🔬 Trial 35 hyperparameters:
  Walk length: 75, Num walks: 662,661
  LR: 1.01e-03, Batch size: 256
  Model: emb_dim=128, hidden_dim=4
  Transformer: 4 layers, 8 heads
  Epochs: 12, Weighted loss: True
Loading wiki-rfa dataset...
Success! ✅
Splitting edges for wiki-rfa dataset...
Ratios: train=0.480, mask=0.320, val=0.100, test=0.100
Success! ✅
Sampling random walks from wiki-rfa dataset...
Success! ✅
Building tokenizer for wiki-rfa dataset...
Success! ✅
Padding and building stage tensors for wiki-rfa dataset...
Success! ✅
Data creation profiling (seconds):
  get_edge_list: 84.55s
  split_edges: 0.09s
  get_walks: 50.02s
  get_tokenizer: 1.55s
  encode_walks: 27.02s
  pad_and_build_stage_tensors: 3.48s
Creating DataLoaders for wiki-rfa dataset...
Success! ✅
GPU available: True (cuda), used: True
TPU available: False, using: 0 TPU cores
HPU available: False, using: 0 HPUs
/home/eng/shilo_avital/yolo_lab/walk_to_paint/.venv/lib64/python3.9/site-packages/pytorch_lightning/callbacks/model_checkpoint.py:658: Checkpoint directory /home/eng/shilo_avital/yolo_lab/walk_to_paint/outputs/wiki-rfa/wiki-rfa-optuna_20251203-235202/checkpoints exists and is not empty.
LOCAL_RANK: 0 - CUDA_VISIBLE_DEVICES: [1]
Metric val_auc_epoch improved. New best score: 0.678
Metric val_auc_epoch improved by 0.051 >= min_delta = 0.0. New best score: 0.729
Metric val_auc_epoch improved by 0.024 >= min_delta = 0.0. New best score: 0.752
Metric val_auc_epoch improved by 0.014 >= min_delta = 0.0. New best score: 0.766
Metric val_auc_epoch improved by 0.000 >= min_delta = 0.0. New best score: 0.767
Metric val_auc_epoch improved by 0.002 >= min_delta = 0.0. New best score: 0.768
Metric val_auc_epoch improved by 0.001 >= min_delta = 0.0. New best score: 0.769
Metric val_auc_epoch improved by 0.000 >= min_delta = 0.0. New best score: 0.769
Metric val_auc_epoch improved by 0.001 >= min_delta = 0.0. New best score: 0.770
Metric val_auc_epoch improved by 0.002 >= min_delta = 0.0. New best score: 0.772
`Trainer.fit` stopped: `max_epochs=12` reached.
Restoring states from the checkpoint path at /home/eng/shilo_avital/yolo_lab/walk_to_paint/outputs/wiki-rfa/wiki-rfa-optuna_20251203-235202/checkpoints/trial_35-epoch=09-val_auc_epoch=0.7719.ckpt
LOCAL_RANK: 0 - CUDA_VISIBLE_DEVICES: [1]
Loaded model weights from the checkpoint at /home/eng/shilo_avital/yolo_lab/walk_to_paint/outputs/wiki-rfa/wiki-rfa-optuna_20251203-235202/checkpoints/trial_35-epoch=09-val_auc_epoch=0.7719.ckpt
────────────────────────────────────────────────────────────────────────────────────────────────────────────────────────
     Validate metric           DataLoader 0
────────────────────────────────────────────────────────────────────────────────────────────────────────────────────────
          step                     12.0
      val_acc_epoch         0.5172995328903198
      val_auc_epoch          0.771872878074646
      val_f1_epoch           0.513376772403717
        val_loss             3.441822052001953
────────────────────────────────────────────────────────────────────────────────────────────────────────────────────────
✅ Trial 35 completed - Val AUC: 0.7719
[I 2025-12-04 15:51:52,025] Trial 35 finished with value: 0.771872878074646 and parameters: {'dataset.max_walk_length': 75, 'dataset.num_walks': 662661, 'training.lr': 0.0010112006301372838, 'training.weight_decay': 2.5100871128134878e-05, 'training.batch_size': 256, 'training.gradient_clip_val': 0.4965926673123551, 'training.early_stopping_patience': 7, 'model.nhead': 8, 'model.embedding_dim': 128, 'model.hidden_dim': 4, 'model.nlayers': 4, 'model.dropout': 0.17223472065104967, 'training.epochs': 12}. Best is trial 35 with value: 0.771872878074646.
🧹 Cleaning up old checkpoints and logs (keeping top 10)...
  Removed old checkpoint: trial_25-epoch=08-val_auc_epoch=0.7187.ckpt
  Removed old checkpoint: trial_24-epoch=06-val_auc_epoch=0.7296.ckpt
  Removed old checkpoint: trial_23-epoch=07-val_auc_epoch=0.7543.ckpt
  Removed old checkpoint: trial_22-epoch=05-val_auc_epoch=0.5987.ckpt
  Removed old checkpoint: trial_21-epoch=17-val_auc_epoch=0.6815.ckpt
  Removed old log dir: trial_25
  Removed old log dir: trial_24
  Removed old log dir: trial_23
  Removed old log dir: trial_22
  Removed old log dir: trial_21
Seed set to 78

🔬 Trial 36 hyperparameters:
  Walk length: 79, Num walks: 655,350
  LR: 3.85e-03, Batch size: 256
  Model: emb_dim=32, hidden_dim=4
  Transformer: 5 layers, 2 heads
  Epochs: 12, Weighted loss: True
Loading wiki-rfa dataset...
Success! ✅
Splitting edges for wiki-rfa dataset...
Ratios: train=0.480, mask=0.320, val=0.100, test=0.100
Success! ✅
Sampling random walks from wiki-rfa dataset...
Success! ✅
Building tokenizer for wiki-rfa dataset...
Success! ✅
Padding and building stage tensors for wiki-rfa dataset...
Success! ✅
Data creation profiling (seconds):
  get_edge_list: 4.71s
  split_edges: 0.09s
  get_walks: 48.86s
  get_tokenizer: 1.40s
  encode_walks: 26.18s
  pad_and_build_stage_tensors: 3.49s
Creating DataLoaders for wiki-rfa dataset...
Success! ✅
GPU available: True (cuda), used: True
TPU available: False, using: 0 TPU cores
HPU available: False, using: 0 HPUs
/home/eng/shilo_avital/yolo_lab/walk_to_paint/.venv/lib64/python3.9/site-packages/pytorch_lightning/callbacks/model_checkpoint.py:658: Checkpoint directory /home/eng/shilo_avital/yolo_lab/walk_to_paint/outputs/wiki-rfa/wiki-rfa-optuna_20251203-235202/checkpoints exists and is not empty.
LOCAL_RANK: 0 - CUDA_VISIBLE_DEVICES: [1]
Metric val_auc_epoch improved. New best score: 0.666
Metric val_auc_epoch improved by 0.044 >= min_delta = 0.0. New best score: 0.710
Metric val_auc_epoch improved by 0.007 >= min_delta = 0.0. New best score: 0.717
Metric val_auc_epoch improved by 0.011 >= min_delta = 0.0. New best score: 0.727
Monitored metric val_auc_epoch did not improve in the last 6 records. Best score: 0.727. Signaling Trainer to stop.
Restoring states from the checkpoint path at /home/eng/shilo_avital/yolo_lab/walk_to_paint/outputs/wiki-rfa/wiki-rfa-optuna_20251203-235202/checkpoints/trial_36-epoch=03-val_auc_epoch=0.7274.ckpt
LOCAL_RANK: 0 - CUDA_VISIBLE_DEVICES: [1]
Loaded model weights from the checkpoint at /home/eng/shilo_avital/yolo_lab/walk_to_paint/outputs/wiki-rfa/wiki-rfa-optuna_20251203-235202/checkpoints/trial_36-epoch=03-val_auc_epoch=0.7274.ckpt
────────────────────────────────────────────────────────────────────────────────────────────────────────────────────────
     Validate metric           DataLoader 0
────────────────────────────────────────────────────────────────────────────────────────────────────────────────────────
          step                     10.0
      val_acc_epoch         0.5243341326713562
      val_auc_epoch         0.7274205088615417
      val_f1_epoch          0.4887380301952362
        val_loss             2.323957920074463
────────────────────────────────────────────────────────────────────────────────────────────────────────────────────────
✅ Trial 36 completed - Val AUC: 0.7274
[I 2025-12-04 16:05:57,659] Trial 36 finished with value: 0.7274205088615417 and parameters: {'dataset.max_walk_length': 79, 'dataset.num_walks': 655350, 'training.lr': 0.0038512003104012194, 'training.weight_decay': 5.6119747873239985e-06, 'training.batch_size': 256, 'training.gradient_clip_val': 0.3908096485078505, 'training.early_stopping_patience': 6, 'model.nhead': 2, 'model.embedding_dim': 32, 'model.hidden_dim': 4, 'model.nlayers': 5, 'model.dropout': 0.22990013198879689, 'training.epochs': 12}. Best is trial 35 with value: 0.771872878074646.
Seed set to 79

🔬 Trial 37 hyperparameters:
  Walk length: 52, Num walks: 1,013,095
  LR: 1.28e-03, Batch size: 256
  Model: emb_dim=128, hidden_dim=4
  Transformer: 4 layers, 16 heads
  Epochs: 12, Weighted loss: True
Loading wiki-rfa dataset...
Success! ✅
Splitting edges for wiki-rfa dataset...
Ratios: train=0.480, mask=0.320, val=0.100, test=0.100
Success! ✅
Sampling random walks from wiki-rfa dataset...
Success! ✅
Building tokenizer for wiki-rfa dataset...
Success! ✅
Padding and building stage tensors for wiki-rfa dataset...
Success! ✅
Data creation profiling (seconds):
  get_edge_list: 4.49s
  split_edges: 0.10s
  get_walks: 77.83s
  get_tokenizer: 2.21s
  encode_walks: 41.21s
  pad_and_build_stage_tensors: 5.14s
Creating DataLoaders for wiki-rfa dataset...
Success! ✅
GPU available: True (cuda), used: True
TPU available: False, using: 0 TPU cores
HPU available: False, using: 0 HPUs
/home/eng/shilo_avital/yolo_lab/walk_to_paint/.venv/lib64/python3.9/site-packages/pytorch_lightning/callbacks/model_checkpoint.py:658: Checkpoint directory /home/eng/shilo_avital/yolo_lab/walk_to_paint/outputs/wiki-rfa/wiki-rfa-optuna_20251203-235202/checkpoints exists and is not empty.
LOCAL_RANK: 0 - CUDA_VISIBLE_DEVICES: [1]
Metric val_auc_epoch improved. New best score: 0.606
Metric val_auc_epoch improved by 0.050 >= min_delta = 0.0. New best score: 0.656
Metric val_auc_epoch improved by 0.018 >= min_delta = 0.0. New best score: 0.673
Metric val_auc_epoch improved by 0.014 >= min_delta = 0.0. New best score: 0.687
Metric val_auc_epoch improved by 0.018 >= min_delta = 0.0. New best score: 0.705
Metric val_auc_epoch improved by 0.011 >= min_delta = 0.0. New best score: 0.716
Metric val_auc_epoch improved by 0.009 >= min_delta = 0.0. New best score: 0.725
`Trainer.fit` stopped: `max_epochs=12` reached.
Restoring states from the checkpoint path at /home/eng/shilo_avital/yolo_lab/walk_to_paint/outputs/wiki-rfa/wiki-rfa-optuna_20251203-235202/checkpoints/trial_37-epoch=06-val_auc_epoch=0.7247.ckpt
LOCAL_RANK: 0 - CUDA_VISIBLE_DEVICES: [1]
Loaded model weights from the checkpoint at /home/eng/shilo_avital/yolo_lab/walk_to_paint/outputs/wiki-rfa/wiki-rfa-optuna_20251203-235202/checkpoints/trial_37-epoch=06-val_auc_epoch=0.7247.ckpt
────────────────────────────────────────────────────────────────────────────────────────────────────────────────────────
     Validate metric           DataLoader 0
────────────────────────────────────────────────────────────────────────────────────────────────────────────────────────
          step                     12.0
      val_acc_epoch         0.5212443470954895
      val_auc_epoch         0.7246715426445007
      val_f1_epoch          0.47703075408935547
        val_loss            2.3812530040740967
────────────────────────────────────────────────────────────────────────────────────────────────────────────────────────
✅ Trial 37 completed - Val AUC: 0.7247
[I 2025-12-04 16:43:17,549] Trial 37 finished with value: 0.7246715426445007 and parameters: {'dataset.max_walk_length': 52, 'dataset.num_walks': 1013095, 'training.lr': 0.0012824879052940406, 'training.weight_decay': 3.249402852592582e-05, 'training.batch_size': 256, 'training.gradient_clip_val': 0.5901471002050592, 'training.early_stopping_patience': 7, 'model.nhead': 16, 'model.embedding_dim': 128, 'model.hidden_dim': 4, 'model.nlayers': 4, 'model.dropout': 0.2807611114385047, 'training.epochs': 12}. Best is trial 35 with value: 0.771872878074646.
Seed set to 80

🔬 Trial 38 hyperparameters:
  Walk length: 45, Num walks: 1,179,287
  LR: 6.31e-03, Batch size: 256
  Model: emb_dim=128, hidden_dim=4
  Transformer: 5 layers, 8 heads
  Epochs: 10, Weighted loss: True
Loading wiki-rfa dataset...
Success! ✅
Splitting edges for wiki-rfa dataset...
Ratios: train=0.480, mask=0.320, val=0.100, test=0.100
Success! ✅
Sampling random walks from wiki-rfa dataset...
Success! ✅
Building tokenizer for wiki-rfa dataset...
Success! ✅
Padding and building stage tensors for wiki-rfa dataset...
Success! ✅
Data creation profiling (seconds):
  get_edge_list: 4.47s
  split_edges: 0.09s
  get_walks: 88.98s
  get_tokenizer: 2.50s
  encode_walks: 49.07s
  pad_and_build_stage_tensors: 5.88s
Creating DataLoaders for wiki-rfa dataset...
Success! ✅
GPU available: True (cuda), used: True
TPU available: False, using: 0 TPU cores
HPU available: False, using: 0 HPUs
/home/eng/shilo_avital/yolo_lab/walk_to_paint/.venv/lib64/python3.9/site-packages/pytorch_lightning/callbacks/model_checkpoint.py:658: Checkpoint directory /home/eng/shilo_avital/yolo_lab/walk_to_paint/outputs/wiki-rfa/wiki-rfa-optuna_20251203-235202/checkpoints exists and is not empty.
LOCAL_RANK: 0 - CUDA_VISIBLE_DEVICES: [1]
Metric val_auc_epoch improved. New best score: 0.500
Metric val_auc_epoch improved by 0.001 >= min_delta = 0.0. New best score: 0.501
Metric val_auc_epoch improved by 0.001 >= min_delta = 0.0. New best score: 0.502
❌ Trial 38 failed: Trial was pruned at epoch 5.
[I 2025-12-04 17:01:29,633] Trial 38 finished with value: 0.0 and parameters: {'dataset.max_walk_length': 45, 'dataset.num_walks': 1179287, 'training.lr': 0.006307555749018567, 'training.weight_decay': 0.0001581575474047668, 'training.batch_size': 256, 'training.gradient_clip_val': 1.182293848913985, 'training.early_stopping_patience': 8, 'model.nhead': 8, 'model.embedding_dim': 128, 'model.hidden_dim': 4, 'model.nlayers': 5, 'model.dropout': 0.1957331007922752, 'training.epochs': 10}. Best is trial 35 with value: 0.771872878074646.
Seed set to 81

🔬 Trial 39 hyperparameters:
  Walk length: 90, Num walks: 749,163
  LR: 1.00e-03, Batch size: 32
  Model: emb_dim=4, hidden_dim=128
  Transformer: 3 layers, 4 heads
  Epochs: 14, Weighted loss: True
Loading wiki-rfa dataset...
Success! ✅
Splitting edges for wiki-rfa dataset...
Ratios: train=0.480, mask=0.320, val=0.100, test=0.100
Success! ✅
Sampling random walks from wiki-rfa dataset...
Success! ✅
Building tokenizer for wiki-rfa dataset...
Success! ✅
Padding and building stage tensors for wiki-rfa dataset...
Success! ✅
Data creation profiling (seconds):
  get_edge_list: 4.10s
  split_edges: 0.09s
  get_walks: 138.44s
  get_tokenizer: 1.66s
  encode_walks: 30.66s
  pad_and_build_stage_tensors: 3.83s
Creating DataLoaders for wiki-rfa dataset...
Success! ✅
GPU available: True (cuda), used: True
TPU available: False, using: 0 TPU cores
HPU available: False, using: 0 HPUs
/home/eng/shilo_avital/yolo_lab/walk_to_paint/.venv/lib64/python3.9/site-packages/pytorch_lightning/callbacks/model_checkpoint.py:658: Checkpoint directory /home/eng/shilo_avital/yolo_lab/walk_to_paint/outputs/wiki-rfa/wiki-rfa-optuna_20251203-235202/checkpoints exists and is not empty.
LOCAL_RANK: 0 - CUDA_VISIBLE_DEVICES: [1]
Metric val_auc_epoch improved. New best score: 0.522
Metric val_auc_epoch improved by 0.009 >= min_delta = 0.0. New best score: 0.531
Metric val_auc_epoch improved by 0.002 >= min_delta = 0.0. New best score: 0.533
Metric val_auc_epoch improved by 0.005 >= min_delta = 0.0. New best score: 0.538
Metric val_auc_epoch improved by 0.005 >= min_delta = 0.0. New best score: 0.543
❌ Trial 39 failed: Trial was pruned at epoch 5.
[I 2025-12-04 17:52:43,870] Trial 39 finished with value: 0.0 and parameters: {'dataset.max_walk_length': 90, 'dataset.num_walks': 749163, 'training.lr': 0.0010041311415097762, 'training.weight_decay': 5.7800094814375374e-05, 'training.batch_size': 32, 'training.gradient_clip_val': 0.43280557101779554, 'training.early_stopping_patience': 6, 'model.nhead': 4, 'model.embedding_dim': 4, 'model.hidden_dim': 128, 'model.nlayers': 3, 'model.dropout': 0.12998560378961882, 'training.epochs': 14}. Best is trial 35 with value: 0.771872878074646.
Seed set to 82

🔬 Trial 40 hyperparameters:
  Walk length: 75, Num walks: 293,793
  LR: 4.78e-04, Batch size: 256
  Model: emb_dim=8, hidden_dim=256
  Transformer: 4 layers, 2 heads
  Epochs: 8, Weighted loss: True
Loading wiki-rfa dataset...
Success! ✅
Splitting edges for wiki-rfa dataset...
Ratios: train=0.480, mask=0.320, val=0.100, test=0.100
Success! ✅
Sampling random walks from wiki-rfa dataset...
Success! ✅
Building tokenizer for wiki-rfa dataset...
Success! ✅
Padding and building stage tensors for wiki-rfa dataset...
Success! ✅
Data creation profiling (seconds):
  get_edge_list: 85.07s
  split_edges: 0.10s
  get_walks: 22.73s
  get_tokenizer: 0.71s
  encode_walks: 11.82s
  pad_and_build_stage_tensors: 1.62s
Creating DataLoaders for wiki-rfa dataset...
Success! ✅
GPU available: True (cuda), used: True
TPU available: False, using: 0 TPU cores
HPU available: False, using: 0 HPUs
/home/eng/shilo_avital/yolo_lab/walk_to_paint/.venv/lib64/python3.9/site-packages/pytorch_lightning/callbacks/model_checkpoint.py:658: Checkpoint directory /home/eng/shilo_avital/yolo_lab/walk_to_paint/outputs/wiki-rfa/wiki-rfa-optuna_20251203-235202/checkpoints exists and is not empty.
LOCAL_RANK: 0 - CUDA_VISIBLE_DEVICES: [1]
Metric val_auc_epoch improved. New best score: 0.537
Metric val_auc_epoch improved by 0.008 >= min_delta = 0.0. New best score: 0.545
Metric val_auc_epoch improved by 0.005 >= min_delta = 0.0. New best score: 0.550
❌ Trial 40 failed: Trial was pruned at epoch 5.
[I 2025-12-04 17:59:22,778] Trial 40 finished with value: 0.0 and parameters: {'dataset.max_walk_length': 75, 'dataset.num_walks': 293793, 'training.lr': 0.0004784701564033656, 'training.weight_decay': 0.0005577921825562407, 'training.batch_size': 256, 'training.gradient_clip_val': 0.5724424318699618, 'training.early_stopping_patience': 14, 'model.nhead': 2, 'model.embedding_dim': 8, 'model.hidden_dim': 256, 'model.nlayers': 4, 'model.dropout': 0.26140661561499795, 'training.epochs': 8}. Best is trial 35 with value: 0.771872878074646.
🧹 Cleaning up old checkpoints and logs (keeping top 10)...
  Removed old checkpoint: trial_30-epoch=04-val_auc_epoch=0.5445.ckpt
  Removed old checkpoint: trial_29-epoch=05-val_auc_epoch=0.7074.ckpt
  Removed old checkpoint: trial_28-epoch=05-val_auc_epoch=0.7156.ckpt
  Removed old checkpoint: trial_27-epoch=09-val_auc_epoch=0.7016.ckpt
  Removed old checkpoint: trial_26-epoch=05-val_auc_epoch=0.7091.ckpt
  Removed old log dir: trial_30
  Removed old log dir: trial_29
  Removed old log dir: trial_28
  Removed old log dir: trial_27
  Removed old log dir: trial_26
Seed set to 83

🔬 Trial 41 hyperparameters:
  Walk length: 86, Num walks: 648,150
  LR: 3.50e-03, Batch size: 256
  Model: emb_dim=32, hidden_dim=4
  Transformer: 5 layers, 2 heads
  Epochs: 11, Weighted loss: True
Loading wiki-rfa dataset...
Success! ✅
Splitting edges for wiki-rfa dataset...
Ratios: train=0.480, mask=0.320, val=0.100, test=0.100
Success! ✅
Sampling random walks from wiki-rfa dataset...
Success! ✅
Building tokenizer for wiki-rfa dataset...
Success! ✅
Padding and building stage tensors for wiki-rfa dataset...
Success! ✅
Data creation profiling (seconds):
  get_edge_list: 84.82s
  split_edges: 0.09s
  get_walks: 50.40s
  get_tokenizer: 1.44s
  encode_walks: 26.50s
  pad_and_build_stage_tensors: 3.57s
Creating DataLoaders for wiki-rfa dataset...
Success! ✅
GPU available: True (cuda), used: True
TPU available: False, using: 0 TPU cores
HPU available: False, using: 0 HPUs
/home/eng/shilo_avital/yolo_lab/walk_to_paint/.venv/lib64/python3.9/site-packages/pytorch_lightning/callbacks/model_checkpoint.py:658: Checkpoint directory /home/eng/shilo_avital/yolo_lab/walk_to_paint/outputs/wiki-rfa/wiki-rfa-optuna_20251203-235202/checkpoints exists and is not empty.
LOCAL_RANK: 0 - CUDA_VISIBLE_DEVICES: [1]
Metric val_auc_epoch improved. New best score: 0.633
Metric val_auc_epoch improved by 0.066 >= min_delta = 0.0. New best score: 0.699
Metric val_auc_epoch improved by 0.022 >= min_delta = 0.0. New best score: 0.721
Metric val_auc_epoch improved by 0.017 >= min_delta = 0.0. New best score: 0.738
Metric val_auc_epoch improved by 0.000 >= min_delta = 0.0. New best score: 0.738
Metric val_auc_epoch improved by 0.010 >= min_delta = 0.0. New best score: 0.748
`Trainer.fit` stopped: `max_epochs=11` reached.
Restoring states from the checkpoint path at /home/eng/shilo_avital/yolo_lab/walk_to_paint/outputs/wiki-rfa/wiki-rfa-optuna_20251203-235202/checkpoints/trial_41-epoch=05-val_auc_epoch=0.7483.ckpt
LOCAL_RANK: 0 - CUDA_VISIBLE_DEVICES: [1]
Loaded model weights from the checkpoint at /home/eng/shilo_avital/yolo_lab/walk_to_paint/outputs/wiki-rfa/wiki-rfa-optuna_20251203-235202/checkpoints/trial_41-epoch=05-val_auc_epoch=0.7483.ckpt
────────────────────────────────────────────────────────────────────────────────────────────────────────────────────────
     Validate metric           DataLoader 0
────────────────────────────────────────────────────────────────────────────────────────────────────────────────────────
          step                     11.0
      val_acc_epoch         0.5341162085533142
      val_auc_epoch         0.7483083605766296
      val_f1_epoch          0.5073950290679932
        val_loss            2.9761626720428467
────────────────────────────────────────────────────────────────────────────────────────────────────────────────────────
✅ Trial 41 completed - Val AUC: 0.7483
[I 2025-12-04 18:18:07,376] Trial 41 finished with value: 0.7483083605766296 and parameters: {'dataset.max_walk_length': 86, 'dataset.num_walks': 648150, 'training.lr': 0.003500381230603188, 'training.weight_decay': 5.572336538328206e-06, 'training.batch_size': 256, 'training.gradient_clip_val': 0.3642220954314565, 'training.early_stopping_patience': 6, 'model.nhead': 2, 'model.embedding_dim': 32, 'model.hidden_dim': 4, 'model.nlayers': 5, 'model.dropout': 0.22642767482378082, 'training.epochs': 11}. Best is trial 35 with value: 0.771872878074646.
Seed set to 84

🔬 Trial 42 hyperparameters:
  Walk length: 87, Num walks: 587,121
  LR: 2.07e-03, Batch size: 256
  Model: emb_dim=32, hidden_dim=4
  Transformer: 5 layers, 2 heads
  Epochs: 11, Weighted loss: True
Loading wiki-rfa dataset...
Success! ✅
Splitting edges for wiki-rfa dataset...
Ratios: train=0.480, mask=0.320, val=0.100, test=0.100
Success! ✅
Sampling random walks from wiki-rfa dataset...
Success! ✅
Building tokenizer for wiki-rfa dataset...
Success! ✅
Padding and building stage tensors for wiki-rfa dataset...
Success! ✅
Data creation profiling (seconds):
  get_edge_list: 4.72s
  split_edges: 0.10s
  get_walks: 45.09s
  get_tokenizer: 1.41s
  encode_walks: 23.89s
  pad_and_build_stage_tensors: 3.08s
Creating DataLoaders for wiki-rfa dataset...
Success! ✅
GPU available: True (cuda), used: True
TPU available: False, using: 0 TPU cores
HPU available: False, using: 0 HPUs
/home/eng/shilo_avital/yolo_lab/walk_to_paint/.venv/lib64/python3.9/site-packages/pytorch_lightning/callbacks/model_checkpoint.py:658: Checkpoint directory /home/eng/shilo_avital/yolo_lab/walk_to_paint/outputs/wiki-rfa/wiki-rfa-optuna_20251203-235202/checkpoints exists and is not empty.
LOCAL_RANK: 0 - CUDA_VISIBLE_DEVICES: [1]
Metric val_auc_epoch improved. New best score: 0.622
Metric val_auc_epoch improved by 0.066 >= min_delta = 0.0. New best score: 0.688
Metric val_auc_epoch improved by 0.040 >= min_delta = 0.0. New best score: 0.729
Metric val_auc_epoch improved by 0.015 >= min_delta = 0.0. New best score: 0.744
Metric val_auc_epoch improved by 0.008 >= min_delta = 0.0. New best score: 0.752
`Trainer.fit` stopped: `max_epochs=11` reached.
Restoring states from the checkpoint path at /home/eng/shilo_avital/yolo_lab/walk_to_paint/outputs/wiki-rfa/wiki-rfa-optuna_20251203-235202/checkpoints/trial_42-epoch=05-val_auc_epoch=0.7519.ckpt
LOCAL_RANK: 0 - CUDA_VISIBLE_DEVICES: [1]
Loaded model weights from the checkpoint at /home/eng/shilo_avital/yolo_lab/walk_to_paint/outputs/wiki-rfa/wiki-rfa-optuna_20251203-235202/checkpoints/trial_42-epoch=05-val_auc_epoch=0.7519.ckpt
────────────────────────────────────────────────────────────────────────────────────────────────────────────────────────
     Validate metric           DataLoader 0
────────────────────────────────────────────────────────────────────────────────────────────────────────────────────────
          step                     11.0
      val_acc_epoch         0.5236273407936096
      val_auc_epoch         0.7518651485443115
      val_f1_epoch          0.4844692051410675
        val_loss             1.954696536064148
────────────────────────────────────────────────────────────────────────────────────────────────────────────────────────
✅ Trial 42 completed - Val AUC: 0.7519
[I 2025-12-04 18:32:29,010] Trial 42 finished with value: 0.7518651485443115 and parameters: {'dataset.max_walk_length': 87, 'dataset.num_walks': 587121, 'training.lr': 0.002071736467926095, 'training.weight_decay': 2.1425176979513614e-05, 'training.batch_size': 256, 'training.gradient_clip_val': 0.34701331252312234, 'training.early_stopping_patience': 6, 'model.nhead': 2, 'model.embedding_dim': 32, 'model.hidden_dim': 4, 'model.nlayers': 5, 'model.dropout': 0.20940478815738403, 'training.epochs': 11}. Best is trial 35 with value: 0.771872878074646.
Seed set to 85

🔬 Trial 43 hyperparameters:
  Walk length: 86, Num walks: 634,826
  LR: 3.94e-03, Batch size: 256
  Model: emb_dim=32, hidden_dim=4
  Transformer: 5 layers, 2 heads
  Epochs: 13, Weighted loss: True
Loading wiki-rfa dataset...
Success! ✅
Splitting edges for wiki-rfa dataset...
Ratios: train=0.480, mask=0.320, val=0.100, test=0.100
Success! ✅
Sampling random walks from wiki-rfa dataset...
Success! ✅
Building tokenizer for wiki-rfa dataset...
Success! ✅
Padding and building stage tensors for wiki-rfa dataset...
Success! ✅
Data creation profiling (seconds):
  get_edge_list: 4.77s
  split_edges: 0.10s
  get_walks: 48.17s
  get_tokenizer: 1.47s
  encode_walks: 25.84s
  pad_and_build_stage_tensors: 3.32s
Creating DataLoaders for wiki-rfa dataset...
Success! ✅
GPU available: True (cuda), used: True
TPU available: False, using: 0 TPU cores
HPU available: False, using: 0 HPUs
/home/eng/shilo_avital/yolo_lab/walk_to_paint/.venv/lib64/python3.9/site-packages/pytorch_lightning/callbacks/model_checkpoint.py:658: Checkpoint directory /home/eng/shilo_avital/yolo_lab/walk_to_paint/outputs/wiki-rfa/wiki-rfa-optuna_20251203-235202/checkpoints exists and is not empty.
LOCAL_RANK: 0 - CUDA_VISIBLE_DEVICES: [1]
Metric val_auc_epoch improved. New best score: 0.689
Metric val_auc_epoch improved by 0.056 >= min_delta = 0.0. New best score: 0.745
Metric val_auc_epoch improved by 0.001 >= min_delta = 0.0. New best score: 0.746
Monitored metric val_auc_epoch did not improve in the last 6 records. Best score: 0.746. Signaling Trainer to stop.
Restoring states from the checkpoint path at /home/eng/shilo_avital/yolo_lab/walk_to_paint/outputs/wiki-rfa/wiki-rfa-optuna_20251203-235202/checkpoints/trial_43-epoch=02-val_auc_epoch=0.7463.ckpt
LOCAL_RANK: 0 - CUDA_VISIBLE_DEVICES: [1]
Loaded model weights from the checkpoint at /home/eng/shilo_avital/yolo_lab/walk_to_paint/outputs/wiki-rfa/wiki-rfa-optuna_20251203-235202/checkpoints/trial_43-epoch=02-val_auc_epoch=0.7463.ckpt
────────────────────────────────────────────────────────────────────────────────────────────────────────────────────────
     Validate metric           DataLoader 0
────────────────────────────────────────────────────────────────────────────────────────────────────────────────────────
          step                      9.0
      val_acc_epoch         0.5428715944290161
      val_auc_epoch         0.7462791800498962
      val_f1_epoch          0.4974159002304077
        val_loss            1.7179954051971436
────────────────────────────────────────────────────────────────────────────────────────────────────────────────────────
✅ Trial 43 completed - Val AUC: 0.7463
[I 2025-12-04 18:45:28,205] Trial 43 finished with value: 0.7462791800498962 and parameters: {'dataset.max_walk_length': 86, 'dataset.num_walks': 634826, 'training.lr': 0.0039429788245813144, 'training.weight_decay': 0.00010119576730485368, 'training.batch_size': 256, 'training.gradient_clip_val': 0.35946688864554144, 'training.early_stopping_patience': 6, 'model.nhead': 2, 'model.embedding_dim': 32, 'model.hidden_dim': 4, 'model.nlayers': 5, 'model.dropout': 0.2034013444610686, 'training.epochs': 13}. Best is trial 35 with value: 0.771872878074646.
Seed set to 86

🔬 Trial 44 hyperparameters:
  Walk length: 90, Num walks: 836,442
  LR: 1.79e-03, Batch size: 256
  Model: emb_dim=32, hidden_dim=4
  Transformer: 5 layers, 2 heads
  Epochs: 11, Weighted loss: True
Loading wiki-rfa dataset...
Success! ✅
Splitting edges for wiki-rfa dataset...
Ratios: train=0.480, mask=0.320, val=0.100, test=0.100
Success! ✅
Sampling random walks from wiki-rfa dataset...
Success! ✅
Building tokenizer for wiki-rfa dataset...
Success! ✅
Padding and building stage tensors for wiki-rfa dataset...
Success! ✅
Data creation profiling (seconds):
  get_edge_list: 4.46s
  split_edges: 0.09s
  get_walks: 63.15s
  get_tokenizer: 1.78s
  encode_walks: 33.21s
  pad_and_build_stage_tensors: 4.47s
Creating DataLoaders for wiki-rfa dataset...
Success! ✅
GPU available: True (cuda), used: True
TPU available: False, using: 0 TPU cores
HPU available: False, using: 0 HPUs
/home/eng/shilo_avital/yolo_lab/walk_to_paint/.venv/lib64/python3.9/site-packages/pytorch_lightning/callbacks/model_checkpoint.py:658: Checkpoint directory /home/eng/shilo_avital/yolo_lab/walk_to_paint/outputs/wiki-rfa/wiki-rfa-optuna_20251203-235202/checkpoints exists and is not empty.
LOCAL_RANK: 0 - CUDA_VISIBLE_DEVICES: [1]
Metric val_auc_epoch improved. New best score: 0.636
Metric val_auc_epoch improved by 0.068 >= min_delta = 0.0. New best score: 0.704
Metric val_auc_epoch improved by 0.041 >= min_delta = 0.0. New best score: 0.746
Metric val_auc_epoch improved by 0.018 >= min_delta = 0.0. New best score: 0.763
Monitored metric val_auc_epoch did not improve in the last 5 records. Best score: 0.763. Signaling Trainer to stop.
Restoring states from the checkpoint path at /home/eng/shilo_avital/yolo_lab/walk_to_paint/outputs/wiki-rfa/wiki-rfa-optuna_20251203-235202/checkpoints/trial_44-epoch=03-val_auc_epoch=0.7633.ckpt
LOCAL_RANK: 0 - CUDA_VISIBLE_DEVICES: [1]
Loaded model weights from the checkpoint at /home/eng/shilo_avital/yolo_lab/walk_to_paint/outputs/wiki-rfa/wiki-rfa-optuna_20251203-235202/checkpoints/trial_44-epoch=03-val_auc_epoch=0.7633.ckpt
────────────────────────────────────────────────────────────────────────────────────────────────────────────────────────
     Validate metric           DataLoader 0
────────────────────────────────────────────────────────────────────────────────────────────────────────────────────────
          step                      9.0
      val_acc_epoch         0.5444190502166748
      val_auc_epoch         0.7633174657821655
      val_f1_epoch          0.49835366010665894
        val_loss            1.8382441997528076
────────────────────────────────────────────────────────────────────────────────────────────────────────────────────────
✅ Trial 44 completed - Val AUC: 0.7633
[I 2025-12-04 19:02:50,780] Trial 44 finished with value: 0.7633174657821655 and parameters: {'dataset.max_walk_length': 90, 'dataset.num_walks': 836442, 'training.lr': 0.0017920228282317565, 'training.weight_decay': 4.554102328001922e-06, 'training.batch_size': 256, 'training.gradient_clip_val': 0.29950242770587965, 'training.early_stopping_patience': 5, 'model.nhead': 2, 'model.embedding_dim': 32, 'model.hidden_dim': 4, 'model.nlayers': 5, 'model.dropout': 0.2558674692983091, 'training.epochs': 11}. Best is trial 35 with value: 0.771872878074646.
Seed set to 87

🔬 Trial 45 hyperparameters:
  Walk length: 100, Num walks: 854,773
  LR: 1.84e-03, Batch size: 256
  Model: emb_dim=32, hidden_dim=8
  Transformer: 6 layers, 8 heads
  Epochs: 12, Weighted loss: True
Loading wiki-rfa dataset...
Success! ✅
Splitting edges for wiki-rfa dataset...
Ratios: train=0.480, mask=0.320, val=0.100, test=0.100
Success! ✅
Sampling random walks from wiki-rfa dataset...
Success! ✅
Building tokenizer for wiki-rfa dataset...
Success! ✅
Padding and building stage tensors for wiki-rfa dataset...
Success! ✅
Data creation profiling (seconds):
  get_edge_list: 4.77s
  split_edges: 0.10s
  get_walks: 64.71s
  get_tokenizer: 1.83s
  encode_walks: 34.84s
  pad_and_build_stage_tensors: 4.74s
Creating DataLoaders for wiki-rfa dataset...
Success! ✅
GPU available: True (cuda), used: True
TPU available: False, using: 0 TPU cores
HPU available: False, using: 0 HPUs
/home/eng/shilo_avital/yolo_lab/walk_to_paint/.venv/lib64/python3.9/site-packages/pytorch_lightning/callbacks/model_checkpoint.py:658: Checkpoint directory /home/eng/shilo_avital/yolo_lab/walk_to_paint/outputs/wiki-rfa/wiki-rfa-optuna_20251203-235202/checkpoints exists and is not empty.
LOCAL_RANK: 0 - CUDA_VISIBLE_DEVICES: [1]
Metric val_auc_epoch improved. New best score: 0.627
Metric val_auc_epoch improved by 0.045 >= min_delta = 0.0. New best score: 0.672
Metric val_auc_epoch improved by 0.013 >= min_delta = 0.0. New best score: 0.685
Metric val_auc_epoch improved by 0.007 >= min_delta = 0.0. New best score: 0.692
Metric val_auc_epoch improved by 0.020 >= min_delta = 0.0. New best score: 0.713
Metric val_auc_epoch improved by 0.017 >= min_delta = 0.0. New best score: 0.730
Metric val_auc_epoch improved by 0.006 >= min_delta = 0.0. New best score: 0.736
Monitored metric val_auc_epoch did not improve in the last 5 records. Best score: 0.736. Signaling Trainer to stop.
`Trainer.fit` stopped: `max_epochs=12` reached.
Restoring states from the checkpoint path at /home/eng/shilo_avital/yolo_lab/walk_to_paint/outputs/wiki-rfa/wiki-rfa-optuna_20251203-235202/checkpoints/trial_45-epoch=06-val_auc_epoch=0.7359.ckpt
LOCAL_RANK: 0 - CUDA_VISIBLE_DEVICES: [1]
Loaded model weights from the checkpoint at /home/eng/shilo_avital/yolo_lab/walk_to_paint/outputs/wiki-rfa/wiki-rfa-optuna_20251203-235202/checkpoints/trial_45-epoch=06-val_auc_epoch=0.7359.ckpt
────────────────────────────────────────────────────────────────────────────────────────────────────────────────────────
     Validate metric           DataLoader 0
────────────────────────────────────────────────────────────────────────────────────────────────────────────────────────
          step                     12.0
      val_acc_epoch          0.530474841594696
      val_auc_epoch         0.7358598113059998
      val_f1_epoch          0.4921846389770508
        val_loss             2.120393991470337
────────────────────────────────────────────────────────────────────────────────────────────────────────────────────────
✅ Trial 45 completed - Val AUC: 0.7359
[I 2025-12-04 19:57:39,086] Trial 45 finished with value: 0.7358598113059998 and parameters: {'dataset.max_walk_length': 100, 'dataset.num_walks': 854773, 'training.lr': 0.0018377986885508332, 'training.weight_decay': 3.3532107464238313e-06, 'training.batch_size': 256, 'training.gradient_clip_val': 0.25182305613985073, 'training.early_stopping_patience': 5, 'model.nhead': 8, 'model.embedding_dim': 32, 'model.hidden_dim': 8, 'model.nlayers': 6, 'model.dropout': 0.2564118353143424, 'training.epochs': 12}. Best is trial 35 with value: 0.771872878074646.
🧹 Cleaning up old checkpoints and logs (keeping top 10)...
  Removed old checkpoint: trial_35-epoch=09-val_auc_epoch=0.7719.ckpt
  Removed old checkpoint: trial_34-epoch=03-val_auc_epoch=0.5440.ckpt
  Removed old checkpoint: trial_33-epoch=08-val_auc_epoch=0.7540.ckpt
  Removed old checkpoint: trial_32-epoch=03-val_auc_epoch=0.7150.ckpt
  Removed old checkpoint: trial_31-epoch=05-val_auc_epoch=0.7101.ckpt
  Removed old log dir: trial_35
  Removed old log dir: trial_34
  Removed old log dir: trial_33
  Removed old log dir: trial_32
  Removed old log dir: trial_31
Seed set to 88

🔬 Trial 46 hyperparameters:
  Walk length: 94, Num walks: 1,383,757
  LR: 9.85e-04, Batch size: 256
  Model: emb_dim=32, hidden_dim=4
  Transformer: 5 layers, 16 heads
  Epochs: 8, Weighted loss: True
Loading wiki-rfa dataset...
Success! ✅
Splitting edges for wiki-rfa dataset...
Ratios: train=0.480, mask=0.320, val=0.100, test=0.100
Success! ✅
Sampling random walks from wiki-rfa dataset...
Success! ✅
Building tokenizer for wiki-rfa dataset...
Success! ✅
Padding and building stage tensors for wiki-rfa dataset...
Success! ✅
Data creation profiling (seconds):
  get_edge_list: 4.75s
  split_edges: 0.09s
  get_walks: 106.75s
  get_tokenizer: 3.15s
  encode_walks: 57.43s
  pad_and_build_stage_tensors: 7.23s
Creating DataLoaders for wiki-rfa dataset...
Success! ✅
GPU available: True (cuda), used: True
TPU available: False, using: 0 TPU cores
HPU available: False, using: 0 HPUs
/home/eng/shilo_avital/yolo_lab/walk_to_paint/.venv/lib64/python3.9/site-packages/pytorch_lightning/callbacks/model_checkpoint.py:658: Checkpoint directory /home/eng/shilo_avital/yolo_lab/walk_to_paint/outputs/wiki-rfa/wiki-rfa-optuna_20251203-235202/checkpoints exists and is not empty.
LOCAL_RANK: 0 - CUDA_VISIBLE_DEVICES: [1]
Metric val_auc_epoch improved. New best score: 0.584
Metric val_auc_epoch improved by 0.052 >= min_delta = 0.0. New best score: 0.635
Metric val_auc_epoch improved by 0.033 >= min_delta = 0.0. New best score: 0.668
Metric val_auc_epoch improved by 0.013 >= min_delta = 0.0. New best score: 0.681
Metric val_auc_epoch improved by 0.003 >= min_delta = 0.0. New best score: 0.684
Metric val_auc_epoch improved by 0.001 >= min_delta = 0.0. New best score: 0.686
❌ Trial 46 failed: Trial was pruned at epoch 6.
[I 2025-12-04 21:42:26,774] Trial 46 finished with value: 0.0 and parameters: {'dataset.max_walk_length': 94, 'dataset.num_walks': 1383757, 'training.lr': 0.0009847951121618231, 'training.weight_decay': 1.5199039580739558e-05, 'training.batch_size': 256, 'training.gradient_clip_val': 0.44836576754834223, 'training.early_stopping_patience': 7, 'model.nhead': 16, 'model.embedding_dim': 32, 'model.hidden_dim': 4, 'model.nlayers': 5, 'model.dropout': 0.30345906349187624, 'training.epochs': 8}. Best is trial 35 with value: 0.771872878074646.
Seed set to 89

🔬 Trial 47 hyperparameters:
  Walk length: 90, Num walks: 393,257
  LR: 1.75e-03, Batch size: 128
  Model: emb_dim=32, hidden_dim=16
  Transformer: 5 layers, 2 heads
  Epochs: 14, Weighted loss: True
Loading wiki-rfa dataset...
Success! ✅
Splitting edges for wiki-rfa dataset...
Ratios: train=0.480, mask=0.320, val=0.100, test=0.100
Success! ✅
Sampling random walks from wiki-rfa dataset...
Success! ✅
Building tokenizer for wiki-rfa dataset...
Success! ✅
Padding and building stage tensors for wiki-rfa dataset...
Success! ✅
Data creation profiling (seconds):
  get_edge_list: 84.79s
  split_edges: 0.09s
  get_walks: 29.63s
  get_tokenizer: 0.91s
  encode_walks: 16.17s
  pad_and_build_stage_tensors: 2.09s
Creating DataLoaders for wiki-rfa dataset...
Success! ✅
GPU available: True (cuda), used: True
TPU available: False, using: 0 TPU cores
HPU available: False, using: 0 HPUs
/home/eng/shilo_avital/yolo_lab/walk_to_paint/.venv/lib64/python3.9/site-packages/pytorch_lightning/callbacks/model_checkpoint.py:658: Checkpoint directory /home/eng/shilo_avital/yolo_lab/walk_to_paint/outputs/wiki-rfa/wiki-rfa-optuna_20251203-235202/checkpoints exists and is not empty.
LOCAL_RANK: 0 - CUDA_VISIBLE_DEVICES: [1]
Metric val_auc_epoch improved. New best score: 0.616
Metric val_auc_epoch improved by 0.067 >= min_delta = 0.0. New best score: 0.683
Metric val_auc_epoch improved by 0.023 >= min_delta = 0.0. New best score: 0.707
Metric val_auc_epoch improved by 0.022 >= min_delta = 0.0. New best score: 0.728
Metric val_auc_epoch improved by 0.005 >= min_delta = 0.0. New best score: 0.734
Metric val_auc_epoch improved by 0.012 >= min_delta = 0.0. New best score: 0.746
Monitored metric val_auc_epoch did not improve in the last 5 records. Best score: 0.746. Signaling Trainer to stop.
Restoring states from the checkpoint path at /home/eng/shilo_avital/yolo_lab/walk_to_paint/outputs/wiki-rfa/wiki-rfa-optuna_20251203-235202/checkpoints/trial_47-epoch=05-val_auc_epoch=0.7457.ckpt
LOCAL_RANK: 0 - CUDA_VISIBLE_DEVICES: [1]
Loaded model weights from the checkpoint at /home/eng/shilo_avital/yolo_lab/walk_to_paint/outputs/wiki-rfa/wiki-rfa-optuna_20251203-235202/checkpoints/trial_47-epoch=05-val_auc_epoch=0.7457.ckpt
────────────────────────────────────────────────────────────────────────────────────────────────────────────────────────
     Validate metric           DataLoader 0
────────────────────────────────────────────────────────────────────────────────────────────────────────────────────────
          step                     11.0
      val_acc_epoch         0.5216600894927979
      val_auc_epoch         0.7457210421562195
      val_f1_epoch          0.4911192059516907
        val_loss            1.8968011140823364
────────────────────────────────────────────────────────────────────────────────────────────────────────────────────────
✅ Trial 47 completed - Val AUC: 0.7457
[I 2025-12-04 21:54:05,163] Trial 47 finished with value: 0.7457210421562195 and parameters: {'dataset.max_walk_length': 90, 'dataset.num_walks': 393257, 'training.lr': 0.0017474110304982796, 'training.weight_decay': 7.864113950438429e-05, 'training.batch_size': 128, 'training.gradient_clip_val': 0.20193187766080206, 'training.early_stopping_patience': 5, 'model.nhead': 2, 'model.embedding_dim': 32, 'model.hidden_dim': 16, 'model.nlayers': 5, 'model.dropout': 0.26837231838518927, 'training.epochs': 14}. Best is trial 35 with value: 0.771872878074646.
Seed set to 90

🔬 Trial 48 hyperparameters:
  Walk length: 96, Num walks: 1,078,211
  LR: 6.27e-03, Batch size: 256
  Model: emb_dim=32, hidden_dim=4
  Transformer: 6 layers, 4 heads
  Epochs: 11, Weighted loss: True
Loading wiki-rfa dataset...
Success! ✅
Splitting edges for wiki-rfa dataset...
Ratios: train=0.480, mask=0.320, val=0.100, test=0.100
Success! ✅
Sampling random walks from wiki-rfa dataset...
Success! ✅
Building tokenizer for wiki-rfa dataset...
Success! ✅
Padding and building stage tensors for wiki-rfa dataset...
Success! ✅
Data creation profiling (seconds):
  get_edge_list: 4.72s
  split_edges: 0.09s
  get_walks: 81.86s
  get_tokenizer: 2.24s
  encode_walks: 44.56s
  pad_and_build_stage_tensors: 5.70s
Creating DataLoaders for wiki-rfa dataset...
Success! ✅
GPU available: True (cuda), used: True
TPU available: False, using: 0 TPU cores
HPU available: False, using: 0 HPUs
/home/eng/shilo_avital/yolo_lab/walk_to_paint/.venv/lib64/python3.9/site-packages/pytorch_lightning/callbacks/model_checkpoint.py:658: Checkpoint directory /home/eng/shilo_avital/yolo_lab/walk_to_paint/outputs/wiki-rfa/wiki-rfa-optuna_20251203-235202/checkpoints exists and is not empty.
LOCAL_RANK: 0 - CUDA_VISIBLE_DEVICES: [1]
Metric val_auc_epoch improved. New best score: 0.557
Metric val_auc_epoch improved by 0.001 >= min_delta = 0.0. New best score: 0.557
Metric val_auc_epoch improved by 0.000 >= min_delta = 0.0. New best score: 0.558
❌ Trial 48 failed: Trial was pruned at epoch 5.
[I 2025-12-04 22:11:22,471] Trial 48 finished with value: 0.0 and parameters: {'dataset.max_walk_length': 96, 'dataset.num_walks': 1078211, 'training.lr': 0.006274486639149861, 'training.weight_decay': 7.4784591907905765e-06, 'training.batch_size': 256, 'training.gradient_clip_val': 0.3127305476513201, 'training.early_stopping_patience': 8, 'model.nhead': 4, 'model.embedding_dim': 32, 'model.hidden_dim': 4, 'model.nlayers': 6, 'model.dropout': 0.3119817512127132, 'training.epochs': 11}. Best is trial 35 with value: 0.771872878074646.
Seed set to 91

🔬 Trial 49 hyperparameters:
  Walk length: 75, Num walks: 1,326,215
  LR: 3.06e-04, Batch size: 256
  Model: emb_dim=16, hidden_dim=32
  Transformer: 5 layers, 8 heads
  Epochs: 17, Weighted loss: True
Loading wiki-rfa dataset...
Success! ✅
Splitting edges for wiki-rfa dataset...
Ratios: train=0.480, mask=0.320, val=0.100, test=0.100
Success! ✅
Sampling random walks from wiki-rfa dataset...
Success! ✅
Building tokenizer for wiki-rfa dataset...
Success! ✅
Padding and building stage tensors for wiki-rfa dataset...
Success! ✅
Data creation profiling (seconds):
  get_edge_list: 84.89s
  split_edges: 0.09s
  get_walks: 100.95s
  get_tokenizer: 2.75s
  encode_walks: 54.66s
  pad_and_build_stage_tensors: 6.97s
Creating DataLoaders for wiki-rfa dataset...
Success! ✅
GPU available: True (cuda), used: True
TPU available: False, using: 0 TPU cores
HPU available: False, using: 0 HPUs
/home/eng/shilo_avital/yolo_lab/walk_to_paint/.venv/lib64/python3.9/site-packages/pytorch_lightning/callbacks/model_checkpoint.py:658: Checkpoint directory /home/eng/shilo_avital/yolo_lab/walk_to_paint/outputs/wiki-rfa/wiki-rfa-optuna_20251203-235202/checkpoints exists and is not empty.
LOCAL_RANK: 0 - CUDA_VISIBLE_DEVICES: [1]
Metric val_auc_epoch improved. New best score: 0.537
Metric val_auc_epoch improved by 0.005 >= min_delta = 0.0. New best score: 0.541
Metric val_auc_epoch improved by 0.009 >= min_delta = 0.0. New best score: 0.550
Metric val_auc_epoch improved by 0.011 >= min_delta = 0.0. New best score: 0.560
Metric val_auc_epoch improved by 0.007 >= min_delta = 0.0. New best score: 0.567
❌ Trial 49 failed: Trial was pruned at epoch 5.
[I 2025-12-04 22:43:18,712] Trial 49 finished with value: 0.0 and parameters: {'dataset.max_walk_length': 75, 'dataset.num_walks': 1326215, 'training.lr': 0.0003057263013252292, 'training.weight_decay': 2.8191833132024922e-05, 'training.batch_size': 256, 'training.gradient_clip_val': 0.18822243390630342, 'training.early_stopping_patience': 7, 'model.nhead': 8, 'model.embedding_dim': 16, 'model.hidden_dim': 32, 'model.nlayers': 5, 'model.dropout': 0.24040757457483702, 'training.epochs': 17}. Best is trial 35 with value: 0.771872878074646.
Seed set to 92

🔬 Trial 50 hyperparameters:
  Walk length: 83, Num walks: 431,605
  LR: 2.70e-03, Batch size: 32
  Model: emb_dim=32, hidden_dim=256
  Transformer: 4 layers, 2 heads
  Epochs: 13, Weighted loss: True
Loading wiki-rfa dataset...
Success! ✅
Splitting edges for wiki-rfa dataset...
Ratios: train=0.480, mask=0.320, val=0.100, test=0.100
Success! ✅
Sampling random walks from wiki-rfa dataset...
Success! ✅
Building tokenizer for wiki-rfa dataset...
Success! ✅
Padding and building stage tensors for wiki-rfa dataset...
Success! ✅
Data creation profiling (seconds):
  get_edge_list: 84.55s
  split_edges: 0.09s
  get_walks: 33.24s
  get_tokenizer: 0.97s
  encode_walks: 17.54s
  pad_and_build_stage_tensors: 2.29s
Creating DataLoaders for wiki-rfa dataset...
Success! ✅
GPU available: True (cuda), used: True
TPU available: False, using: 0 TPU cores
HPU available: False, using: 0 HPUs
/home/eng/shilo_avital/yolo_lab/walk_to_paint/.venv/lib64/python3.9/site-packages/pytorch_lightning/callbacks/model_checkpoint.py:658: Checkpoint directory /home/eng/shilo_avital/yolo_lab/walk_to_paint/outputs/wiki-rfa/wiki-rfa-optuna_20251203-235202/checkpoints exists and is not empty.
LOCAL_RANK: 0 - CUDA_VISIBLE_DEVICES: [1]
Metric val_auc_epoch improved. New best score: 0.500
Metric val_auc_epoch improved by 0.006 >= min_delta = 0.0. New best score: 0.506
❌ Trial 50 failed: Trial was pruned at epoch 5.
[I 2025-12-04 23:04:26,367] Trial 50 finished with value: 0.0 and parameters: {'dataset.max_walk_length': 83, 'dataset.num_walks': 431605, 'training.lr': 0.0026978926472845735, 'training.weight_decay': 3.97590946463228e-06, 'training.batch_size': 32, 'training.gradient_clip_val': 0.325873665773419, 'training.early_stopping_patience': 5, 'model.nhead': 2, 'model.embedding_dim': 32, 'model.hidden_dim': 256, 'model.nlayers': 4, 'model.dropout': 0.18888208460740352, 'training.epochs': 13}. Best is trial 35 with value: 0.771872878074646.
🧹 Cleaning up old checkpoints and logs (keeping top 10)...
  Removed old checkpoint: trial_40-epoch=02-val_auc_epoch=0.5498.ckpt
  Removed old checkpoint: trial_39-epoch=04-val_auc_epoch=0.5432.ckpt
  Removed old checkpoint: trial_38-epoch=03-val_auc_epoch=0.5016.ckpt
  Removed old checkpoint: trial_37-epoch=06-val_auc_epoch=0.7247.ckpt
  Removed old checkpoint: trial_36-epoch=03-val_auc_epoch=0.7274.ckpt
  Removed old log dir: trial_40
  Removed old log dir: trial_39
  Removed old log dir: trial_38
  Removed old log dir: trial_37
  Removed old log dir: trial_36
Seed set to 93

🔬 Trial 51 hyperparameters:
  Walk length: 89, Num walks: 634,301
  LR: 1.04e-03, Batch size: 256
  Model: emb_dim=32, hidden_dim=4
  Transformer: 5 layers, 2 heads
  Epochs: 11, Weighted loss: True
Loading wiki-rfa dataset...
Success! ✅
Splitting edges for wiki-rfa dataset...
Ratios: train=0.480, mask=0.320, val=0.100, test=0.100
Success! ✅
Sampling random walks from wiki-rfa dataset...
Success! ✅
Building tokenizer for wiki-rfa dataset...
Success! ✅
Padding and building stage tensors for wiki-rfa dataset...
Success! ✅
Data creation profiling (seconds):
  get_edge_list: 84.69s
  split_edges: 0.10s
  get_walks: 48.22s
  get_tokenizer: 1.39s
  encode_walks: 25.89s
  pad_and_build_stage_tensors: 3.39s
Creating DataLoaders for wiki-rfa dataset...
Success! ✅
GPU available: True (cuda), used: True
TPU available: False, using: 0 TPU cores
HPU available: False, using: 0 HPUs
/home/eng/shilo_avital/yolo_lab/walk_to_paint/.venv/lib64/python3.9/site-packages/pytorch_lightning/callbacks/model_checkpoint.py:658: Checkpoint directory /home/eng/shilo_avital/yolo_lab/walk_to_paint/outputs/wiki-rfa/wiki-rfa-optuna_20251203-235202/checkpoints exists and is not empty.
LOCAL_RANK: 0 - CUDA_VISIBLE_DEVICES: [1]
Metric val_auc_epoch improved. New best score: 0.594
Metric val_auc_epoch improved by 0.052 >= min_delta = 0.0. New best score: 0.645
Metric val_auc_epoch improved by 0.037 >= min_delta = 0.0. New best score: 0.682
Metric val_auc_epoch improved by 0.021 >= min_delta = 0.0. New best score: 0.704
Metric val_auc_epoch improved by 0.017 >= min_delta = 0.0. New best score: 0.720
Metric val_auc_epoch improved by 0.013 >= min_delta = 0.0. New best score: 0.733
Metric val_auc_epoch improved by 0.006 >= min_delta = 0.0. New best score: 0.739
Metric val_auc_epoch improved by 0.005 >= min_delta = 0.0. New best score: 0.744
Metric val_auc_epoch improved by 0.001 >= min_delta = 0.0. New best score: 0.745
Metric val_auc_epoch improved by 0.000 >= min_delta = 0.0. New best score: 0.745
`Trainer.fit` stopped: `max_epochs=11` reached.
Restoring states from the checkpoint path at /home/eng/shilo_avital/yolo_lab/walk_to_paint/outputs/wiki-rfa/wiki-rfa-optuna_20251203-235202/checkpoints/trial_51-epoch=10-val_auc_epoch=0.7454.ckpt
LOCAL_RANK: 0 - CUDA_VISIBLE_DEVICES: [1]
Loaded model weights from the checkpoint at /home/eng/shilo_avital/yolo_lab/walk_to_paint/outputs/wiki-rfa/wiki-rfa-optuna_20251203-235202/checkpoints/trial_51-epoch=10-val_auc_epoch=0.7454.ckpt
────────────────────────────────────────────────────────────────────────────────────────────────────────────────────────
     Validate metric           DataLoader 0
────────────────────────────────────────────────────────────────────────────────────────────────────────────────────────
          step                     11.0
      val_acc_epoch         0.5300848484039307
      val_auc_epoch         0.7453510165214539
      val_f1_epoch          0.4843551516532898
        val_loss            1.6242401599884033
────────────────────────────────────────────────────────────────────────────────────────────────────────────────────────
✅ Trial 51 completed - Val AUC: 0.7454
[I 2025-12-04 23:16:36,254] Trial 51 finished with value: 0.7453510165214539 and parameters: {'dataset.max_walk_length': 89, 'dataset.num_walks': 634301, 'training.lr': 0.0010405170154183245, 'training.weight_decay': 7.678259476308173e-06, 'training.batch_size': 256, 'training.gradient_clip_val': 0.40852661142021984, 'training.early_stopping_patience': 6, 'model.nhead': 2, 'model.embedding_dim': 32, 'model.hidden_dim': 4, 'model.nlayers': 5, 'model.dropout': 0.2226708939005779, 'training.epochs': 11}. Best is trial 35 with value: 0.771872878074646.
Seed set to 94

🔬 Trial 52 hyperparameters:
  Walk length: 86, Num walks: 800,342
  LR: 1.61e-03, Batch size: 256
  Model: emb_dim=32, hidden_dim=4
  Transformer: 6 layers, 2 heads
  Epochs: 9, Weighted loss: True
Loading wiki-rfa dataset...
Success! ✅
Splitting edges for wiki-rfa dataset...
Ratios: train=0.480, mask=0.320, val=0.100, test=0.100
Success! ✅
Sampling random walks from wiki-rfa dataset...
Success! ✅
Building tokenizer for wiki-rfa dataset...
Success! ✅
Padding and building stage tensors for wiki-rfa dataset...
Success! ✅
Data creation profiling (seconds):
  get_edge_list: 4.48s
  split_edges: 0.09s
  get_walks: 61.52s
  get_tokenizer: 1.72s
  encode_walks: 33.24s
  pad_and_build_stage_tensors: 4.35s
Creating DataLoaders for wiki-rfa dataset...
Success! ✅
GPU available: True (cuda), used: True
TPU available: False, using: 0 TPU cores
HPU available: False, using: 0 HPUs
/home/eng/shilo_avital/yolo_lab/walk_to_paint/.venv/lib64/python3.9/site-packages/pytorch_lightning/callbacks/model_checkpoint.py:658: Checkpoint directory /home/eng/shilo_avital/yolo_lab/walk_to_paint/outputs/wiki-rfa/wiki-rfa-optuna_20251203-235202/checkpoints exists and is not empty.
LOCAL_RANK: 0 - CUDA_VISIBLE_DEVICES: [1]
Metric val_auc_epoch improved. New best score: 0.651
Metric val_auc_epoch improved by 0.050 >= min_delta = 0.0. New best score: 0.701
Metric val_auc_epoch improved by 0.025 >= min_delta = 0.0. New best score: 0.726
Metric val_auc_epoch improved by 0.013 >= min_delta = 0.0. New best score: 0.739
`Trainer.fit` stopped: `max_epochs=9` reached.
Restoring states from the checkpoint path at /home/eng/shilo_avital/yolo_lab/walk_to_paint/outputs/wiki-rfa/wiki-rfa-optuna_20251203-235202/checkpoints/trial_52-epoch=03-val_auc_epoch=0.7386.ckpt
LOCAL_RANK: 0 - CUDA_VISIBLE_DEVICES: [1]
Loaded model weights from the checkpoint at /home/eng/shilo_avital/yolo_lab/walk_to_paint/outputs/wiki-rfa/wiki-rfa-optuna_20251203-235202/checkpoints/trial_52-epoch=03-val_auc_epoch=0.7386.ckpt
────────────────────────────────────────────────────────────────────────────────────────────────────────────────────────
     Validate metric           DataLoader 0
────────────────────────────────────────────────────────────────────────────────────────────────────────────────────────
          step                      9.0
      val_acc_epoch         0.5020529627799988
      val_auc_epoch         0.7386114001274109
      val_f1_epoch          0.4712769091129303
        val_loss            1.8622504472732544
────────────────────────────────────────────────────────────────────────────────────────────────────────────────────────
✅ Trial 52 completed - Val AUC: 0.7386
[I 2025-12-04 23:29:00,515] Trial 52 finished with value: 0.7386114001274109 and parameters: {'dataset.max_walk_length': 86, 'dataset.num_walks': 800342, 'training.lr': 0.0016104964448502052, 'training.weight_decay': 2.410545480105357e-06, 'training.batch_size': 256, 'training.gradient_clip_val': 0.34982850255898057, 'training.early_stopping_patience': 6, 'model.nhead': 2, 'model.embedding_dim': 32, 'model.hidden_dim': 4, 'model.nlayers': 6, 'model.dropout': 0.21251156126005386, 'training.epochs': 9}. Best is trial 35 with value: 0.771872878074646.
Seed set to 95

🔬 Trial 53 hyperparameters:
  Walk length: 85, Num walks: 699,168
  LR: 3.10e-03, Batch size: 256
  Model: emb_dim=32, hidden_dim=4
  Transformer: 5 layers, 2 heads
  Epochs: 10, Weighted loss: True
Loading wiki-rfa dataset...
Success! ✅
Splitting edges for wiki-rfa dataset...
Ratios: train=0.480, mask=0.320, val=0.100, test=0.100
Success! ✅
Sampling random walks from wiki-rfa dataset...
Success! ✅
Building tokenizer for wiki-rfa dataset...
Success! ✅
Padding and building stage tensors for wiki-rfa dataset...
Success! ✅
Data creation profiling (seconds):
  get_edge_list: 4.70s
  split_edges: 0.10s
  get_walks: 54.23s
  get_tokenizer: 1.50s
  encode_walks: 28.65s
  pad_and_build_stage_tensors: 3.60s
Creating DataLoaders for wiki-rfa dataset...
Success! ✅
GPU available: True (cuda), used: True
TPU available: False, using: 0 TPU cores
HPU available: False, using: 0 HPUs
/home/eng/shilo_avital/yolo_lab/walk_to_paint/.venv/lib64/python3.9/site-packages/pytorch_lightning/callbacks/model_checkpoint.py:658: Checkpoint directory /home/eng/shilo_avital/yolo_lab/walk_to_paint/outputs/wiki-rfa/wiki-rfa-optuna_20251203-235202/checkpoints exists and is not empty.
LOCAL_RANK: 0 - CUDA_VISIBLE_DEVICES: [1]
Metric val_auc_epoch improved. New best score: 0.649
Metric val_auc_epoch improved by 0.055 >= min_delta = 0.0. New best score: 0.704
Metric val_auc_epoch improved by 0.034 >= min_delta = 0.0. New best score: 0.738
Metric val_auc_epoch improved by 0.017 >= min_delta = 0.0. New best score: 0.755
Metric val_auc_epoch improved by 0.007 >= min_delta = 0.0. New best score: 0.762
`Trainer.fit` stopped: `max_epochs=10` reached.
Restoring states from the checkpoint path at /home/eng/shilo_avital/yolo_lab/walk_to_paint/outputs/wiki-rfa/wiki-rfa-optuna_20251203-235202/checkpoints/trial_53-epoch=04-val_auc_epoch=0.7618.ckpt
LOCAL_RANK: 0 - CUDA_VISIBLE_DEVICES: [1]
Loaded model weights from the checkpoint at /home/eng/shilo_avital/yolo_lab/walk_to_paint/outputs/wiki-rfa/wiki-rfa-optuna_20251203-235202/checkpoints/trial_53-epoch=04-val_auc_epoch=0.7618.ckpt
────────────────────────────────────────────────────────────────────────────────────────────────────────────────────────
     Validate metric           DataLoader 0
────────────────────────────────────────────────────────────────────────────────────────────────────────────────────────
          step                     10.0
      val_acc_epoch         0.5285093188285828
      val_auc_epoch         0.7617909908294678
      val_f1_epoch          0.4871528744697571
        val_loss            2.1487410068511963
────────────────────────────────────────────────────────────────────────────────────────────────────────────────────────
✅ Trial 53 completed - Val AUC: 0.7618
[I 2025-12-04 23:39:46,784] Trial 53 finished with value: 0.7617909908294678 and parameters: {'dataset.max_walk_length': 85, 'dataset.num_walks': 699168, 'training.lr': 0.0030982743199449063, 'training.weight_decay': 1.4930568867143483e-05, 'training.batch_size': 256, 'training.gradient_clip_val': 0.16635545394492074, 'training.early_stopping_patience': 7, 'model.nhead': 2, 'model.embedding_dim': 32, 'model.hidden_dim': 4, 'model.nlayers': 5, 'model.dropout': 0.2820034995967659, 'training.epochs': 10}. Best is trial 35 with value: 0.771872878074646.
Seed set to 96

🔬 Trial 54 hyperparameters:
  Walk length: 97, Num walks: 752,865
  LR: 9.17e-03, Batch size: 256
  Model: emb_dim=32, hidden_dim=4
  Transformer: 4 layers, 2 heads
  Epochs: 7, Weighted loss: True
Loading wiki-rfa dataset...
Success! ✅
Splitting edges for wiki-rfa dataset...
Ratios: train=0.480, mask=0.320, val=0.100, test=0.100
Success! ✅
Sampling random walks from wiki-rfa dataset...
Success! ✅
Building tokenizer for wiki-rfa dataset...
Success! ✅
Padding and building stage tensors for wiki-rfa dataset...
Success! ✅
Data creation profiling (seconds):
  get_edge_list: 4.65s
  split_edges: 0.10s
  get_walks: 57.65s
  get_tokenizer: 1.59s
  encode_walks: 30.98s
  pad_and_build_stage_tensors: 4.03s
Creating DataLoaders for wiki-rfa dataset...
Success! ✅
GPU available: True (cuda), used: True
TPU available: False, using: 0 TPU cores
HPU available: False, using: 0 HPUs
/home/eng/shilo_avital/yolo_lab/walk_to_paint/.venv/lib64/python3.9/site-packages/pytorch_lightning/callbacks/model_checkpoint.py:658: Checkpoint directory /home/eng/shilo_avital/yolo_lab/walk_to_paint/outputs/wiki-rfa/wiki-rfa-optuna_20251203-235202/checkpoints exists and is not empty.
LOCAL_RANK: 0 - CUDA_VISIBLE_DEVICES: [1]
Metric val_auc_epoch improved. New best score: 0.520
❌ Trial 54 failed: Trial was pruned at epoch 5.
[I 2025-12-04 23:47:25,493] Trial 54 finished with value: 0.0 and parameters: {'dataset.max_walk_length': 97, 'dataset.num_walks': 752865, 'training.lr': 0.009169920620843975, 'training.weight_decay': 1.550894176470241e-05, 'training.batch_size': 256, 'training.gradient_clip_val': 0.18438615917330997, 'training.early_stopping_patience': 8, 'model.nhead': 2, 'model.embedding_dim': 32, 'model.hidden_dim': 4, 'model.nlayers': 4, 'model.dropout': 0.338933348946854, 'training.epochs': 7}. Best is trial 35 with value: 0.771872878074646.
Seed set to 97

🔬 Trial 55 hyperparameters:
  Walk length: 75, Num walks: 952,518
  LR: 2.66e-03, Batch size: 256
  Model: emb_dim=8, hidden_dim=128
  Transformer: 5 layers, 2 heads
  Epochs: 10, Weighted loss: True
Loading wiki-rfa dataset...
Success! ✅
Splitting edges for wiki-rfa dataset...
Ratios: train=0.480, mask=0.320, val=0.100, test=0.100
Success! ✅
Sampling random walks from wiki-rfa dataset...
Success! ✅
Building tokenizer for wiki-rfa dataset...
Success! ✅
Padding and building stage tensors for wiki-rfa dataset...
Success! ✅
Data creation profiling (seconds):
  get_edge_list: 84.69s
  split_edges: 0.09s
  get_walks: 72.94s
  get_tokenizer: 2.08s
  encode_walks: 38.38s
  pad_and_build_stage_tensors: 4.86s
Creating DataLoaders for wiki-rfa dataset...
Success! ✅
GPU available: True (cuda), used: True
TPU available: False, using: 0 TPU cores
HPU available: False, using: 0 HPUs
/home/eng/shilo_avital/yolo_lab/walk_to_paint/.venv/lib64/python3.9/site-packages/pytorch_lightning/callbacks/model_checkpoint.py:658: Checkpoint directory /home/eng/shilo_avital/yolo_lab/walk_to_paint/outputs/wiki-rfa/wiki-rfa-optuna_20251203-235202/checkpoints exists and is not empty.
LOCAL_RANK: 0 - CUDA_VISIBLE_DEVICES: [1]
Metric val_auc_epoch improved. New best score: 0.540
Metric val_auc_epoch improved by 0.019 >= min_delta = 0.0. New best score: 0.558
Metric val_auc_epoch improved by 0.014 >= min_delta = 0.0. New best score: 0.572
Metric val_auc_epoch improved by 0.013 >= min_delta = 0.0. New best score: 0.585
Metric val_auc_epoch improved by 0.007 >= min_delta = 0.0. New best score: 0.592
❌ Trial 55 failed: Trial was pruned at epoch 5.
[I 2025-12-04 23:57:37,109] Trial 55 finished with value: 0.0 and parameters: {'dataset.max_walk_length': 75, 'dataset.num_walks': 952518, 'training.lr': 0.0026639500399079368, 'training.weight_decay': 4.9173072368841705e-05, 'training.batch_size': 256, 'training.gradient_clip_val': 0.1311673569677887, 'training.early_stopping_patience': 9, 'model.nhead': 2, 'model.embedding_dim': 8, 'model.hidden_dim': 128, 'model.nlayers': 5, 'model.dropout': 0.27460012182918375, 'training.epochs': 10}. Best is trial 35 with value: 0.771872878074646.
🧹 Cleaning up old checkpoints and logs (keeping top 10)...
  Removed old checkpoint: trial_45-epoch=06-val_auc_epoch=0.7359.ckpt
  Removed old checkpoint: trial_44-epoch=03-val_auc_epoch=0.7633.ckpt
  Removed old checkpoint: trial_43-epoch=02-val_auc_epoch=0.7463.ckpt
  Removed old checkpoint: trial_42-epoch=05-val_auc_epoch=0.7519.ckpt
  Removed old checkpoint: trial_41-epoch=05-val_auc_epoch=0.7483.ckpt
  Removed old log dir: trial_45
  Removed old log dir: trial_44
  Removed old log dir: trial_43
  Removed old log dir: trial_42
  Removed old log dir: trial_41
Seed set to 98

🔬 Trial 56 hyperparameters:
  Walk length: 79, Num walks: 599,488
  LR: 4.26e-04, Batch size: 128
  Model: emb_dim=64, hidden_dim=4
  Transformer: 6 layers, 8 heads
  Epochs: 12, Weighted loss: True
Loading wiki-rfa dataset...
Success! ✅
Splitting edges for wiki-rfa dataset...
Ratios: train=0.480, mask=0.320, val=0.100, test=0.100
Success! ✅
Sampling random walks from wiki-rfa dataset...
Success! ✅
Building tokenizer for wiki-rfa dataset...
Success! ✅
Padding and building stage tensors for wiki-rfa dataset...
Success! ✅
Data creation profiling (seconds):
  get_edge_list: 84.58s
  split_edges: 0.09s
  get_walks: 45.88s
  get_tokenizer: 1.41s
  encode_walks: 24.15s
  pad_and_build_stage_tensors: 3.18s
Creating DataLoaders for wiki-rfa dataset...
Success! ✅
GPU available: True (cuda), used: True
TPU available: False, using: 0 TPU cores
HPU available: False, using: 0 HPUs
/home/eng/shilo_avital/yolo_lab/walk_to_paint/.venv/lib64/python3.9/site-packages/pytorch_lightning/callbacks/model_checkpoint.py:658: Checkpoint directory /home/eng/shilo_avital/yolo_lab/walk_to_paint/outputs/wiki-rfa/wiki-rfa-optuna_20251203-235202/checkpoints exists and is not empty.
LOCAL_RANK: 0 - CUDA_VISIBLE_DEVICES: [1]
Metric val_auc_epoch improved. New best score: 0.563
Metric val_auc_epoch improved by 0.005 >= min_delta = 0.0. New best score: 0.568
Metric val_auc_epoch improved by 0.026 >= min_delta = 0.0. New best score: 0.594
Metric val_auc_epoch improved by 0.033 >= min_delta = 0.0. New best score: 0.626
Metric val_auc_epoch improved by 0.014 >= min_delta = 0.0. New best score: 0.640
❌ Trial 56 failed: Trial was pruned at epoch 5.
[I 2025-12-05 00:11:39,389] Trial 56 finished with value: 0.0 and parameters: {'dataset.max_walk_length': 79, 'dataset.num_walks': 599488, 'training.lr': 0.00042610804706786867, 'training.weight_decay': 1.0999308367552507e-05, 'training.batch_size': 128, 'training.gradient_clip_val': 0.27762237252153144, 'training.early_stopping_patience': 7, 'model.nhead': 8, 'model.embedding_dim': 64, 'model.hidden_dim': 4, 'model.nlayers': 6, 'model.dropout': 0.29053421152974557, 'training.epochs': 12}. Best is trial 35 with value: 0.771872878074646.
Seed set to 99

🔬 Trial 57 hyperparameters:
  Walk length: 32, Num walks: 452,660
  LR: 8.57e-04, Batch size: 256
  Model: emb_dim=4, hidden_dim=16
  Transformer: 3 layers, 2 heads
  Epochs: 7, Weighted loss: True
Loading wiki-rfa dataset...
Success! ✅
Splitting edges for wiki-rfa dataset...
Ratios: train=0.480, mask=0.320, val=0.100, test=0.100
Success! ✅
Sampling random walks from wiki-rfa dataset...
Success! ✅
Building tokenizer for wiki-rfa dataset...
Success! ✅
Padding and building stage tensors for wiki-rfa dataset...
Success! ✅
Data creation profiling (seconds):
  get_edge_list: 84.71s
  split_edges: 0.09s
  get_walks: 35.47s
  get_tokenizer: 1.05s
  encode_walks: 18.54s
  pad_and_build_stage_tensors: 2.32s
Creating DataLoaders for wiki-rfa dataset...
Success! ✅
GPU available: True (cuda), used: True
TPU available: False, using: 0 TPU cores
HPU available: False, using: 0 HPUs
/home/eng/shilo_avital/yolo_lab/walk_to_paint/.venv/lib64/python3.9/site-packages/pytorch_lightning/callbacks/model_checkpoint.py:658: Checkpoint directory /home/eng/shilo_avital/yolo_lab/walk_to_paint/outputs/wiki-rfa/wiki-rfa-optuna_20251203-235202/checkpoints exists and is not empty.
LOCAL_RANK: 0 - CUDA_VISIBLE_DEVICES: [1]
Metric val_auc_epoch improved. New best score: 0.544
Metric val_auc_epoch improved by 0.010 >= min_delta = 0.0. New best score: 0.554
❌ Trial 57 failed: Trial was pruned at epoch 5.
[I 2025-12-05 00:16:33,550] Trial 57 finished with value: 0.0 and parameters: {'dataset.max_walk_length': 32, 'dataset.num_walks': 452660, 'training.lr': 0.0008565035565490108, 'training.weight_decay': 2.2523346389546672e-05, 'training.batch_size': 256, 'training.gradient_clip_val': 0.10479743017948645, 'training.early_stopping_patience': 10, 'model.nhead': 2, 'model.embedding_dim': 4, 'model.hidden_dim': 16, 'model.nlayers': 3, 'model.dropout': 0.24390387377156975, 'training.epochs': 7}. Best is trial 35 with value: 0.771872878074646.
Seed set to 100

🔬 Trial 58 hyperparameters:
  Walk length: 92, Num walks: 366,701
  LR: 1.61e-03, Batch size: 256
  Model: emb_dim=16, hidden_dim=8
  Transformer: 5 layers, 16 heads
  Epochs: 9, Weighted loss: True
Loading wiki-rfa dataset...
Success! ✅
Splitting edges for wiki-rfa dataset...
Ratios: train=0.480, mask=0.320, val=0.100, test=0.100
Success! ✅
Sampling random walks from wiki-rfa dataset...
Success! ✅
Building tokenizer for wiki-rfa dataset...
Success! ✅
Padding and building stage tensors for wiki-rfa dataset...
Success! ✅
Data creation profiling (seconds):
  get_edge_list: 84.62s
  split_edges: 0.09s
  get_walks: 28.19s
  get_tokenizer: 0.93s
  encode_walks: 14.98s
  pad_and_build_stage_tensors: 1.98s
Creating DataLoaders for wiki-rfa dataset...
Success! ✅
GPU available: True (cuda), used: True
TPU available: False, using: 0 TPU cores
HPU available: False, using: 0 HPUs
/home/eng/shilo_avital/yolo_lab/walk_to_paint/.venv/lib64/python3.9/site-packages/pytorch_lightning/callbacks/model_checkpoint.py:658: Checkpoint directory /home/eng/shilo_avital/yolo_lab/walk_to_paint/outputs/wiki-rfa/wiki-rfa-optuna_20251203-235202/checkpoints exists and is not empty.
LOCAL_RANK: 0 - CUDA_VISIBLE_DEVICES: [1]
Metric val_auc_epoch improved. New best score: 0.556
Metric val_auc_epoch improved by 0.008 >= min_delta = 0.0. New best score: 0.563
Metric val_auc_epoch improved by 0.003 >= min_delta = 0.0. New best score: 0.567
Metric val_auc_epoch improved by 0.005 >= min_delta = 0.0. New best score: 0.572
Metric val_auc_epoch improved by 0.000 >= min_delta = 0.0. New best score: 0.572
❌ Trial 58 failed: Trial was pruned at epoch 5.
[I 2025-12-05 00:38:15,623] Trial 58 finished with value: 0.0 and parameters: {'dataset.max_walk_length': 92, 'dataset.num_walks': 366701, 'training.lr': 0.001608182759123149, 'training.weight_decay': 0.0001058623650910878, 'training.batch_size': 256, 'training.gradient_clip_val': 0.4659263027161433, 'training.early_stopping_patience': 13, 'model.nhead': 16, 'model.embedding_dim': 16, 'model.hidden_dim': 8, 'model.nlayers': 5, 'model.dropout': 0.35579156966853936, 'training.epochs': 9}. Best is trial 35 with value: 0.771872878074646.
Seed set to 101

🔬 Trial 59 hyperparameters:
  Walk length: 23, Num walks: 834,400
  LR: 1.80e-04, Batch size: 64
  Model: emb_dim=32, hidden_dim=4
  Transformer: 4 layers, 8 heads
  Epochs: 10, Weighted loss: True
Loading wiki-rfa dataset...
Success! ✅
Splitting edges for wiki-rfa dataset...
Ratios: train=0.480, mask=0.320, val=0.100, test=0.100
Success! ✅
Sampling random walks from wiki-rfa dataset...
Success! ✅
Building tokenizer for wiki-rfa dataset...
Success! ✅
Padding and building stage tensors for wiki-rfa dataset...
Success! ✅
Data creation profiling (seconds):
  get_edge_list: 84.92s
  split_edges: 0.09s
  get_walks: 63.14s
  get_tokenizer: 1.83s
  encode_walks: 32.83s
  pad_and_build_stage_tensors: 4.08s
Creating DataLoaders for wiki-rfa dataset...
Success! ✅
GPU available: True (cuda), used: True
TPU available: False, using: 0 TPU cores
HPU available: False, using: 0 HPUs
/home/eng/shilo_avital/yolo_lab/walk_to_paint/.venv/lib64/python3.9/site-packages/pytorch_lightning/callbacks/model_checkpoint.py:658: Checkpoint directory /home/eng/shilo_avital/yolo_lab/walk_to_paint/outputs/wiki-rfa/wiki-rfa-optuna_20251203-235202/checkpoints exists and is not empty.
LOCAL_RANK: 0 - CUDA_VISIBLE_DEVICES: [1]
Metric val_auc_epoch improved. New best score: 0.537
Metric val_auc_epoch improved by 0.011 >= min_delta = 0.0. New best score: 0.549
Metric val_auc_epoch improved by 0.013 >= min_delta = 0.0. New best score: 0.561
Metric val_auc_epoch improved by 0.010 >= min_delta = 0.0. New best score: 0.571
Metric val_auc_epoch improved by 0.012 >= min_delta = 0.0. New best score: 0.582
❌ Trial 59 failed: Trial was pruned at epoch 5.
[I 2025-12-05 00:59:41,583] Trial 59 finished with value: 0.0 and parameters: {'dataset.max_walk_length': 23, 'dataset.num_walks': 834400, 'training.lr': 0.00017991502684491673, 'training.weight_decay': 1.8147395810236384e-06, 'training.batch_size': 64, 'training.gradient_clip_val': 0.5681119636932591, 'training.early_stopping_patience': 5, 'model.nhead': 8, 'model.embedding_dim': 32, 'model.hidden_dim': 4, 'model.nlayers': 4, 'model.dropout': 0.15610365982380425, 'training.epochs': 10}. Best is trial 35 with value: 0.771872878074646.
Seed set to 102

🔬 Trial 60 hyperparameters:
  Walk length: 63, Num walks: 712,842
  LR: 2.51e-04, Batch size: 256
  Model: emb_dim=128, hidden_dim=4
  Transformer: 4 layers, 1 heads
  Epochs: 13, Weighted loss: True
Loading wiki-rfa dataset...
Success! ✅
Splitting edges for wiki-rfa dataset...
Ratios: train=0.480, mask=0.320, val=0.100, test=0.100
Success! ✅
Sampling random walks from wiki-rfa dataset...
Success! ✅
Building tokenizer for wiki-rfa dataset...
Success! ✅
Padding and building stage tensors for wiki-rfa dataset...
Success! ✅
Data creation profiling (seconds):
  get_edge_list: 84.67s
  split_edges: 0.09s
  get_walks: 55.20s
  get_tokenizer: 1.51s
  encode_walks: 28.59s
  pad_and_build_stage_tensors: 3.78s
Creating DataLoaders for wiki-rfa dataset...
Success! ✅
/home/eng/shilo_avital/yolo_lab/walk_to_paint/.venv/lib64/python3.9/site-packages/torch/nn/modules/transformer.py:382: UserWarning: enable_nested_tensor is True, but self.use_nested_tensor is False because encoder_layer.self_attn.num_heads is odd
  warnings.warn(
GPU available: True (cuda), used: True
TPU available: False, using: 0 TPU cores
HPU available: False, using: 0 HPUs
/home/eng/shilo_avital/yolo_lab/walk_to_paint/.venv/lib64/python3.9/site-packages/pytorch_lightning/callbacks/model_checkpoint.py:658: Checkpoint directory /home/eng/shilo_avital/yolo_lab/walk_to_paint/outputs/wiki-rfa/wiki-rfa-optuna_20251203-235202/checkpoints exists and is not empty.
LOCAL_RANK: 0 - CUDA_VISIBLE_DEVICES: [1]
Metric val_auc_epoch improved. New best score: 0.593
Metric val_auc_epoch improved by 0.027 >= min_delta = 0.0. New best score: 0.620
Metric val_auc_epoch improved by 0.021 >= min_delta = 0.0. New best score: 0.642
Metric val_auc_epoch improved by 0.014 >= min_delta = 0.0. New best score: 0.656
Metric val_auc_epoch improved by 0.006 >= min_delta = 0.0. New best score: 0.661
Metric val_auc_epoch improved by 0.008 >= min_delta = 0.0. New best score: 0.669
❌ Trial 60 failed: Trial was pruned at epoch 6.
[I 2025-12-05 01:08:46,400] Trial 60 finished with value: 0.0 and parameters: {'dataset.max_walk_length': 63, 'dataset.num_walks': 712842, 'training.lr': 0.00025116262526651514, 'training.weight_decay': 1.8027997291857683e-05, 'training.batch_size': 256, 'training.gradient_clip_val': 0.19181001096922543, 'training.early_stopping_patience': 7, 'model.nhead': 1, 'model.embedding_dim': 128, 'model.hidden_dim': 4, 'model.nlayers': 4, 'model.dropout': 0.17940786910799145, 'training.epochs': 13}. Best is trial 35 with value: 0.771872878074646.
🧹 Cleaning up old checkpoints and logs (keeping top 10)...
  Removed old checkpoint: trial_50-epoch=01-val_auc_epoch=0.5056.ckpt
  Removed old checkpoint: trial_49-epoch=04-val_auc_epoch=0.5674.ckpt
  Removed old checkpoint: trial_48-epoch=04-val_auc_epoch=0.5575.ckpt
  Removed old checkpoint: trial_47-epoch=05-val_auc_epoch=0.7457.ckpt
  Removed old checkpoint: trial_46-epoch=05-val_auc_epoch=0.6856.ckpt
  Removed old log dir: trial_50
  Removed old log dir: trial_49
  Removed old log dir: trial_48
  Removed old log dir: trial_47
  Removed old log dir: trial_46
Seed set to 103

🔬 Trial 61 hyperparameters:
  Walk length: 86, Num walks: 598,063
  LR: 3.59e-03, Batch size: 256
  Model: emb_dim=32, hidden_dim=4
  Transformer: 5 layers, 2 heads
  Epochs: 11, Weighted loss: True
Loading wiki-rfa dataset...
Success! ✅
Splitting edges for wiki-rfa dataset...
Ratios: train=0.480, mask=0.320, val=0.100, test=0.100
Success! ✅
Sampling random walks from wiki-rfa dataset...
Success! ✅
Building tokenizer for wiki-rfa dataset...
Success! ✅
Padding and building stage tensors for wiki-rfa dataset...
Success! ✅
Data creation profiling (seconds):
  get_edge_list: 84.71s
  split_edges: 0.09s
  get_walks: 44.54s
  get_tokenizer: 1.29s
  encode_walks: 23.64s
  pad_and_build_stage_tensors: 3.11s
Creating DataLoaders for wiki-rfa dataset...
Success! ✅
GPU available: True (cuda), used: True
TPU available: False, using: 0 TPU cores
HPU available: False, using: 0 HPUs
/home/eng/shilo_avital/yolo_lab/walk_to_paint/.venv/lib64/python3.9/site-packages/pytorch_lightning/callbacks/model_checkpoint.py:658: Checkpoint directory /home/eng/shilo_avital/yolo_lab/walk_to_paint/outputs/wiki-rfa/wiki-rfa-optuna_20251203-235202/checkpoints exists and is not empty.
LOCAL_RANK: 0 - CUDA_VISIBLE_DEVICES: [1]
Metric val_auc_epoch improved. New best score: 0.644
Metric val_auc_epoch improved by 0.030 >= min_delta = 0.0. New best score: 0.674
Metric val_auc_epoch improved by 0.012 >= min_delta = 0.0. New best score: 0.686
Metric val_auc_epoch improved by 0.006 >= min_delta = 0.0. New best score: 0.692
Metric val_auc_epoch improved by 0.016 >= min_delta = 0.0. New best score: 0.708
Metric val_auc_epoch improved by 0.004 >= min_delta = 0.0. New best score: 0.711
❌ Trial 61 failed: Trial was pruned at epoch 8.
[I 2025-12-05 01:18:22,355] Trial 61 finished with value: 0.0 and parameters: {'dataset.max_walk_length': 86, 'dataset.num_walks': 598063, 'training.lr': 0.0035949342453578488, 'training.weight_decay': 7.24604015973224e-06, 'training.batch_size': 256, 'training.gradient_clip_val': 0.3029671279756688, 'training.early_stopping_patience': 6, 'model.nhead': 2, 'model.embedding_dim': 32, 'model.hidden_dim': 4, 'model.nlayers': 5, 'model.dropout': 0.23128221112967456, 'training.epochs': 11}. Best is trial 35 with value: 0.771872878074646.
Seed set to 104

🔬 Trial 62 hyperparameters:
  Walk length: 82, Num walks: 576,320
  LR: 2.32e-03, Batch size: 256
  Model: emb_dim=32, hidden_dim=4
  Transformer: 5 layers, 2 heads
  Epochs: 25, Weighted loss: True
Loading wiki-rfa dataset...
Success! ✅
Splitting edges for wiki-rfa dataset...
Ratios: train=0.480, mask=0.320, val=0.100, test=0.100
Success! ✅
Sampling random walks from wiki-rfa dataset...
Success! ✅
Building tokenizer for wiki-rfa dataset...
Success! ✅
Padding and building stage tensors for wiki-rfa dataset...
Success! ✅
Data creation profiling (seconds):
  get_edge_list: 84.86s
  split_edges: 0.09s
  get_walks: 42.90s
  get_tokenizer: 1.25s
  encode_walks: 23.93s
  pad_and_build_stage_tensors: 3.02s
Creating DataLoaders for wiki-rfa dataset...
Success! ✅
GPU available: True (cuda), used: True
TPU available: False, using: 0 TPU cores
HPU available: False, using: 0 HPUs
/home/eng/shilo_avital/yolo_lab/walk_to_paint/.venv/lib64/python3.9/site-packages/pytorch_lightning/callbacks/model_checkpoint.py:658: Checkpoint directory /home/eng/shilo_avital/yolo_lab/walk_to_paint/outputs/wiki-rfa/wiki-rfa-optuna_20251203-235202/checkpoints exists and is not empty.
LOCAL_RANK: 0 - CUDA_VISIBLE_DEVICES: [1]
Metric val_auc_epoch improved. New best score: 0.629
Metric val_auc_epoch improved by 0.050 >= min_delta = 0.0. New best score: 0.679
Metric val_auc_epoch improved by 0.045 >= min_delta = 0.0. New best score: 0.724
Metric val_auc_epoch improved by 0.023 >= min_delta = 0.0. New best score: 0.748
Metric val_auc_epoch improved by 0.004 >= min_delta = 0.0. New best score: 0.752
Monitored metric val_auc_epoch did not improve in the last 8 records. Best score: 0.752. Signaling Trainer to stop.
Restoring states from the checkpoint path at /home/eng/shilo_avital/yolo_lab/walk_to_paint/outputs/wiki-rfa/wiki-rfa-optuna_20251203-235202/checkpoints/trial_62-epoch=04-val_auc_epoch=0.7518.ckpt
LOCAL_RANK: 0 - CUDA_VISIBLE_DEVICES: [1]
Loaded model weights from the checkpoint at /home/eng/shilo_avital/yolo_lab/walk_to_paint/outputs/wiki-rfa/wiki-rfa-optuna_20251203-235202/checkpoints/trial_62-epoch=04-val_auc_epoch=0.7518.ckpt
────────────────────────────────────────────────────────────────────────────────────────────────────────────────────────
     Validate metric           DataLoader 0
────────────────────────────────────────────────────────────────────────────────────────────────────────────────────────
          step                     13.0
      val_acc_epoch         0.5460197329521179
      val_auc_epoch         0.7517848014831543
      val_f1_epoch          0.4871727228164673
        val_loss            1.8860561847686768
────────────────────────────────────────────────────────────────────────────────────────────────────────────────────────
✅ Trial 62 completed - Val AUC: 0.7518
[I 2025-12-05 01:30:38,417] Trial 62 finished with value: 0.7517848014831543 and parameters: {'dataset.max_walk_length': 82, 'dataset.num_walks': 576320, 'training.lr': 0.002321980359093967, 'training.weight_decay': 4.5075451260901565e-06, 'training.batch_size': 256, 'training.gradient_clip_val': 0.3740993391827898, 'training.early_stopping_patience': 8, 'model.nhead': 2, 'model.embedding_dim': 32, 'model.hidden_dim': 4, 'model.nlayers': 5, 'model.dropout': 0.24643203719870677, 'training.epochs': 25}. Best is trial 35 with value: 0.771872878074646.
Seed set to 105

🔬 Trial 63 hyperparameters:
  Walk length: 82, Num walks: 456,021
  LR: 2.22e-03, Batch size: 256
  Model: emb_dim=32, hidden_dim=4
  Transformer: 5 layers, 2 heads
  Epochs: 22, Weighted loss: True
Loading wiki-rfa dataset...
Success! ✅
Splitting edges for wiki-rfa dataset...
Ratios: train=0.480, mask=0.320, val=0.100, test=0.100
Success! ✅
Sampling random walks from wiki-rfa dataset...
Success! ✅
Building tokenizer for wiki-rfa dataset...
Success! ✅
Padding and building stage tensors for wiki-rfa dataset...
Success! ✅
Data creation profiling (seconds):
  get_edge_list: 4.47s
  split_edges: 0.10s
  get_walks: 34.70s
  get_tokenizer: 1.03s
  encode_walks: 19.23s
  pad_and_build_stage_tensors: 2.38s
Creating DataLoaders for wiki-rfa dataset...
Success! ✅
GPU available: True (cuda), used: True
TPU available: False, using: 0 TPU cores
HPU available: False, using: 0 HPUs
/home/eng/shilo_avital/yolo_lab/walk_to_paint/.venv/lib64/python3.9/site-packages/pytorch_lightning/callbacks/model_checkpoint.py:658: Checkpoint directory /home/eng/shilo_avital/yolo_lab/walk_to_paint/outputs/wiki-rfa/wiki-rfa-optuna_20251203-235202/checkpoints exists and is not empty.
LOCAL_RANK: 0 - CUDA_VISIBLE_DEVICES: [1]
Metric val_auc_epoch improved. New best score: 0.612
Metric val_auc_epoch improved by 0.056 >= min_delta = 0.0. New best score: 0.668
Metric val_auc_epoch improved by 0.035 >= min_delta = 0.0. New best score: 0.703
Metric val_auc_epoch improved by 0.012 >= min_delta = 0.0. New best score: 0.716
Metric val_auc_epoch improved by 0.007 >= min_delta = 0.0. New best score: 0.723
Metric val_auc_epoch improved by 0.002 >= min_delta = 0.0. New best score: 0.725
Metric val_auc_epoch improved by 0.002 >= min_delta = 0.0. New best score: 0.727
Metric val_auc_epoch improved by 0.002 >= min_delta = 0.0. New best score: 0.729
Metric val_auc_epoch improved by 0.002 >= min_delta = 0.0. New best score: 0.731
Monitored metric val_auc_epoch did not improve in the last 8 records. Best score: 0.731. Signaling Trainer to stop.
Restoring states from the checkpoint path at /home/eng/shilo_avital/yolo_lab/walk_to_paint/outputs/wiki-rfa/wiki-rfa-optuna_20251203-235202/checkpoints/trial_63-epoch=08-val_auc_epoch=0.7307.ckpt
LOCAL_RANK: 0 - CUDA_VISIBLE_DEVICES: [1]
Loaded model weights from the checkpoint at /home/eng/shilo_avital/yolo_lab/walk_to_paint/outputs/wiki-rfa/wiki-rfa-optuna_20251203-235202/checkpoints/trial_63-epoch=08-val_auc_epoch=0.7307.ckpt
────────────────────────────────────────────────────────────────────────────────────────────────────────────────────────
     Validate metric           DataLoader 0
────────────────────────────────────────────────────────────────────────────────────────────────────────────────────────
          step                     17.0
      val_acc_epoch         0.5013589859008789
      val_auc_epoch         0.7306971549987793
      val_f1_epoch          0.4771309196949005
        val_loss             3.005523681640625
────────────────────────────────────────────────────────────────────────────────────────────────────────────────────────
✅ Trial 63 completed - Val AUC: 0.7307
[I 2025-12-05 01:41:40,082] Trial 63 finished with value: 0.7306971549987793 and parameters: {'dataset.max_walk_length': 82, 'dataset.num_walks': 456021, 'training.lr': 0.0022150402495670655, 'training.weight_decay': 3.182254777730244e-06, 'training.batch_size': 256, 'training.gradient_clip_val': 0.40349159994904915, 'training.early_stopping_patience': 8, 'model.nhead': 2, 'model.embedding_dim': 32, 'model.hidden_dim': 4, 'model.nlayers': 5, 'model.dropout': 0.19833689987729222, 'training.epochs': 22}. Best is trial 35 with value: 0.771872878074646.
Seed set to 106

🔬 Trial 64 hyperparameters:
  Walk length: 38, Num walks: 565,032
  LR: 9.09e-04, Batch size: 32
  Model: emb_dim=32, hidden_dim=32
  Transformer: 6 layers, 2 heads
  Epochs: 25, Weighted loss: True
Loading wiki-rfa dataset...
Success! ✅
Splitting edges for wiki-rfa dataset...
Ratios: train=0.480, mask=0.320, val=0.100, test=0.100
Success! ✅
Sampling random walks from wiki-rfa dataset...
Success! ✅
Building tokenizer for wiki-rfa dataset...
Success! ✅
Padding and building stage tensors for wiki-rfa dataset...
Success! ✅
Data creation profiling (seconds):
  get_edge_list: 4.45s
  split_edges: 0.09s
  get_walks: 42.54s
  get_tokenizer: 1.21s
  encode_walks: 22.70s
  pad_and_build_stage_tensors: 2.91s
Creating DataLoaders for wiki-rfa dataset...
Success! ✅
GPU available: True (cuda), used: True
TPU available: False, using: 0 TPU cores
HPU available: False, using: 0 HPUs
/home/eng/shilo_avital/yolo_lab/walk_to_paint/.venv/lib64/python3.9/site-packages/pytorch_lightning/callbacks/model_checkpoint.py:658: Checkpoint directory /home/eng/shilo_avital/yolo_lab/walk_to_paint/outputs/wiki-rfa/wiki-rfa-optuna_20251203-235202/checkpoints exists and is not empty.
LOCAL_RANK: 0 - CUDA_VISIBLE_DEVICES: [1]
/home/eng/shilo_avital/yolo_lab/walk_to_paint/.venv/lib64/python3.9/site-packages/torchmetrics/utilities/prints.py:43: UserWarning: No positive samples in targets, true positive value should be meaningless. Returning zero tensor in true positive score
  warnings.warn(*args, **kwargs)
/home/eng/shilo_avital/yolo_lab/walk_to_paint/src/model/metrics_helper.py:118: RuntimeWarning: invalid value encountered in divide
  cm_norm = cm.astype("float") / cm.sum(axis=1)[:, None]
Metric val_auc_epoch improved. New best score: 0.596
Metric val_auc_epoch improved by 0.064 >= min_delta = 0.0. New best score: 0.660
Metric val_auc_epoch improved by 0.024 >= min_delta = 0.0. New best score: 0.684
Metric val_auc_epoch improved by 0.033 >= min_delta = 0.0. New best score: 0.717
Metric val_auc_epoch improved by 0.003 >= min_delta = 0.0. New best score: 0.720
Metric val_auc_epoch improved by 0.009 >= min_delta = 0.0. New best score: 0.728
Metric val_auc_epoch improved by 0.000 >= min_delta = 0.0. New best score: 0.728
Monitored metric val_auc_epoch did not improve in the last 12 records. Best score: 0.728. Signaling Trainer to stop.
Restoring states from the checkpoint path at /home/eng/shilo_avital/yolo_lab/walk_to_paint/outputs/wiki-rfa/wiki-rfa-optuna_20251203-235202/checkpoints/trial_64-epoch=08-val_auc_epoch=0.7285.ckpt
LOCAL_RANK: 0 - CUDA_VISIBLE_DEVICES: [1]
Loaded model weights from the checkpoint at /home/eng/shilo_avital/yolo_lab/walk_to_paint/outputs/wiki-rfa/wiki-rfa-optuna_20251203-235202/checkpoints/trial_64-epoch=08-val_auc_epoch=0.7285.ckpt
────────────────────────────────────────────────────────────────────────────────────────────────────────────────────────
     Validate metric           DataLoader 0
────────────────────────────────────────────────────────────────────────────────────────────────────────────────────────
          step                     21.0
      val_acc_epoch         0.5147219300270081
      val_auc_epoch         0.7284727096557617
      val_f1_epoch          0.4962274432182312
        val_loss            2.3126604557037354
────────────────────────────────────────────────────────────────────────────────────────────────────────────────────────
✅ Trial 64 completed - Val AUC: 0.7285
[I 2025-12-05 03:24:57,070] Trial 64 finished with value: 0.7284727096557617 and parameters: {'dataset.max_walk_length': 38, 'dataset.num_walks': 565032, 'training.lr': 0.0009091164660523512, 'training.weight_decay': 1.1881659748307025e-05, 'training.batch_size': 32, 'training.gradient_clip_val': 0.25566777880720426, 'training.early_stopping_patience': 12, 'model.nhead': 2, 'model.embedding_dim': 32, 'model.hidden_dim': 32, 'model.nlayers': 6, 'model.dropout': 0.2617514054206944, 'training.epochs': 25}. Best is trial 35 with value: 0.771872878074646.
Seed set to 107

🔬 Trial 65 hyperparameters:
  Walk length: 72, Num walks: 678,441
  LR: 1.37e-03, Batch size: 64
  Model: emb_dim=64, hidden_dim=256
  Transformer: 4 layers, 2 heads
  Epochs: 19, Weighted loss: True
Loading wiki-rfa dataset...
Success! ✅
Splitting edges for wiki-rfa dataset...
Ratios: train=0.480, mask=0.320, val=0.100, test=0.100
Success! ✅
Sampling random walks from wiki-rfa dataset...
Success! ✅
Building tokenizer for wiki-rfa dataset...
Success! ✅
Padding and building stage tensors for wiki-rfa dataset...
Success! ✅
Data creation profiling (seconds):
  get_edge_list: 4.69s
  split_edges: 0.10s
  get_walks: 52.13s
  get_tokenizer: 1.47s
  encode_walks: 28.37s
  pad_and_build_stage_tensors: 3.51s
Creating DataLoaders for wiki-rfa dataset...
Success! ✅
GPU available: True (cuda), used: True
TPU available: False, using: 0 TPU cores
HPU available: False, using: 0 HPUs
/home/eng/shilo_avital/yolo_lab/walk_to_paint/.venv/lib64/python3.9/site-packages/pytorch_lightning/callbacks/model_checkpoint.py:658: Checkpoint directory /home/eng/shilo_avital/yolo_lab/walk_to_paint/outputs/wiki-rfa/wiki-rfa-optuna_20251203-235202/checkpoints exists and is not empty.
LOCAL_RANK: 0 - CUDA_VISIBLE_DEVICES: [1]
Metric val_auc_epoch improved. New best score: 0.531
Metric val_auc_epoch improved by 0.003 >= min_delta = 0.0. New best score: 0.534
❌ Trial 65 failed: Trial was pruned at epoch 5.
[I 2025-12-05 03:41:43,045] Trial 65 finished with value: 0.0 and parameters: {'dataset.max_walk_length': 72, 'dataset.num_walks': 678441, 'training.lr': 0.0013653305762540379, 'training.weight_decay': 1.0467064755054514e-06, 'training.batch_size': 64, 'training.gradient_clip_val': 0.44088468496617267, 'training.early_stopping_patience': 7, 'model.nhead': 2, 'model.embedding_dim': 64, 'model.hidden_dim': 256, 'model.nlayers': 4, 'model.dropout': 0.29189057906867283, 'training.epochs': 19}. Best is trial 35 with value: 0.771872878074646.
🧹 Cleaning up old checkpoints and logs (keeping top 10)...
  Removed old checkpoint: trial_55-epoch=04-val_auc_epoch=0.5924.ckpt
  Removed old checkpoint: trial_54-epoch=00-val_auc_epoch=0.5196.ckpt
  Removed old checkpoint: trial_53-epoch=04-val_auc_epoch=0.7618.ckpt
  Removed old checkpoint: trial_52-epoch=03-val_auc_epoch=0.7386.ckpt
  Removed old checkpoint: trial_51-epoch=10-val_auc_epoch=0.7454.ckpt
  Removed old log dir: trial_55
  Removed old log dir: trial_54
  Removed old log dir: trial_53
  Removed old log dir: trial_52
  Removed old log dir: trial_51
Seed set to 108

🔬 Trial 66 hyperparameters:
  Walk length: 82, Num walks: 470,386
  LR: 2.25e-03, Batch size: 256
  Model: emb_dim=128, hidden_dim=16
  Transformer: 5 layers, 8 heads
  Epochs: 23, Weighted loss: True
Loading wiki-rfa dataset...
Success! ✅
Splitting edges for wiki-rfa dataset...
Ratios: train=0.480, mask=0.320, val=0.100, test=0.100
Success! ✅
Sampling random walks from wiki-rfa dataset...
Success! ✅
Building tokenizer for wiki-rfa dataset...
Success! ✅
Padding and building stage tensors for wiki-rfa dataset...
Success! ✅
Data creation profiling (seconds):
  get_edge_list: 84.84s
  split_edges: 0.10s
  get_walks: 36.92s
  get_tokenizer: 1.07s
  encode_walks: 19.22s
  pad_and_build_stage_tensors: 2.46s
Creating DataLoaders for wiki-rfa dataset...
Success! ✅
GPU available: True (cuda), used: True
TPU available: False, using: 0 TPU cores
HPU available: False, using: 0 HPUs
/home/eng/shilo_avital/yolo_lab/walk_to_paint/.venv/lib64/python3.9/site-packages/pytorch_lightning/callbacks/model_checkpoint.py:658: Checkpoint directory /home/eng/shilo_avital/yolo_lab/walk_to_paint/outputs/wiki-rfa/wiki-rfa-optuna_20251203-235202/checkpoints exists and is not empty.
LOCAL_RANK: 0 - CUDA_VISIBLE_DEVICES: [1]
Metric val_auc_epoch improved. New best score: 0.504
Metric val_auc_epoch improved by 0.008 >= min_delta = 0.0. New best score: 0.512
❌ Trial 66 failed: Trial was pruned at epoch 5.
[I 2025-12-05 03:52:46,450] Trial 66 finished with value: 0.0 and parameters: {'dataset.max_walk_length': 82, 'dataset.num_walks': 470386, 'training.lr': 0.0022486471313008845, 'training.weight_decay': 3.4793674062725e-05, 'training.batch_size': 256, 'training.gradient_clip_val': 0.49647630975864593, 'training.early_stopping_patience': 9, 'model.nhead': 8, 'model.embedding_dim': 128, 'model.hidden_dim': 16, 'model.nlayers': 5, 'model.dropout': 0.14425237470162006, 'training.epochs': 23}. Best is trial 35 with value: 0.771872878074646.
Seed set to 109

🔬 Trial 67 hyperparameters:
  Walk length: 60, Num walks: 555,976
  LR: 5.15e-04, Batch size: 256
  Model: emb_dim=128, hidden_dim=4
  Transformer: 2 layers, 2 heads
  Epochs: 10, Weighted loss: True
Loading wiki-rfa dataset...
Success! ✅
Splitting edges for wiki-rfa dataset...
Ratios: train=0.480, mask=0.320, val=0.100, test=0.100
Success! ✅
Sampling random walks from wiki-rfa dataset...
Success! ✅
Building tokenizer for wiki-rfa dataset...
Success! ✅
Padding and building stage tensors for wiki-rfa dataset...
Success! ✅
Data creation profiling (seconds):
  get_edge_list: 84.82s
  split_edges: 0.10s
  get_walks: 41.64s
  get_tokenizer: 1.21s
  encode_walks: 22.96s
  pad_and_build_stage_tensors: 2.77s
Creating DataLoaders for wiki-rfa dataset...
Success! ✅
GPU available: True (cuda), used: True
TPU available: False, using: 0 TPU cores
HPU available: False, using: 0 HPUs
/home/eng/shilo_avital/yolo_lab/walk_to_paint/.venv/lib64/python3.9/site-packages/pytorch_lightning/callbacks/model_checkpoint.py:658: Checkpoint directory /home/eng/shilo_avital/yolo_lab/walk_to_paint/outputs/wiki-rfa/wiki-rfa-optuna_20251203-235202/checkpoints exists and is not empty.
LOCAL_RANK: 0 - CUDA_VISIBLE_DEVICES: [1]
Metric val_auc_epoch improved. New best score: 0.626
Metric val_auc_epoch improved by 0.019 >= min_delta = 0.0. New best score: 0.645
Metric val_auc_epoch improved by 0.024 >= min_delta = 0.0. New best score: 0.669
Metric val_auc_epoch improved by 0.012 >= min_delta = 0.0. New best score: 0.681
Metric val_auc_epoch improved by 0.006 >= min_delta = 0.0. New best score: 0.688
Metric val_auc_epoch improved by 0.005 >= min_delta = 0.0. New best score: 0.693
❌ Trial 67 failed: Trial was pruned at epoch 6.
[I 2025-12-05 03:59:00,126] Trial 67 finished with value: 0.0 and parameters: {'dataset.max_walk_length': 60, 'dataset.num_walks': 555976, 'training.lr': 0.0005145904086376256, 'training.weight_decay': 5.132564521591333e-06, 'training.batch_size': 256, 'training.gradient_clip_val': 0.6814447047950798, 'training.early_stopping_patience': 10, 'model.nhead': 2, 'model.embedding_dim': 128, 'model.hidden_dim': 4, 'model.nlayers': 2, 'model.dropout': 0.18419190762695214, 'training.epochs': 10}. Best is trial 35 with value: 0.771872878074646.
Seed set to 110

🔬 Trial 68 hyperparameters:
  Walk length: 16, Num walks: 835,430
  LR: 7.93e-04, Batch size: 128
  Model: emb_dim=32, hidden_dim=64
  Transformer: 5 layers, 4 heads
  Epochs: 15, Weighted loss: True
Loading wiki-rfa dataset...
Success! ✅
Splitting edges for wiki-rfa dataset...
Ratios: train=0.480, mask=0.320, val=0.100, test=0.100
Success! ✅
Sampling random walks from wiki-rfa dataset...
Success! ✅
Building tokenizer for wiki-rfa dataset...
Success! ✅
Padding and building stage tensors for wiki-rfa dataset...
Success! ✅
Data creation profiling (seconds):
  get_edge_list: 84.49s
  split_edges: 0.09s
  get_walks: 62.52s
  get_tokenizer: 1.56s
  encode_walks: 30.15s
  pad_and_build_stage_tensors: 3.96s
Creating DataLoaders for wiki-rfa dataset...
Success! ✅
GPU available: True (cuda), used: True
TPU available: False, using: 0 TPU cores
HPU available: False, using: 0 HPUs
/home/eng/shilo_avital/yolo_lab/walk_to_paint/.venv/lib64/python3.9/site-packages/pytorch_lightning/callbacks/model_checkpoint.py:658: Checkpoint directory /home/eng/shilo_avital/yolo_lab/walk_to_paint/outputs/wiki-rfa/wiki-rfa-optuna_20251203-235202/checkpoints exists and is not empty.
LOCAL_RANK: 0 - CUDA_VISIBLE_DEVICES: [1]
Metric val_auc_epoch improved. New best score: 0.624
Metric val_auc_epoch improved by 0.048 >= min_delta = 0.0. New best score: 0.672
Metric val_auc_epoch improved by 0.015 >= min_delta = 0.0. New best score: 0.687
Metric val_auc_epoch improved by 0.017 >= min_delta = 0.0. New best score: 0.704
Metric val_auc_epoch improved by 0.013 >= min_delta = 0.0. New best score: 0.717
Metric val_auc_epoch improved by 0.013 >= min_delta = 0.0. New best score: 0.730
Metric val_auc_epoch improved by 0.004 >= min_delta = 0.0. New best score: 0.734
Metric val_auc_epoch improved by 0.008 >= min_delta = 0.0. New best score: 0.742
Metric val_auc_epoch improved by 0.002 >= min_delta = 0.0. New best score: 0.744
Monitored metric val_auc_epoch did not improve in the last 5 records. Best score: 0.744. Signaling Trainer to stop.
`Trainer.fit` stopped: `max_epochs=15` reached.
Restoring states from the checkpoint path at /home/eng/shilo_avital/yolo_lab/walk_to_paint/outputs/wiki-rfa/wiki-rfa-optuna_20251203-235202/checkpoints/trial_68-epoch=09-val_auc_epoch=0.7440.ckpt
LOCAL_RANK: 0 - CUDA_VISIBLE_DEVICES: [1]
Loaded model weights from the checkpoint at /home/eng/shilo_avital/yolo_lab/walk_to_paint/outputs/wiki-rfa/wiki-rfa-optuna_20251203-235202/checkpoints/trial_68-epoch=09-val_auc_epoch=0.7440.ckpt
────────────────────────────────────────────────────────────────────────────────────────────────────────────────────────
     Validate metric           DataLoader 0
────────────────────────────────────────────────────────────────────────────────────────────────────────────────────────
          step                     15.0
      val_acc_epoch         0.5204635262489319
      val_auc_epoch         0.7440007925033569
      val_f1_epoch          0.4980998635292053
        val_loss             2.270909547805786
────────────────────────────────────────────────────────────────────────────────────────────────────────────────────────
✅ Trial 68 completed - Val AUC: 0.7440
[I 2025-12-05 04:28:16,595] Trial 68 finished with value: 0.7440007925033569 and parameters: {'dataset.max_walk_length': 16, 'dataset.num_walks': 835430, 'training.lr': 0.0007930678891844758, 'training.weight_decay': 2.2102073017105294e-05, 'training.batch_size': 128, 'training.gradient_clip_val': 0.2294261253979005, 'training.early_stopping_patience': 5, 'model.nhead': 4, 'model.embedding_dim': 32, 'model.hidden_dim': 64, 'model.nlayers': 5, 'model.dropout': 0.09428609729932041, 'training.epochs': 15}. Best is trial 35 with value: 0.771872878074646.
Seed set to 111

🔬 Trial 69 hyperparameters:
  Walk length: 93, Num walks: 718,073
  LR: 3.97e-04, Batch size: 512
  Model: emb_dim=128, hidden_dim=4
  Transformer: 3 layers, 8 heads
  Epochs: 24, Weighted loss: True
Loading wiki-rfa dataset...
Success! ✅
Splitting edges for wiki-rfa dataset...
Ratios: train=0.480, mask=0.320, val=0.100, test=0.100
Success! ✅
Sampling random walks from wiki-rfa dataset...
Success! ✅
Building tokenizer for wiki-rfa dataset...
Success! ✅
Padding and building stage tensors for wiki-rfa dataset...
Success! ✅
Data creation profiling (seconds):
  get_edge_list: 4.44s
  split_edges: 0.10s
  get_walks: 55.28s
  get_tokenizer: 1.60s
  encode_walks: 29.79s
  pad_and_build_stage_tensors: 3.87s
Creating DataLoaders for wiki-rfa dataset...
Success! ✅
GPU available: True (cuda), used: True
TPU available: False, using: 0 TPU cores
HPU available: False, using: 0 HPUs
/home/eng/shilo_avital/yolo_lab/walk_to_paint/.venv/lib64/python3.9/site-packages/pytorch_lightning/callbacks/model_checkpoint.py:658: Checkpoint directory /home/eng/shilo_avital/yolo_lab/walk_to_paint/outputs/wiki-rfa/wiki-rfa-optuna_20251203-235202/checkpoints exists and is not empty.
LOCAL_RANK: 0 - CUDA_VISIBLE_DEVICES: [1]
Metric val_auc_epoch improved. New best score: 0.594
Metric val_auc_epoch improved by 0.032 >= min_delta = 0.0. New best score: 0.625
Metric val_auc_epoch improved by 0.016 >= min_delta = 0.0. New best score: 0.641
Metric val_auc_epoch improved by 0.013 >= min_delta = 0.0. New best score: 0.654
Metric val_auc_epoch improved by 0.010 >= min_delta = 0.0. New best score: 0.664
Metric val_auc_epoch improved by 0.007 >= min_delta = 0.0. New best score: 0.671
❌ Trial 69 failed: Trial was pruned at epoch 6.
[I 2025-12-05 04:41:30,166] Trial 69 finished with value: 0.0 and parameters: {'dataset.max_walk_length': 93, 'dataset.num_walks': 718073, 'training.lr': 0.0003965129736135816, 'training.weight_decay': 3.866647521572426e-05, 'training.batch_size': 512, 'training.gradient_clip_val': 0.30423094308987597, 'training.early_stopping_patience': 16, 'model.nhead': 8, 'model.embedding_dim': 128, 'model.hidden_dim': 4, 'model.nlayers': 3, 'model.dropout': 0.1510034861137139, 'training.epochs': 24}. Best is trial 35 with value: 0.771872878074646.
Seed set to 112

🔬 Trial 70 hyperparameters:
  Walk length: 97, Num walks: 407,840
  LR: 1.21e-03, Batch size: 64
  Model: emb_dim=16, hidden_dim=128
  Transformer: 4 layers, 1 heads
  Epochs: 9, Weighted loss: True
Loading wiki-rfa dataset...
Success! ✅
Splitting edges for wiki-rfa dataset...
Ratios: train=0.480, mask=0.320, val=0.100, test=0.100
Success! ✅
Sampling random walks from wiki-rfa dataset...
Success! ✅
Building tokenizer for wiki-rfa dataset...
Success! ✅
Padding and building stage tensors for wiki-rfa dataset...
Success! ✅
Data creation profiling (seconds):
  get_edge_list: 84.79s
  split_edges: 0.10s
  get_walks: 31.41s
  get_tokenizer: 0.94s
  encode_walks: 16.80s
  pad_and_build_stage_tensors: 2.24s
Creating DataLoaders for wiki-rfa dataset...
Success! ✅
/home/eng/shilo_avital/yolo_lab/walk_to_paint/.venv/lib64/python3.9/site-packages/torch/nn/modules/transformer.py:382: UserWarning: enable_nested_tensor is True, but self.use_nested_tensor is False because encoder_layer.self_attn.num_heads is odd
  warnings.warn(
GPU available: True (cuda), used: True
TPU available: False, using: 0 TPU cores
HPU available: False, using: 0 HPUs
/home/eng/shilo_avital/yolo_lab/walk_to_paint/.venv/lib64/python3.9/site-packages/pytorch_lightning/callbacks/model_checkpoint.py:658: Checkpoint directory /home/eng/shilo_avital/yolo_lab/walk_to_paint/outputs/wiki-rfa/wiki-rfa-optuna_20251203-235202/checkpoints exists and is not empty.
LOCAL_RANK: 0 - CUDA_VISIBLE_DEVICES: [1]
Metric val_auc_epoch improved. New best score: 0.565
Metric val_auc_epoch improved by 0.042 >= min_delta = 0.0. New best score: 0.607
Metric val_auc_epoch improved by 0.021 >= min_delta = 0.0. New best score: 0.629
Metric val_auc_epoch improved by 0.022 >= min_delta = 0.0. New best score: 0.651
Metric val_auc_epoch improved by 0.011 >= min_delta = 0.0. New best score: 0.661
Metric val_auc_epoch improved by 0.008 >= min_delta = 0.0. New best score: 0.669
❌ Trial 70 failed: Trial was pruned at epoch 6.
[I 2025-12-05 04:54:48,175] Trial 70 finished with value: 0.0 and parameters: {'dataset.max_walk_length': 97, 'dataset.num_walks': 407840, 'training.lr': 0.0012058646009375257, 'training.weight_decay': 1.151626545173504e-05, 'training.batch_size': 64, 'training.gradient_clip_val': 0.16838373662411543, 'training.early_stopping_patience': 8, 'model.nhead': 1, 'model.embedding_dim': 16, 'model.hidden_dim': 128, 'model.nlayers': 4, 'model.dropout': 0.2466252627344125, 'training.epochs': 9}. Best is trial 35 with value: 0.771872878074646.
🧹 Cleaning up old checkpoints and logs (keeping top 10)...
  Removed old checkpoint: trial_60-epoch=05-val_auc_epoch=0.6695.ckpt
  Removed old checkpoint: trial_59-epoch=04-val_auc_epoch=0.5824.ckpt
  Removed old checkpoint: trial_58-epoch=04-val_auc_epoch=0.5719.ckpt
  Removed old checkpoint: trial_57-epoch=01-val_auc_epoch=0.5539.ckpt
  Removed old checkpoint: trial_56-epoch=04-val_auc_epoch=0.6401.ckpt
  Removed old log dir: trial_60
  Removed old log dir: trial_59
  Removed old log dir: trial_58
  Removed old log dir: trial_57
  Removed old log dir: trial_56
Seed set to 113

🔬 Trial 71 hyperparameters:
  Walk length: 87, Num walks: 586,093
  LR: 3.23e-03, Batch size: 256
  Model: emb_dim=32, hidden_dim=4
  Transformer: 5 layers, 2 heads
  Epochs: 11, Weighted loss: True
Loading wiki-rfa dataset...
Success! ✅
Splitting edges for wiki-rfa dataset...
Ratios: train=0.480, mask=0.320, val=0.100, test=0.100
Success! ✅
Sampling random walks from wiki-rfa dataset...
Success! ✅
Building tokenizer for wiki-rfa dataset...
Success! ✅
Padding and building stage tensors for wiki-rfa dataset...
Success! ✅
Data creation profiling (seconds):
  get_edge_list: 84.86s
  split_edges: 0.10s
  get_walks: 45.03s
  get_tokenizer: 1.29s
  encode_walks: 23.96s
  pad_and_build_stage_tensors: 3.21s
Creating DataLoaders for wiki-rfa dataset...
Success! ✅
GPU available: True (cuda), used: True
TPU available: False, using: 0 TPU cores
HPU available: False, using: 0 HPUs
/home/eng/shilo_avital/yolo_lab/walk_to_paint/.venv/lib64/python3.9/site-packages/pytorch_lightning/callbacks/model_checkpoint.py:658: Checkpoint directory /home/eng/shilo_avital/yolo_lab/walk_to_paint/outputs/wiki-rfa/wiki-rfa-optuna_20251203-235202/checkpoints exists and is not empty.
LOCAL_RANK: 0 - CUDA_VISIBLE_DEVICES: [1]
Metric val_auc_epoch improved. New best score: 0.629
Metric val_auc_epoch improved by 0.025 >= min_delta = 0.0. New best score: 0.654
Metric val_auc_epoch improved by 0.019 >= min_delta = 0.0. New best score: 0.673
Metric val_auc_epoch improved by 0.012 >= min_delta = 0.0. New best score: 0.685
❌ Trial 71 failed: Trial was pruned at epoch 6.
[I 2025-12-05 05:02:47,332] Trial 71 finished with value: 0.0 and parameters: {'dataset.max_walk_length': 87, 'dataset.num_walks': 586093, 'training.lr': 0.0032317605070700255, 'training.weight_decay': 4.956990976245117e-06, 'training.batch_size': 256, 'training.gradient_clip_val': 0.38163345406058646, 'training.early_stopping_patience': 6, 'model.nhead': 2, 'model.embedding_dim': 32, 'model.hidden_dim': 4, 'model.nlayers': 5, 'model.dropout': 0.21405983244258386, 'training.epochs': 11}. Best is trial 35 with value: 0.771872878074646.
Seed set to 114

🔬 Trial 72 hyperparameters:
  Walk length: 84, Num walks: 643,909
  LR: 3.94e-03, Batch size: 256
  Model: emb_dim=32, hidden_dim=4
  Transformer: 5 layers, 2 heads
  Epochs: 12, Weighted loss: True
Loading wiki-rfa dataset...
Success! ✅
Splitting edges for wiki-rfa dataset...
Ratios: train=0.480, mask=0.320, val=0.100, test=0.100
Success! ✅
Sampling random walks from wiki-rfa dataset...
Success! ✅
Building tokenizer for wiki-rfa dataset...
Success! ✅
Padding and building stage tensors for wiki-rfa dataset...
Success! ✅
Data creation profiling (seconds):
  get_edge_list: 85.02s
  split_edges: 0.10s
  get_walks: 49.76s
  get_tokenizer: 1.41s
  encode_walks: 26.31s
  pad_and_build_stage_tensors: 3.35s
Creating DataLoaders for wiki-rfa dataset...
Success! ✅
GPU available: True (cuda), used: True
TPU available: False, using: 0 TPU cores
HPU available: False, using: 0 HPUs
/home/eng/shilo_avital/yolo_lab/walk_to_paint/.venv/lib64/python3.9/site-packages/pytorch_lightning/callbacks/model_checkpoint.py:658: Checkpoint directory /home/eng/shilo_avital/yolo_lab/walk_to_paint/outputs/wiki-rfa/wiki-rfa-optuna_20251203-235202/checkpoints exists and is not empty.
LOCAL_RANK: 0 - CUDA_VISIBLE_DEVICES: [1]
Metric val_auc_epoch improved. New best score: 0.630
Metric val_auc_epoch improved by 0.039 >= min_delta = 0.0. New best score: 0.669
Metric val_auc_epoch improved by 0.028 >= min_delta = 0.0. New best score: 0.698
Metric val_auc_epoch improved by 0.010 >= min_delta = 0.0. New best score: 0.708
Metric val_auc_epoch improved by 0.005 >= min_delta = 0.0. New best score: 0.713
❌ Trial 72 failed: Trial was pruned at epoch 7.
[I 2025-12-05 05:12:11,327] Trial 72 finished with value: 0.0 and parameters: {'dataset.max_walk_length': 84, 'dataset.num_walks': 643909, 'training.lr': 0.00393513326938923, 'training.weight_decay': 2.782254127429507e-06, 'training.batch_size': 256, 'training.gradient_clip_val': 0.34463043223886364, 'training.early_stopping_patience': 6, 'model.nhead': 2, 'model.embedding_dim': 32, 'model.hidden_dim': 4, 'model.nlayers': 5, 'model.dropout': 0.23213889427812273, 'training.epochs': 12}. Best is trial 35 with value: 0.771872878074646.
Seed set to 115

🔬 Trial 73 hyperparameters:
  Walk length: 78, Num walks: 518,194
  LR: 2.71e-03, Batch size: 256
  Model: emb_dim=32, hidden_dim=4
  Transformer: 5 layers, 2 heads
  Epochs: 11, Weighted loss: True
Loading wiki-rfa dataset...
Success! ✅
Splitting edges for wiki-rfa dataset...
Ratios: train=0.480, mask=0.320, val=0.100, test=0.100
Success! ✅
Sampling random walks from wiki-rfa dataset...
Success! ✅
Building tokenizer for wiki-rfa dataset...
Success! ✅
Padding and building stage tensors for wiki-rfa dataset...
Success! ✅
Data creation profiling (seconds):
  get_edge_list: 84.58s
  split_edges: 0.10s
  get_walks: 40.08s
  get_tokenizer: 1.26s
  encode_walks: 21.27s
  pad_and_build_stage_tensors: 2.74s
Creating DataLoaders for wiki-rfa dataset...
Success! ✅
GPU available: True (cuda), used: True
TPU available: False, using: 0 TPU cores
HPU available: False, using: 0 HPUs
/home/eng/shilo_avital/yolo_lab/walk_to_paint/.venv/lib64/python3.9/site-packages/pytorch_lightning/callbacks/model_checkpoint.py:658: Checkpoint directory /home/eng/shilo_avital/yolo_lab/walk_to_paint/outputs/wiki-rfa/wiki-rfa-optuna_20251203-235202/checkpoints exists and is not empty.
LOCAL_RANK: 0 - CUDA_VISIBLE_DEVICES: [1]
Metric val_auc_epoch improved. New best score: 0.631
Metric val_auc_epoch improved by 0.045 >= min_delta = 0.0. New best score: 0.676
Metric val_auc_epoch improved by 0.031 >= min_delta = 0.0. New best score: 0.707
Metric val_auc_epoch improved by 0.012 >= min_delta = 0.0. New best score: 0.719
Metric val_auc_epoch improved by 0.008 >= min_delta = 0.0. New best score: 0.727
Metric val_auc_epoch improved by 0.006 >= min_delta = 0.0. New best score: 0.733
Metric val_auc_epoch improved by 0.003 >= min_delta = 0.0. New best score: 0.737
`Trainer.fit` stopped: `max_epochs=11` reached.
Restoring states from the checkpoint path at /home/eng/shilo_avital/yolo_lab/walk_to_paint/outputs/wiki-rfa/wiki-rfa-optuna_20251203-235202/checkpoints/trial_73-epoch=07-val_auc_epoch=0.7367.ckpt
LOCAL_RANK: 0 - CUDA_VISIBLE_DEVICES: [1]
Loaded model weights from the checkpoint at /home/eng/shilo_avital/yolo_lab/walk_to_paint/outputs/wiki-rfa/wiki-rfa-optuna_20251203-235202/checkpoints/trial_73-epoch=07-val_auc_epoch=0.7367.ckpt
────────────────────────────────────────────────────────────────────────────────────────────────────────────────────────
     Validate metric           DataLoader 0
────────────────────────────────────────────────────────────────────────────────────────────────────────────────────────
          step                     11.0
      val_acc_epoch         0.5081795454025269
      val_auc_epoch         0.7366687655448914
      val_f1_epoch          0.4812332093715668
        val_loss            3.0165982246398926
────────────────────────────────────────────────────────────────────────────────────────────────────────────────────────
✅ Trial 73 completed - Val AUC: 0.7367
[I 2025-12-05 05:21:59,673] Trial 73 finished with value: 0.7366687655448914 and parameters: {'dataset.max_walk_length': 78, 'dataset.num_walks': 518194, 'training.lr': 0.0027082627142221015, 'training.weight_decay': 7.826815915914541e-06, 'training.batch_size': 256, 'training.gradient_clip_val': 0.4735103786246083, 'training.early_stopping_patience': 6, 'model.nhead': 2, 'model.embedding_dim': 32, 'model.hidden_dim': 4, 'model.nlayers': 5, 'model.dropout': 0.17367614763793002, 'training.epochs': 11}. Best is trial 35 with value: 0.771872878074646.
Seed set to 116

🔬 Trial 74 hyperparameters:
  Walk length: 89, Num walks: 675,874
  LR: 4.38e-03, Batch size: 256
  Model: emb_dim=32, hidden_dim=4
  Transformer: 4 layers, 2 heads
  Epochs: 10, Weighted loss: True
Loading wiki-rfa dataset...
Success! ✅
Splitting edges for wiki-rfa dataset...
Ratios: train=0.480, mask=0.320, val=0.100, test=0.100
Success! ✅
Sampling random walks from wiki-rfa dataset...
Success! ✅
Building tokenizer for wiki-rfa dataset...
Success! ✅
Padding and building stage tensors for wiki-rfa dataset...
Success! ✅
Data creation profiling (seconds):
  get_edge_list: 4.73s
  split_edges: 0.10s
  get_walks: 50.65s
  get_tokenizer: 1.44s
  encode_walks: 27.30s
  pad_and_build_stage_tensors: 3.73s
Creating DataLoaders for wiki-rfa dataset...
Success! ✅
GPU available: True (cuda), used: True
TPU available: False, using: 0 TPU cores
HPU available: False, using: 0 HPUs
/home/eng/shilo_avital/yolo_lab/walk_to_paint/.venv/lib64/python3.9/site-packages/pytorch_lightning/callbacks/model_checkpoint.py:658: Checkpoint directory /home/eng/shilo_avital/yolo_lab/walk_to_paint/outputs/wiki-rfa/wiki-rfa-optuna_20251203-235202/checkpoints exists and is not empty.
LOCAL_RANK: 0 - CUDA_VISIBLE_DEVICES: [1]
Metric val_auc_epoch improved. New best score: 0.663
Metric val_auc_epoch improved by 0.043 >= min_delta = 0.0. New best score: 0.706
Metric val_auc_epoch improved by 0.014 >= min_delta = 0.0. New best score: 0.720
Metric val_auc_epoch improved by 0.011 >= min_delta = 0.0. New best score: 0.731
Metric val_auc_epoch improved by 0.001 >= min_delta = 0.0. New best score: 0.731
Metric val_auc_epoch improved by 0.006 >= min_delta = 0.0. New best score: 0.738
`Trainer.fit` stopped: `max_epochs=10` reached.
Restoring states from the checkpoint path at /home/eng/shilo_avital/yolo_lab/walk_to_paint/outputs/wiki-rfa/wiki-rfa-optuna_20251203-235202/checkpoints/trial_74-epoch=07-val_auc_epoch=0.7376.ckpt
LOCAL_RANK: 0 - CUDA_VISIBLE_DEVICES: [1]
Loaded model weights from the checkpoint at /home/eng/shilo_avital/yolo_lab/walk_to_paint/outputs/wiki-rfa/wiki-rfa-optuna_20251203-235202/checkpoints/trial_74-epoch=07-val_auc_epoch=0.7376.ckpt
────────────────────────────────────────────────────────────────────────────────────────────────────────────────────────
     Validate metric           DataLoader 0
────────────────────────────────────────────────────────────────────────────────────────────────────────────────────────
          step                     10.0
      val_acc_epoch          0.517773449420929
      val_auc_epoch         0.7375587224960327
      val_f1_epoch          0.49079859256744385
        val_loss             2.815084218978882
────────────────────────────────────────────────────────────────────────────────────────────────────────────────────────
✅ Trial 74 completed - Val AUC: 0.7376
[I 2025-12-05 05:31:41,987] Trial 74 finished with value: 0.7375587224960327 and parameters: {'dataset.max_walk_length': 89, 'dataset.num_walks': 675874, 'training.lr': 0.0043781351735815936, 'training.weight_decay': 1.808909595427259e-05, 'training.batch_size': 256, 'training.gradient_clip_val': 0.5383773826572547, 'training.early_stopping_patience': 7, 'model.nhead': 2, 'model.embedding_dim': 32, 'model.hidden_dim': 4, 'model.nlayers': 4, 'model.dropout': 0.2091908739658248, 'training.epochs': 10}. Best is trial 35 with value: 0.771872878074646.
Seed set to 117

🔬 Trial 75 hyperparameters:
  Walk length: 84, Num walks: 947,635
  LR: 1.93e-03, Batch size: 256
  Model: emb_dim=32, hidden_dim=256
  Transformer: 5 layers, 8 heads
  Epochs: 12, Weighted loss: True
Loading wiki-rfa dataset...
Success! ✅
Splitting edges for wiki-rfa dataset...
Ratios: train=0.480, mask=0.320, val=0.100, test=0.100
Success! ✅
Sampling random walks from wiki-rfa dataset...
Success! ✅
Building tokenizer for wiki-rfa dataset...
Success! ✅
Padding and building stage tensors for wiki-rfa dataset...
Success! ✅
Data creation profiling (seconds):
  get_edge_list: 4.70s
  split_edges: 0.10s
  get_walks: 71.96s
  get_tokenizer: 2.29s
  encode_walks: 39.30s
  pad_and_build_stage_tensors: 5.11s
Creating DataLoaders for wiki-rfa dataset...
Success! ✅
GPU available: True (cuda), used: True
TPU available: False, using: 0 TPU cores
HPU available: False, using: 0 HPUs
/home/eng/shilo_avital/yolo_lab/walk_to_paint/.venv/lib64/python3.9/site-packages/pytorch_lightning/callbacks/model_checkpoint.py:658: Checkpoint directory /home/eng/shilo_avital/yolo_lab/walk_to_paint/outputs/wiki-rfa/wiki-rfa-optuna_20251203-235202/checkpoints exists and is not empty.
LOCAL_RANK: 0 - CUDA_VISIBLE_DEVICES: [1]
Metric val_auc_epoch improved. New best score: 0.621
Metric val_auc_epoch improved by 0.029 >= min_delta = 0.0. New best score: 0.649
Metric val_auc_epoch improved by 0.004 >= min_delta = 0.0. New best score: 0.654
Metric val_auc_epoch improved by 0.009 >= min_delta = 0.0. New best score: 0.663
Metric val_auc_epoch improved by 0.009 >= min_delta = 0.0. New best score: 0.671
Metric val_auc_epoch improved by 0.017 >= min_delta = 0.0. New best score: 0.688
❌ Trial 75 failed: Trial was pruned at epoch 6.
[I 2025-12-05 05:50:25,467] Trial 75 finished with value: 0.0 and parameters: {'dataset.max_walk_length': 84, 'dataset.num_walks': 947635, 'training.lr': 0.0019257339670316982, 'training.weight_decay': 4.745542014458235e-06, 'training.batch_size': 256, 'training.gradient_clip_val': 0.3865020049876753, 'training.early_stopping_patience': 5, 'model.nhead': 8, 'model.embedding_dim': 32, 'model.hidden_dim': 256, 'model.nlayers': 5, 'model.dropout': 0.2815625242460699, 'training.epochs': 12}. Best is trial 35 with value: 0.771872878074646.
🧹 Cleaning up old checkpoints and logs (keeping top 10)...
  Removed old checkpoint: trial_65-epoch=03-val_auc_epoch=0.5339.ckpt
  Removed old checkpoint: trial_64-epoch=08-val_auc_epoch=0.7285.ckpt
  Removed old checkpoint: trial_63-epoch=08-val_auc_epoch=0.7307.ckpt
  Removed old checkpoint: trial_62-epoch=04-val_auc_epoch=0.7518.ckpt
  Removed old checkpoint: trial_61-epoch=05-val_auc_epoch=0.7114.ckpt
  Removed old log dir: trial_65
  Removed old log dir: trial_64
  Removed old log dir: trial_63
  Removed old log dir: trial_62
  Removed old log dir: trial_61
Seed set to 118

🔬 Trial 76 hyperparameters:
  Walk length: 92, Num walks: 783,227
  LR: 4.67e-03, Batch size: 512
  Model: emb_dim=8, hidden_dim=16
  Transformer: 4 layers, 2 heads
  Epochs: 19, Weighted loss: True
Loading wiki-rfa dataset...
Success! ✅
Splitting edges for wiki-rfa dataset...
Ratios: train=0.480, mask=0.320, val=0.100, test=0.100
Success! ✅
Sampling random walks from wiki-rfa dataset...
Success! ✅
Building tokenizer for wiki-rfa dataset...
Success! ✅
Padding and building stage tensors for wiki-rfa dataset...
Success! ✅
Data creation profiling (seconds):
  get_edge_list: 84.84s
  split_edges: 0.10s
  get_walks: 59.69s
  get_tokenizer: 1.89s
  encode_walks: 32.49s
  pad_and_build_stage_tensors: 4.13s
Creating DataLoaders for wiki-rfa dataset...
Success! ✅
GPU available: True (cuda), used: True
TPU available: False, using: 0 TPU cores
HPU available: False, using: 0 HPUs
/home/eng/shilo_avital/yolo_lab/walk_to_paint/.venv/lib64/python3.9/site-packages/pytorch_lightning/callbacks/model_checkpoint.py:658: Checkpoint directory /home/eng/shilo_avital/yolo_lab/walk_to_paint/outputs/wiki-rfa/wiki-rfa-optuna_20251203-235202/checkpoints exists and is not empty.
LOCAL_RANK: 0 - CUDA_VISIBLE_DEVICES: [1]
Metric val_auc_epoch improved. New best score: 0.579
Metric val_auc_epoch improved by 0.023 >= min_delta = 0.0. New best score: 0.602
Metric val_auc_epoch improved by 0.022 >= min_delta = 0.0. New best score: 0.625
Metric val_auc_epoch improved by 0.016 >= min_delta = 0.0. New best score: 0.641
Metric val_auc_epoch improved by 0.014 >= min_delta = 0.0. New best score: 0.655
❌ Trial 76 failed: Trial was pruned at epoch 5.
[I 2025-12-05 05:57:23,087] Trial 76 finished with value: 0.0 and parameters: {'dataset.max_walk_length': 92, 'dataset.num_walks': 783227, 'training.lr': 0.004671817603146769, 'training.weight_decay': 1.5279626941445377e-06, 'training.batch_size': 512, 'training.gradient_clip_val': 0.23382153359432473, 'training.early_stopping_patience': 7, 'model.nhead': 2, 'model.embedding_dim': 8, 'model.hidden_dim': 16, 'model.nlayers': 4, 'model.dropout': 0.25486938531976544, 'training.epochs': 19}. Best is trial 35 with value: 0.771872878074646.
Seed set to 119

🔬 Trial 77 hyperparameters:
  Walk length: 100, Num walks: 552,233
  LR: 5.68e-04, Batch size: 256
  Model: emb_dim=128, hidden_dim=4
  Transformer: 6 layers, 8 heads
  Epochs: 9, Weighted loss: True
Loading wiki-rfa dataset...
Success! ✅
Splitting edges for wiki-rfa dataset...
Ratios: train=0.480, mask=0.320, val=0.100, test=0.100
Success! ✅
Sampling random walks from wiki-rfa dataset...
Success! ✅
Building tokenizer for wiki-rfa dataset...
Success! ✅
Padding and building stage tensors for wiki-rfa dataset...
Success! ✅
Data creation profiling (seconds):
  get_edge_list: 84.85s
  split_edges: 0.10s
  get_walks: 41.47s
  get_tokenizer: 1.41s
  encode_walks: 23.20s
  pad_and_build_stage_tensors: 2.96s
Creating DataLoaders for wiki-rfa dataset...
Success! ✅
GPU available: True (cuda), used: True
TPU available: False, using: 0 TPU cores
HPU available: False, using: 0 HPUs
/home/eng/shilo_avital/yolo_lab/walk_to_paint/.venv/lib64/python3.9/site-packages/pytorch_lightning/callbacks/model_checkpoint.py:658: Checkpoint directory /home/eng/shilo_avital/yolo_lab/walk_to_paint/outputs/wiki-rfa/wiki-rfa-optuna_20251203-235202/checkpoints exists and is not empty.
LOCAL_RANK: 0 - CUDA_VISIBLE_DEVICES: [1]
Metric val_auc_epoch improved. New best score: 0.614
Metric val_auc_epoch improved by 0.035 >= min_delta = 0.0. New best score: 0.648
Metric val_auc_epoch improved by 0.015 >= min_delta = 0.0. New best score: 0.664
Metric val_auc_epoch improved by 0.005 >= min_delta = 0.0. New best score: 0.669
Metric val_auc_epoch improved by 0.004 >= min_delta = 0.0. New best score: 0.673
Metric val_auc_epoch improved by 0.004 >= min_delta = 0.0. New best score: 0.677
❌ Trial 77 failed: Trial was pruned at epoch 6.
[I 2025-12-05 06:19:40,261] Trial 77 finished with value: 0.0 and parameters: {'dataset.max_walk_length': 100, 'dataset.num_walks': 552233, 'training.lr': 0.0005682978243326117, 'training.weight_decay': 2.4380961705332608e-05, 'training.batch_size': 256, 'training.gradient_clip_val': 0.5984986859973177, 'training.early_stopping_patience': 8, 'model.nhead': 8, 'model.embedding_dim': 128, 'model.hidden_dim': 4, 'model.nlayers': 6, 'model.dropout': 0.05750288015915507, 'training.epochs': 9}. Best is trial 35 with value: 0.771872878074646.
Seed set to 120

🔬 Trial 78 hyperparameters:
  Walk length: 72, Num walks: 480,895
  LR: 1.53e-03, Batch size: 64
  Model: emb_dim=4, hidden_dim=8
  Transformer: 5 layers, 2 heads
  Epochs: 13, Weighted loss: True
Loading wiki-rfa dataset...
Success! ✅
Splitting edges for wiki-rfa dataset...
Ratios: train=0.480, mask=0.320, val=0.100, test=0.100
Success! ✅
Sampling random walks from wiki-rfa dataset...
Success! ✅
Building tokenizer for wiki-rfa dataset...
Success! ✅
Padding and building stage tensors for wiki-rfa dataset...
Success! ✅
Data creation profiling (seconds):
  get_edge_list: 84.52s
  split_edges: 0.10s
  get_walks: 36.38s
  get_tokenizer: 1.15s
  encode_walks: 19.45s
  pad_and_build_stage_tensors: 2.58s
Creating DataLoaders for wiki-rfa dataset...
Success! ✅
GPU available: True (cuda), used: True
TPU available: False, using: 0 TPU cores
HPU available: False, using: 0 HPUs
/home/eng/shilo_avital/yolo_lab/walk_to_paint/.venv/lib64/python3.9/site-packages/pytorch_lightning/callbacks/model_checkpoint.py:658: Checkpoint directory /home/eng/shilo_avital/yolo_lab/walk_to_paint/outputs/wiki-rfa/wiki-rfa-optuna_20251203-235202/checkpoints exists and is not empty.
LOCAL_RANK: 0 - CUDA_VISIBLE_DEVICES: [1]
Metric val_auc_epoch improved. New best score: 0.530
Metric val_auc_epoch improved by 0.006 >= min_delta = 0.0. New best score: 0.536
Metric val_auc_epoch improved by 0.000 >= min_delta = 0.0. New best score: 0.536
Metric val_auc_epoch improved by 0.001 >= min_delta = 0.0. New best score: 0.538
Metric val_auc_epoch improved by 0.003 >= min_delta = 0.0. New best score: 0.540
❌ Trial 78 failed: Trial was pruned at epoch 5.
[I 2025-12-05 06:34:12,062] Trial 78 finished with value: 0.0 and parameters: {'dataset.max_walk_length': 72, 'dataset.num_walks': 480895, 'training.lr': 0.0015328591242115789, 'training.weight_decay': 5.7218405601348054e-05, 'training.batch_size': 64, 'training.gradient_clip_val': 0.33268764127729605, 'training.early_stopping_patience': 9, 'model.nhead': 2, 'model.embedding_dim': 4, 'model.hidden_dim': 8, 'model.nlayers': 5, 'model.dropout': 0.32227085140515177, 'training.epochs': 13}. Best is trial 35 with value: 0.771872878074646.
Seed set to 121

🔬 Trial 79 hyperparameters:
  Walk length: 66, Num walks: 869,075
  LR: 7.90e-04, Batch size: 32
  Model: emb_dim=128, hidden_dim=4
  Transformer: 4 layers, 16 heads
  Epochs: 8, Weighted loss: True
Loading wiki-rfa dataset...
Success! ✅
Splitting edges for wiki-rfa dataset...
Ratios: train=0.480, mask=0.320, val=0.100, test=0.100
Success! ✅
Sampling random walks from wiki-rfa dataset...
Success! ✅
Building tokenizer for wiki-rfa dataset...
Success! ✅
Padding and building stage tensors for wiki-rfa dataset...
Success! ✅
Data creation profiling (seconds):
  get_edge_list: 84.70s
  split_edges: 0.09s
  get_walks: 66.42s
  get_tokenizer: 2.03s
  encode_walks: 36.11s
  pad_and_build_stage_tensors: 4.38s
Creating DataLoaders for wiki-rfa dataset...
Success! ✅
GPU available: True (cuda), used: True
TPU available: False, using: 0 TPU cores
HPU available: False, using: 0 HPUs
/home/eng/shilo_avital/yolo_lab/walk_to_paint/.venv/lib64/python3.9/site-packages/pytorch_lightning/callbacks/model_checkpoint.py:658: Checkpoint directory /home/eng/shilo_avital/yolo_lab/walk_to_paint/outputs/wiki-rfa/wiki-rfa-optuna_20251203-235202/checkpoints exists and is not empty.
LOCAL_RANK: 0 - CUDA_VISIBLE_DEVICES: [1]
Metric val_auc_epoch improved. New best score: 0.636
Metric val_auc_epoch improved by 0.022 >= min_delta = 0.0. New best score: 0.657
Metric val_auc_epoch improved by 0.012 >= min_delta = 0.0. New best score: 0.669
Metric val_auc_epoch improved by 0.008 >= min_delta = 0.0. New best score: 0.677
Metric val_auc_epoch improved by 0.005 >= min_delta = 0.0. New best score: 0.682
Metric val_auc_epoch improved by 0.004 >= min_delta = 0.0. New best score: 0.686
❌ Trial 79 failed: Trial was pruned at epoch 6.
[I 2025-12-05 07:21:44,531] Trial 79 finished with value: 0.0 and parameters: {'dataset.max_walk_length': 66, 'dataset.num_walks': 869075, 'training.lr': 0.0007901685087172862, 'training.weight_decay': 9.626881394840441e-06, 'training.batch_size': 32, 'training.gradient_clip_val': 0.44637706392529536, 'training.early_stopping_patience': 12, 'model.nhead': 16, 'model.embedding_dim': 128, 'model.hidden_dim': 4, 'model.nlayers': 4, 'model.dropout': 0.1260393661318943, 'training.epochs': 8}. Best is trial 35 with value: 0.771872878074646.
Seed set to 122

🔬 Trial 80 hyperparameters:
  Walk length: 79, Num walks: 654,037
  LR: 1.09e-03, Batch size: 256
  Model: emb_dim=32, hidden_dim=256
  Transformer: 5 layers, 8 heads
  Epochs: 11, Weighted loss: True
Loading wiki-rfa dataset...
Success! ✅
Splitting edges for wiki-rfa dataset...
Ratios: train=0.480, mask=0.320, val=0.100, test=0.100
Success! ✅
Sampling random walks from wiki-rfa dataset...
Success! ✅
Building tokenizer for wiki-rfa dataset...
Success! ✅
Padding and building stage tensors for wiki-rfa dataset...
Success! ✅
Data creation profiling (seconds):
  get_edge_list: 84.93s
  split_edges: 0.10s
  get_walks: 50.81s
  get_tokenizer: 1.50s
  encode_walks: 27.48s
  pad_and_build_stage_tensors: 3.41s
Creating DataLoaders for wiki-rfa dataset...
Success! ✅
GPU available: True (cuda), used: True
TPU available: False, using: 0 TPU cores
HPU available: False, using: 0 HPUs
/home/eng/shilo_avital/yolo_lab/walk_to_paint/.venv/lib64/python3.9/site-packages/pytorch_lightning/callbacks/model_checkpoint.py:658: Checkpoint directory /home/eng/shilo_avital/yolo_lab/walk_to_paint/outputs/wiki-rfa/wiki-rfa-optuna_20251203-235202/checkpoints exists and is not empty.
LOCAL_RANK: 0 - CUDA_VISIBLE_DEVICES: [1]
Metric val_auc_epoch improved. New best score: 0.586
Metric val_auc_epoch improved by 0.051 >= min_delta = 0.0. New best score: 0.637
Metric val_auc_epoch improved by 0.020 >= min_delta = 0.0. New best score: 0.657
Metric val_auc_epoch improved by 0.012 >= min_delta = 0.0. New best score: 0.669
Metric val_auc_epoch improved by 0.011 >= min_delta = 0.0. New best score: 0.680
Metric val_auc_epoch improved by 0.003 >= min_delta = 0.0. New best score: 0.683
❌ Trial 80 failed: Trial was pruned at epoch 6.
[I 2025-12-05 07:35:21,935] Trial 80 finished with value: 0.0 and parameters: {'dataset.max_walk_length': 79, 'dataset.num_walks': 654037, 'training.lr': 0.0010949128008440538, 'training.weight_decay': 5.90874747001664e-06, 'training.batch_size': 256, 'training.gradient_clip_val': 0.2857591021888568, 'training.early_stopping_patience': 19, 'model.nhead': 8, 'model.embedding_dim': 32, 'model.hidden_dim': 256, 'model.nlayers': 5, 'model.dropout': 0.18971813445555688, 'training.epochs': 11}. Best is trial 35 with value: 0.771872878074646.
🧹 Cleaning up old checkpoints and logs (keeping top 10)...
  Removed old checkpoint: trial_70-epoch=05-val_auc_epoch=0.6692.ckpt
  Removed old checkpoint: trial_69-epoch=05-val_auc_epoch=0.6710.ckpt
  Removed old checkpoint: trial_68-epoch=09-val_auc_epoch=0.7440.ckpt
  Removed old checkpoint: trial_67-epoch=05-val_auc_epoch=0.6928.ckpt
  Removed old checkpoint: trial_66-epoch=02-val_auc_epoch=0.5123.ckpt
  Removed old log dir: trial_70
  Removed old log dir: trial_69
  Removed old log dir: trial_68
  Removed old log dir: trial_67
  Removed old log dir: trial_66
Seed set to 123

🔬 Trial 81 hyperparameters:
  Walk length: 87, Num walks: 609,333
  LR: 3.12e-03, Batch size: 256
  Model: emb_dim=32, hidden_dim=4
  Transformer: 5 layers, 2 heads
  Epochs: 13, Weighted loss: True
Loading wiki-rfa dataset...
Success! ✅
Splitting edges for wiki-rfa dataset...
Ratios: train=0.480, mask=0.320, val=0.100, test=0.100
Success! ✅
Sampling random walks from wiki-rfa dataset...
Success! ✅
Building tokenizer for wiki-rfa dataset...
Success! ✅
Padding and building stage tensors for wiki-rfa dataset...
Success! ✅
Data creation profiling (seconds):
  get_edge_list: 84.55s
  split_edges: 0.10s
  get_walks: 46.84s
  get_tokenizer: 1.32s
  encode_walks: 24.74s
  pad_and_build_stage_tensors: 3.16s
Creating DataLoaders for wiki-rfa dataset...
Success! ✅
GPU available: True (cuda), used: True
TPU available: False, using: 0 TPU cores
HPU available: False, using: 0 HPUs
/home/eng/shilo_avital/yolo_lab/walk_to_paint/.venv/lib64/python3.9/site-packages/pytorch_lightning/callbacks/model_checkpoint.py:658: Checkpoint directory /home/eng/shilo_avital/yolo_lab/walk_to_paint/outputs/wiki-rfa/wiki-rfa-optuna_20251203-235202/checkpoints exists and is not empty.
LOCAL_RANK: 0 - CUDA_VISIBLE_DEVICES: [1]
Metric val_auc_epoch improved. New best score: 0.609
Metric val_auc_epoch improved by 0.079 >= min_delta = 0.0. New best score: 0.688
Metric val_auc_epoch improved by 0.037 >= min_delta = 0.0. New best score: 0.725
Metric val_auc_epoch improved by 0.013 >= min_delta = 0.0. New best score: 0.738
Metric val_auc_epoch improved by 0.003 >= min_delta = 0.0. New best score: 0.741
Metric val_auc_epoch improved by 0.010 >= min_delta = 0.0. New best score: 0.750
`Trainer.fit` stopped: `max_epochs=13` reached.
Restoring states from the checkpoint path at /home/eng/shilo_avital/yolo_lab/walk_to_paint/outputs/wiki-rfa/wiki-rfa-optuna_20251203-235202/checkpoints/trial_81-epoch=07-val_auc_epoch=0.7505.ckpt
LOCAL_RANK: 0 - CUDA_VISIBLE_DEVICES: [1]
Loaded model weights from the checkpoint at /home/eng/shilo_avital/yolo_lab/walk_to_paint/outputs/wiki-rfa/wiki-rfa-optuna_20251203-235202/checkpoints/trial_81-epoch=07-val_auc_epoch=0.7505.ckpt
────────────────────────────────────────────────────────────────────────────────────────────────────────────────────────
     Validate metric           DataLoader 0
────────────────────────────────────────────────────────────────────────────────────────────────────────────────────────
          step                     13.0
      val_acc_epoch          0.512519121170044
      val_auc_epoch         0.7504518032073975
      val_f1_epoch           0.493256151676178
        val_loss             3.184697389602661
────────────────────────────────────────────────────────────────────────────────────────────────────────────────────────
✅ Trial 81 completed - Val AUC: 0.7505
[I 2025-12-05 07:48:40,453] Trial 81 finished with value: 0.7504518032073975 and parameters: {'dataset.max_walk_length': 87, 'dataset.num_walks': 609333, 'training.lr': 0.003116904284955137, 'training.weight_decay': 0.00012332004832698326, 'training.batch_size': 256, 'training.gradient_clip_val': 0.3665548419580286, 'training.early_stopping_patience': 6, 'model.nhead': 2, 'model.embedding_dim': 32, 'model.hidden_dim': 4, 'model.nlayers': 5, 'model.dropout': 0.20793690369114612, 'training.epochs': 13}. Best is trial 35 with value: 0.771872878074646.
Seed set to 124

🔬 Trial 82 hyperparameters:
  Walk length: 88, Num walks: 780,845
  LR: 2.99e-03, Batch size: 256
  Model: emb_dim=32, hidden_dim=4
  Transformer: 5 layers, 2 heads
  Epochs: 12, Weighted loss: True
Loading wiki-rfa dataset...
Success! ✅
Splitting edges for wiki-rfa dataset...
Ratios: train=0.480, mask=0.320, val=0.100, test=0.100
Success! ✅
Sampling random walks from wiki-rfa dataset...
Success! ✅
Building tokenizer for wiki-rfa dataset...
Success! ✅
Padding and building stage tensors for wiki-rfa dataset...
Success! ✅
Data creation profiling (seconds):
  get_edge_list: 4.77s
  split_edges: 0.10s
  get_walks: 58.94s
  get_tokenizer: 1.85s
  encode_walks: 32.43s
  pad_and_build_stage_tensors: 4.09s
Creating DataLoaders for wiki-rfa dataset...
Success! ✅
GPU available: True (cuda), used: True
TPU available: False, using: 0 TPU cores
HPU available: False, using: 0 HPUs
/home/eng/shilo_avital/yolo_lab/walk_to_paint/.venv/lib64/python3.9/site-packages/pytorch_lightning/callbacks/model_checkpoint.py:658: Checkpoint directory /home/eng/shilo_avital/yolo_lab/walk_to_paint/outputs/wiki-rfa/wiki-rfa-optuna_20251203-235202/checkpoints exists and is not empty.
LOCAL_RANK: 0 - CUDA_VISIBLE_DEVICES: [1]
Metric val_auc_epoch improved. New best score: 0.679
Metric val_auc_epoch improved by 0.051 >= min_delta = 0.0. New best score: 0.730
Metric val_auc_epoch improved by 0.019 >= min_delta = 0.0. New best score: 0.748
Monitored metric val_auc_epoch did not improve in the last 5 records. Best score: 0.748. Signaling Trainer to stop.
Restoring states from the checkpoint path at /home/eng/shilo_avital/yolo_lab/walk_to_paint/outputs/wiki-rfa/wiki-rfa-optuna_20251203-235202/checkpoints/trial_82-epoch=02-val_auc_epoch=0.7482.ckpt
LOCAL_RANK: 0 - CUDA_VISIBLE_DEVICES: [1]
Loaded model weights from the checkpoint at /home/eng/shilo_avital/yolo_lab/walk_to_paint/outputs/wiki-rfa/wiki-rfa-optuna_20251203-235202/checkpoints/trial_82-epoch=02-val_auc_epoch=0.7482.ckpt
────────────────────────────────────────────────────────────────────────────────────────────────────────────────────────
     Validate metric           DataLoader 0
────────────────────────────────────────────────────────────────────────────────────────────────────────────────────────
          step                      8.0
      val_acc_epoch         0.5370106101036072
      val_auc_epoch         0.7481602430343628
      val_f1_epoch          0.4950590133666992
        val_loss            2.0955631732940674
────────────────────────────────────────────────────────────────────────────────────────────────────────────────────────
✅ Trial 82 completed - Val AUC: 0.7482
[I 2025-12-05 07:58:55,609] Trial 82 finished with value: 0.7481602430343628 and parameters: {'dataset.max_walk_length': 88, 'dataset.num_walks': 780845, 'training.lr': 0.0029877005555266705, 'training.weight_decay': 7.205589635538297e-05, 'training.batch_size': 256, 'training.gradient_clip_val': 0.14820863598582537, 'training.early_stopping_patience': 5, 'model.nhead': 2, 'model.embedding_dim': 32, 'model.hidden_dim': 4, 'model.nlayers': 5, 'model.dropout': 0.22342894271217054, 'training.epochs': 12}. Best is trial 35 with value: 0.771872878074646.
Seed set to 125

🔬 Trial 83 hyperparameters:
  Walk length: 55, Num walks: 588,482
  LR: 5.15e-03, Batch size: 256
  Model: emb_dim=32, hidden_dim=4
  Transformer: 5 layers, 2 heads
  Epochs: 14, Weighted loss: True
Loading wiki-rfa dataset...
Success! ✅
Splitting edges for wiki-rfa dataset...
Ratios: train=0.480, mask=0.320, val=0.100, test=0.100
Success! ✅
Sampling random walks from wiki-rfa dataset...
Success! ✅
Building tokenizer for wiki-rfa dataset...
Success! ✅
Padding and building stage tensors for wiki-rfa dataset...
Success! ✅
Data creation profiling (seconds):
  get_edge_list: 4.52s
  split_edges: 0.10s
  get_walks: 45.04s
  get_tokenizer: 1.29s
  encode_walks: 23.76s
  pad_and_build_stage_tensors: 2.99s
Creating DataLoaders for wiki-rfa dataset...
Success! ✅
GPU available: True (cuda), used: True
TPU available: False, using: 0 TPU cores
HPU available: False, using: 0 HPUs
/home/eng/shilo_avital/yolo_lab/walk_to_paint/.venv/lib64/python3.9/site-packages/pytorch_lightning/callbacks/model_checkpoint.py:658: Checkpoint directory /home/eng/shilo_avital/yolo_lab/walk_to_paint/outputs/wiki-rfa/wiki-rfa-optuna_20251203-235202/checkpoints exists and is not empty.
LOCAL_RANK: 0 - CUDA_VISIBLE_DEVICES: [1]
Metric val_auc_epoch improved. New best score: 0.537
Metric val_auc_epoch improved by 0.078 >= min_delta = 0.0. New best score: 0.614
Metric val_auc_epoch improved by 0.024 >= min_delta = 0.0. New best score: 0.638
Metric val_auc_epoch improved by 0.002 >= min_delta = 0.0. New best score: 0.640
❌ Trial 83 failed: Trial was pruned at epoch 5.
[I 2025-12-05 08:04:05,639] Trial 83 finished with value: 0.0 and parameters: {'dataset.max_walk_length': 55, 'dataset.num_walks': 588482, 'training.lr': 0.00514620208618575, 'training.weight_decay': 3.818737029467551e-05, 'training.batch_size': 256, 'training.gradient_clip_val': 0.5047977658327515, 'training.early_stopping_patience': 6, 'model.nhead': 2, 'model.embedding_dim': 32, 'model.hidden_dim': 4, 'model.nlayers': 5, 'model.dropout': 0.24426839377887788, 'training.epochs': 14}. Best is trial 35 with value: 0.771872878074646.
Seed set to 126

🔬 Trial 84 hyperparameters:
  Walk length: 91, Num walks: 516,837
  LR: 2.04e-03, Batch size: 256
  Model: emb_dim=32, hidden_dim=4
  Transformer: 5 layers, 2 heads
  Epochs: 10, Weighted loss: True
Loading wiki-rfa dataset...
Success! ✅
Splitting edges for wiki-rfa dataset...
Ratios: train=0.480, mask=0.320, val=0.100, test=0.100
Success! ✅
Sampling random walks from wiki-rfa dataset...
Success! ✅
Building tokenizer for wiki-rfa dataset...
Success! ✅
Padding and building stage tensors for wiki-rfa dataset...
Success! ✅
Data creation profiling (seconds):
  get_edge_list: 84.67s
  split_edges: 0.10s
  get_walks: 39.46s
  get_tokenizer: 1.13s
  encode_walks: 20.85s
  pad_and_build_stage_tensors: 2.69s
Creating DataLoaders for wiki-rfa dataset...
Success! ✅
GPU available: True (cuda), used: True
TPU available: False, using: 0 TPU cores
HPU available: False, using: 0 HPUs
/home/eng/shilo_avital/yolo_lab/walk_to_paint/.venv/lib64/python3.9/site-packages/pytorch_lightning/callbacks/model_checkpoint.py:658: Checkpoint directory /home/eng/shilo_avital/yolo_lab/walk_to_paint/outputs/wiki-rfa/wiki-rfa-optuna_20251203-235202/checkpoints exists and is not empty.
LOCAL_RANK: 0 - CUDA_VISIBLE_DEVICES: [1]
Metric val_auc_epoch improved. New best score: 0.584
Metric val_auc_epoch improved by 0.056 >= min_delta = 0.0. New best score: 0.639
Metric val_auc_epoch improved by 0.014 >= min_delta = 0.0. New best score: 0.654
Metric val_auc_epoch improved by 0.012 >= min_delta = 0.0. New best score: 0.666
Metric val_auc_epoch improved by 0.011 >= min_delta = 0.0. New best score: 0.677
Metric val_auc_epoch improved by 0.009 >= min_delta = 0.0. New best score: 0.686
❌ Trial 84 failed: Trial was pruned at epoch 6.
[I 2025-12-05 08:11:28,305] Trial 84 finished with value: 0.0 and parameters: {'dataset.max_walk_length': 91, 'dataset.num_walks': 516837, 'training.lr': 0.002036429260065248, 'training.weight_decay': 0.000145179871316981, 'training.batch_size': 256, 'training.gradient_clip_val': 0.4186813679773771, 'training.early_stopping_patience': 7, 'model.nhead': 2, 'model.embedding_dim': 32, 'model.hidden_dim': 4, 'model.nlayers': 5, 'model.dropout': 0.2666548578106028, 'training.epochs': 10}. Best is trial 35 with value: 0.771872878074646.
Seed set to 127

🔬 Trial 85 hyperparameters:
  Walk length: 85, Num walks: 734,642
  LR: 2.31e-03, Batch size: 256
  Model: emb_dim=32, hidden_dim=32
  Transformer: 4 layers, 2 heads
  Epochs: 13, Weighted loss: True
Loading wiki-rfa dataset...
Success! ✅
Splitting edges for wiki-rfa dataset...
Ratios: train=0.480, mask=0.320, val=0.100, test=0.100
Success! ✅
Sampling random walks from wiki-rfa dataset...
Success! ✅
Building tokenizer for wiki-rfa dataset...
Success! ✅
Padding and building stage tensors for wiki-rfa dataset...
Success! ✅
Data creation profiling (seconds):
  get_edge_list: 84.65s
  split_edges: 0.09s
  get_walks: 57.14s
  get_tokenizer: 1.55s
  encode_walks: 30.41s
  pad_and_build_stage_tensors: 3.81s
Creating DataLoaders for wiki-rfa dataset...
Success! ✅
GPU available: True (cuda), used: True
TPU available: False, using: 0 TPU cores
HPU available: False, using: 0 HPUs
/home/eng/shilo_avital/yolo_lab/walk_to_paint/.venv/lib64/python3.9/site-packages/pytorch_lightning/callbacks/model_checkpoint.py:658: Checkpoint directory /home/eng/shilo_avital/yolo_lab/walk_to_paint/outputs/wiki-rfa/wiki-rfa-optuna_20251203-235202/checkpoints exists and is not empty.
LOCAL_RANK: 0 - CUDA_VISIBLE_DEVICES: [1]
Metric val_auc_epoch improved. New best score: 0.670
Metric val_auc_epoch improved by 0.055 >= min_delta = 0.0. New best score: 0.725
Metric val_auc_epoch improved by 0.012 >= min_delta = 0.0. New best score: 0.737
Metric val_auc_epoch improved by 0.004 >= min_delta = 0.0. New best score: 0.741
Metric val_auc_epoch improved by 0.004 >= min_delta = 0.0. New best score: 0.744
Monitored metric val_auc_epoch did not improve in the last 6 records. Best score: 0.744. Signaling Trainer to stop.
Restoring states from the checkpoint path at /home/eng/shilo_avital/yolo_lab/walk_to_paint/outputs/wiki-rfa/wiki-rfa-optuna_20251203-235202/checkpoints/trial_85-epoch=04-val_auc_epoch=0.7444.ckpt
LOCAL_RANK: 0 - CUDA_VISIBLE_DEVICES: [1]
Loaded model weights from the checkpoint at /home/eng/shilo_avital/yolo_lab/walk_to_paint/outputs/wiki-rfa/wiki-rfa-optuna_20251203-235202/checkpoints/trial_85-epoch=04-val_auc_epoch=0.7444.ckpt
────────────────────────────────────────────────────────────────────────────────────────────────────────────────────────
     Validate metric           DataLoader 0
────────────────────────────────────────────────────────────────────────────────────────────────────────────────────────
          step                     11.0
      val_acc_epoch         0.5618021488189697
      val_auc_epoch         0.7444449663162231
      val_f1_epoch          0.5291160941123962
        val_loss            2.4454166889190674
────────────────────────────────────────────────────────────────────────────────────────────────────────────────────────
✅ Trial 85 completed - Val AUC: 0.7444
[I 2025-12-05 08:24:06,261] Trial 85 finished with value: 0.7444449663162231 and parameters: {'dataset.max_walk_length': 85, 'dataset.num_walks': 734642, 'training.lr': 0.0023089131596955594, 'training.weight_decay': 1.3754580618921226e-05, 'training.batch_size': 256, 'training.gradient_clip_val': 0.3792526285086653, 'training.early_stopping_patience': 6, 'model.nhead': 2, 'model.embedding_dim': 32, 'model.hidden_dim': 32, 'model.nlayers': 4, 'model.dropout': 0.16763024206866584, 'training.epochs': 13}. Best is trial 35 with value: 0.771872878074646.
🧹 Cleaning up old checkpoints and logs (keeping top 10)...
  Removed old checkpoint: trial_75-epoch=05-val_auc_epoch=0.6880.ckpt
  Removed old checkpoint: trial_74-epoch=07-val_auc_epoch=0.7376.ckpt
  Removed old checkpoint: trial_73-epoch=07-val_auc_epoch=0.7367.ckpt
  Removed old checkpoint: trial_72-epoch=05-val_auc_epoch=0.7132.ckpt
  Removed old checkpoint: trial_71-epoch=03-val_auc_epoch=0.6849.ckpt
  Removed old log dir: trial_75
  Removed old log dir: trial_74
  Removed old log dir: trial_73
  Removed old log dir: trial_72
  Removed old log dir: trial_71
Seed set to 128

🔬 Trial 86 hyperparameters:
  Walk length: 77, Num walks: 482,462
  LR: 3.19e-03, Batch size: 512
  Model: emb_dim=128, hidden_dim=4
  Transformer: 6 layers, 4 heads
  Epochs: 11, Weighted loss: True
Loading wiki-rfa dataset...
Success! ✅
Splitting edges for wiki-rfa dataset...
Ratios: train=0.480, mask=0.320, val=0.100, test=0.100
Success! ✅
Sampling random walks from wiki-rfa dataset...
Success! ✅
Building tokenizer for wiki-rfa dataset...
Success! ✅
Padding and building stage tensors for wiki-rfa dataset...
Success! ✅
Data creation profiling (seconds):
  get_edge_list: 4.80s
  split_edges: 0.10s
  get_walks: 35.94s
  get_tokenizer: 1.12s
  encode_walks: 19.80s
  pad_and_build_stage_tensors: 2.52s
Creating DataLoaders for wiki-rfa dataset...
Success! ✅
GPU available: True (cuda), used: True
TPU available: False, using: 0 TPU cores
HPU available: False, using: 0 HPUs
/home/eng/shilo_avital/yolo_lab/walk_to_paint/.venv/lib64/python3.9/site-packages/pytorch_lightning/callbacks/model_checkpoint.py:658: Checkpoint directory /home/eng/shilo_avital/yolo_lab/walk_to_paint/outputs/wiki-rfa/wiki-rfa-optuna_20251203-235202/checkpoints exists and is not empty.
LOCAL_RANK: 0 - CUDA_VISIBLE_DEVICES: [1]
Metric val_auc_epoch improved. New best score: 0.511
❌ Trial 86 failed: Trial was pruned at epoch 5.
[I 2025-12-05 08:33:17,319] Trial 86 finished with value: 0.0 and parameters: {'dataset.max_walk_length': 77, 'dataset.num_walks': 482462, 'training.lr': 0.0031928695710202624, 'training.weight_decay': 3.385851305391788e-06, 'training.batch_size': 512, 'training.gradient_clip_val': 0.23254880210650827, 'training.early_stopping_patience': 11, 'model.nhead': 4, 'model.embedding_dim': 128, 'model.hidden_dim': 4, 'model.nlayers': 6, 'model.dropout': 0.20521081381378015, 'training.epochs': 11}. Best is trial 35 with value: 0.771872878074646.
Seed set to 129

🔬 Trial 87 hyperparameters:
  Walk length: 82, Num walks: 434,857
  LR: 1.61e-03, Batch size: 256
  Model: emb_dim=64, hidden_dim=64
  Transformer: 5 layers, 2 heads
  Epochs: 20, Weighted loss: True
Loading wiki-rfa dataset...
Success! ✅
Splitting edges for wiki-rfa dataset...
Ratios: train=0.480, mask=0.320, val=0.100, test=0.100
Success! ✅
Sampling random walks from wiki-rfa dataset...
Success! ✅
Building tokenizer for wiki-rfa dataset...
Success! ✅
Padding and building stage tensors for wiki-rfa dataset...
Success! ✅
Data creation profiling (seconds):
  get_edge_list: 84.84s
  split_edges: 0.10s
  get_walks: 33.08s
  get_tokenizer: 1.06s
  encode_walks: 17.82s
  pad_and_build_stage_tensors: 2.32s
Creating DataLoaders for wiki-rfa dataset...
Success! ✅
GPU available: True (cuda), used: True
TPU available: False, using: 0 TPU cores
HPU available: False, using: 0 HPUs
/home/eng/shilo_avital/yolo_lab/walk_to_paint/.venv/lib64/python3.9/site-packages/pytorch_lightning/callbacks/model_checkpoint.py:658: Checkpoint directory /home/eng/shilo_avital/yolo_lab/walk_to_paint/outputs/wiki-rfa/wiki-rfa-optuna_20251203-235202/checkpoints exists and is not empty.
LOCAL_RANK: 0 - CUDA_VISIBLE_DEVICES: [1]
Metric val_auc_epoch improved. New best score: 0.668
Metric val_auc_epoch improved by 0.044 >= min_delta = 0.0. New best score: 0.712
Metric val_auc_epoch improved by 0.023 >= min_delta = 0.0. New best score: 0.735
Metric val_auc_epoch improved by 0.015 >= min_delta = 0.0. New best score: 0.750
Metric val_auc_epoch improved by 0.012 >= min_delta = 0.0. New best score: 0.762
Metric val_auc_epoch improved by 0.002 >= min_delta = 0.0. New best score: 0.765
Metric val_auc_epoch improved by 0.004 >= min_delta = 0.0. New best score: 0.769
Metric val_auc_epoch improved by 0.004 >= min_delta = 0.0. New best score: 0.773
Metric val_auc_epoch improved by 0.005 >= min_delta = 0.0. New best score: 0.778
Monitored metric val_auc_epoch did not improve in the last 5 records. Best score: 0.778. Signaling Trainer to stop.
Restoring states from the checkpoint path at /home/eng/shilo_avital/yolo_lab/walk_to_paint/outputs/wiki-rfa/wiki-rfa-optuna_20251203-235202/checkpoints/trial_87-epoch=10-val_auc_epoch=0.7779.ckpt
LOCAL_RANK: 0 - CUDA_VISIBLE_DEVICES: [1]
Loaded model weights from the checkpoint at /home/eng/shilo_avital/yolo_lab/walk_to_paint/outputs/wiki-rfa/wiki-rfa-optuna_20251203-235202/checkpoints/trial_87-epoch=10-val_auc_epoch=0.7779.ckpt
────────────────────────────────────────────────────────────────────────────────────────────────────────────────────────
     Validate metric           DataLoader 0
────────────────────────────────────────────────────────────────────────────────────────────────────────────────────────
          step                     16.0
      val_acc_epoch         0.5768955945968628
      val_auc_epoch          0.777931809425354
      val_f1_epoch          0.5576508641242981
        val_loss             2.49639630317688
────────────────────────────────────────────────────────────────────────────────────────────────────────────────────────
✅ Trial 87 completed - Val AUC: 0.7779
[I 2025-12-05 08:45:43,422] Trial 87 finished with value: 0.777931809425354 and parameters: {'dataset.max_walk_length': 82, 'dataset.num_walks': 434857, 'training.lr': 0.0016135042002810406, 'training.weight_decay': 2.9866739870000337e-05, 'training.batch_size': 256, 'training.gradient_clip_val': 0.5394002549968298, 'training.early_stopping_patience': 5, 'model.nhead': 2, 'model.embedding_dim': 64, 'model.hidden_dim': 64, 'model.nlayers': 5, 'model.dropout': 0.14736239940786994, 'training.epochs': 20}. Best is trial 87 with value: 0.777931809425354.
Seed set to 130

🔬 Trial 88 hyperparameters:
  Walk length: 82, Num walks: 429,509
  LR: 1.25e-03, Batch size: 256
  Model: emb_dim=64, hidden_dim=64
  Transformer: 5 layers, 8 heads
  Epochs: 18, Weighted loss: True
Loading wiki-rfa dataset...
Success! ✅
Splitting edges for wiki-rfa dataset...
Ratios: train=0.480, mask=0.320, val=0.100, test=0.100
Success! ✅
Sampling random walks from wiki-rfa dataset...
Success! ✅
Building tokenizer for wiki-rfa dataset...
Success! ✅
Padding and building stage tensors for wiki-rfa dataset...
Success! ✅
Data creation profiling (seconds):
  get_edge_list: 4.67s
  split_edges: 0.10s
  get_walks: 32.19s
  get_tokenizer: 0.98s
  encode_walks: 17.64s
  pad_and_build_stage_tensors: 2.24s
Creating DataLoaders for wiki-rfa dataset...
Success! ✅
GPU available: True (cuda), used: True
TPU available: False, using: 0 TPU cores
HPU available: False, using: 0 HPUs
/home/eng/shilo_avital/yolo_lab/walk_to_paint/.venv/lib64/python3.9/site-packages/pytorch_lightning/callbacks/model_checkpoint.py:658: Checkpoint directory /home/eng/shilo_avital/yolo_lab/walk_to_paint/outputs/wiki-rfa/wiki-rfa-optuna_20251203-235202/checkpoints exists and is not empty.
LOCAL_RANK: 0 - CUDA_VISIBLE_DEVICES: [1]
Metric val_auc_epoch improved. New best score: 0.625
Metric val_auc_epoch improved by 0.042 >= min_delta = 0.0. New best score: 0.667
Metric val_auc_epoch improved by 0.019 >= min_delta = 0.0. New best score: 0.686
Metric val_auc_epoch improved by 0.017 >= min_delta = 0.0. New best score: 0.703
Metric val_auc_epoch improved by 0.013 >= min_delta = 0.0. New best score: 0.716
❌ Trial 88 failed: Trial was pruned at epoch 7.
[I 2025-12-05 08:55:12,041] Trial 88 finished with value: 0.0 and parameters: {'dataset.max_walk_length': 82, 'dataset.num_walks': 429509, 'training.lr': 0.0012487818463470177, 'training.weight_decay': 5.3771636651382936e-05, 'training.batch_size': 256, 'training.gradient_clip_val': 0.6244386445281067, 'training.early_stopping_patience': 5, 'model.nhead': 8, 'model.embedding_dim': 64, 'model.hidden_dim': 64, 'model.nlayers': 5, 'model.dropout': 0.14348973769229018, 'training.epochs': 18}. Best is trial 87 with value: 0.777931809425354.
Seed set to 131

🔬 Trial 89 hyperparameters:
  Walk length: 80, Num walks: 379,339
  LR: 1.86e-03, Batch size: 64
  Model: emb_dim=64, hidden_dim=64
  Transformer: 1 layers, 2 heads
  Epochs: 20, Weighted loss: True
Loading wiki-rfa dataset...
Success! ✅
Splitting edges for wiki-rfa dataset...
Ratios: train=0.480, mask=0.320, val=0.100, test=0.100
Success! ✅
Sampling random walks from wiki-rfa dataset...
Success! ✅
Building tokenizer for wiki-rfa dataset...
Success! ✅
Padding and building stage tensors for wiki-rfa dataset...
Success! ✅
Data creation profiling (seconds):
  get_edge_list: 84.82s
  split_edges: 0.10s
  get_walks: 28.97s
  get_tokenizer: 0.90s
  encode_walks: 15.85s
  pad_and_build_stage_tensors: 2.03s
Creating DataLoaders for wiki-rfa dataset...
Success! ✅
GPU available: True (cuda), used: True
TPU available: False, using: 0 TPU cores
HPU available: False, using: 0 HPUs
/home/eng/shilo_avital/yolo_lab/walk_to_paint/.venv/lib64/python3.9/site-packages/pytorch_lightning/callbacks/model_checkpoint.py:658: Checkpoint directory /home/eng/shilo_avital/yolo_lab/walk_to_paint/outputs/wiki-rfa/wiki-rfa-optuna_20251203-235202/checkpoints exists and is not empty.
LOCAL_RANK: 0 - CUDA_VISIBLE_DEVICES: [1]
Metric val_auc_epoch improved. New best score: 0.679
Metric val_auc_epoch improved by 0.037 >= min_delta = 0.0. New best score: 0.716
Metric val_auc_epoch improved by 0.018 >= min_delta = 0.0. New best score: 0.734
Monitored metric val_auc_epoch did not improve in the last 5 records. Best score: 0.734. Signaling Trainer to stop.
Restoring states from the checkpoint path at /home/eng/shilo_avital/yolo_lab/walk_to_paint/outputs/wiki-rfa/wiki-rfa-optuna_20251203-235202/checkpoints/trial_89-epoch=02-val_auc_epoch=0.7343.ckpt
LOCAL_RANK: 0 - CUDA_VISIBLE_DEVICES: [1]
Loaded model weights from the checkpoint at /home/eng/shilo_avital/yolo_lab/walk_to_paint/outputs/wiki-rfa/wiki-rfa-optuna_20251203-235202/checkpoints/trial_89-epoch=02-val_auc_epoch=0.7343.ckpt
────────────────────────────────────────────────────────────────────────────────────────────────────────────────────────
     Validate metric           DataLoader 0
────────────────────────────────────────────────────────────────────────────────────────────────────────────────────────
          step                      8.0
      val_acc_epoch          0.530228853225708
      val_auc_epoch         0.7342910766601562
      val_f1_epoch          0.4852975606918335
        val_loss             1.594973087310791
────────────────────────────────────────────────────────────────────────────────────────────────────────────────────────
✅ Trial 89 completed - Val AUC: 0.7343
[I 2025-12-05 09:06:06,728] Trial 89 finished with value: 0.7342910766601562 and parameters: {'dataset.max_walk_length': 80, 'dataset.num_walks': 379339, 'training.lr': 0.0018645011483386744, 'training.weight_decay': 3.0790102243896755e-05, 'training.batch_size': 64, 'training.gradient_clip_val': 0.5409037422282128, 'training.early_stopping_patience': 5, 'model.nhead': 2, 'model.embedding_dim': 64, 'model.hidden_dim': 64, 'model.nlayers': 1, 'model.dropout': 0.16338979526037783, 'training.epochs': 20}. Best is trial 87 with value: 0.777931809425354.
Seed set to 132

🔬 Trial 90 hyperparameters:
  Walk length: 25, Num walks: 359,848
  LR: 1.02e-03, Batch size: 128
  Model: emb_dim=64, hidden_dim=64
  Transformer: 4 layers, 1 heads
  Epochs: 16, Weighted loss: True
Loading wiki-rfa dataset...
Success! ✅
Splitting edges for wiki-rfa dataset...
Ratios: train=0.480, mask=0.320, val=0.100, test=0.100
Success! ✅
Sampling random walks from wiki-rfa dataset...
Success! ✅
Building tokenizer for wiki-rfa dataset...
Success! ✅
Padding and building stage tensors for wiki-rfa dataset...
Success! ✅
Data creation profiling (seconds):
  get_edge_list: 4.52s
  split_edges: 0.10s
  get_walks: 27.14s
  get_tokenizer: 0.81s
  encode_walks: 14.19s
  pad_and_build_stage_tensors: 1.75s
Creating DataLoaders for wiki-rfa dataset...
Success! ✅
/home/eng/shilo_avital/yolo_lab/walk_to_paint/.venv/lib64/python3.9/site-packages/torch/nn/modules/transformer.py:382: UserWarning: enable_nested_tensor is True, but self.use_nested_tensor is False because encoder_layer.self_attn.num_heads is odd
  warnings.warn(
GPU available: True (cuda), used: True
TPU available: False, using: 0 TPU cores
HPU available: False, using: 0 HPUs
/home/eng/shilo_avital/yolo_lab/walk_to_paint/.venv/lib64/python3.9/site-packages/pytorch_lightning/callbacks/model_checkpoint.py:658: Checkpoint directory /home/eng/shilo_avital/yolo_lab/walk_to_paint/outputs/wiki-rfa/wiki-rfa-optuna_20251203-235202/checkpoints exists and is not empty.
LOCAL_RANK: 0 - CUDA_VISIBLE_DEVICES: [1]
Metric val_auc_epoch improved. New best score: 0.653
Metric val_auc_epoch improved by 0.049 >= min_delta = 0.0. New best score: 0.702
Metric val_auc_epoch improved by 0.022 >= min_delta = 0.0. New best score: 0.723
Metric val_auc_epoch improved by 0.008 >= min_delta = 0.0. New best score: 0.732
Metric val_auc_epoch improved by 0.007 >= min_delta = 0.0. New best score: 0.738
Metric val_auc_epoch improved by 0.011 >= min_delta = 0.0. New best score: 0.749
Metric val_auc_epoch improved by 0.000 >= min_delta = 0.0. New best score: 0.749
Metric val_auc_epoch improved by 0.003 >= min_delta = 0.0. New best score: 0.752
Metric val_auc_epoch improved by 0.002 >= min_delta = 0.0. New best score: 0.754
`Trainer.fit` stopped: `max_epochs=16` reached.
Restoring states from the checkpoint path at /home/eng/shilo_avital/yolo_lab/walk_to_paint/outputs/wiki-rfa/wiki-rfa-optuna_20251203-235202/checkpoints/trial_90-epoch=09-val_auc_epoch=0.7542.ckpt
LOCAL_RANK: 0 - CUDA_VISIBLE_DEVICES: [1]
Loaded model weights from the checkpoint at /home/eng/shilo_avital/yolo_lab/walk_to_paint/outputs/wiki-rfa/wiki-rfa-optuna_20251203-235202/checkpoints/trial_90-epoch=09-val_auc_epoch=0.7542.ckpt
────────────────────────────────────────────────────────────────────────────────────────────────────────────────────────
     Validate metric           DataLoader 0
────────────────────────────────────────────────────────────────────────────────────────────────────────────────────────
          step                     16.0
      val_acc_epoch          0.545891523361206
      val_auc_epoch         0.7542445063591003
      val_f1_epoch          0.5136716365814209
        val_loss             2.335376024246216
────────────────────────────────────────────────────────────────────────────────────────────────────────────────────────
✅ Trial 90 completed - Val AUC: 0.7542
[I 2025-12-05 09:18:30,678] Trial 90 finished with value: 0.7542445063591003 and parameters: {'dataset.max_walk_length': 25, 'dataset.num_walks': 359848, 'training.lr': 0.001024610097800299, 'training.weight_decay': 7.797842092873026e-05, 'training.batch_size': 128, 'training.gradient_clip_val': 0.4749161420448781, 'training.early_stopping_patience': 7, 'model.nhead': 1, 'model.embedding_dim': 64, 'model.hidden_dim': 64, 'model.nlayers': 4, 'model.dropout': 0.12218020762832563, 'training.epochs': 16}. Best is trial 87 with value: 0.777931809425354.
🧹 Cleaning up old checkpoints and logs (keeping top 10)...
  Removed old checkpoint: trial_80-epoch=05-val_auc_epoch=0.6829.ckpt
  Removed old checkpoint: trial_79-epoch=05-val_auc_epoch=0.6859.ckpt
  Removed old checkpoint: trial_78-epoch=04-val_auc_epoch=0.5405.ckpt
  Removed old checkpoint: trial_77-epoch=05-val_auc_epoch=0.6774.ckpt
  Removed old checkpoint: trial_76-epoch=04-val_auc_epoch=0.6547.ckpt
  Removed old log dir: trial_80
  Removed old log dir: trial_79
  Removed old log dir: trial_78
  Removed old log dir: trial_77
  Removed old log dir: trial_76
Seed set to 133

🔬 Trial 91 hyperparameters:
  Walk length: 13, Num walks: 334,616
  LR: 1.60e-03, Batch size: 128
  Model: emb_dim=64, hidden_dim=64
  Transformer: 4 layers, 1 heads
  Epochs: 21, Weighted loss: True
Loading wiki-rfa dataset...
Success! ✅
Splitting edges for wiki-rfa dataset...
Ratios: train=0.480, mask=0.320, val=0.100, test=0.100
Success! ✅
Sampling random walks from wiki-rfa dataset...
Success! ✅
Building tokenizer for wiki-rfa dataset...
Success! ✅
Padding and building stage tensors for wiki-rfa dataset...
Success! ✅
Data creation profiling (seconds):
  get_edge_list: 4.68s
  split_edges: 0.10s
  get_walks: 24.67s
  get_tokenizer: 0.68s
  encode_walks: 12.11s
  pad_and_build_stage_tensors: 1.62s
Creating DataLoaders for wiki-rfa dataset...
Success! ✅
/home/eng/shilo_avital/yolo_lab/walk_to_paint/.venv/lib64/python3.9/site-packages/torch/nn/modules/transformer.py:382: UserWarning: enable_nested_tensor is True, but self.use_nested_tensor is False because encoder_layer.self_attn.num_heads is odd
  warnings.warn(
GPU available: True (cuda), used: True
TPU available: False, using: 0 TPU cores
HPU available: False, using: 0 HPUs
/home/eng/shilo_avital/yolo_lab/walk_to_paint/.venv/lib64/python3.9/site-packages/pytorch_lightning/callbacks/model_checkpoint.py:658: Checkpoint directory /home/eng/shilo_avital/yolo_lab/walk_to_paint/outputs/wiki-rfa/wiki-rfa-optuna_20251203-235202/checkpoints exists and is not empty.
LOCAL_RANK: 0 - CUDA_VISIBLE_DEVICES: [1]
Metric val_auc_epoch improved. New best score: 0.564
Metric val_auc_epoch improved by 0.063 >= min_delta = 0.0. New best score: 0.627
Metric val_auc_epoch improved by 0.017 >= min_delta = 0.0. New best score: 0.644
Metric val_auc_epoch improved by 0.008 >= min_delta = 0.0. New best score: 0.651
❌ Trial 91 failed: Trial was pruned at epoch 5.
[I 2025-12-05 09:23:12,397] Trial 91 finished with value: 0.0 and parameters: {'dataset.max_walk_length': 13, 'dataset.num_walks': 334616, 'training.lr': 0.0015978168042847872, 'training.weight_decay': 7.592740152191514e-05, 'training.batch_size': 128, 'training.gradient_clip_val': 0.5610082244349115, 'training.early_stopping_patience': 7, 'model.nhead': 1, 'model.embedding_dim': 64, 'model.hidden_dim': 64, 'model.nlayers': 4, 'model.dropout': 0.19714746758796145, 'training.epochs': 21}. Best is trial 87 with value: 0.777931809425354.
Seed set to 134

🔬 Trial 92 hyperparameters:
  Walk length: 24, Num walks: 411,477
  LR: 7.32e-04, Batch size: 128
  Model: emb_dim=64, hidden_dim=64
  Transformer: 4 layers, 1 heads
  Epochs: 18, Weighted loss: True
Loading wiki-rfa dataset...
Success! ✅
Splitting edges for wiki-rfa dataset...
Ratios: train=0.480, mask=0.320, val=0.100, test=0.100
Success! ✅
Sampling random walks from wiki-rfa dataset...
Success! ✅
Building tokenizer for wiki-rfa dataset...
Success! ✅
Padding and building stage tensors for wiki-rfa dataset...
Success! ✅
Data creation profiling (seconds):
  get_edge_list: 84.70s
  split_edges: 0.10s
  get_walks: 31.71s
  get_tokenizer: 0.99s
  encode_walks: 16.57s
  pad_and_build_stage_tensors: 2.04s
Creating DataLoaders for wiki-rfa dataset...
Success! ✅
/home/eng/shilo_avital/yolo_lab/walk_to_paint/.venv/lib64/python3.9/site-packages/torch/nn/modules/transformer.py:382: UserWarning: enable_nested_tensor is True, but self.use_nested_tensor is False because encoder_layer.self_attn.num_heads is odd
  warnings.warn(
GPU available: True (cuda), used: True
TPU available: False, using: 0 TPU cores
HPU available: False, using: 0 HPUs
/home/eng/shilo_avital/yolo_lab/walk_to_paint/.venv/lib64/python3.9/site-packages/pytorch_lightning/callbacks/model_checkpoint.py:658: Checkpoint directory /home/eng/shilo_avital/yolo_lab/walk_to_paint/outputs/wiki-rfa/wiki-rfa-optuna_20251203-235202/checkpoints exists and is not empty.
LOCAL_RANK: 0 - CUDA_VISIBLE_DEVICES: [1]
Metric val_auc_epoch improved. New best score: 0.635
Metric val_auc_epoch improved by 0.011 >= min_delta = 0.0. New best score: 0.646
Metric val_auc_epoch improved by 0.021 >= min_delta = 0.0. New best score: 0.667
Metric val_auc_epoch improved by 0.014 >= min_delta = 0.0. New best score: 0.681
Metric val_auc_epoch improved by 0.008 >= min_delta = 0.0. New best score: 0.689
Metric val_auc_epoch improved by 0.021 >= min_delta = 0.0. New best score: 0.710
Metric val_auc_epoch improved by 0.012 >= min_delta = 0.0. New best score: 0.722
Metric val_auc_epoch improved by 0.007 >= min_delta = 0.0. New best score: 0.729
Metric val_auc_epoch improved by 0.005 >= min_delta = 0.0. New best score: 0.734
Metric val_auc_epoch improved by 0.001 >= min_delta = 0.0. New best score: 0.735
Metric val_auc_epoch improved by 0.003 >= min_delta = 0.0. New best score: 0.738
Metric val_auc_epoch improved by 0.003 >= min_delta = 0.0. New best score: 0.741
Metric val_auc_epoch improved by 0.002 >= min_delta = 0.0. New best score: 0.743
`Trainer.fit` stopped: `max_epochs=18` reached.
Restoring states from the checkpoint path at /home/eng/shilo_avital/yolo_lab/walk_to_paint/outputs/wiki-rfa/wiki-rfa-optuna_20251203-235202/checkpoints/trial_92-epoch=12-val_auc_epoch=0.7426.ckpt
LOCAL_RANK: 0 - CUDA_VISIBLE_DEVICES: [1]
Loaded model weights from the checkpoint at /home/eng/shilo_avital/yolo_lab/walk_to_paint/outputs/wiki-rfa/wiki-rfa-optuna_20251203-235202/checkpoints/trial_92-epoch=12-val_auc_epoch=0.7426.ckpt
────────────────────────────────────────────────────────────────────────────────────────────────────────────────────────
     Validate metric           DataLoader 0
────────────────────────────────────────────────────────────────────────────────────────────────────────────────────────
          step                     18.0
      val_acc_epoch         0.5121201276779175
      val_auc_epoch         0.7426072955131531
      val_f1_epoch          0.4863055348396301
        val_loss             2.306544542312622
────────────────────────────────────────────────────────────────────────────────────────────────────────────────────────
✅ Trial 92 completed - Val AUC: 0.7426
[I 2025-12-05 09:40:11,278] Trial 92 finished with value: 0.7426072955131531 and parameters: {'dataset.max_walk_length': 24, 'dataset.num_walks': 411477, 'training.lr': 0.000731619631208805, 'training.weight_decay': 1.9701017069102567e-05, 'training.batch_size': 128, 'training.gradient_clip_val': 0.4697993276907091, 'training.early_stopping_patience': 8, 'model.nhead': 1, 'model.embedding_dim': 64, 'model.hidden_dim': 64, 'model.nlayers': 4, 'model.dropout': 0.09358608115991449, 'training.epochs': 18}. Best is trial 87 with value: 0.777931809425354.
Seed set to 135

🔬 Trial 93 hyperparameters:
  Walk length: 88, Num walks: 340,083
  LR: 6.02e-04, Batch size: 128
  Model: emb_dim=64, hidden_dim=64
  Transformer: 4 layers, 1 heads
  Epochs: 16, Weighted loss: True
Loading wiki-rfa dataset...
Success! ✅
Splitting edges for wiki-rfa dataset...
Ratios: train=0.480, mask=0.320, val=0.100, test=0.100
Success! ✅
Sampling random walks from wiki-rfa dataset...
Success! ✅
Building tokenizer for wiki-rfa dataset...
Success! ✅
Padding and building stage tensors for wiki-rfa dataset...
Success! ✅
Data creation profiling (seconds):
  get_edge_list: 4.71s
  split_edges: 0.10s
  get_walks: 25.87s
  get_tokenizer: 0.82s
  encode_walks: 13.58s
  pad_and_build_stage_tensors: 1.82s
Creating DataLoaders for wiki-rfa dataset...
Success! ✅
/home/eng/shilo_avital/yolo_lab/walk_to_paint/.venv/lib64/python3.9/site-packages/torch/nn/modules/transformer.py:382: UserWarning: enable_nested_tensor is True, but self.use_nested_tensor is False because encoder_layer.self_attn.num_heads is odd
  warnings.warn(
GPU available: True (cuda), used: True
TPU available: False, using: 0 TPU cores
HPU available: False, using: 0 HPUs
/home/eng/shilo_avital/yolo_lab/walk_to_paint/.venv/lib64/python3.9/site-packages/pytorch_lightning/callbacks/model_checkpoint.py:658: Checkpoint directory /home/eng/shilo_avital/yolo_lab/walk_to_paint/outputs/wiki-rfa/wiki-rfa-optuna_20251203-235202/checkpoints exists and is not empty.
LOCAL_RANK: 0 - CUDA_VISIBLE_DEVICES: [1]
Metric val_auc_epoch improved. New best score: 0.605
Metric val_auc_epoch improved by 0.044 >= min_delta = 0.0. New best score: 0.648
Metric val_auc_epoch improved by 0.030 >= min_delta = 0.0. New best score: 0.678
Metric val_auc_epoch improved by 0.025 >= min_delta = 0.0. New best score: 0.703
Metric val_auc_epoch improved by 0.005 >= min_delta = 0.0. New best score: 0.708
Metric val_auc_epoch improved by 0.008 >= min_delta = 0.0. New best score: 0.715
Metric val_auc_epoch improved by 0.003 >= min_delta = 0.0. New best score: 0.718
❌ Trial 93 failed: Trial was pruned at epoch 7.
[I 2025-12-05 09:46:20,617] Trial 93 finished with value: 0.0 and parameters: {'dataset.max_walk_length': 88, 'dataset.num_walks': 340083, 'training.lr': 0.0006015196944220188, 'training.weight_decay': 0.00028837867155648126, 'training.batch_size': 128, 'training.gradient_clip_val': 0.33051781403878766, 'training.early_stopping_patience': 6, 'model.nhead': 1, 'model.embedding_dim': 64, 'model.hidden_dim': 64, 'model.nlayers': 4, 'model.dropout': 0.13766186606810019, 'training.epochs': 16}. Best is trial 87 with value: 0.777931809425354.
Seed set to 136

🔬 Trial 94 hyperparameters:
  Walk length: 21, Num walks: 558,462
  LR: 1.08e-03, Batch size: 128
  Model: emb_dim=64, hidden_dim=64
  Transformer: 3 layers, 1 heads
  Epochs: 17, Weighted loss: True
Loading wiki-rfa dataset...
Success! ✅
Splitting edges for wiki-rfa dataset...
Ratios: train=0.480, mask=0.320, val=0.100, test=0.100
Success! ✅
Sampling random walks from wiki-rfa dataset...
Success! ✅
Building tokenizer for wiki-rfa dataset...
Success! ✅
Padding and building stage tensors for wiki-rfa dataset...
Success! ✅
Data creation profiling (seconds):
  get_edge_list: 84.76s
  split_edges: 0.10s
  get_walks: 42.99s
  get_tokenizer: 1.16s
  encode_walks: 20.91s
  pad_and_build_stage_tensors: 2.64s
Creating DataLoaders for wiki-rfa dataset...
Success! ✅
/home/eng/shilo_avital/yolo_lab/walk_to_paint/.venv/lib64/python3.9/site-packages/torch/nn/modules/transformer.py:382: UserWarning: enable_nested_tensor is True, but self.use_nested_tensor is False because encoder_layer.self_attn.num_heads is odd
  warnings.warn(
GPU available: True (cuda), used: True
TPU available: False, using: 0 TPU cores
HPU available: False, using: 0 HPUs
/home/eng/shilo_avital/yolo_lab/walk_to_paint/.venv/lib64/python3.9/site-packages/pytorch_lightning/callbacks/model_checkpoint.py:658: Checkpoint directory /home/eng/shilo_avital/yolo_lab/walk_to_paint/outputs/wiki-rfa/wiki-rfa-optuna_20251203-235202/checkpoints exists and is not empty.
LOCAL_RANK: 0 - CUDA_VISIBLE_DEVICES: [1]
Metric val_auc_epoch improved. New best score: 0.634
Metric val_auc_epoch improved by 0.054 >= min_delta = 0.0. New best score: 0.688
Metric val_auc_epoch improved by 0.032 >= min_delta = 0.0. New best score: 0.721
Metric val_auc_epoch improved by 0.003 >= min_delta = 0.0. New best score: 0.724
Metric val_auc_epoch improved by 0.006 >= min_delta = 0.0. New best score: 0.730
❌ Trial 94 failed: Trial was pruned at epoch 9.
[I 2025-12-05 09:58:46,129] Trial 94 finished with value: 0.0 and parameters: {'dataset.max_walk_length': 21, 'dataset.num_walks': 558462, 'training.lr': 0.001078715421398598, 'training.weight_decay': 3.479468250235268e-05, 'training.batch_size': 128, 'training.gradient_clip_val': 0.5015506552275633, 'training.early_stopping_patience': 7, 'model.nhead': 1, 'model.embedding_dim': 64, 'model.hidden_dim': 64, 'model.nlayers': 3, 'model.dropout': 0.12562233732676323, 'training.epochs': 17}. Best is trial 87 with value: 0.777931809425354.
Seed set to 137

🔬 Trial 95 hyperparameters:
  Walk length: 19, Num walks: 366,839
  LR: 1.41e-03, Batch size: 256
  Model: emb_dim=64, hidden_dim=16
  Transformer: 5 layers, 2 heads
  Epochs: 22, Weighted loss: True
Loading wiki-rfa dataset...
Success! ✅
Splitting edges for wiki-rfa dataset...
Ratios: train=0.480, mask=0.320, val=0.100, test=0.100
Success! ✅
Sampling random walks from wiki-rfa dataset...
Success! ✅
Building tokenizer for wiki-rfa dataset...
Success! ✅
Padding and building stage tensors for wiki-rfa dataset...
Success! ✅
Data creation profiling (seconds):
  get_edge_list: 84.83s
  split_edges: 0.10s
  get_walks: 27.35s
  get_tokenizer: 0.80s
  encode_walks: 14.16s
  pad_and_build_stage_tensors: 1.78s
Creating DataLoaders for wiki-rfa dataset...
Success! ✅
GPU available: True (cuda), used: True
TPU available: False, using: 0 TPU cores
HPU available: False, using: 0 HPUs
/home/eng/shilo_avital/yolo_lab/walk_to_paint/.venv/lib64/python3.9/site-packages/pytorch_lightning/callbacks/model_checkpoint.py:658: Checkpoint directory /home/eng/shilo_avital/yolo_lab/walk_to_paint/outputs/wiki-rfa/wiki-rfa-optuna_20251203-235202/checkpoints exists and is not empty.
LOCAL_RANK: 0 - CUDA_VISIBLE_DEVICES: [1]
Metric val_auc_epoch improved. New best score: 0.619
Metric val_auc_epoch improved by 0.048 >= min_delta = 0.0. New best score: 0.666
Metric val_auc_epoch improved by 0.018 >= min_delta = 0.0. New best score: 0.685
Metric val_auc_epoch improved by 0.016 >= min_delta = 0.0. New best score: 0.701
Metric val_auc_epoch improved by 0.019 >= min_delta = 0.0. New best score: 0.719
Metric val_auc_epoch improved by 0.003 >= min_delta = 0.0. New best score: 0.722
Metric val_auc_epoch improved by 0.007 >= min_delta = 0.0. New best score: 0.730
Metric val_auc_epoch improved by 0.001 >= min_delta = 0.0. New best score: 0.731
❌ Trial 95 failed: Trial was pruned at epoch 10.
[I 2025-12-05 10:05:17,678] Trial 95 finished with value: 0.0 and parameters: {'dataset.max_walk_length': 19, 'dataset.num_walks': 366839, 'training.lr': 0.0014110361490057785, 'training.weight_decay': 0.00012205472588983567, 'training.batch_size': 256, 'training.gradient_clip_val': 0.41436166029935795, 'training.early_stopping_patience': 5, 'model.nhead': 2, 'model.embedding_dim': 64, 'model.hidden_dim': 16, 'model.nlayers': 5, 'model.dropout': 0.11045182594310585, 'training.epochs': 22}. Best is trial 87 with value: 0.777931809425354.
🧹 Cleaning up old checkpoints and logs (keeping top 10)...
  Removed old checkpoint: trial_85-epoch=04-val_auc_epoch=0.7444.ckpt
  Removed old checkpoint: trial_84-epoch=05-val_auc_epoch=0.6862.ckpt
  Removed old checkpoint: trial_83-epoch=04-val_auc_epoch=0.6402.ckpt
  Removed old checkpoint: trial_82-epoch=02-val_auc_epoch=0.7482.ckpt
  Removed old checkpoint: trial_81-epoch=07-val_auc_epoch=0.7505.ckpt
  Removed old log dir: trial_85
  Removed old log dir: trial_84
  Removed old log dir: trial_83
  Removed old log dir: trial_82
  Removed old log dir: trial_81
Seed set to 138

🔬 Trial 96 hyperparameters:
  Walk length: 13, Num walks: 462,938
  LR: 9.12e-04, Batch size: 512
  Model: emb_dim=128, hidden_dim=64
  Transformer: 4 layers, 8 heads
  Epochs: 17, Weighted loss: True
Loading wiki-rfa dataset...
Success! ✅
Splitting edges for wiki-rfa dataset...
Ratios: train=0.480, mask=0.320, val=0.100, test=0.100
Success! ✅
Sampling random walks from wiki-rfa dataset...
Success! ✅
Building tokenizer for wiki-rfa dataset...
Success! ✅
Padding and building stage tensors for wiki-rfa dataset...
Success! ✅
Data creation profiling (seconds):
  get_edge_list: 84.56s
  split_edges: 0.09s
  get_walks: 34.76s
  get_tokenizer: 0.87s
  encode_walks: 16.03s
  pad_and_build_stage_tensors: 2.23s
Creating DataLoaders for wiki-rfa dataset...
Success! ✅
GPU available: True (cuda), used: True
TPU available: False, using: 0 TPU cores
HPU available: False, using: 0 HPUs
/home/eng/shilo_avital/yolo_lab/walk_to_paint/.venv/lib64/python3.9/site-packages/pytorch_lightning/callbacks/model_checkpoint.py:658: Checkpoint directory /home/eng/shilo_avital/yolo_lab/walk_to_paint/outputs/wiki-rfa/wiki-rfa-optuna_20251203-235202/checkpoints exists and is not empty.
LOCAL_RANK: 0 - CUDA_VISIBLE_DEVICES: [1]
Metric val_auc_epoch improved. New best score: 0.644
Metric val_auc_epoch improved by 0.014 >= min_delta = 0.0. New best score: 0.658
Metric val_auc_epoch improved by 0.026 >= min_delta = 0.0. New best score: 0.684
Metric val_auc_epoch improved by 0.008 >= min_delta = 0.0. New best score: 0.692
Metric val_auc_epoch improved by 0.012 >= min_delta = 0.0. New best score: 0.704
Metric val_auc_epoch improved by 0.010 >= min_delta = 0.0. New best score: 0.714
❌ Trial 96 failed: Trial was pruned at epoch 7.
[I 2025-12-05 10:09:35,001] Trial 96 finished with value: 0.0 and parameters: {'dataset.max_walk_length': 13, 'dataset.num_walks': 462938, 'training.lr': 0.0009124964784832121, 'training.weight_decay': 8.698686423290658e-05, 'training.batch_size': 512, 'training.gradient_clip_val': 0.28979087301931766, 'training.early_stopping_patience': 13, 'model.nhead': 8, 'model.embedding_dim': 128, 'model.hidden_dim': 64, 'model.nlayers': 4, 'model.dropout': 0.17631285174344533, 'training.epochs': 17}. Best is trial 87 with value: 0.777931809425354.
Seed set to 139

🔬 Trial 97 hyperparameters:
  Walk length: 46, Num walks: 610,583
  LR: 3.49e-04, Batch size: 256
  Model: emb_dim=64, hidden_dim=128
  Transformer: 5 layers, 1 heads
  Epochs: 20, Weighted loss: True
Loading wiki-rfa dataset...
Success! ✅
Splitting edges for wiki-rfa dataset...
Ratios: train=0.480, mask=0.320, val=0.100, test=0.100
Success! ✅
Sampling random walks from wiki-rfa dataset...
Success! ✅
Building tokenizer for wiki-rfa dataset...
Success! ✅
Padding and building stage tensors for wiki-rfa dataset...
Success! ✅
Data creation profiling (seconds):
  get_edge_list: 84.63s
  split_edges: 0.09s
  get_walks: 46.94s
  get_tokenizer: 1.47s
  encode_walks: 25.61s
  pad_and_build_stage_tensors: 3.06s
Creating DataLoaders for wiki-rfa dataset...
Success! ✅
/home/eng/shilo_avital/yolo_lab/walk_to_paint/.venv/lib64/python3.9/site-packages/torch/nn/modules/transformer.py:382: UserWarning: enable_nested_tensor is True, but self.use_nested_tensor is False because encoder_layer.self_attn.num_heads is odd
  warnings.warn(
GPU available: True (cuda), used: True
TPU available: False, using: 0 TPU cores
HPU available: False, using: 0 HPUs
/home/eng/shilo_avital/yolo_lab/walk_to_paint/.venv/lib64/python3.9/site-packages/pytorch_lightning/callbacks/model_checkpoint.py:658: Checkpoint directory /home/eng/shilo_avital/yolo_lab/walk_to_paint/outputs/wiki-rfa/wiki-rfa-optuna_20251203-235202/checkpoints exists and is not empty.
LOCAL_RANK: 0 - CUDA_VISIBLE_DEVICES: [1]
Metric val_auc_epoch improved. New best score: 0.591
Metric val_auc_epoch improved by 0.035 >= min_delta = 0.0. New best score: 0.626
Metric val_auc_epoch improved by 0.027 >= min_delta = 0.0. New best score: 0.653
Metric val_auc_epoch improved by 0.022 >= min_delta = 0.0. New best score: 0.676
Metric val_auc_epoch improved by 0.009 >= min_delta = 0.0. New best score: 0.685
Metric val_auc_epoch improved by 0.007 >= min_delta = 0.0. New best score: 0.691
❌ Trial 97 failed: Trial was pruned at epoch 6.
[I 2025-12-05 10:16:56,769] Trial 97 finished with value: 0.0 and parameters: {'dataset.max_walk_length': 46, 'dataset.num_walks': 610583, 'training.lr': 0.00034896136268809886, 'training.weight_decay': 1.4759701238472958e-05, 'training.batch_size': 256, 'training.gradient_clip_val': 0.6491950326994121, 'training.early_stopping_patience': 11, 'model.nhead': 1, 'model.embedding_dim': 64, 'model.hidden_dim': 128, 'model.nlayers': 5, 'model.dropout': 0.15565180788978142, 'training.epochs': 20}. Best is trial 87 with value: 0.777931809425354.
Seed set to 140

🔬 Trial 98 hyperparameters:
  Walk length: 41, Num walks: 510,898
  LR: 2.41e-03, Batch size: 128
  Model: emb_dim=8, hidden_dim=64
  Transformer: 4 layers, 2 heads
  Epochs: 14, Weighted loss: True
Loading wiki-rfa dataset...
Success! ✅
Splitting edges for wiki-rfa dataset...
Ratios: train=0.480, mask=0.320, val=0.100, test=0.100
Success! ✅
Sampling random walks from wiki-rfa dataset...
Success! ✅
Building tokenizer for wiki-rfa dataset...
Success! ✅
Padding and building stage tensors for wiki-rfa dataset...
Success! ✅
Data creation profiling (seconds):
  get_edge_list: 84.74s
  split_edges: 0.10s
  get_walks: 38.84s
  get_tokenizer: 1.17s
  encode_walks: 20.68s
  pad_and_build_stage_tensors: 2.55s
Creating DataLoaders for wiki-rfa dataset...
Success! ✅
GPU available: True (cuda), used: True
TPU available: False, using: 0 TPU cores
HPU available: False, using: 0 HPUs
/home/eng/shilo_avital/yolo_lab/walk_to_paint/.venv/lib64/python3.9/site-packages/pytorch_lightning/callbacks/model_checkpoint.py:658: Checkpoint directory /home/eng/shilo_avital/yolo_lab/walk_to_paint/outputs/wiki-rfa/wiki-rfa-optuna_20251203-235202/checkpoints exists and is not empty.
LOCAL_RANK: 0 - CUDA_VISIBLE_DEVICES: [1]
Metric val_auc_epoch improved. New best score: 0.548
Metric val_auc_epoch improved by 0.011 >= min_delta = 0.0. New best score: 0.559
Metric val_auc_epoch improved by 0.006 >= min_delta = 0.0. New best score: 0.565
Metric val_auc_epoch improved by 0.025 >= min_delta = 0.0. New best score: 0.590
Metric val_auc_epoch improved by 0.025 >= min_delta = 0.0. New best score: 0.614
❌ Trial 98 failed: Trial was pruned at epoch 5.
[I 2025-12-05 10:25:19,796] Trial 98 finished with value: 0.0 and parameters: {'dataset.max_walk_length': 41, 'dataset.num_walks': 510898, 'training.lr': 0.00241118996008965, 'training.weight_decay': 2.737054728161977e-05, 'training.batch_size': 128, 'training.gradient_clip_val': 0.7152017167626191, 'training.early_stopping_patience': 6, 'model.nhead': 2, 'model.embedding_dim': 8, 'model.hidden_dim': 64, 'model.nlayers': 4, 'model.dropout': 0.21072659293482746, 'training.epochs': 14}. Best is trial 87 with value: 0.777931809425354.
[I 2025-12-05 10:25:19,830] Trial 99 pruned. Could not find valid nhead/embedding_dim combination after 10 attempts
Seed set to 142

🔬 Trial 100 hyperparameters:
  Walk length: 95, Num walks: 698,880
  LR: 1.16e-03, Batch size: 32
  Model: emb_dim=16, hidden_dim=256
  Transformer: 5 layers, 8 heads
  Epochs: 24, Weighted loss: True
Loading wiki-rfa dataset...
Success! ✅
Splitting edges for wiki-rfa dataset...
Ratios: train=0.480, mask=0.320, val=0.100, test=0.100
Success! ✅
Sampling random walks from wiki-rfa dataset...
Success! ✅
Building tokenizer for wiki-rfa dataset...
Success! ✅
Padding and building stage tensors for wiki-rfa dataset...
Success! ✅
Data creation profiling (seconds):
  get_edge_list: 84.56s
  split_edges: 0.10s
  get_walks: 52.68s
  get_tokenizer: 1.60s
  encode_walks: 28.96s
  pad_and_build_stage_tensors: 3.66s
Creating DataLoaders for wiki-rfa dataset...
Success! ✅
GPU available: True (cuda), used: True
TPU available: False, using: 0 TPU cores
HPU available: False, using: 0 HPUs
/home/eng/shilo_avital/yolo_lab/walk_to_paint/.venv/lib64/python3.9/site-packages/pytorch_lightning/callbacks/model_checkpoint.py:658: Checkpoint directory /home/eng/shilo_avital/yolo_lab/walk_to_paint/outputs/wiki-rfa/wiki-rfa-optuna_20251203-235202/checkpoints exists and is not empty.
LOCAL_RANK: 0 - CUDA_VISIBLE_DEVICES: [1]
Metric val_auc_epoch improved. New best score: 0.578
Metric val_auc_epoch improved by 0.013 >= min_delta = 0.0. New best score: 0.591
Metric val_auc_epoch improved by 0.000 >= min_delta = 0.0. New best score: 0.591
Metric val_auc_epoch improved by 0.015 >= min_delta = 0.0. New best score: 0.607
❌ Trial 100 failed: Trial was pruned at epoch 5.
[I 2025-12-05 11:02:59,682] Trial 100 finished with value: 0.0 and parameters: {'dataset.max_walk_length': 95, 'dataset.num_walks': 698880, 'training.lr': 0.0011617808568352068, 'training.weight_decay': 0.000177303860590449, 'training.batch_size': 32, 'training.gradient_clip_val': 0.536173212977369, 'training.early_stopping_patience': 7, 'model.nhead': 8, 'model.embedding_dim': 16, 'model.hidden_dim': 256, 'model.nlayers': 5, 'model.dropout': 0.23524824917137005, 'training.epochs': 24}. Best is trial 87 with value: 0.777931809425354.
🧹 Cleaning up old checkpoints and logs (keeping top 10)...
  Removed old checkpoint: trial_89-epoch=02-val_auc_epoch=0.7343.ckpt
  Removed old checkpoint: trial_88-epoch=05-val_auc_epoch=0.7157.ckpt
  Removed old checkpoint: trial_87-epoch=10-val_auc_epoch=0.7779.ckpt
  Removed old checkpoint: trial_86-epoch=00-val_auc_epoch=0.5107.ckpt
  Removed old log dir: trial_89
  Removed old log dir: trial_88
  Removed old log dir: trial_87
  Removed old log dir: trial_86
Seed set to 143

🔬 Trial 101 hyperparameters:
  Walk length: 27, Num walks: 797,510
  LR: 3.33e-03, Batch size: 256
  Model: emb_dim=32, hidden_dim=4
  Transformer: 5 layers, 2 heads
  Epochs: 12, Weighted loss: True
Loading wiki-rfa dataset...
Success! ✅
Splitting edges for wiki-rfa dataset...
Ratios: train=0.480, mask=0.320, val=0.100, test=0.100
Success! ✅
Sampling random walks from wiki-rfa dataset...
Success! ✅
Building tokenizer for wiki-rfa dataset...
Success! ✅
Padding and building stage tensors for wiki-rfa dataset...
Success! ✅
Data creation profiling (seconds):
  get_edge_list: 84.97s
  split_edges: 0.10s
  get_walks: 61.38s
  get_tokenizer: 1.65s
  encode_walks: 31.70s
  pad_and_build_stage_tensors: 3.99s
Creating DataLoaders for wiki-rfa dataset...
Success! ✅
GPU available: True (cuda), used: True
TPU available: False, using: 0 TPU cores
HPU available: False, using: 0 HPUs
/home/eng/shilo_avital/yolo_lab/walk_to_paint/.venv/lib64/python3.9/site-packages/pytorch_lightning/callbacks/model_checkpoint.py:658: Checkpoint directory /home/eng/shilo_avital/yolo_lab/walk_to_paint/outputs/wiki-rfa/wiki-rfa-optuna_20251203-235202/checkpoints exists and is not empty.
LOCAL_RANK: 0 - CUDA_VISIBLE_DEVICES: [1]
Metric val_auc_epoch improved. New best score: 0.685
Metric val_auc_epoch improved by 0.062 >= min_delta = 0.0. New best score: 0.747
Monitored metric val_auc_epoch did not improve in the last 6 records. Best score: 0.747. Signaling Trainer to stop.
Restoring states from the checkpoint path at /home/eng/shilo_avital/yolo_lab/walk_to_paint/outputs/wiki-rfa/wiki-rfa-optuna_20251203-235202/checkpoints/trial_101-epoch=01-val_auc_epoch=0.7471.ckpt
LOCAL_RANK: 0 - CUDA_VISIBLE_DEVICES: [1]
Loaded model weights from the checkpoint at /home/eng/shilo_avital/yolo_lab/walk_to_paint/outputs/wiki-rfa/wiki-rfa-optuna_20251203-235202/checkpoints/trial_101-epoch=01-val_auc_epoch=0.7471.ckpt
────────────────────────────────────────────────────────────────────────────────────────────────────────────────────────
     Validate metric           DataLoader 0
────────────────────────────────────────────────────────────────────────────────────────────────────────────────────────
          step                      8.0
      val_acc_epoch         0.5470023155212402
      val_auc_epoch         0.7470709681510925
      val_f1_epoch          0.4843541383743286
        val_loss            1.4789701700210571
────────────────────────────────────────────────────────────────────────────────────────────────────────────────────────
✅ Trial 101 completed - Val AUC: 0.7471
[I 2025-12-05 11:13:13,008] Trial 101 finished with value: 0.7470709681510925 and parameters: {'dataset.max_walk_length': 27, 'dataset.num_walks': 797510, 'training.lr': 0.0033348179854319985, 'training.weight_decay': 9.701006880835341e-06, 'training.batch_size': 256, 'training.gradient_clip_val': 0.3528292297493314, 'training.early_stopping_patience': 6, 'model.nhead': 2, 'model.embedding_dim': 32, 'model.hidden_dim': 4, 'model.nlayers': 5, 'model.dropout': 0.22622807089716393, 'training.epochs': 12}. Best is trial 87 with value: 0.777931809425354.
Seed set to 144

🔬 Trial 102 hyperparameters:
  Walk length: 81, Num walks: 639,012
  LR: 2.65e-03, Batch size: 256
  Model: emb_dim=32, hidden_dim=4
  Transformer: 5 layers, 2 heads
  Epochs: 10, Weighted loss: True
Loading wiki-rfa dataset...
Success! ✅
Splitting edges for wiki-rfa dataset...
Ratios: train=0.480, mask=0.320, val=0.100, test=0.100
Success! ✅
Sampling random walks from wiki-rfa dataset...
Success! ✅
Building tokenizer for wiki-rfa dataset...
Success! ✅
Padding and building stage tensors for wiki-rfa dataset...
Success! ✅
Data creation profiling (seconds):
  get_edge_list: 4.80s
  split_edges: 0.10s
  get_walks: 49.95s
  get_tokenizer: 1.40s
  encode_walks: 26.01s
  pad_and_build_stage_tensors: 3.30s
Creating DataLoaders for wiki-rfa dataset...
Success! ✅
GPU available: True (cuda), used: True
TPU available: False, using: 0 TPU cores
HPU available: False, using: 0 HPUs
/home/eng/shilo_avital/yolo_lab/walk_to_paint/.venv/lib64/python3.9/site-packages/pytorch_lightning/callbacks/model_checkpoint.py:658: Checkpoint directory /home/eng/shilo_avital/yolo_lab/walk_to_paint/outputs/wiki-rfa/wiki-rfa-optuna_20251203-235202/checkpoints exists and is not empty.
LOCAL_RANK: 0 - CUDA_VISIBLE_DEVICES: [1]
Metric val_auc_epoch improved. New best score: 0.680
Metric val_auc_epoch improved by 0.046 >= min_delta = 0.0. New best score: 0.727
Metric val_auc_epoch improved by 0.027 >= min_delta = 0.0. New best score: 0.754
Metric val_auc_epoch improved by 0.013 >= min_delta = 0.0. New best score: 0.766
Metric val_auc_epoch improved by 0.005 >= min_delta = 0.0. New best score: 0.771
Metric val_auc_epoch improved by 0.001 >= min_delta = 0.0. New best score: 0.772
`Trainer.fit` stopped: `max_epochs=10` reached.
Restoring states from the checkpoint path at /home/eng/shilo_avital/yolo_lab/walk_to_paint/outputs/wiki-rfa/wiki-rfa-optuna_20251203-235202/checkpoints/trial_102-epoch=07-val_auc_epoch=0.7720.ckpt
LOCAL_RANK: 0 - CUDA_VISIBLE_DEVICES: [1]
Loaded model weights from the checkpoint at /home/eng/shilo_avital/yolo_lab/walk_to_paint/outputs/wiki-rfa/wiki-rfa-optuna_20251203-235202/checkpoints/trial_102-epoch=07-val_auc_epoch=0.7720.ckpt
────────────────────────────────────────────────────────────────────────────────────────────────────────────────────────
     Validate metric           DataLoader 0
────────────────────────────────────────────────────────────────────────────────────────────────────────────────────────
          step                     10.0
      val_acc_epoch         0.5675727128982544
      val_auc_epoch         0.7720414996147156
      val_f1_epoch          0.5313032269477844
        val_loss             2.564054250717163
────────────────────────────────────────────────────────────────────────────────────────────────────────────────────────
✅ Trial 102 completed - Val AUC: 0.7720
[I 2025-12-05 11:22:59,934] Trial 102 finished with value: 0.7720414996147156 and parameters: {'dataset.max_walk_length': 81, 'dataset.num_walks': 639012, 'training.lr': 0.0026471497495085716, 'training.weight_decay': 7.776113175864522e-06, 'training.batch_size': 256, 'training.gradient_clip_val': 0.3665166660383708, 'training.early_stopping_patience': 5, 'model.nhead': 2, 'model.embedding_dim': 32, 'model.hidden_dim': 4, 'model.nlayers': 5, 'model.dropout': 0.1912837926432132, 'training.epochs': 10}. Best is trial 87 with value: 0.777931809425354.
Seed set to 145

🔬 Trial 103 hyperparameters:
  Walk length: 80, Num walks: 433,597
  LR: 2.73e-03, Batch size: 256
  Model: emb_dim=32, hidden_dim=4
  Transformer: 5 layers, 2 heads
  Epochs: 10, Weighted loss: True
Loading wiki-rfa dataset...
Success! ✅
Splitting edges for wiki-rfa dataset...
Ratios: train=0.480, mask=0.320, val=0.100, test=0.100
Success! ✅
Sampling random walks from wiki-rfa dataset...
Success! ✅
Building tokenizer for wiki-rfa dataset...
Success! ✅
Padding and building stage tensors for wiki-rfa dataset...
Success! ✅
Data creation profiling (seconds):
  get_edge_list: 4.67s
  split_edges: 0.10s
  get_walks: 33.63s
  get_tokenizer: 1.13s
  encode_walks: 17.90s
  pad_and_build_stage_tensors: 2.35s
Creating DataLoaders for wiki-rfa dataset...
Success! ✅
GPU available: True (cuda), used: True
TPU available: False, using: 0 TPU cores
HPU available: False, using: 0 HPUs
/home/eng/shilo_avital/yolo_lab/walk_to_paint/.venv/lib64/python3.9/site-packages/pytorch_lightning/callbacks/model_checkpoint.py:658: Checkpoint directory /home/eng/shilo_avital/yolo_lab/walk_to_paint/outputs/wiki-rfa/wiki-rfa-optuna_20251203-235202/checkpoints exists and is not empty.
LOCAL_RANK: 0 - CUDA_VISIBLE_DEVICES: [1]
Metric val_auc_epoch improved. New best score: 0.591
Metric val_auc_epoch improved by 0.051 >= min_delta = 0.0. New best score: 0.642
Metric val_auc_epoch improved by 0.029 >= min_delta = 0.0. New best score: 0.671
Metric val_auc_epoch improved by 0.028 >= min_delta = 0.0. New best score: 0.699
Metric val_auc_epoch improved by 0.012 >= min_delta = 0.0. New best score: 0.711
Metric val_auc_epoch improved by 0.003 >= min_delta = 0.0. New best score: 0.714
Metric val_auc_epoch improved by 0.002 >= min_delta = 0.0. New best score: 0.716
❌ Trial 103 failed: Trial was pruned at epoch 7.
[I 2025-12-05 11:28:23,115] Trial 103 finished with value: 0.0 and parameters: {'dataset.max_walk_length': 80, 'dataset.num_walks': 433597, 'training.lr': 0.0027339956170799357, 'training.weight_decay': 1.4884292133261422e-05, 'training.batch_size': 256, 'training.gradient_clip_val': 0.42469600636856275, 'training.early_stopping_patience': 5, 'model.nhead': 2, 'model.embedding_dim': 32, 'model.hidden_dim': 4, 'model.nlayers': 5, 'model.dropout': 0.19229655552736122, 'training.epochs': 10}. Best is trial 87 with value: 0.777931809425354.
Seed set to 146

🔬 Trial 104 hyperparameters:
  Walk length: 76, Num walks: 611,206
  LR: 2.05e-03, Batch size: 256
  Model: emb_dim=128, hidden_dim=4
  Transformer: 5 layers, 2 heads
  Epochs: 9, Weighted loss: True
Loading wiki-rfa dataset...
Success! ✅
Splitting edges for wiki-rfa dataset...
Ratios: train=0.480, mask=0.320, val=0.100, test=0.100
Success! ✅
Sampling random walks from wiki-rfa dataset...
Success! ✅
Building tokenizer for wiki-rfa dataset...
Success! ✅
Padding and building stage tensors for wiki-rfa dataset...
Success! ✅
Data creation profiling (seconds):
  get_edge_list: 84.86s
  split_edges: 0.10s
  get_walks: 46.95s
  get_tokenizer: 1.34s
  encode_walks: 25.08s
  pad_and_build_stage_tensors: 3.17s
Creating DataLoaders for wiki-rfa dataset...
Success! ✅
GPU available: True (cuda), used: True
TPU available: False, using: 0 TPU cores
HPU available: False, using: 0 HPUs
/home/eng/shilo_avital/yolo_lab/walk_to_paint/.venv/lib64/python3.9/site-packages/pytorch_lightning/callbacks/model_checkpoint.py:658: Checkpoint directory /home/eng/shilo_avital/yolo_lab/walk_to_paint/outputs/wiki-rfa/wiki-rfa-optuna_20251203-235202/checkpoints exists and is not empty.
LOCAL_RANK: 0 - CUDA_VISIBLE_DEVICES: [1]
Metric val_auc_epoch improved. New best score: 0.498
Metric val_auc_epoch improved by 0.015 >= min_delta = 0.0. New best score: 0.513
❌ Trial 104 failed: Trial was pruned at epoch 5.
[I 2025-12-05 11:38:06,955] Trial 104 finished with value: 0.0 and parameters: {'dataset.max_walk_length': 76, 'dataset.num_walks': 611206, 'training.lr': 0.0020480573559753983, 'training.weight_decay': 9.005867434038643e-06, 'training.batch_size': 256, 'training.gradient_clip_val': 0.2770048251549808, 'training.early_stopping_patience': 5, 'model.nhead': 2, 'model.embedding_dim': 128, 'model.hidden_dim': 4, 'model.nlayers': 5, 'model.dropout': 0.17969856388446429, 'training.epochs': 9}. Best is trial 87 with value: 0.777931809425354.
Seed set to 147

🔬 Trial 105 hyperparameters:
  Walk length: 73, Num walks: 540,406
  LR: 4.76e-04, Batch size: 256
  Model: emb_dim=32, hidden_dim=16
  Transformer: 5 layers, 2 heads
  Epochs: 10, Weighted loss: True
Loading wiki-rfa dataset...
Success! ✅
Splitting edges for wiki-rfa dataset...
Ratios: train=0.480, mask=0.320, val=0.100, test=0.100
Success! ✅
Sampling random walks from wiki-rfa dataset...
Success! ✅
Building tokenizer for wiki-rfa dataset...
Success! ✅
Padding and building stage tensors for wiki-rfa dataset...
Success! ✅
Data creation profiling (seconds):
  get_edge_list: 84.72s
  split_edges: 0.10s
  get_walks: 41.02s
  get_tokenizer: 1.35s
  encode_walks: 22.25s
  pad_and_build_stage_tensors: 2.79s
Creating DataLoaders for wiki-rfa dataset...
Success! ✅
GPU available: True (cuda), used: True
TPU available: False, using: 0 TPU cores
HPU available: False, using: 0 HPUs
/home/eng/shilo_avital/yolo_lab/walk_to_paint/.venv/lib64/python3.9/site-packages/pytorch_lightning/callbacks/model_checkpoint.py:658: Checkpoint directory /home/eng/shilo_avital/yolo_lab/walk_to_paint/outputs/wiki-rfa/wiki-rfa-optuna_20251203-235202/checkpoints exists and is not empty.
LOCAL_RANK: 0 - CUDA_VISIBLE_DEVICES: [1]
Metric val_auc_epoch improved. New best score: 0.542
Metric val_auc_epoch improved by 0.017 >= min_delta = 0.0. New best score: 0.560
Metric val_auc_epoch improved by 0.018 >= min_delta = 0.0. New best score: 0.578
Metric val_auc_epoch improved by 0.026 >= min_delta = 0.0. New best score: 0.604
Metric val_auc_epoch improved by 0.013 >= min_delta = 0.0. New best score: 0.617
❌ Trial 105 failed: Trial was pruned at epoch 5.
[I 2025-12-05 11:44:37,780] Trial 105 finished with value: 0.0 and parameters: {'dataset.max_walk_length': 73, 'dataset.num_walks': 540406, 'training.lr': 0.0004762540539860777, 'training.weight_decay': 2.068826565460892e-05, 'training.batch_size': 256, 'training.gradient_clip_val': 0.2135114864582799, 'training.early_stopping_patience': 8, 'model.nhead': 2, 'model.embedding_dim': 32, 'model.hidden_dim': 16, 'model.nlayers': 5, 'model.dropout': 0.2552837847558348, 'training.epochs': 10}. Best is trial 87 with value: 0.777931809425354.
🧹 Cleaning up old checkpoints and logs (keeping top 10)...
  Removed old checkpoint: trial_94-epoch=04-val_auc_epoch=0.7300.ckpt
  Removed old checkpoint: trial_93-epoch=06-val_auc_epoch=0.7183.ckpt
  Removed old checkpoint: trial_92-epoch=12-val_auc_epoch=0.7426.ckpt
  Removed old checkpoint: trial_91-epoch=03-val_auc_epoch=0.6515.ckpt
  Removed old checkpoint: trial_90-epoch=09-val_auc_epoch=0.7542.ckpt
  Removed old log dir: trial_94
  Removed old log dir: trial_93
  Removed old log dir: trial_92
  Removed old log dir: trial_91
  Removed old log dir: trial_90
Seed set to 148

🔬 Trial 106 hyperparameters:
  Walk length: 83, Num walks: 897,627
  LR: 1.45e-03, Batch size: 64
  Model: emb_dim=32, hidden_dim=4
  Transformer: 4 layers, 2 heads
  Epochs: 12, Weighted loss: True
Loading wiki-rfa dataset...
Success! ✅
Splitting edges for wiki-rfa dataset...
Ratios: train=0.480, mask=0.320, val=0.100, test=0.100
Success! ✅
Sampling random walks from wiki-rfa dataset...
Success! ✅
Building tokenizer for wiki-rfa dataset...
Success! ✅
Padding and building stage tensors for wiki-rfa dataset...
Success! ✅
Data creation profiling (seconds):
  get_edge_list: 84.84s
  split_edges: 0.10s
  get_walks: 70.35s
  get_tokenizer: 2.02s
  encode_walks: 37.66s
  pad_and_build_stage_tensors: 4.64s
Creating DataLoaders for wiki-rfa dataset...
Success! ✅
GPU available: True (cuda), used: True
TPU available: False, using: 0 TPU cores
HPU available: False, using: 0 HPUs
/home/eng/shilo_avital/yolo_lab/walk_to_paint/.venv/lib64/python3.9/site-packages/pytorch_lightning/callbacks/model_checkpoint.py:658: Checkpoint directory /home/eng/shilo_avital/yolo_lab/walk_to_paint/outputs/wiki-rfa/wiki-rfa-optuna_20251203-235202/checkpoints exists and is not empty.
LOCAL_RANK: 0 - CUDA_VISIBLE_DEVICES: [1]
Metric val_auc_epoch improved. New best score: 0.685
Metric val_auc_epoch improved by 0.023 >= min_delta = 0.0. New best score: 0.708
❌ Trial 106 failed: Trial was pruned at epoch 6.
[I 2025-12-05 12:11:15,803] Trial 106 finished with value: 0.0 and parameters: {'dataset.max_walk_length': 83, 'dataset.num_walks': 897627, 'training.lr': 0.0014497766735202036, 'training.weight_decay': 3.8931623600181935e-06, 'training.batch_size': 64, 'training.gradient_clip_val': 0.38259086469705783, 'training.early_stopping_patience': 5, 'model.nhead': 2, 'model.embedding_dim': 32, 'model.hidden_dim': 4, 'model.nlayers': 4, 'model.dropout': 0.15157975744425778, 'training.epochs': 12}. Best is trial 87 with value: 0.777931809425354.
Seed set to 149

🔬 Trial 107 hyperparameters:
  Walk length: 31, Num walks: 711,664
  LR: 8.16e-04, Batch size: 256
  Model: emb_dim=128, hidden_dim=8
  Transformer: 5 layers, 2 heads
  Epochs: 13, Weighted loss: True
Loading wiki-rfa dataset...
Success! ✅
Splitting edges for wiki-rfa dataset...
Ratios: train=0.480, mask=0.320, val=0.100, test=0.100
Success! ✅
Sampling random walks from wiki-rfa dataset...
Success! ✅
Building tokenizer for wiki-rfa dataset...
Success! ✅
Padding and building stage tensors for wiki-rfa dataset...
Success! ✅
Data creation profiling (seconds):
  get_edge_list: 84.73s
  split_edges: 0.10s
  get_walks: 54.80s
  get_tokenizer: 1.51s
  encode_walks: 29.49s
  pad_and_build_stage_tensors: 3.62s
Creating DataLoaders for wiki-rfa dataset...
Success! ✅
GPU available: True (cuda), used: True
TPU available: False, using: 0 TPU cores
HPU available: False, using: 0 HPUs
/home/eng/shilo_avital/yolo_lab/walk_to_paint/.venv/lib64/python3.9/site-packages/pytorch_lightning/callbacks/model_checkpoint.py:658: Checkpoint directory /home/eng/shilo_avital/yolo_lab/walk_to_paint/outputs/wiki-rfa/wiki-rfa-optuna_20251203-235202/checkpoints exists and is not empty.
LOCAL_RANK: 0 - CUDA_VISIBLE_DEVICES: [1]
Metric val_auc_epoch improved. New best score: 0.644
Metric val_auc_epoch improved by 0.045 >= min_delta = 0.0. New best score: 0.688
Metric val_auc_epoch improved by 0.012 >= min_delta = 0.0. New best score: 0.701
Metric val_auc_epoch improved by 0.006 >= min_delta = 0.0. New best score: 0.707
Metric val_auc_epoch improved by 0.006 >= min_delta = 0.0. New best score: 0.713
Metric val_auc_epoch improved by 0.008 >= min_delta = 0.0. New best score: 0.721
Metric val_auc_epoch improved by 0.003 >= min_delta = 0.0. New best score: 0.724
❌ Trial 107 failed: Trial was pruned at epoch 7.
[I 2025-12-05 12:20:21,932] Trial 107 finished with value: 0.0 and parameters: {'dataset.max_walk_length': 31, 'dataset.num_walks': 711664, 'training.lr': 0.0008160352287926759, 'training.weight_decay': 6.354894875102352e-06, 'training.batch_size': 256, 'training.gradient_clip_val': 0.4884290877257442, 'training.early_stopping_patience': 6, 'model.nhead': 2, 'model.embedding_dim': 128, 'model.hidden_dim': 8, 'model.nlayers': 5, 'model.dropout': 0.2830215299162463, 'training.epochs': 13}. Best is trial 87 with value: 0.777931809425354.
Seed set to 150

🔬 Trial 108 hyperparameters:
  Walk length: 81, Num walks: 489,907
  LR: 2.51e-03, Batch size: 512
  Model: emb_dim=64, hidden_dim=4
  Transformer: 6 layers, 8 heads
  Epochs: 8, Weighted loss: True
Loading wiki-rfa dataset...
Success! ✅
Splitting edges for wiki-rfa dataset...
Ratios: train=0.480, mask=0.320, val=0.100, test=0.100
Success! ✅
Sampling random walks from wiki-rfa dataset...
Success! ✅
Building tokenizer for wiki-rfa dataset...
Success! ✅
Padding and building stage tensors for wiki-rfa dataset...
Success! ✅
Data creation profiling (seconds):
  get_edge_list: 84.52s
  split_edges: 0.10s
  get_walks: 37.33s
  get_tokenizer: 1.20s
  encode_walks: 20.12s
  pad_and_build_stage_tensors: 2.59s
Creating DataLoaders for wiki-rfa dataset...
Success! ✅
GPU available: True (cuda), used: True
TPU available: False, using: 0 TPU cores
HPU available: False, using: 0 HPUs
/home/eng/shilo_avital/yolo_lab/walk_to_paint/.venv/lib64/python3.9/site-packages/pytorch_lightning/callbacks/model_checkpoint.py:658: Checkpoint directory /home/eng/shilo_avital/yolo_lab/walk_to_paint/outputs/wiki-rfa/wiki-rfa-optuna_20251203-235202/checkpoints exists and is not empty.
LOCAL_RANK: 0 - CUDA_VISIBLE_DEVICES: [1]
Metric val_auc_epoch improved. New best score: 0.574
Metric val_auc_epoch improved by 0.061 >= min_delta = 0.0. New best score: 0.635
Metric val_auc_epoch improved by 0.010 >= min_delta = 0.0. New best score: 0.645
Metric val_auc_epoch improved by 0.010 >= min_delta = 0.0. New best score: 0.655
Metric val_auc_epoch improved by 0.006 >= min_delta = 0.0. New best score: 0.661
❌ Trial 108 failed: Trial was pruned at epoch 5.
[I 2025-12-05 12:30:50,556] Trial 108 finished with value: 0.0 and parameters: {'dataset.max_walk_length': 81, 'dataset.num_walks': 489907, 'training.lr': 0.002509825311428287, 'training.weight_decay': 6.914765219386645e-05, 'training.batch_size': 512, 'training.gradient_clip_val': 0.3242950791719829, 'training.early_stopping_patience': 15, 'model.nhead': 8, 'model.embedding_dim': 64, 'model.hidden_dim': 4, 'model.nlayers': 6, 'model.dropout': 0.21889709245804714, 'training.epochs': 8}. Best is trial 87 with value: 0.777931809425354.
Seed set to 151

🔬 Trial 109 hyperparameters:
  Walk length: 85, Num walks: 583,946
  LR: 6.58e-04, Batch size: 256
  Model: emb_dim=32, hidden_dim=32
  Transformer: 3 layers, 4 heads
  Epochs: 23, Weighted loss: True
Loading wiki-rfa dataset...
Success! ✅
Splitting edges for wiki-rfa dataset...
Ratios: train=0.480, mask=0.320, val=0.100, test=0.100
Success! ✅
Sampling random walks from wiki-rfa dataset...
Success! ✅
Building tokenizer for wiki-rfa dataset...
Success! ✅
Padding and building stage tensors for wiki-rfa dataset...
Success! ✅
Data creation profiling (seconds):
  get_edge_list: 84.83s
  split_edges: 0.10s
  get_walks: 45.63s
  get_tokenizer: 1.29s
  encode_walks: 23.84s
  pad_and_build_stage_tensors: 3.03s
Creating DataLoaders for wiki-rfa dataset...
Success! ✅
GPU available: True (cuda), used: True
TPU available: False, using: 0 TPU cores
HPU available: False, using: 0 HPUs
/home/eng/shilo_avital/yolo_lab/walk_to_paint/.venv/lib64/python3.9/site-packages/pytorch_lightning/callbacks/model_checkpoint.py:658: Checkpoint directory /home/eng/shilo_avital/yolo_lab/walk_to_paint/outputs/wiki-rfa/wiki-rfa-optuna_20251203-235202/checkpoints exists and is not empty.
LOCAL_RANK: 0 - CUDA_VISIBLE_DEVICES: [1]
Metric val_auc_epoch improved. New best score: 0.542
Metric val_auc_epoch improved by 0.028 >= min_delta = 0.0. New best score: 0.571
Metric val_auc_epoch improved by 0.024 >= min_delta = 0.0. New best score: 0.594
Metric val_auc_epoch improved by 0.018 >= min_delta = 0.0. New best score: 0.612
Metric val_auc_epoch improved by 0.011 >= min_delta = 0.0. New best score: 0.623
❌ Trial 109 failed: Trial was pruned at epoch 5.
[I 2025-12-05 12:37:46,871] Trial 109 finished with value: 0.0 and parameters: {'dataset.max_walk_length': 85, 'dataset.num_walks': 583946, 'training.lr': 0.0006582195368039873, 'training.weight_decay': 3.5212857975588065e-05, 'training.batch_size': 256, 'training.gradient_clip_val': 0.15169032250835582, 'training.early_stopping_patience': 7, 'model.nhead': 4, 'model.embedding_dim': 32, 'model.hidden_dim': 32, 'model.nlayers': 3, 'model.dropout': 0.30179842389398126, 'training.epochs': 23}. Best is trial 87 with value: 0.777931809425354.
Seed set to 152

🔬 Trial 110 hyperparameters:
  Walk length: 66, Num walks: 392,926
  LR: 1.03e-03, Batch size: 256
  Model: emb_dim=128, hidden_dim=256
  Transformer: 5 layers, 2 heads
  Epochs: 11, Weighted loss: True
Loading wiki-rfa dataset...
Success! ✅
Splitting edges for wiki-rfa dataset...
Ratios: train=0.480, mask=0.320, val=0.100, test=0.100
Success! ✅
Sampling random walks from wiki-rfa dataset...
Success! ✅
Building tokenizer for wiki-rfa dataset...
Success! ✅
Padding and building stage tensors for wiki-rfa dataset...
Success! ✅
Data creation profiling (seconds):
  get_edge_list: 84.91s
  split_edges: 0.09s
  get_walks: 30.37s
  get_tokenizer: 0.91s
  encode_walks: 15.53s
  pad_and_build_stage_tensors: 2.04s
Creating DataLoaders for wiki-rfa dataset...
Success! ✅
GPU available: True (cuda), used: True
TPU available: False, using: 0 TPU cores
HPU available: False, using: 0 HPUs
/home/eng/shilo_avital/yolo_lab/walk_to_paint/.venv/lib64/python3.9/site-packages/pytorch_lightning/callbacks/model_checkpoint.py:658: Checkpoint directory /home/eng/shilo_avital/yolo_lab/walk_to_paint/outputs/wiki-rfa/wiki-rfa-optuna_20251203-235202/checkpoints exists and is not empty.
LOCAL_RANK: 0 - CUDA_VISIBLE_DEVICES: [1]
Metric val_auc_epoch improved. New best score: 0.563
Metric val_auc_epoch improved by 0.054 >= min_delta = 0.0. New best score: 0.617
Metric val_auc_epoch improved by 0.014 >= min_delta = 0.0. New best score: 0.630
Metric val_auc_epoch improved by 0.011 >= min_delta = 0.0. New best score: 0.641
Metric val_auc_epoch improved by 0.009 >= min_delta = 0.0. New best score: 0.650
❌ Trial 110 failed: Trial was pruned at epoch 5.
[I 2025-12-05 12:44:23,556] Trial 110 finished with value: 0.0 and parameters: {'dataset.max_walk_length': 66, 'dataset.num_walks': 392926, 'training.lr': 0.0010344893259852936, 'training.weight_decay': 1.3152240203216034e-05, 'training.batch_size': 256, 'training.gradient_clip_val': 0.5861542470719556, 'training.early_stopping_patience': 6, 'model.nhead': 2, 'model.embedding_dim': 128, 'model.hidden_dim': 256, 'model.nlayers': 5, 'model.dropout': 0.2695429660742188, 'training.epochs': 11}. Best is trial 87 with value: 0.777931809425354.
🧹 Cleaning up old checkpoints and logs (keeping top 10)...
  Removed old checkpoint: trial_100-epoch=04-val_auc_epoch=0.6065.ckpt
  Removed old checkpoint: trial_98-epoch=04-val_auc_epoch=0.6144.ckpt
  Removed old checkpoint: trial_97-epoch=05-val_auc_epoch=0.6914.ckpt
  Removed old checkpoint: trial_96-epoch=05-val_auc_epoch=0.7139.ckpt
  Removed old checkpoint: trial_95-epoch=07-val_auc_epoch=0.7309.ckpt
  Removed old log dir: trial_100
  Removed old log dir: trial_98
  Removed old log dir: trial_97
  Removed old log dir: trial_96
  Removed old log dir: trial_95
Seed set to 153

🔬 Trial 111 hyperparameters:
  Walk length: 87, Num walks: 612,662
  LR: 3.82e-03, Batch size: 256
  Model: emb_dim=32, hidden_dim=4
  Transformer: 5 layers, 2 heads
  Epochs: 10, Weighted loss: True
Loading wiki-rfa dataset...
Success! ✅
Splitting edges for wiki-rfa dataset...
Ratios: train=0.480, mask=0.320, val=0.100, test=0.100
Success! ✅
Sampling random walks from wiki-rfa dataset...
Success! ✅
Building tokenizer for wiki-rfa dataset...
Success! ✅
Padding and building stage tensors for wiki-rfa dataset...
Success! ✅
Data creation profiling (seconds):
  get_edge_list: 84.78s
  split_edges: 0.10s
  get_walks: 47.38s
  get_tokenizer: 1.50s
  encode_walks: 24.93s
  pad_and_build_stage_tensors: 3.19s
Creating DataLoaders for wiki-rfa dataset...
Success! ✅
GPU available: True (cuda), used: True
TPU available: False, using: 0 TPU cores
HPU available: False, using: 0 HPUs
/home/eng/shilo_avital/yolo_lab/walk_to_paint/.venv/lib64/python3.9/site-packages/pytorch_lightning/callbacks/model_checkpoint.py:658: Checkpoint directory /home/eng/shilo_avital/yolo_lab/walk_to_paint/outputs/wiki-rfa/wiki-rfa-optuna_20251203-235202/checkpoints exists and is not empty.
LOCAL_RANK: 0 - CUDA_VISIBLE_DEVICES: [1]
Metric val_auc_epoch improved. New best score: 0.649
Metric val_auc_epoch improved by 0.035 >= min_delta = 0.0. New best score: 0.684
Metric val_auc_epoch improved by 0.016 >= min_delta = 0.0. New best score: 0.699
Metric val_auc_epoch improved by 0.014 >= min_delta = 0.0. New best score: 0.713
Metric val_auc_epoch improved by 0.007 >= min_delta = 0.0. New best score: 0.720
❌ Trial 111 failed: Trial was pruned at epoch 7.
[I 2025-12-05 12:53:30,915] Trial 111 finished with value: 0.0 and parameters: {'dataset.max_walk_length': 87, 'dataset.num_walks': 612662, 'training.lr': 0.003818395923108327, 'training.weight_decay': 6.9738434945520805e-06, 'training.batch_size': 256, 'training.gradient_clip_val': 0.3579813790461021, 'training.early_stopping_patience': 6, 'model.nhead': 2, 'model.embedding_dim': 32, 'model.hidden_dim': 4, 'model.nlayers': 5, 'model.dropout': 0.24253901904915287, 'training.epochs': 10}. Best is trial 87 with value: 0.777931809425354.
Seed set to 154

🔬 Trial 112 hyperparameters:
  Walk length: 84, Num walks: 635,290
  LR: 3.12e-03, Batch size: 256
  Model: emb_dim=32, hidden_dim=4
  Transformer: 5 layers, 2 heads
  Epochs: 11, Weighted loss: True
Loading wiki-rfa dataset...
Success! ✅
Splitting edges for wiki-rfa dataset...
Ratios: train=0.480, mask=0.320, val=0.100, test=0.100
Success! ✅
Sampling random walks from wiki-rfa dataset...
Success! ✅
Building tokenizer for wiki-rfa dataset...
Success! ✅
Padding and building stage tensors for wiki-rfa dataset...
Success! ✅
Data creation profiling (seconds):
  get_edge_list: 84.81s
  split_edges: 0.09s
  get_walks: 48.37s
  get_tokenizer: 1.39s
  encode_walks: 25.38s
  pad_and_build_stage_tensors: 3.23s
Creating DataLoaders for wiki-rfa dataset...
Success! ✅
GPU available: True (cuda), used: True
TPU available: False, using: 0 TPU cores
HPU available: False, using: 0 HPUs
/home/eng/shilo_avital/yolo_lab/walk_to_paint/.venv/lib64/python3.9/site-packages/pytorch_lightning/callbacks/model_checkpoint.py:658: Checkpoint directory /home/eng/shilo_avital/yolo_lab/walk_to_paint/outputs/wiki-rfa/wiki-rfa-optuna_20251203-235202/checkpoints exists and is not empty.
LOCAL_RANK: 0 - CUDA_VISIBLE_DEVICES: [1]
Metric val_auc_epoch improved. New best score: 0.642
Metric val_auc_epoch improved by 0.033 >= min_delta = 0.0. New best score: 0.675
Metric val_auc_epoch improved by 0.032 >= min_delta = 0.0. New best score: 0.707
Metric val_auc_epoch improved by 0.022 >= min_delta = 0.0. New best score: 0.729
❌ Trial 112 failed: Trial was pruned at epoch 8.
[I 2025-12-05 13:03:37,384] Trial 112 finished with value: 0.0 and parameters: {'dataset.max_walk_length': 84, 'dataset.num_walks': 635290, 'training.lr': 0.0031219217379848674, 'training.weight_decay': 2.3740070348974182e-06, 'training.batch_size': 256, 'training.gradient_clip_val': 0.26516047956047484, 'training.early_stopping_patience': 5, 'model.nhead': 2, 'model.embedding_dim': 32, 'model.hidden_dim': 4, 'model.nlayers': 5, 'model.dropout': 0.19950993757567928, 'training.epochs': 11}. Best is trial 87 with value: 0.777931809425354.
Seed set to 155

🔬 Trial 113 hyperparameters:
  Walk length: 89, Num walks: 746,093
  LR: 1.88e-03, Batch size: 256
  Model: emb_dim=32, hidden_dim=4
  Transformer: 5 layers, 2 heads
  Epochs: 11, Weighted loss: True
Loading wiki-rfa dataset...
Success! ✅
Splitting edges for wiki-rfa dataset...
Ratios: train=0.480, mask=0.320, val=0.100, test=0.100
Success! ✅
Sampling random walks from wiki-rfa dataset...
Success! ✅
Building tokenizer for wiki-rfa dataset...
Success! ✅
Padding and building stage tensors for wiki-rfa dataset...
Success! ✅
Data creation profiling (seconds):
  get_edge_list: 84.85s
  split_edges: 0.10s
  get_walks: 56.96s
  get_tokenizer: 1.61s
  encode_walks: 31.09s
  pad_and_build_stage_tensors: 3.86s
Creating DataLoaders for wiki-rfa dataset...
Success! ✅
GPU available: True (cuda), used: True
TPU available: False, using: 0 TPU cores
HPU available: False, using: 0 HPUs
/home/eng/shilo_avital/yolo_lab/walk_to_paint/.venv/lib64/python3.9/site-packages/pytorch_lightning/callbacks/model_checkpoint.py:658: Checkpoint directory /home/eng/shilo_avital/yolo_lab/walk_to_paint/outputs/wiki-rfa/wiki-rfa-optuna_20251203-235202/checkpoints exists and is not empty.
LOCAL_RANK: 0 - CUDA_VISIBLE_DEVICES: [1]
Metric val_auc_epoch improved. New best score: 0.641
Metric val_auc_epoch improved by 0.043 >= min_delta = 0.0. New best score: 0.684
Metric val_auc_epoch improved by 0.035 >= min_delta = 0.0. New best score: 0.719
Metric val_auc_epoch improved by 0.011 >= min_delta = 0.0. New best score: 0.730
Monitored metric val_auc_epoch did not improve in the last 6 records. Best score: 0.730. Signaling Trainer to stop.
Restoring states from the checkpoint path at /home/eng/shilo_avital/yolo_lab/walk_to_paint/outputs/wiki-rfa/wiki-rfa-optuna_20251203-235202/checkpoints/trial_113-epoch=03-val_auc_epoch=0.7298.ckpt
LOCAL_RANK: 0 - CUDA_VISIBLE_DEVICES: [1]
Loaded model weights from the checkpoint at /home/eng/shilo_avital/yolo_lab/walk_to_paint/outputs/wiki-rfa/wiki-rfa-optuna_20251203-235202/checkpoints/trial_113-epoch=03-val_auc_epoch=0.7298.ckpt
❌ Trial 113 failed: Trial was pruned at epoch 10.
[I 2025-12-05 13:16:45,220] Trial 113 finished with value: 0.0 and parameters: {'dataset.max_walk_length': 89, 'dataset.num_walks': 746093, 'training.lr': 0.0018814851506888932, 'training.weight_decay': 9.988184835940766e-06, 'training.batch_size': 256, 'training.gradient_clip_val': 0.4411663443575244, 'training.early_stopping_patience': 6, 'model.nhead': 2, 'model.embedding_dim': 32, 'model.hidden_dim': 4, 'model.nlayers': 5, 'model.dropout': 0.21939301601649192, 'training.epochs': 11}. Best is trial 87 with value: 0.777931809425354.
Seed set to 156

🔬 Trial 114 hyperparameters:
  Walk length: 91, Num walks: 545,247
  LR: 5.12e-03, Batch size: 256
  Model: emb_dim=32, hidden_dim=4
  Transformer: 5 layers, 2 heads
  Epochs: 15, Weighted loss: True
Loading wiki-rfa dataset...
Success! ✅
Splitting edges for wiki-rfa dataset...
Ratios: train=0.480, mask=0.320, val=0.100, test=0.100
Success! ✅
Sampling random walks from wiki-rfa dataset...
Success! ✅
Building tokenizer for wiki-rfa dataset...
Success! ✅
Padding and building stage tensors for wiki-rfa dataset...
Success! ✅
Data creation profiling (seconds):
  get_edge_list: 4.45s
  split_edges: 0.10s
  get_walks: 42.01s
  get_tokenizer: 1.22s
  encode_walks: 22.57s
  pad_and_build_stage_tensors: 2.92s
Creating DataLoaders for wiki-rfa dataset...
Success! ✅
GPU available: True (cuda), used: True
TPU available: False, using: 0 TPU cores
HPU available: False, using: 0 HPUs
/home/eng/shilo_avital/yolo_lab/walk_to_paint/.venv/lib64/python3.9/site-packages/pytorch_lightning/callbacks/model_checkpoint.py:658: Checkpoint directory /home/eng/shilo_avital/yolo_lab/walk_to_paint/outputs/wiki-rfa/wiki-rfa-optuna_20251203-235202/checkpoints exists and is not empty.
LOCAL_RANK: 0 - CUDA_VISIBLE_DEVICES: [1]
Metric val_auc_epoch improved. New best score: 0.638
Metric val_auc_epoch improved by 0.040 >= min_delta = 0.0. New best score: 0.677
Metric val_auc_epoch improved by 0.026 >= min_delta = 0.0. New best score: 0.704
Metric val_auc_epoch improved by 0.005 >= min_delta = 0.0. New best score: 0.709
Metric val_auc_epoch improved by 0.005 >= min_delta = 0.0. New best score: 0.714
Metric val_auc_epoch improved by 0.003 >= min_delta = 0.0. New best score: 0.716
❌ Trial 114 failed: Trial was pruned at epoch 7.
[I 2025-12-05 13:23:46,806] Trial 114 finished with value: 0.0 and parameters: {'dataset.max_walk_length': 91, 'dataset.num_walks': 545247, 'training.lr': 0.005115946126628567, 'training.weight_decay': 4.1862897281718546e-06, 'training.batch_size': 256, 'training.gradient_clip_val': 0.3079151468267457, 'training.early_stopping_patience': 7, 'model.nhead': 2, 'model.embedding_dim': 32, 'model.hidden_dim': 4, 'model.nlayers': 5, 'model.dropout': 0.1707198875716771, 'training.epochs': 15}. Best is trial 87 with value: 0.777931809425354.
Seed set to 157

🔬 Trial 115 hyperparameters:
  Walk length: 94, Num walks: 670,939
  LR: 2.23e-03, Batch size: 256
  Model: emb_dim=32, hidden_dim=4
  Transformer: 4 layers, 8 heads
  Epochs: 9, Weighted loss: True
Loading wiki-rfa dataset...
Success! ✅
Splitting edges for wiki-rfa dataset...
Ratios: train=0.480, mask=0.320, val=0.100, test=0.100
Success! ✅
Sampling random walks from wiki-rfa dataset...
Success! ✅
Building tokenizer for wiki-rfa dataset...
Success! ✅
Padding and building stage tensors for wiki-rfa dataset...
Success! ✅
Data creation profiling (seconds):
  get_edge_list: 84.82s
  split_edges: 0.10s
  get_walks: 52.00s
  get_tokenizer: 1.46s
  encode_walks: 28.65s
  pad_and_build_stage_tensors: 3.72s
Creating DataLoaders for wiki-rfa dataset...
Success! ✅
GPU available: True (cuda), used: True
TPU available: False, using: 0 TPU cores
HPU available: False, using: 0 HPUs
/home/eng/shilo_avital/yolo_lab/walk_to_paint/.venv/lib64/python3.9/site-packages/pytorch_lightning/callbacks/model_checkpoint.py:658: Checkpoint directory /home/eng/shilo_avital/yolo_lab/walk_to_paint/outputs/wiki-rfa/wiki-rfa-optuna_20251203-235202/checkpoints exists and is not empty.
LOCAL_RANK: 0 - CUDA_VISIBLE_DEVICES: [1]
Metric val_auc_epoch improved. New best score: 0.594
Metric val_auc_epoch improved by 0.053 >= min_delta = 0.0. New best score: 0.647
Metric val_auc_epoch improved by 0.019 >= min_delta = 0.0. New best score: 0.667
Metric val_auc_epoch improved by 0.014 >= min_delta = 0.0. New best score: 0.681
Metric val_auc_epoch improved by 0.009 >= min_delta = 0.0. New best score: 0.690
Metric val_auc_epoch improved by 0.009 >= min_delta = 0.0. New best score: 0.699
❌ Trial 115 failed: Trial was pruned at epoch 6.
[I 2025-12-05 13:36:31,112] Trial 115 finished with value: 0.0 and parameters: {'dataset.max_walk_length': 94, 'dataset.num_walks': 670939, 'training.lr': 0.00223463825576503, 'training.weight_decay': 5.8349997137413505e-06, 'training.batch_size': 256, 'training.gradient_clip_val': 0.39151697090778115, 'training.early_stopping_patience': 6, 'model.nhead': 8, 'model.embedding_dim': 32, 'model.hidden_dim': 4, 'model.nlayers': 4, 'model.dropout': 0.1879884052574012, 'training.epochs': 9}. Best is trial 87 with value: 0.777931809425354.
🧹 Cleaning up old checkpoints and logs (keeping top 10)...
  Removed old checkpoint: trial_105-epoch=04-val_auc_epoch=0.6168.ckpt
  Removed old checkpoint: trial_104-epoch=01-val_auc_epoch=0.5126.ckpt
  Removed old checkpoint: trial_103-epoch=06-val_auc_epoch=0.7158.ckpt
  Removed old checkpoint: trial_102-epoch=07-val_auc_epoch=0.7720.ckpt
  Removed old checkpoint: trial_101-epoch=01-val_auc_epoch=0.7471.ckpt
  Removed old log dir: trial_105
  Removed old log dir: trial_104
  Removed old log dir: trial_103
  Removed old log dir: trial_102
  Removed old log dir: trial_101
Seed set to 158

🔬 Trial 116 hyperparameters:
  Walk length: 87, Num walks: 829,646
  LR: 1.31e-03, Batch size: 64
  Model: emb_dim=32, hidden_dim=16
  Transformer: 5 layers, 2 heads
  Epochs: 10, Weighted loss: True
Loading wiki-rfa dataset...
Success! ✅
Splitting edges for wiki-rfa dataset...
Ratios: train=0.480, mask=0.320, val=0.100, test=0.100
Success! ✅
Sampling random walks from wiki-rfa dataset...
Success! ✅
Building tokenizer for wiki-rfa dataset...
Success! ✅
Padding and building stage tensors for wiki-rfa dataset...
Success! ✅
Data creation profiling (seconds):
  get_edge_list: 84.56s
  split_edges: 0.10s
  get_walks: 64.00s
  get_tokenizer: 1.81s
  encode_walks: 36.20s
  pad_and_build_stage_tensors: 4.39s
Creating DataLoaders for wiki-rfa dataset...
Success! ✅
GPU available: True (cuda), used: True
TPU available: False, using: 0 TPU cores
HPU available: False, using: 0 HPUs
/home/eng/shilo_avital/yolo_lab/walk_to_paint/.venv/lib64/python3.9/site-packages/pytorch_lightning/callbacks/model_checkpoint.py:658: Checkpoint directory /home/eng/shilo_avital/yolo_lab/walk_to_paint/outputs/wiki-rfa/wiki-rfa-optuna_20251203-235202/checkpoints exists and is not empty.
LOCAL_RANK: 0 - CUDA_VISIBLE_DEVICES: [1]
Metric val_auc_epoch improved. New best score: 0.610
Metric val_auc_epoch improved by 0.074 >= min_delta = 0.0. New best score: 0.684
Metric val_auc_epoch improved by 0.039 >= min_delta = 0.0. New best score: 0.723
Metric val_auc_epoch improved by 0.013 >= min_delta = 0.0. New best score: 0.736
`Trainer.fit` stopped: `max_epochs=10` reached.
Restoring states from the checkpoint path at /home/eng/shilo_avital/yolo_lab/walk_to_paint/outputs/wiki-rfa/wiki-rfa-optuna_20251203-235202/checkpoints/trial_116-epoch=03-val_auc_epoch=0.7360.ckpt
LOCAL_RANK: 0 - CUDA_VISIBLE_DEVICES: [1]
Loaded model weights from the checkpoint at /home/eng/shilo_avital/yolo_lab/walk_to_paint/outputs/wiki-rfa/wiki-rfa-optuna_20251203-235202/checkpoints/trial_116-epoch=03-val_auc_epoch=0.7360.ckpt
────────────────────────────────────────────────────────────────────────────────────────────────────────────────────────
     Validate metric           DataLoader 0
────────────────────────────────────────────────────────────────────────────────────────────────────────────────────────
          step                     10.0
      val_acc_epoch         0.5200037360191345
      val_auc_epoch         0.7359711527824402
      val_f1_epoch          0.4791422188282013
        val_loss            1.9928057193756104
────────────────────────────────────────────────────────────────────────────────────────────────────────────────────────
✅ Trial 116 completed - Val AUC: 0.7360
[I 2025-12-05 14:14:17,924] Trial 116 finished with value: 0.7359711527824402 and parameters: {'dataset.max_walk_length': 87, 'dataset.num_walks': 829646, 'training.lr': 0.0013122220657047026, 'training.weight_decay': 2.0251081995131e-05, 'training.batch_size': 64, 'training.gradient_clip_val': 0.20620946606531343, 'training.early_stopping_patience': 8, 'model.nhead': 2, 'model.embedding_dim': 32, 'model.hidden_dim': 16, 'model.nlayers': 5, 'model.dropout': 0.23365548318429555, 'training.epochs': 10}. Best is trial 87 with value: 0.777931809425354.
Seed set to 159

🔬 Trial 117 hyperparameters:
  Walk length: 74, Num walks: 468,836
  LR: 7.28e-03, Batch size: 256
  Model: emb_dim=128, hidden_dim=4
  Transformer: 5 layers, 2 heads
  Epochs: 12, Weighted loss: True
Loading wiki-rfa dataset...
Success! ✅
Splitting edges for wiki-rfa dataset...
Ratios: train=0.480, mask=0.320, val=0.100, test=0.100
Success! ✅
Sampling random walks from wiki-rfa dataset...
Success! ✅
Building tokenizer for wiki-rfa dataset...
Success! ✅
Padding and building stage tensors for wiki-rfa dataset...
Success! ✅
Data creation profiling (seconds):
  get_edge_list: 4.52s
  split_edges: 0.10s
  get_walks: 35.42s
  get_tokenizer: 1.07s
  encode_walks: 19.39s
  pad_and_build_stage_tensors: 2.54s
Creating DataLoaders for wiki-rfa dataset...
Success! ✅
GPU available: True (cuda), used: True
TPU available: False, using: 0 TPU cores
HPU available: False, using: 0 HPUs
/home/eng/shilo_avital/yolo_lab/walk_to_paint/.venv/lib64/python3.9/site-packages/pytorch_lightning/callbacks/model_checkpoint.py:658: Checkpoint directory /home/eng/shilo_avital/yolo_lab/walk_to_paint/outputs/wiki-rfa/wiki-rfa-optuna_20251203-235202/checkpoints exists and is not empty.
LOCAL_RANK: 0 - CUDA_VISIBLE_DEVICES: [1]
Metric val_auc_epoch improved. New best score: 0.500
Metric val_auc_epoch improved by 0.001 >= min_delta = 0.0. New best score: 0.501
❌ Trial 117 failed: Trial was pruned at epoch 5.
[I 2025-12-05 14:20:40,229] Trial 117 finished with value: 0.0 and parameters: {'dataset.max_walk_length': 74, 'dataset.num_walks': 468836, 'training.lr': 0.007284027247729302, 'training.weight_decay': 0.000112141132782385, 'training.batch_size': 256, 'training.gradient_clip_val': 0.47219294188058375, 'training.early_stopping_patience': 5, 'model.nhead': 2, 'model.embedding_dim': 128, 'model.hidden_dim': 4, 'model.nlayers': 5, 'model.dropout': 0.20656305173438974, 'training.epochs': 12}. Best is trial 87 with value: 0.777931809425354.
Seed set to 160

🔬 Trial 118 hyperparameters:
  Walk length: 77, Num walks: 558,009
  LR: 4.45e-03, Batch size: 128
  Model: emb_dim=32, hidden_dim=4
  Transformer: 4 layers, 1 heads
  Epochs: 11, Weighted loss: True
Loading wiki-rfa dataset...
Success! ✅
Splitting edges for wiki-rfa dataset...
Ratios: train=0.480, mask=0.320, val=0.100, test=0.100
Success! ✅
Sampling random walks from wiki-rfa dataset...
Success! ✅
Building tokenizer for wiki-rfa dataset...
Success! ✅
Padding and building stage tensors for wiki-rfa dataset...
Success! ✅
Data creation profiling (seconds):
  get_edge_list: 84.55s
  split_edges: 0.09s
  get_walks: 43.32s
  get_tokenizer: 1.24s
  encode_walks: 22.64s
  pad_and_build_stage_tensors: 2.97s
Creating DataLoaders for wiki-rfa dataset...
Success! ✅
/home/eng/shilo_avital/yolo_lab/walk_to_paint/.venv/lib64/python3.9/site-packages/torch/nn/modules/transformer.py:382: UserWarning: enable_nested_tensor is True, but self.use_nested_tensor is False because encoder_layer.self_attn.num_heads is odd
  warnings.warn(
GPU available: True (cuda), used: True
TPU available: False, using: 0 TPU cores
HPU available: False, using: 0 HPUs
/home/eng/shilo_avital/yolo_lab/walk_to_paint/.venv/lib64/python3.9/site-packages/pytorch_lightning/callbacks/model_checkpoint.py:658: Checkpoint directory /home/eng/shilo_avital/yolo_lab/walk_to_paint/outputs/wiki-rfa/wiki-rfa-optuna_20251203-235202/checkpoints exists and is not empty.
LOCAL_RANK: 0 - CUDA_VISIBLE_DEVICES: [1]
Metric val_auc_epoch improved. New best score: 0.616
Metric val_auc_epoch improved by 0.047 >= min_delta = 0.0. New best score: 0.663
Metric val_auc_epoch improved by 0.002 >= min_delta = 0.0. New best score: 0.666
Metric val_auc_epoch improved by 0.003 >= min_delta = 0.0. New best score: 0.668
❌ Trial 118 failed: Trial was pruned at epoch 5.
[I 2025-12-05 14:29:53,396] Trial 118 finished with value: 0.0 and parameters: {'dataset.max_walk_length': 77, 'dataset.num_walks': 558009, 'training.lr': 0.004447364239311656, 'training.weight_decay': 2.5713674307793118e-05, 'training.batch_size': 128, 'training.gradient_clip_val': 0.406242976089238, 'training.early_stopping_patience': 7, 'model.nhead': 1, 'model.embedding_dim': 32, 'model.hidden_dim': 4, 'model.nlayers': 4, 'model.dropout': 0.2529951461261463, 'training.epochs': 11}. Best is trial 87 with value: 0.777931809425354.
Seed set to 161

🔬 Trial 119 hyperparameters:
  Walk length: 98, Num walks: 438,496
  LR: 2.82e-03, Batch size: 256
  Model: emb_dim=8, hidden_dim=64
  Transformer: 5 layers, 8 heads
  Epochs: 10, Weighted loss: True
Loading wiki-rfa dataset...
Success! ✅
Splitting edges for wiki-rfa dataset...
Ratios: train=0.480, mask=0.320, val=0.100, test=0.100
Success! ✅
Sampling random walks from wiki-rfa dataset...
Success! ✅
Building tokenizer for wiki-rfa dataset...
Success! ✅
Padding and building stage tensors for wiki-rfa dataset...
Success! ✅
Data creation profiling (seconds):
  get_edge_list: 84.90s
  split_edges: 0.10s
  get_walks: 33.72s
  get_tokenizer: 1.01s
  encode_walks: 17.91s
  pad_and_build_stage_tensors: 2.30s
Creating DataLoaders for wiki-rfa dataset...
Success! ✅
GPU available: True (cuda), used: True
TPU available: False, using: 0 TPU cores
HPU available: False, using: 0 HPUs
/home/eng/shilo_avital/yolo_lab/walk_to_paint/.venv/lib64/python3.9/site-packages/pytorch_lightning/callbacks/model_checkpoint.py:658: Checkpoint directory /home/eng/shilo_avital/yolo_lab/walk_to_paint/outputs/wiki-rfa/wiki-rfa-optuna_20251203-235202/checkpoints exists and is not empty.
LOCAL_RANK: 0 - CUDA_VISIBLE_DEVICES: [1]
Metric val_auc_epoch improved. New best score: 0.532
Metric val_auc_epoch improved by 0.016 >= min_delta = 0.0. New best score: 0.548
Metric val_auc_epoch improved by 0.006 >= min_delta = 0.0. New best score: 0.554
Metric val_auc_epoch improved by 0.005 >= min_delta = 0.0. New best score: 0.559
❌ Trial 119 failed: Trial was pruned at epoch 5.
[I 2025-12-05 14:46:35,350] Trial 119 finished with value: 0.0 and parameters: {'dataset.max_walk_length': 98, 'dataset.num_walks': 438496, 'training.lr': 0.0028152457102107826, 'training.weight_decay': 4.705321203550325e-05, 'training.batch_size': 256, 'training.gradient_clip_val': 0.5011994799946147, 'training.early_stopping_patience': 5, 'model.nhead': 8, 'model.embedding_dim': 8, 'model.hidden_dim': 64, 'model.nlayers': 5, 'model.dropout': 0.27372884923179297, 'training.epochs': 10}. Best is trial 87 with value: 0.777931809425354.
Seed set to 162

🔬 Trial 120 hyperparameters:
  Walk length: 81, Num walks: 999,552
  LR: 1.67e-03, Batch size: 512
  Model: emb_dim=16, hidden_dim=128
  Transformer: 4 layers, 2 heads
  Epochs: 9, Weighted loss: True
Loading wiki-rfa dataset...
Success! ✅
Splitting edges for wiki-rfa dataset...
Ratios: train=0.480, mask=0.320, val=0.100, test=0.100
Success! ✅
Sampling random walks from wiki-rfa dataset...
Success! ✅
Building tokenizer for wiki-rfa dataset...
Success! ✅
Padding and building stage tensors for wiki-rfa dataset...
Success! ✅
Data creation profiling (seconds):
  get_edge_list: 84.90s
  split_edges: 0.10s
  get_walks: 76.88s
  get_tokenizer: 2.38s
  encode_walks: 41.30s
  pad_and_build_stage_tensors: 5.16s
Creating DataLoaders for wiki-rfa dataset...
Success! ✅
GPU available: True (cuda), used: True
TPU available: False, using: 0 TPU cores
HPU available: False, using: 0 HPUs
/home/eng/shilo_avital/yolo_lab/walk_to_paint/.venv/lib64/python3.9/site-packages/pytorch_lightning/callbacks/model_checkpoint.py:658: Checkpoint directory /home/eng/shilo_avital/yolo_lab/walk_to_paint/outputs/wiki-rfa/wiki-rfa-optuna_20251203-235202/checkpoints exists and is not empty.
LOCAL_RANK: 0 - CUDA_VISIBLE_DEVICES: [1]
Metric val_auc_epoch improved. New best score: 0.604
Metric val_auc_epoch improved by 0.034 >= min_delta = 0.0. New best score: 0.638
Metric val_auc_epoch improved by 0.025 >= min_delta = 0.0. New best score: 0.663
Metric val_auc_epoch improved by 0.014 >= min_delta = 0.0. New best score: 0.678
Metric val_auc_epoch improved by 0.008 >= min_delta = 0.0. New best score: 0.686
Metric val_auc_epoch improved by 0.007 >= min_delta = 0.0. New best score: 0.694
❌ Trial 120 failed: Trial was pruned at epoch 6.
[I 2025-12-05 14:56:12,520] Trial 120 finished with value: 0.0 and parameters: {'dataset.max_walk_length': 81, 'dataset.num_walks': 999552, 'training.lr': 0.0016728844947929294, 'training.weight_decay': 1.1481083436175358e-05, 'training.batch_size': 512, 'training.gradient_clip_val': 0.24581201337981215, 'training.early_stopping_patience': 6, 'model.nhead': 2, 'model.embedding_dim': 16, 'model.hidden_dim': 128, 'model.nlayers': 4, 'model.dropout': 0.1622765261173164, 'training.epochs': 9}. Best is trial 87 with value: 0.777931809425354.
🧹 Cleaning up old checkpoints and logs (keeping top 10)...
  Removed old checkpoint: trial_110-epoch=04-val_auc_epoch=0.6503.ckpt
  Removed old checkpoint: trial_109-epoch=04-val_auc_epoch=0.6225.ckpt
  Removed old checkpoint: trial_108-epoch=04-val_auc_epoch=0.6606.ckpt
  Removed old checkpoint: trial_107-epoch=06-val_auc_epoch=0.7242.ckpt
  Removed old checkpoint: trial_106-epoch=01-val_auc_epoch=0.7077.ckpt
  Removed old log dir: trial_110
  Removed old log dir: trial_109
  Removed old log dir: trial_108
  Removed old log dir: trial_107
  Removed old log dir: trial_106
Seed set to 163

🔬 Trial 121 hyperparameters:
  Walk length: 89, Num walks: 816,776
  LR: 3.06e-03, Batch size: 256
  Model: emb_dim=32, hidden_dim=4
  Transformer: 5 layers, 2 heads
  Epochs: 12, Weighted loss: True
Loading wiki-rfa dataset...
Success! ✅
Splitting edges for wiki-rfa dataset...
Ratios: train=0.480, mask=0.320, val=0.100, test=0.100
Success! ✅
Sampling random walks from wiki-rfa dataset...
Success! ✅
Building tokenizer for wiki-rfa dataset...
Success! ✅
Padding and building stage tensors for wiki-rfa dataset...
Success! ✅
Data creation profiling (seconds):
  get_edge_list: 84.57s
  split_edges: 0.10s
  get_walks: 62.34s
  get_tokenizer: 1.74s
  encode_walks: 34.30s
  pad_and_build_stage_tensors: 4.42s
Creating DataLoaders for wiki-rfa dataset...
Success! ✅
GPU available: True (cuda), used: True
TPU available: False, using: 0 TPU cores
HPU available: False, using: 0 HPUs
/home/eng/shilo_avital/yolo_lab/walk_to_paint/.venv/lib64/python3.9/site-packages/pytorch_lightning/callbacks/model_checkpoint.py:658: Checkpoint directory /home/eng/shilo_avital/yolo_lab/walk_to_paint/outputs/wiki-rfa/wiki-rfa-optuna_20251203-235202/checkpoints exists and is not empty.
LOCAL_RANK: 0 - CUDA_VISIBLE_DEVICES: [1]
Metric val_auc_epoch improved. New best score: 0.642
Metric val_auc_epoch improved by 0.053 >= min_delta = 0.0. New best score: 0.695
Metric val_auc_epoch improved by 0.013 >= min_delta = 0.0. New best score: 0.708
❌ Trial 121 failed: Trial was pruned at epoch 6.
[I 2025-12-05 15:06:50,233] Trial 121 finished with value: 0.0 and parameters: {'dataset.max_walk_length': 89, 'dataset.num_walks': 816776, 'training.lr': 0.003060274405353837, 'training.weight_decay': 6.4110245422774e-05, 'training.batch_size': 256, 'training.gradient_clip_val': 0.10082254066917115, 'training.early_stopping_patience': 5, 'model.nhead': 2, 'model.embedding_dim': 32, 'model.hidden_dim': 4, 'model.nlayers': 5, 'model.dropout': 0.22188468138129136, 'training.epochs': 12}. Best is trial 87 with value: 0.777931809425354.
Seed set to 164

🔬 Trial 122 hyperparameters:
  Walk length: 86, Num walks: 772,900
  LR: 3.77e-03, Batch size: 256
  Model: emb_dim=32, hidden_dim=4
  Transformer: 5 layers, 2 heads
  Epochs: 12, Weighted loss: True
Loading wiki-rfa dataset...
Success! ✅
Splitting edges for wiki-rfa dataset...
Ratios: train=0.480, mask=0.320, val=0.100, test=0.100
Success! ✅
Sampling random walks from wiki-rfa dataset...
Success! ✅
Building tokenizer for wiki-rfa dataset...
Success! ✅
Padding and building stage tensors for wiki-rfa dataset...
Success! ✅
Data creation profiling (seconds):
  get_edge_list: 84.92s
  split_edges: 0.10s
  get_walks: 61.04s
  get_tokenizer: 1.64s
  encode_walks: 31.50s
  pad_and_build_stage_tensors: 4.14s
Creating DataLoaders for wiki-rfa dataset...
Success! ✅
GPU available: True (cuda), used: True
TPU available: False, using: 0 TPU cores
HPU available: False, using: 0 HPUs
/home/eng/shilo_avital/yolo_lab/walk_to_paint/.venv/lib64/python3.9/site-packages/pytorch_lightning/callbacks/model_checkpoint.py:658: Checkpoint directory /home/eng/shilo_avital/yolo_lab/walk_to_paint/outputs/wiki-rfa/wiki-rfa-optuna_20251203-235202/checkpoints exists and is not empty.
LOCAL_RANK: 0 - CUDA_VISIBLE_DEVICES: [1]
Metric val_auc_epoch improved. New best score: 0.674
Metric val_auc_epoch improved by 0.071 >= min_delta = 0.0. New best score: 0.745
Metric val_auc_epoch improved by 0.006 >= min_delta = 0.0. New best score: 0.751
Metric val_auc_epoch improved by 0.008 >= min_delta = 0.0. New best score: 0.759
Monitored metric val_auc_epoch did not improve in the last 5 records. Best score: 0.759. Signaling Trainer to stop.
Restoring states from the checkpoint path at /home/eng/shilo_avital/yolo_lab/walk_to_paint/outputs/wiki-rfa/wiki-rfa-optuna_20251203-235202/checkpoints/trial_122-epoch=03-val_auc_epoch=0.7589.ckpt
LOCAL_RANK: 0 - CUDA_VISIBLE_DEVICES: [1]
Loaded model weights from the checkpoint at /home/eng/shilo_avital/yolo_lab/walk_to_paint/outputs/wiki-rfa/wiki-rfa-optuna_20251203-235202/checkpoints/trial_122-epoch=03-val_auc_epoch=0.7589.ckpt
────────────────────────────────────────────────────────────────────────────────────────────────────────────────────────
     Validate metric           DataLoader 0
────────────────────────────────────────────────────────────────────────────────────────────────────────────────────────
          step                      9.0
      val_acc_epoch         0.5500327348709106
      val_auc_epoch         0.7589289546012878
      val_f1_epoch          0.5054669380187988
        val_loss            2.1391916275024414
────────────────────────────────────────────────────────────────────────────────────────────────────────────────────────
✅ Trial 122 completed - Val AUC: 0.7589
[I 2025-12-05 15:19:17,842] Trial 122 finished with value: 0.7589289546012878 and parameters: {'dataset.max_walk_length': 86, 'dataset.num_walks': 772900, 'training.lr': 0.0037724797234114774, 'training.weight_decay': 8.241876848228982e-05, 'training.batch_size': 256, 'training.gradient_clip_val': 0.135989878684094, 'training.early_stopping_patience': 5, 'model.nhead': 2, 'model.embedding_dim': 32, 'model.hidden_dim': 4, 'model.nlayers': 5, 'model.dropout': 0.2299238309008517, 'training.epochs': 12}. Best is trial 87 with value: 0.777931809425354.
Seed set to 165

🔬 Trial 123 hyperparameters:
  Walk length: 86, Num walks: 642,047
  LR: 3.67e-03, Batch size: 256
  Model: emb_dim=32, hidden_dim=4
  Transformer: 5 layers, 2 heads
  Epochs: 11, Weighted loss: True
Loading wiki-rfa dataset...
Success! ✅
Splitting edges for wiki-rfa dataset...
Ratios: train=0.480, mask=0.320, val=0.100, test=0.100
Success! ✅
Sampling random walks from wiki-rfa dataset...
Success! ✅
Building tokenizer for wiki-rfa dataset...
Success! ✅
Padding and building stage tensors for wiki-rfa dataset...
Success! ✅
Data creation profiling (seconds):
  get_edge_list: 4.85s
  split_edges: 0.10s
  get_walks: 48.70s
  get_tokenizer: 1.41s
  encode_walks: 26.87s
  pad_and_build_stage_tensors: 3.47s
Creating DataLoaders for wiki-rfa dataset...
Success! ✅
GPU available: True (cuda), used: True
TPU available: False, using: 0 TPU cores
HPU available: False, using: 0 HPUs
/home/eng/shilo_avital/yolo_lab/walk_to_paint/.venv/lib64/python3.9/site-packages/pytorch_lightning/callbacks/model_checkpoint.py:658: Checkpoint directory /home/eng/shilo_avital/yolo_lab/walk_to_paint/outputs/wiki-rfa/wiki-rfa-optuna_20251203-235202/checkpoints exists and is not empty.
LOCAL_RANK: 0 - CUDA_VISIBLE_DEVICES: [1]
Metric val_auc_epoch improved. New best score: 0.644
Metric val_auc_epoch improved by 0.043 >= min_delta = 0.0. New best score: 0.687
Metric val_auc_epoch improved by 0.024 >= min_delta = 0.0. New best score: 0.711
Metric val_auc_epoch improved by 0.019 >= min_delta = 0.0. New best score: 0.730
Metric val_auc_epoch improved by 0.007 >= min_delta = 0.0. New best score: 0.737
Metric val_auc_epoch improved by 0.006 >= min_delta = 0.0. New best score: 0.743
Metric val_auc_epoch improved by 0.002 >= min_delta = 0.0. New best score: 0.745
`Trainer.fit` stopped: `max_epochs=11` reached.
Restoring states from the checkpoint path at /home/eng/shilo_avital/yolo_lab/walk_to_paint/outputs/wiki-rfa/wiki-rfa-optuna_20251203-235202/checkpoints/trial_123-epoch=07-val_auc_epoch=0.7449.ckpt
LOCAL_RANK: 0 - CUDA_VISIBLE_DEVICES: [1]
Loaded model weights from the checkpoint at /home/eng/shilo_avital/yolo_lab/walk_to_paint/outputs/wiki-rfa/wiki-rfa-optuna_20251203-235202/checkpoints/trial_123-epoch=07-val_auc_epoch=0.7449.ckpt
────────────────────────────────────────────────────────────────────────────────────────────────────────────────────────
     Validate metric           DataLoader 0
────────────────────────────────────────────────────────────────────────────────────────────────────────────────────────
          step                     11.0
      val_acc_epoch         0.5416041612625122
      val_auc_epoch         0.7449356913566589
      val_f1_epoch          0.5015873908996582
        val_loss            2.4390714168548584
────────────────────────────────────────────────────────────────────────────────────────────────────────────────────────
✅ Trial 123 completed - Val AUC: 0.7449
[I 2025-12-05 15:30:09,392] Trial 123 finished with value: 0.7449356913566589 and parameters: {'dataset.max_walk_length': 86, 'dataset.num_walks': 642047, 'training.lr': 0.003672184953209062, 'training.weight_decay': 3.937627139665578e-05, 'training.batch_size': 256, 'training.gradient_clip_val': 0.15890576088859817, 'training.early_stopping_patience': 6, 'model.nhead': 2, 'model.embedding_dim': 32, 'model.hidden_dim': 4, 'model.nlayers': 5, 'model.dropout': 0.24620309301460538, 'training.epochs': 11}. Best is trial 87 with value: 0.777931809425354.
Seed set to 166

🔬 Trial 124 hyperparameters:
  Walk length: 84, Num walks: 748,407
  LR: 2.39e-03, Batch size: 256
  Model: emb_dim=32, hidden_dim=4
  Transformer: 5 layers, 2 heads
  Epochs: 25, Weighted loss: True
Loading wiki-rfa dataset...
Success! ✅
Splitting edges for wiki-rfa dataset...
Ratios: train=0.480, mask=0.320, val=0.100, test=0.100
Success! ✅
Sampling random walks from wiki-rfa dataset...
Success! ✅
Building tokenizer for wiki-rfa dataset...
Success! ✅
Padding and building stage tensors for wiki-rfa dataset...
Success! ✅
Data creation profiling (seconds):
  get_edge_list: 4.78s
  split_edges: 0.10s
  get_walks: 57.36s
  get_tokenizer: 1.61s
  encode_walks: 30.56s
  pad_and_build_stage_tensors: 3.91s
Creating DataLoaders for wiki-rfa dataset...
Success! ✅
GPU available: True (cuda), used: True
TPU available: False, using: 0 TPU cores
HPU available: False, using: 0 HPUs
/home/eng/shilo_avital/yolo_lab/walk_to_paint/.venv/lib64/python3.9/site-packages/pytorch_lightning/callbacks/model_checkpoint.py:658: Checkpoint directory /home/eng/shilo_avital/yolo_lab/walk_to_paint/outputs/wiki-rfa/wiki-rfa-optuna_20251203-235202/checkpoints exists and is not empty.
LOCAL_RANK: 0 - CUDA_VISIBLE_DEVICES: [1]
Metric val_auc_epoch improved. New best score: 0.637
Metric val_auc_epoch improved by 0.059 >= min_delta = 0.0. New best score: 0.696
Metric val_auc_epoch improved by 0.026 >= min_delta = 0.0. New best score: 0.722
Metric val_auc_epoch improved by 0.003 >= min_delta = 0.0. New best score: 0.726
Metric val_auc_epoch improved by 0.012 >= min_delta = 0.0. New best score: 0.738
Metric val_auc_epoch improved by 0.001 >= min_delta = 0.0. New best score: 0.739
Metric val_auc_epoch improved by 0.002 >= min_delta = 0.0. New best score: 0.740
Monitored metric val_auc_epoch did not improve in the last 5 records. Best score: 0.740. Signaling Trainer to stop.
Restoring states from the checkpoint path at /home/eng/shilo_avital/yolo_lab/walk_to_paint/outputs/wiki-rfa/wiki-rfa-optuna_20251203-235202/checkpoints/trial_124-epoch=09-val_auc_epoch=0.7402.ckpt
LOCAL_RANK: 0 - CUDA_VISIBLE_DEVICES: [1]
Loaded model weights from the checkpoint at /home/eng/shilo_avital/yolo_lab/walk_to_paint/outputs/wiki-rfa/wiki-rfa-optuna_20251203-235202/checkpoints/trial_124-epoch=09-val_auc_epoch=0.7402.ckpt
────────────────────────────────────────────────────────────────────────────────────────────────────────────────────────
     Validate metric           DataLoader 0
────────────────────────────────────────────────────────────────────────────────────────────────────────────────────────
          step                     15.0
      val_acc_epoch         0.5369007587432861
      val_auc_epoch         0.7401565313339233
      val_f1_epoch          0.5113667845726013
        val_loss            3.4673616886138916
────────────────────────────────────────────────────────────────────────────────────────────────────────────────────────
✅ Trial 124 completed - Val AUC: 0.7402
[I 2025-12-05 15:46:29,175] Trial 124 finished with value: 0.7401565313339233 and parameters: {'dataset.max_walk_length': 84, 'dataset.num_walks': 748407, 'training.lr': 0.00238637199800374, 'training.weight_decay': 1.56548658286457e-05, 'training.batch_size': 256, 'training.gradient_clip_val': 0.3656475099649763, 'training.early_stopping_patience': 5, 'model.nhead': 2, 'model.embedding_dim': 32, 'model.hidden_dim': 4, 'model.nlayers': 5, 'model.dropout': 0.26394231944879304, 'training.epochs': 25}. Best is trial 87 with value: 0.777931809425354.
Seed set to 167

🔬 Trial 125 hyperparameters:
  Walk length: 91, Num walks: 693,039
  LR: 5.85e-03, Batch size: 256
  Model: emb_dim=32, hidden_dim=4
  Transformer: 5 layers, 16 heads
  Epochs: 13, Weighted loss: True
Loading wiki-rfa dataset...
Success! ✅
Splitting edges for wiki-rfa dataset...
Ratios: train=0.480, mask=0.320, val=0.100, test=0.100
Success! ✅
Sampling random walks from wiki-rfa dataset...
Success! ✅
Building tokenizer for wiki-rfa dataset...
Success! ✅
Padding and building stage tensors for wiki-rfa dataset...
Success! ✅
Data creation profiling (seconds):
  get_edge_list: 4.79s
  split_edges: 0.10s
  get_walks: 52.12s
  get_tokenizer: 1.52s
  encode_walks: 28.04s
  pad_and_build_stage_tensors: 3.64s
Creating DataLoaders for wiki-rfa dataset...
Success! ✅
GPU available: True (cuda), used: True
TPU available: False, using: 0 TPU cores
HPU available: False, using: 0 HPUs
/home/eng/shilo_avital/yolo_lab/walk_to_paint/.venv/lib64/python3.9/site-packages/pytorch_lightning/callbacks/model_checkpoint.py:658: Checkpoint directory /home/eng/shilo_avital/yolo_lab/walk_to_paint/outputs/wiki-rfa/wiki-rfa-optuna_20251203-235202/checkpoints exists and is not empty.
LOCAL_RANK: 0 - CUDA_VISIBLE_DEVICES: [1]
Metric val_auc_epoch improved. New best score: 0.574
Metric val_auc_epoch improved by 0.055 >= min_delta = 0.0. New best score: 0.629
Metric val_auc_epoch improved by 0.021 >= min_delta = 0.0. New best score: 0.650
Metric val_auc_epoch improved by 0.002 >= min_delta = 0.0. New best score: 0.652
Metric val_auc_epoch improved by 0.003 >= min_delta = 0.0. New best score: 0.654
❌ Trial 125 failed: Trial was pruned at epoch 5.
[I 2025-12-05 16:24:41,297] Trial 125 finished with value: 0.0 and parameters: {'dataset.max_walk_length': 91, 'dataset.num_walks': 693039, 'training.lr': 0.005845816571663473, 'training.weight_decay': 0.0002031363109657598, 'training.batch_size': 256, 'training.gradient_clip_val': 0.185296343863785, 'training.early_stopping_patience': 7, 'model.nhead': 16, 'model.embedding_dim': 32, 'model.hidden_dim': 4, 'model.nlayers': 5, 'model.dropout': 0.18539507756402185, 'training.epochs': 13}. Best is trial 87 with value: 0.777931809425354.
🧹 Cleaning up old checkpoints and logs (keeping top 10)...
  Removed old checkpoint: trial_115-epoch=05-val_auc_epoch=0.6987.ckpt
  Removed old checkpoint: trial_114-epoch=05-val_auc_epoch=0.7162.ckpt
  Removed old checkpoint: trial_113-epoch=03-val_auc_epoch=0.7298.ckpt
  Removed old checkpoint: trial_112-epoch=03-val_auc_epoch=0.7289.ckpt
  Removed old checkpoint: trial_111-epoch=05-val_auc_epoch=0.7203.ckpt
  Removed old log dir: trial_115
  Removed old log dir: trial_114
  Removed old log dir: trial_113
  Removed old log dir: trial_112
  Removed old log dir: trial_111
Seed set to 168

🔬 Trial 126 hyperparameters:
  Walk length: 17, Num walks: 520,562
  LR: 2.01e-03, Batch size: 256
  Model: emb_dim=64, hidden_dim=256
  Transformer: 5 layers, 2 heads
  Epochs: 12, Weighted loss: True
Loading wiki-rfa dataset...
Success! ✅
Splitting edges for wiki-rfa dataset...
Ratios: train=0.480, mask=0.320, val=0.100, test=0.100
Success! ✅
Sampling random walks from wiki-rfa dataset...
Success! ✅
Building tokenizer for wiki-rfa dataset...
Success! ✅
Padding and building stage tensors for wiki-rfa dataset...
Success! ✅
Data creation profiling (seconds):
  get_edge_list: 84.79s
  split_edges: 0.10s
  get_walks: 39.01s
  get_tokenizer: 1.09s
  encode_walks: 19.22s
  pad_and_build_stage_tensors: 2.53s
Creating DataLoaders for wiki-rfa dataset...
Success! ✅
GPU available: True (cuda), used: True
TPU available: False, using: 0 TPU cores
HPU available: False, using: 0 HPUs
/home/eng/shilo_avital/yolo_lab/walk_to_paint/.venv/lib64/python3.9/site-packages/pytorch_lightning/callbacks/model_checkpoint.py:658: Checkpoint directory /home/eng/shilo_avital/yolo_lab/walk_to_paint/outputs/wiki-rfa/wiki-rfa-optuna_20251203-235202/checkpoints exists and is not empty.
LOCAL_RANK: 0 - CUDA_VISIBLE_DEVICES: [1]
Metric val_auc_epoch improved. New best score: 0.497
Metric val_auc_epoch improved by 0.003 >= min_delta = 0.0. New best score: 0.500
Metric val_auc_epoch improved by 0.006 >= min_delta = 0.0. New best score: 0.506
Metric val_auc_epoch improved by 0.022 >= min_delta = 0.0. New best score: 0.528
❌ Trial 126 failed: Trial was pruned at epoch 5.
[I 2025-12-05 16:30:28,033] Trial 126 finished with value: 0.0 and parameters: {'dataset.max_walk_length': 17, 'dataset.num_walks': 520562, 'training.lr': 0.0020068186643791655, 'training.weight_decay': 9.361549361316117e-05, 'training.batch_size': 256, 'training.gradient_clip_val': 0.30209127797900526, 'training.early_stopping_patience': 6, 'model.nhead': 2, 'model.embedding_dim': 64, 'model.hidden_dim': 256, 'model.nlayers': 5, 'model.dropout': 0.20412487716432595, 'training.epochs': 12}. Best is trial 87 with value: 0.777931809425354.
Seed set to 169

🔬 Trial 127 hyperparameters:
  Walk length: 24, Num walks: 926,417
  LR: 4.26e-03, Batch size: 32
  Model: emb_dim=4, hidden_dim=4
  Transformer: 6 layers, 2 heads
  Epochs: 14, Weighted loss: True
Loading wiki-rfa dataset...
Success! ✅
Splitting edges for wiki-rfa dataset...
Ratios: train=0.480, mask=0.320, val=0.100, test=0.100
Success! ✅
Sampling random walks from wiki-rfa dataset...
Success! ✅
Building tokenizer for wiki-rfa dataset...
Success! ✅
Padding and building stage tensors for wiki-rfa dataset...
Success! ✅
Data creation profiling (seconds):
  get_edge_list: 84.88s
  split_edges: 0.10s
  get_walks: 70.52s
  get_tokenizer: 2.04s
  encode_walks: 37.17s
  pad_and_build_stage_tensors: 4.54s
Creating DataLoaders for wiki-rfa dataset...
Success! ✅
GPU available: True (cuda), used: True
TPU available: False, using: 0 TPU cores
HPU available: False, using: 0 HPUs
/home/eng/shilo_avital/yolo_lab/walk_to_paint/.venv/lib64/python3.9/site-packages/pytorch_lightning/callbacks/model_checkpoint.py:658: Checkpoint directory /home/eng/shilo_avital/yolo_lab/walk_to_paint/outputs/wiki-rfa/wiki-rfa-optuna_20251203-235202/checkpoints exists and is not empty.
LOCAL_RANK: 0 - CUDA_VISIBLE_DEVICES: [1]
Metric val_auc_epoch improved. New best score: 0.500
Metric val_auc_epoch improved by 0.003 >= min_delta = 0.0. New best score: 0.503
❌ Trial 127 failed: Trial was pruned at epoch 5.
[I 2025-12-05 17:21:55,838] Trial 127 finished with value: 0.0 and parameters: {'dataset.max_walk_length': 24, 'dataset.num_walks': 926417, 'training.lr': 0.004259073220437989, 'training.weight_decay': 2.594438360532317e-05, 'training.batch_size': 32, 'training.gradient_clip_val': 0.13351002274526838, 'training.early_stopping_patience': 9, 'model.nhead': 2, 'model.embedding_dim': 4, 'model.hidden_dim': 4, 'model.nlayers': 6, 'model.dropout': 0.2344765732701376, 'training.epochs': 14}. Best is trial 87 with value: 0.777931809425354.
Seed set to 170

🔬 Trial 128 hyperparameters:
  Walk length: 60, Num walks: 595,127
  LR: 5.31e-04, Batch size: 256
  Model: emb_dim=32, hidden_dim=4
  Transformer: 5 layers, 8 heads
  Epochs: 20, Weighted loss: True
Loading wiki-rfa dataset...
Success! ✅
Splitting edges for wiki-rfa dataset...
Ratios: train=0.480, mask=0.320, val=0.100, test=0.100
Success! ✅
Sampling random walks from wiki-rfa dataset...
Success! ✅
Building tokenizer for wiki-rfa dataset...
Success! ✅
Padding and building stage tensors for wiki-rfa dataset...
Success! ✅
Data creation profiling (seconds):
  get_edge_list: 85.00s
  split_edges: 0.10s
  get_walks: 45.86s
  get_tokenizer: 1.42s
  encode_walks: 24.10s
  pad_and_build_stage_tensors: 3.11s
Creating DataLoaders for wiki-rfa dataset...
Success! ✅
GPU available: True (cuda), used: True
TPU available: False, using: 0 TPU cores
HPU available: False, using: 0 HPUs
/home/eng/shilo_avital/yolo_lab/walk_to_paint/.venv/lib64/python3.9/site-packages/pytorch_lightning/callbacks/model_checkpoint.py:658: Checkpoint directory /home/eng/shilo_avital/yolo_lab/walk_to_paint/outputs/wiki-rfa/wiki-rfa-optuna_20251203-235202/checkpoints exists and is not empty.
LOCAL_RANK: 0 - CUDA_VISIBLE_DEVICES: [1]
Metric val_auc_epoch improved. New best score: 0.562
Metric val_auc_epoch improved by 0.020 >= min_delta = 0.0. New best score: 0.582
Metric val_auc_epoch improved by 0.023 >= min_delta = 0.0. New best score: 0.605
Metric val_auc_epoch improved by 0.014 >= min_delta = 0.0. New best score: 0.619
Metric val_auc_epoch improved by 0.012 >= min_delta = 0.0. New best score: 0.631
❌ Trial 128 failed: Trial was pruned at epoch 5.
[I 2025-12-05 17:29:55,045] Trial 128 finished with value: 0.0 and parameters: {'dataset.max_walk_length': 60, 'dataset.num_walks': 595127, 'training.lr': 0.0005307686173124031, 'training.weight_decay': 7.866285138480795e-06, 'training.batch_size': 256, 'training.gradient_clip_val': 0.22869421234012735, 'training.early_stopping_patience': 5, 'model.nhead': 8, 'model.embedding_dim': 32, 'model.hidden_dim': 4, 'model.nlayers': 5, 'model.dropout': 0.11681045120356895, 'training.epochs': 20}. Best is trial 87 with value: 0.777931809425354.
Seed set to 171

🔬 Trial 129 hyperparameters:
  Walk length: 93, Num walks: 873,490
  LR: 8.98e-04, Batch size: 64
  Model: emb_dim=128, hidden_dim=64
  Transformer: 4 layers, 2 heads
  Epochs: 10, Weighted loss: True
Loading wiki-rfa dataset...
Success! ✅
Splitting edges for wiki-rfa dataset...
Ratios: train=0.480, mask=0.320, val=0.100, test=0.100
Success! ✅
Sampling random walks from wiki-rfa dataset...
Success! ✅
Building tokenizer for wiki-rfa dataset...
Success! ✅
Padding and building stage tensors for wiki-rfa dataset...
Success! ✅
Data creation profiling (seconds):
  get_edge_list: 84.85s
  split_edges: 0.10s
  get_walks: 68.14s
  get_tokenizer: 1.87s
  encode_walks: 37.11s
  pad_and_build_stage_tensors: 4.60s
Creating DataLoaders for wiki-rfa dataset...
Success! ✅
GPU available: True (cuda), used: True
TPU available: False, using: 0 TPU cores
HPU available: False, using: 0 HPUs
/home/eng/shilo_avital/yolo_lab/walk_to_paint/.venv/lib64/python3.9/site-packages/pytorch_lightning/callbacks/model_checkpoint.py:658: Checkpoint directory /home/eng/shilo_avital/yolo_lab/walk_to_paint/outputs/wiki-rfa/wiki-rfa-optuna_20251203-235202/checkpoints exists and is not empty.
LOCAL_RANK: 0 - CUDA_VISIBLE_DEVICES: [1]
Metric val_auc_epoch improved. New best score: 0.555
Metric val_auc_epoch improved by 0.004 >= min_delta = 0.0. New best score: 0.559
Metric val_auc_epoch improved by 0.003 >= min_delta = 0.0. New best score: 0.563
❌ Trial 129 failed: Trial was pruned at epoch 5.
[I 2025-12-05 17:52:54,216] Trial 129 finished with value: 0.0 and parameters: {'dataset.max_walk_length': 93, 'dataset.num_walks': 873490, 'training.lr': 0.0008976444191398429, 'training.weight_decay': 4.79103853669869e-06, 'training.batch_size': 64, 'training.gradient_clip_val': 0.33715451407575203, 'training.early_stopping_patience': 10, 'model.nhead': 2, 'model.embedding_dim': 128, 'model.hidden_dim': 64, 'model.nlayers': 4, 'model.dropout': 0.28958791775165726, 'training.epochs': 10}. Best is trial 87 with value: 0.777931809425354.
Seed set to 172

🔬 Trial 130 hyperparameters:
  Walk length: 83, Num walks: 752,578
  LR: 3.52e-03, Batch size: 256
  Model: emb_dim=32, hidden_dim=16
  Transformer: 5 layers, 1 heads
  Epochs: 11, Weighted loss: True
Loading wiki-rfa dataset...
Success! ✅
Splitting edges for wiki-rfa dataset...
Ratios: train=0.480, mask=0.320, val=0.100, test=0.100
Success! ✅
Sampling random walks from wiki-rfa dataset...
Success! ✅
Building tokenizer for wiki-rfa dataset...
Success! ✅
Padding and building stage tensors for wiki-rfa dataset...
Success! ✅
Data creation profiling (seconds):
  get_edge_list: 84.77s
  split_edges: 0.10s
  get_walks: 59.13s
  get_tokenizer: 1.64s
  encode_walks: 31.69s
  pad_and_build_stage_tensors: 3.90s
Creating DataLoaders for wiki-rfa dataset...
Success! ✅
/home/eng/shilo_avital/yolo_lab/walk_to_paint/.venv/lib64/python3.9/site-packages/torch/nn/modules/transformer.py:382: UserWarning: enable_nested_tensor is True, but self.use_nested_tensor is False because encoder_layer.self_attn.num_heads is odd
  warnings.warn(
GPU available: True (cuda), used: True
TPU available: False, using: 0 TPU cores
HPU available: False, using: 0 HPUs
/home/eng/shilo_avital/yolo_lab/walk_to_paint/.venv/lib64/python3.9/site-packages/pytorch_lightning/callbacks/model_checkpoint.py:658: Checkpoint directory /home/eng/shilo_avital/yolo_lab/walk_to_paint/outputs/wiki-rfa/wiki-rfa-optuna_20251203-235202/checkpoints exists and is not empty.
LOCAL_RANK: 0 - CUDA_VISIBLE_DEVICES: [1]
Metric val_auc_epoch improved. New best score: 0.682
Metric val_auc_epoch improved by 0.051 >= min_delta = 0.0. New best score: 0.734
Metric val_auc_epoch improved by 0.011 >= min_delta = 0.0. New best score: 0.745
`Trainer.fit` stopped: `max_epochs=11` reached.
Restoring states from the checkpoint path at /home/eng/shilo_avital/yolo_lab/walk_to_paint/outputs/wiki-rfa/wiki-rfa-optuna_20251203-235202/checkpoints/trial_130-epoch=04-val_auc_epoch=0.7451.ckpt
LOCAL_RANK: 0 - CUDA_VISIBLE_DEVICES: [1]
Loaded model weights from the checkpoint at /home/eng/shilo_avital/yolo_lab/walk_to_paint/outputs/wiki-rfa/wiki-rfa-optuna_20251203-235202/checkpoints/trial_130-epoch=04-val_auc_epoch=0.7451.ckpt
────────────────────────────────────────────────────────────────────────────────────────────────────────────────────────
     Validate metric           DataLoader 0
────────────────────────────────────────────────────────────────────────────────────────────────────────────────────────
          step                     11.0
      val_acc_epoch         0.5126539468765259
      val_auc_epoch         0.7451128363609314
      val_f1_epoch          0.4924677610397339
        val_loss             2.575986862182617
────────────────────────────────────────────────────────────────────────────────────────────────────────────────────────
✅ Trial 130 completed - Val AUC: 0.7451
[I 2025-12-05 18:05:33,614] Trial 130 finished with value: 0.7451128363609314 and parameters: {'dataset.max_walk_length': 83, 'dataset.num_walks': 752578, 'training.lr': 0.0035178847003759298, 'training.weight_decay': 0.00014420053218608855, 'training.batch_size': 256, 'training.gradient_clip_val': 0.5598120437306924, 'training.early_stopping_patience': 12, 'model.nhead': 1, 'model.embedding_dim': 32, 'model.hidden_dim': 16, 'model.nlayers': 5, 'model.dropout': 0.07192795548550543, 'training.epochs': 11}. Best is trial 87 with value: 0.777931809425354.
🧹 Cleaning up old checkpoints and logs (keeping top 10)...
  Removed old checkpoint: trial_120-epoch=05-val_auc_epoch=0.6935.ckpt
  Removed old checkpoint: trial_119-epoch=03-val_auc_epoch=0.5585.ckpt
  Removed old checkpoint: trial_118-epoch=04-val_auc_epoch=0.6682.ckpt
  Removed old checkpoint: trial_117-epoch=01-val_auc_epoch=0.5012.ckpt
  Removed old checkpoint: trial_116-epoch=03-val_auc_epoch=0.7360.ckpt
  Removed old log dir: trial_120
  Removed old log dir: trial_119
  Removed old log dir: trial_118
  Removed old log dir: trial_117
  Removed old log dir: trial_116
Seed set to 173

🔬 Trial 131 hyperparameters:
  Walk length: 87, Num walks: 669,228
  LR: 2.83e-03, Batch size: 256
  Model: emb_dim=32, hidden_dim=4
  Transformer: 5 layers, 2 heads
  Epochs: 12, Weighted loss: True
Loading wiki-rfa dataset...
Success! ✅
Splitting edges for wiki-rfa dataset...
Ratios: train=0.480, mask=0.320, val=0.100, test=0.100
Success! ✅
Sampling random walks from wiki-rfa dataset...
Success! ✅
Building tokenizer for wiki-rfa dataset...
Success! ✅
Padding and building stage tensors for wiki-rfa dataset...
Success! ✅
Data creation profiling (seconds):
  get_edge_list: 4.45s
  split_edges: 0.10s
  get_walks: 51.91s
  get_tokenizer: 1.48s
  encode_walks: 28.40s
  pad_and_build_stage_tensors: 3.55s
Creating DataLoaders for wiki-rfa dataset...
Success! ✅
GPU available: True (cuda), used: True
TPU available: False, using: 0 TPU cores
HPU available: False, using: 0 HPUs
/home/eng/shilo_avital/yolo_lab/walk_to_paint/.venv/lib64/python3.9/site-packages/pytorch_lightning/callbacks/model_checkpoint.py:658: Checkpoint directory /home/eng/shilo_avital/yolo_lab/walk_to_paint/outputs/wiki-rfa/wiki-rfa-optuna_20251203-235202/checkpoints exists and is not empty.
LOCAL_RANK: 0 - CUDA_VISIBLE_DEVICES: [1]
Metric val_auc_epoch improved. New best score: 0.629
Metric val_auc_epoch improved by 0.039 >= min_delta = 0.0. New best score: 0.668
Metric val_auc_epoch improved by 0.036 >= min_delta = 0.0. New best score: 0.704
Metric val_auc_epoch improved by 0.009 >= min_delta = 0.0. New best score: 0.713
Metric val_auc_epoch improved by 0.002 >= min_delta = 0.0. New best score: 0.715
Metric val_auc_epoch improved by 0.003 >= min_delta = 0.0. New best score: 0.717
❌ Trial 131 failed: Trial was pruned at epoch 7.
[I 2025-12-05 18:14:02,190] Trial 131 finished with value: 0.0 and parameters: {'dataset.max_walk_length': 87, 'dataset.num_walks': 669228, 'training.lr': 0.0028253196277492807, 'training.weight_decay': 7.554693561066533e-05, 'training.batch_size': 256, 'training.gradient_clip_val': 0.14677701203392535, 'training.early_stopping_patience': 5, 'model.nhead': 2, 'model.embedding_dim': 32, 'model.hidden_dim': 4, 'model.nlayers': 5, 'model.dropout': 0.2143263553779166, 'training.epochs': 12}. Best is trial 87 with value: 0.777931809425354.
Seed set to 174

🔬 Trial 132 hyperparameters:
  Walk length: 88, Num walks: 794,482
  LR: 1.73e-03, Batch size: 256
  Model: emb_dim=32, hidden_dim=4
  Transformer: 5 layers, 2 heads
  Epochs: 13, Weighted loss: True
Loading wiki-rfa dataset...
Success! ✅
Splitting edges for wiki-rfa dataset...
Ratios: train=0.480, mask=0.320, val=0.100, test=0.100
Success! ✅
Sampling random walks from wiki-rfa dataset...
Success! ✅
Building tokenizer for wiki-rfa dataset...
Success! ✅
Padding and building stage tensors for wiki-rfa dataset...
Success! ✅
Data creation profiling (seconds):
  get_edge_list: 84.84s
  split_edges: 0.10s
  get_walks: 62.11s
  get_tokenizer: 1.71s
  encode_walks: 33.48s
  pad_and_build_stage_tensors: 4.24s
Creating DataLoaders for wiki-rfa dataset...
Success! ✅
GPU available: True (cuda), used: True
TPU available: False, using: 0 TPU cores
HPU available: False, using: 0 HPUs
/home/eng/shilo_avital/yolo_lab/walk_to_paint/.venv/lib64/python3.9/site-packages/pytorch_lightning/callbacks/model_checkpoint.py:658: Checkpoint directory /home/eng/shilo_avital/yolo_lab/walk_to_paint/outputs/wiki-rfa/wiki-rfa-optuna_20251203-235202/checkpoints exists and is not empty.
LOCAL_RANK: 0 - CUDA_VISIBLE_DEVICES: [1]
Metric val_auc_epoch improved. New best score: 0.612
Metric val_auc_epoch improved by 0.050 >= min_delta = 0.0. New best score: 0.662
Metric val_auc_epoch improved by 0.029 >= min_delta = 0.0. New best score: 0.691
Metric val_auc_epoch improved by 0.025 >= min_delta = 0.0. New best score: 0.716
Metric val_auc_epoch improved by 0.010 >= min_delta = 0.0. New best score: 0.725
Metric val_auc_epoch improved by 0.004 >= min_delta = 0.0. New best score: 0.729
❌ Trial 132 failed: Trial was pruned at epoch 8.
[I 2025-12-05 18:26:29,296] Trial 132 finished with value: 0.0 and parameters: {'dataset.max_walk_length': 88, 'dataset.num_walks': 794482, 'training.lr': 0.0017276186686993455, 'training.weight_decay': 4.7221817523513296e-05, 'training.batch_size': 256, 'training.gradient_clip_val': 0.1849691302147112, 'training.early_stopping_patience': 5, 'model.nhead': 2, 'model.embedding_dim': 32, 'model.hidden_dim': 4, 'model.nlayers': 5, 'model.dropout': 0.22556897360821818, 'training.epochs': 13}. Best is trial 87 with value: 0.777931809425354.
Seed set to 175

🔬 Trial 133 hyperparameters:
  Walk length: 90, Num walks: 780,661
  LR: 1.42e-03, Batch size: 256
  Model: emb_dim=32, hidden_dim=4
  Transformer: 5 layers, 2 heads
  Epochs: 11, Weighted loss: True
Loading wiki-rfa dataset...
Success! ✅
Splitting edges for wiki-rfa dataset...
Ratios: train=0.480, mask=0.320, val=0.100, test=0.100
Success! ✅
Sampling random walks from wiki-rfa dataset...
Success! ✅
Building tokenizer for wiki-rfa dataset...
Success! ✅
Padding and building stage tensors for wiki-rfa dataset...
Success! ✅
Data creation profiling (seconds):
  get_edge_list: 84.79s
  split_edges: 0.10s
  get_walks: 60.96s
  get_tokenizer: 1.76s
  encode_walks: 32.92s
  pad_and_build_stage_tensors: 4.13s
Creating DataLoaders for wiki-rfa dataset...
Success! ✅
GPU available: True (cuda), used: True
TPU available: False, using: 0 TPU cores
HPU available: False, using: 0 HPUs
/home/eng/shilo_avital/yolo_lab/walk_to_paint/.venv/lib64/python3.9/site-packages/pytorch_lightning/callbacks/model_checkpoint.py:658: Checkpoint directory /home/eng/shilo_avital/yolo_lab/walk_to_paint/outputs/wiki-rfa/wiki-rfa-optuna_20251203-235202/checkpoints exists and is not empty.
LOCAL_RANK: 0 - CUDA_VISIBLE_DEVICES: [1]
Metric val_auc_epoch improved. New best score: 0.634
Metric val_auc_epoch improved by 0.061 >= min_delta = 0.0. New best score: 0.695
Metric val_auc_epoch improved by 0.032 >= min_delta = 0.0. New best score: 0.727
Metric val_auc_epoch improved by 0.006 >= min_delta = 0.0. New best score: 0.733
Monitored metric val_auc_epoch did not improve in the last 6 records. Best score: 0.733. Signaling Trainer to stop.
Restoring states from the checkpoint path at /home/eng/shilo_avital/yolo_lab/walk_to_paint/outputs/wiki-rfa/wiki-rfa-optuna_20251203-235202/checkpoints/trial_133-epoch=03-val_auc_epoch=0.7331.ckpt
LOCAL_RANK: 0 - CUDA_VISIBLE_DEVICES: [1]
Loaded model weights from the checkpoint at /home/eng/shilo_avital/yolo_lab/walk_to_paint/outputs/wiki-rfa/wiki-rfa-optuna_20251203-235202/checkpoints/trial_133-epoch=03-val_auc_epoch=0.7331.ckpt
❌ Trial 133 failed: Trial was pruned at epoch 10.
[I 2025-12-05 18:40:15,769] Trial 133 finished with value: 0.0 and parameters: {'dataset.max_walk_length': 90, 'dataset.num_walks': 780661, 'training.lr': 0.0014176982863689494, 'training.weight_decay': 1.7603115338243033e-05, 'training.batch_size': 256, 'training.gradient_clip_val': 0.2797269158601938, 'training.early_stopping_patience': 6, 'model.nhead': 2, 'model.embedding_dim': 32, 'model.hidden_dim': 4, 'model.nlayers': 5, 'model.dropout': 0.1444433139025227, 'training.epochs': 11}. Best is trial 87 with value: 0.777931809425354.
Seed set to 176

🔬 Trial 134 hyperparameters:
  Walk length: 85, Num walks: 627,117
  LR: 2.68e-03, Batch size: 256
  Model: emb_dim=32, hidden_dim=4
  Transformer: 5 layers, 2 heads
  Epochs: 12, Weighted loss: True
Loading wiki-rfa dataset...
Success! ✅
Splitting edges for wiki-rfa dataset...
Ratios: train=0.480, mask=0.320, val=0.100, test=0.100
Success! ✅
Sampling random walks from wiki-rfa dataset...
Success! ✅
Building tokenizer for wiki-rfa dataset...
Success! ✅
Padding and building stage tensors for wiki-rfa dataset...
Success! ✅
Data creation profiling (seconds):
  get_edge_list: 4.59s
  split_edges: 0.10s
  get_walks: 48.31s
  get_tokenizer: 1.54s
  encode_walks: 25.88s
  pad_and_build_stage_tensors: 3.31s
Creating DataLoaders for wiki-rfa dataset...
Success! ✅
GPU available: True (cuda), used: True
TPU available: False, using: 0 TPU cores
HPU available: False, using: 0 HPUs
/home/eng/shilo_avital/yolo_lab/walk_to_paint/.venv/lib64/python3.9/site-packages/pytorch_lightning/callbacks/model_checkpoint.py:658: Checkpoint directory /home/eng/shilo_avital/yolo_lab/walk_to_paint/outputs/wiki-rfa/wiki-rfa-optuna_20251203-235202/checkpoints exists and is not empty.
LOCAL_RANK: 0 - CUDA_VISIBLE_DEVICES: [1]
Metric val_auc_epoch improved. New best score: 0.616
Metric val_auc_epoch improved by 0.061 >= min_delta = 0.0. New best score: 0.677
Metric val_auc_epoch improved by 0.024 >= min_delta = 0.0. New best score: 0.701
Metric val_auc_epoch improved by 0.019 >= min_delta = 0.0. New best score: 0.721
Metric val_auc_epoch improved by 0.002 >= min_delta = 0.0. New best score: 0.723
❌ Trial 134 failed: Trial was pruned at epoch 7.
[I 2025-12-05 18:48:07,672] Trial 134 finished with value: 0.0 and parameters: {'dataset.max_walk_length': 85, 'dataset.num_walks': 627117, 'training.lr': 0.002678576354210994, 'training.weight_decay': 7.608100684651707e-05, 'training.batch_size': 256, 'training.gradient_clip_val': 0.4442258902826869, 'training.early_stopping_patience': 5, 'model.nhead': 2, 'model.embedding_dim': 32, 'model.hidden_dim': 4, 'model.nlayers': 5, 'model.dropout': 0.17908851422610417, 'training.epochs': 12}. Best is trial 87 with value: 0.777931809425354.
Seed set to 177

🔬 Trial 135 hyperparameters:
  Walk length: 80, Num walks: 1,047,450
  LR: 2.15e-03, Batch size: 128
  Model: emb_dim=64, hidden_dim=8
  Transformer: 5 layers, 2 heads
  Epochs: 10, Weighted loss: True
Loading wiki-rfa dataset...
Success! ✅
Splitting edges for wiki-rfa dataset...
Ratios: train=0.480, mask=0.320, val=0.100, test=0.100
Success! ✅
Sampling random walks from wiki-rfa dataset...
Success! ✅
Building tokenizer for wiki-rfa dataset...
Success! ✅
Padding and building stage tensors for wiki-rfa dataset...
Success! ✅
Data creation profiling (seconds):
  get_edge_list: 84.97s
  split_edges: 0.10s
  get_walks: 82.47s
  get_tokenizer: 2.52s
  encode_walks: 44.12s
  pad_and_build_stage_tensors: 5.41s
Creating DataLoaders for wiki-rfa dataset...
Success! ✅
GPU available: True (cuda), used: True
TPU available: False, using: 0 TPU cores
HPU available: False, using: 0 HPUs
/home/eng/shilo_avital/yolo_lab/walk_to_paint/.venv/lib64/python3.9/site-packages/pytorch_lightning/callbacks/model_checkpoint.py:658: Checkpoint directory /home/eng/shilo_avital/yolo_lab/walk_to_paint/outputs/wiki-rfa/wiki-rfa-optuna_20251203-235202/checkpoints exists and is not empty.
LOCAL_RANK: 0 - CUDA_VISIBLE_DEVICES: [1]
Metric val_auc_epoch improved. New best score: 0.543
Metric val_auc_epoch improved by 0.004 >= min_delta = 0.0. New best score: 0.548
Metric val_auc_epoch improved by 0.002 >= min_delta = 0.0. New best score: 0.549
Metric val_auc_epoch improved by 0.000 >= min_delta = 0.0. New best score: 0.550
Metric val_auc_epoch improved by 0.003 >= min_delta = 0.0. New best score: 0.552
❌ Trial 135 failed: Trial was pruned at epoch 5.
[I 2025-12-05 19:05:07,963] Trial 135 finished with value: 0.0 and parameters: {'dataset.max_walk_length': 80, 'dataset.num_walks': 1047450, 'training.lr': 0.0021547662820454844, 'training.weight_decay': 2.7390678942791433e-05, 'training.batch_size': 128, 'training.gradient_clip_val': 0.25422159490337476, 'training.early_stopping_patience': 6, 'model.nhead': 2, 'model.embedding_dim': 64, 'model.hidden_dim': 8, 'model.nlayers': 5, 'model.dropout': 0.19745538839308938, 'training.epochs': 10}. Best is trial 87 with value: 0.777931809425354.
🧹 Cleaning up old checkpoints and logs (keeping top 10)...
  Removed old checkpoint: trial_125-epoch=04-val_auc_epoch=0.6545.ckpt
  Removed old checkpoint: trial_124-epoch=09-val_auc_epoch=0.7402.ckpt
  Removed old checkpoint: trial_123-epoch=07-val_auc_epoch=0.7449.ckpt
  Removed old checkpoint: trial_122-epoch=03-val_auc_epoch=0.7589.ckpt
  Removed old checkpoint: trial_121-epoch=02-val_auc_epoch=0.7080.ckpt
  Removed old log dir: trial_125
  Removed old log dir: trial_124
  Removed old log dir: trial_123
  Removed old log dir: trial_122
  Removed old log dir: trial_121
Seed set to 178

🔬 Trial 136 hyperparameters:
  Walk length: 81, Num walks: 509,566
  LR: 3.11e-03, Batch size: 256
  Model: emb_dim=32, hidden_dim=4
  Transformer: 5 layers, 8 heads
  Epochs: 12, Weighted loss: True
Loading wiki-rfa dataset...
Success! ✅
Splitting edges for wiki-rfa dataset...
Ratios: train=0.480, mask=0.320, val=0.100, test=0.100
Success! ✅
Sampling random walks from wiki-rfa dataset...
Success! ✅
Building tokenizer for wiki-rfa dataset...
Success! ✅
Padding and building stage tensors for wiki-rfa dataset...
Success! ✅
Data creation profiling (seconds):
  get_edge_list: 84.78s
  split_edges: 0.09s
  get_walks: 39.24s
  get_tokenizer: 1.21s
  encode_walks: 21.73s
  pad_and_build_stage_tensors: 2.70s
Creating DataLoaders for wiki-rfa dataset...
Success! ✅
GPU available: True (cuda), used: True
TPU available: False, using: 0 TPU cores
HPU available: False, using: 0 HPUs
/home/eng/shilo_avital/yolo_lab/walk_to_paint/.venv/lib64/python3.9/site-packages/pytorch_lightning/callbacks/model_checkpoint.py:658: Checkpoint directory /home/eng/shilo_avital/yolo_lab/walk_to_paint/outputs/wiki-rfa/wiki-rfa-optuna_20251203-235202/checkpoints exists and is not empty.
LOCAL_RANK: 0 - CUDA_VISIBLE_DEVICES: [1]
Metric val_auc_epoch improved. New best score: 0.578
Metric val_auc_epoch improved by 0.056 >= min_delta = 0.0. New best score: 0.635
Metric val_auc_epoch improved by 0.019 >= min_delta = 0.0. New best score: 0.653
Metric val_auc_epoch improved by 0.012 >= min_delta = 0.0. New best score: 0.665
Metric val_auc_epoch improved by 0.005 >= min_delta = 0.0. New best score: 0.671
❌ Trial 136 failed: Trial was pruned at epoch 5.
[I 2025-12-05 19:14:32,323] Trial 136 finished with value: 0.0 and parameters: {'dataset.max_walk_length': 81, 'dataset.num_walks': 509566, 'training.lr': 0.0031068212828076237, 'training.weight_decay': 0.00011576313621251102, 'training.batch_size': 256, 'training.gradient_clip_val': 0.3608974474361578, 'training.early_stopping_patience': 5, 'model.nhead': 8, 'model.embedding_dim': 32, 'model.hidden_dim': 4, 'model.nlayers': 5, 'model.dropout': 0.2433433991221682, 'training.epochs': 12}. Best is trial 87 with value: 0.777931809425354.
Seed set to 179

🔬 Trial 137 hyperparameters:
  Walk length: 78, Num walks: 308,307
  LR: 1.12e-03, Batch size: 512
  Model: emb_dim=128, hidden_dim=4
  Transformer: 4 layers, 4 heads
  Epochs: 22, Weighted loss: True
Loading wiki-rfa dataset...
Success! ✅
Splitting edges for wiki-rfa dataset...
Ratios: train=0.480, mask=0.320, val=0.100, test=0.100
Success! ✅
Sampling random walks from wiki-rfa dataset...
Success! ✅
Building tokenizer for wiki-rfa dataset...
Success! ✅
Padding and building stage tensors for wiki-rfa dataset...
Success! ✅
Data creation profiling (seconds):
  get_edge_list: 84.57s
  split_edges: 0.09s
  get_walks: 23.68s
  get_tokenizer: 0.75s
  encode_walks: 12.39s
  pad_and_build_stage_tensors: 1.64s
Creating DataLoaders for wiki-rfa dataset...
Success! ✅
GPU available: True (cuda), used: True
TPU available: False, using: 0 TPU cores
HPU available: False, using: 0 HPUs
/home/eng/shilo_avital/yolo_lab/walk_to_paint/.venv/lib64/python3.9/site-packages/pytorch_lightning/callbacks/model_checkpoint.py:658: Checkpoint directory /home/eng/shilo_avital/yolo_lab/walk_to_paint/outputs/wiki-rfa/wiki-rfa-optuna_20251203-235202/checkpoints exists and is not empty.
LOCAL_RANK: 0 - CUDA_VISIBLE_DEVICES: [1]
Metric val_auc_epoch improved. New best score: 0.575
Metric val_auc_epoch improved by 0.074 >= min_delta = 0.0. New best score: 0.649
Metric val_auc_epoch improved by 0.038 >= min_delta = 0.0. New best score: 0.687
Metric val_auc_epoch improved by 0.022 >= min_delta = 0.0. New best score: 0.708
Metric val_auc_epoch improved by 0.010 >= min_delta = 0.0. New best score: 0.718
Metric val_auc_epoch improved by 0.008 >= min_delta = 0.0. New best score: 0.726
Metric val_auc_epoch improved by 0.007 >= min_delta = 0.0. New best score: 0.733
Metric val_auc_epoch improved by 0.012 >= min_delta = 0.0. New best score: 0.745
Metric val_auc_epoch improved by 0.001 >= min_delta = 0.0. New best score: 0.745
Metric val_auc_epoch improved by 0.002 >= min_delta = 0.0. New best score: 0.748
Metric val_auc_epoch improved by 0.002 >= min_delta = 0.0. New best score: 0.750
`Trainer.fit` stopped: `max_epochs=22` reached.
Restoring states from the checkpoint path at /home/eng/shilo_avital/yolo_lab/walk_to_paint/outputs/wiki-rfa/wiki-rfa-optuna_20251203-235202/checkpoints/trial_137-epoch=19-val_auc_epoch=0.7498.ckpt
LOCAL_RANK: 0 - CUDA_VISIBLE_DEVICES: [1]
Loaded model weights from the checkpoint at /home/eng/shilo_avital/yolo_lab/walk_to_paint/outputs/wiki-rfa/wiki-rfa-optuna_20251203-235202/checkpoints/trial_137-epoch=19-val_auc_epoch=0.7498.ckpt
────────────────────────────────────────────────────────────────────────────────────────────────────────────────────────
     Validate metric           DataLoader 0
────────────────────────────────────────────────────────────────────────────────────────────────────────────────────────
          step                     22.0
      val_acc_epoch         0.5089630484580994
      val_auc_epoch         0.7497808337211609
      val_f1_epoch          0.4993841052055359
        val_loss             2.997443914413452
────────────────────────────────────────────────────────────────────────────────────────────────────────────────────────
✅ Trial 137 completed - Val AUC: 0.7498
[I 2025-12-05 19:30:23,196] Trial 137 finished with value: 0.7497808337211609 and parameters: {'dataset.max_walk_length': 78, 'dataset.num_walks': 308307, 'training.lr': 0.0011207506767249278, 'training.weight_decay': 0.00024733587790797234, 'training.batch_size': 512, 'training.gradient_clip_val': 0.21005682222420796, 'training.early_stopping_patience': 7, 'model.nhead': 4, 'model.embedding_dim': 128, 'model.hidden_dim': 4, 'model.nlayers': 4, 'model.dropout': 0.22770465253368818, 'training.epochs': 22}. Best is trial 87 with value: 0.777931809425354.
Seed set to 180

🔬 Trial 138 hyperparameters:
  Walk length: 78, Num walks: 314,432
  LR: 1.15e-03, Batch size: 512
  Model: emb_dim=128, hidden_dim=4
  Transformer: 4 layers, 4 heads
  Epochs: 22, Weighted loss: True
Loading wiki-rfa dataset...
Success! ✅
Splitting edges for wiki-rfa dataset...
Ratios: train=0.480, mask=0.320, val=0.100, test=0.100
Success! ✅
Sampling random walks from wiki-rfa dataset...
Success! ✅
Building tokenizer for wiki-rfa dataset...
Success! ✅
Padding and building stage tensors for wiki-rfa dataset...
Success! ✅
Data creation profiling (seconds):
  get_edge_list: 4.52s
  split_edges: 0.10s
  get_walks: 24.09s
  get_tokenizer: 0.82s
  encode_walks: 13.11s
  pad_and_build_stage_tensors: 1.68s
Creating DataLoaders for wiki-rfa dataset...
Success! ✅
GPU available: True (cuda), used: True
TPU available: False, using: 0 TPU cores
HPU available: False, using: 0 HPUs
/home/eng/shilo_avital/yolo_lab/walk_to_paint/.venv/lib64/python3.9/site-packages/pytorch_lightning/callbacks/model_checkpoint.py:658: Checkpoint directory /home/eng/shilo_avital/yolo_lab/walk_to_paint/outputs/wiki-rfa/wiki-rfa-optuna_20251203-235202/checkpoints exists and is not empty.
LOCAL_RANK: 0 - CUDA_VISIBLE_DEVICES: [1]
Metric val_auc_epoch improved. New best score: 0.560
Metric val_auc_epoch improved by 0.073 >= min_delta = 0.0. New best score: 0.633
Metric val_auc_epoch improved by 0.026 >= min_delta = 0.0. New best score: 0.659
Metric val_auc_epoch improved by 0.018 >= min_delta = 0.0. New best score: 0.678
Metric val_auc_epoch improved by 0.008 >= min_delta = 0.0. New best score: 0.685
Metric val_auc_epoch improved by 0.013 >= min_delta = 0.0. New best score: 0.699
❌ Trial 138 failed: Trial was pruned at epoch 6.
[I 2025-12-05 19:35:35,109] Trial 138 finished with value: 0.0 and parameters: {'dataset.max_walk_length': 78, 'dataset.num_walks': 314432, 'training.lr': 0.001148762094066259, 'training.weight_decay': 0.00031595840568168727, 'training.batch_size': 512, 'training.gradient_clip_val': 0.4019980958297915, 'training.early_stopping_patience': 7, 'model.nhead': 4, 'model.embedding_dim': 128, 'model.hidden_dim': 4, 'model.nlayers': 4, 'model.dropout': 0.2566602457793255, 'training.epochs': 22}. Best is trial 87 with value: 0.777931809425354.
Seed set to 181

🔬 Trial 139 hyperparameters:
  Walk length: 49, Num walks: 272,040
  LR: 8.87e-04, Batch size: 512
  Model: emb_dim=128, hidden_dim=32
  Transformer: 4 layers, 4 heads
  Epochs: 24, Weighted loss: True
Loading wiki-rfa dataset...
Success! ✅
Splitting edges for wiki-rfa dataset...
Ratios: train=0.480, mask=0.320, val=0.100, test=0.100
Success! ✅
Sampling random walks from wiki-rfa dataset...
Success! ✅
Building tokenizer for wiki-rfa dataset...
Success! ✅
Padding and building stage tensors for wiki-rfa dataset...
Success! ✅
Data creation profiling (seconds):
  get_edge_list: 84.83s
  split_edges: 0.10s
  get_walks: 20.48s
  get_tokenizer: 0.68s
  encode_walks: 11.03s
  pad_and_build_stage_tensors: 1.38s
Creating DataLoaders for wiki-rfa dataset...
Success! ✅
GPU available: True (cuda), used: True
TPU available: False, using: 0 TPU cores
HPU available: False, using: 0 HPUs
/home/eng/shilo_avital/yolo_lab/walk_to_paint/.venv/lib64/python3.9/site-packages/pytorch_lightning/callbacks/model_checkpoint.py:658: Checkpoint directory /home/eng/shilo_avital/yolo_lab/walk_to_paint/outputs/wiki-rfa/wiki-rfa-optuna_20251203-235202/checkpoints exists and is not empty.
LOCAL_RANK: 0 - CUDA_VISIBLE_DEVICES: [1]
Metric val_auc_epoch improved. New best score: 0.600
Metric val_auc_epoch improved by 0.044 >= min_delta = 0.0. New best score: 0.644
Metric val_auc_epoch improved by 0.016 >= min_delta = 0.0. New best score: 0.660
Metric val_auc_epoch improved by 0.009 >= min_delta = 0.0. New best score: 0.669
Metric val_auc_epoch improved by 0.001 >= min_delta = 0.0. New best score: 0.670
❌ Trial 139 failed: Trial was pruned at epoch 5.
[I 2025-12-05 19:39:27,719] Trial 139 finished with value: 0.0 and parameters: {'dataset.max_walk_length': 49, 'dataset.num_walks': 272040, 'training.lr': 0.0008866559799657509, 'training.weight_decay': 2.426346861525811e-06, 'training.batch_size': 512, 'training.gradient_clip_val': 0.9100717134486889, 'training.early_stopping_patience': 8, 'model.nhead': 4, 'model.embedding_dim': 128, 'model.hidden_dim': 32, 'model.nlayers': 4, 'model.dropout': 0.13057115943869912, 'training.epochs': 24}. Best is trial 87 with value: 0.777931809425354.
Seed set to 182

🔬 Trial 140 hyperparameters:
  Walk length: 76, Num walks: 355,967
  LR: 1.46e-03, Batch size: 512
  Model: emb_dim=128, hidden_dim=64
  Transformer: 4 layers, 4 heads
  Epochs: 23, Weighted loss: True
Loading wiki-rfa dataset...
Success! ✅
Splitting edges for wiki-rfa dataset...
Ratios: train=0.480, mask=0.320, val=0.100, test=0.100
Success! ✅
Sampling random walks from wiki-rfa dataset...
Success! ✅
Building tokenizer for wiki-rfa dataset...
Success! ✅
Padding and building stage tensors for wiki-rfa dataset...
Success! ✅
Data creation profiling (seconds):
  get_edge_list: 84.88s
  split_edges: 0.10s
  get_walks: 27.38s
  get_tokenizer: 0.85s
  encode_walks: 14.30s
  pad_and_build_stage_tensors: 1.85s
Creating DataLoaders for wiki-rfa dataset...
Success! ✅
GPU available: True (cuda), used: True
TPU available: False, using: 0 TPU cores
HPU available: False, using: 0 HPUs
/home/eng/shilo_avital/yolo_lab/walk_to_paint/.venv/lib64/python3.9/site-packages/pytorch_lightning/callbacks/model_checkpoint.py:658: Checkpoint directory /home/eng/shilo_avital/yolo_lab/walk_to_paint/outputs/wiki-rfa/wiki-rfa-optuna_20251203-235202/checkpoints exists and is not empty.
LOCAL_RANK: 0 - CUDA_VISIBLE_DEVICES: [1]
Metric val_auc_epoch improved. New best score: 0.608
Metric val_auc_epoch improved by 0.050 >= min_delta = 0.0. New best score: 0.658
Metric val_auc_epoch improved by 0.020 >= min_delta = 0.0. New best score: 0.678
Metric val_auc_epoch improved by 0.024 >= min_delta = 0.0. New best score: 0.702
Metric val_auc_epoch improved by 0.010 >= min_delta = 0.0. New best score: 0.713
Metric val_auc_epoch improved by 0.007 >= min_delta = 0.0. New best score: 0.720
Metric val_auc_epoch improved by 0.003 >= min_delta = 0.0. New best score: 0.723
❌ Trial 140 failed: Trial was pruned at epoch 7.
[I 2025-12-05 19:47:18,530] Trial 140 finished with value: 0.0 and parameters: {'dataset.max_walk_length': 76, 'dataset.num_walks': 355967, 'training.lr': 0.0014575383124985836, 'training.weight_decay': 1.1094334448051931e-05, 'training.batch_size': 512, 'training.gradient_clip_val': 0.21728967466295881, 'training.early_stopping_patience': 7, 'model.nhead': 4, 'model.embedding_dim': 128, 'model.hidden_dim': 64, 'model.nlayers': 4, 'model.dropout': 0.16807813706334068, 'training.epochs': 23}. Best is trial 87 with value: 0.777931809425354.
🧹 Cleaning up old checkpoints and logs (keeping top 10)...
  Removed old checkpoint: trial_130-epoch=04-val_auc_epoch=0.7451.ckpt
  Removed old checkpoint: trial_129-epoch=02-val_auc_epoch=0.5627.ckpt
  Removed old checkpoint: trial_128-epoch=04-val_auc_epoch=0.6305.ckpt
  Removed old checkpoint: trial_127-epoch=01-val_auc_epoch=0.5026.ckpt
  Removed old checkpoint: trial_126-epoch=04-val_auc_epoch=0.5276.ckpt
  Removed old log dir: trial_130
  Removed old log dir: trial_129
  Removed old log dir: trial_128
  Removed old log dir: trial_127
  Removed old log dir: trial_126
Seed set to 183

🔬 Trial 141 hyperparameters:
  Walk length: 83, Num walks: 706,325
  LR: 7.46e-04, Batch size: 512
  Model: emb_dim=128, hidden_dim=4
  Transformer: 4 layers, 4 heads
  Epochs: 11, Weighted loss: True
Loading wiki-rfa dataset...
Success! ✅
Splitting edges for wiki-rfa dataset...
Ratios: train=0.480, mask=0.320, val=0.100, test=0.100
Success! ✅
Sampling random walks from wiki-rfa dataset...
Success! ✅
Building tokenizer for wiki-rfa dataset...
Success! ✅
Padding and building stage tensors for wiki-rfa dataset...
Success! ✅
Data creation profiling (seconds):
  get_edge_list: 84.63s
  split_edges: 0.10s
  get_walks: 54.52s
  get_tokenizer: 1.70s
  encode_walks: 29.88s
  pad_and_build_stage_tensors: 3.70s
Creating DataLoaders for wiki-rfa dataset...
Success! ✅
GPU available: True (cuda), used: True
TPU available: False, using: 0 TPU cores
HPU available: False, using: 0 HPUs
/home/eng/shilo_avital/yolo_lab/walk_to_paint/.venv/lib64/python3.9/site-packages/pytorch_lightning/callbacks/model_checkpoint.py:658: Checkpoint directory /home/eng/shilo_avital/yolo_lab/walk_to_paint/outputs/wiki-rfa/wiki-rfa-optuna_20251203-235202/checkpoints exists and is not empty.
LOCAL_RANK: 0 - CUDA_VISIBLE_DEVICES: [1]
Metric val_auc_epoch improved. New best score: 0.616
Metric val_auc_epoch improved by 0.052 >= min_delta = 0.0. New best score: 0.668
Metric val_auc_epoch improved by 0.022 >= min_delta = 0.0. New best score: 0.689
Metric val_auc_epoch improved by 0.006 >= min_delta = 0.0. New best score: 0.695
Metric val_auc_epoch improved by 0.008 >= min_delta = 0.0. New best score: 0.703
❌ Trial 141 failed: Trial was pruned at epoch 6.
[I 2025-12-05 20:00:42,995] Trial 141 finished with value: 0.0 and parameters: {'dataset.max_walk_length': 83, 'dataset.num_walks': 706325, 'training.lr': 0.000746380140851711, 'training.weight_decay': 5.9894775659241514e-05, 'training.batch_size': 512, 'training.gradient_clip_val': 0.10303145523080989, 'training.early_stopping_patience': 6, 'model.nhead': 4, 'model.embedding_dim': 128, 'model.hidden_dim': 4, 'model.nlayers': 4, 'model.dropout': 0.22495232390460346, 'training.epochs': 11}. Best is trial 87 with value: 0.777931809425354.
Seed set to 184

🔬 Trial 142 hyperparameters:
  Walk length: 85, Num walks: 573,825
  LR: 1.83e-03, Batch size: 256
  Model: emb_dim=128, hidden_dim=4
  Transformer: 5 layers, 2 heads
  Epochs: 16, Weighted loss: True
Loading wiki-rfa dataset...
Success! ✅
Splitting edges for wiki-rfa dataset...
Ratios: train=0.480, mask=0.320, val=0.100, test=0.100
Success! ✅
Sampling random walks from wiki-rfa dataset...
Success! ✅
Building tokenizer for wiki-rfa dataset...
Success! ✅
Padding and building stage tensors for wiki-rfa dataset...
Success! ✅
Data creation profiling (seconds):
  get_edge_list: 84.62s
  split_edges: 0.10s
  get_walks: 44.15s
  get_tokenizer: 1.28s
  encode_walks: 23.75s
  pad_and_build_stage_tensors: 3.03s
Creating DataLoaders for wiki-rfa dataset...
Success! ✅
GPU available: True (cuda), used: True
TPU available: False, using: 0 TPU cores
HPU available: False, using: 0 HPUs
/home/eng/shilo_avital/yolo_lab/walk_to_paint/.venv/lib64/python3.9/site-packages/pytorch_lightning/callbacks/model_checkpoint.py:658: Checkpoint directory /home/eng/shilo_avital/yolo_lab/walk_to_paint/outputs/wiki-rfa/wiki-rfa-optuna_20251203-235202/checkpoints exists and is not empty.
LOCAL_RANK: 0 - CUDA_VISIBLE_DEVICES: [1]
Metric val_auc_epoch improved. New best score: 0.496
Metric val_auc_epoch improved by 0.005 >= min_delta = 0.0. New best score: 0.501
Metric val_auc_epoch improved by 0.003 >= min_delta = 0.0. New best score: 0.503
❌ Trial 142 failed: Trial was pruned at epoch 5.
[I 2025-12-05 20:10:42,257] Trial 142 finished with value: 0.0 and parameters: {'dataset.max_walk_length': 85, 'dataset.num_walks': 573825, 'training.lr': 0.0018320021537046537, 'training.weight_decay': 3.6093073174811664e-05, 'training.batch_size': 256, 'training.gradient_clip_val': 0.16012589547790498, 'training.early_stopping_patience': 8, 'model.nhead': 2, 'model.embedding_dim': 128, 'model.hidden_dim': 4, 'model.nlayers': 5, 'model.dropout': 0.21166210716223208, 'training.epochs': 16}. Best is trial 87 with value: 0.777931809425354.
Seed set to 185

🔬 Trial 143 hyperparameters:
  Walk length: 88, Num walks: 398,966
  LR: 3.72e-03, Batch size: 512
  Model: emb_dim=32, hidden_dim=4
  Transformer: 5 layers, 4 heads
  Epochs: 21, Weighted loss: True
Loading wiki-rfa dataset...
Success! ✅
Splitting edges for wiki-rfa dataset...
Ratios: train=0.480, mask=0.320, val=0.100, test=0.100
Success! ✅
Sampling random walks from wiki-rfa dataset...
Success! ✅
Building tokenizer for wiki-rfa dataset...
Success! ✅
Padding and building stage tensors for wiki-rfa dataset...
Success! ✅
Data creation profiling (seconds):
  get_edge_list: 84.76s
  split_edges: 0.10s
  get_walks: 31.18s
  get_tokenizer: 1.05s
  encode_walks: 16.49s
  pad_and_build_stage_tensors: 2.13s
Creating DataLoaders for wiki-rfa dataset...
Success! ✅
GPU available: True (cuda), used: True
TPU available: False, using: 0 TPU cores
HPU available: False, using: 0 HPUs
/home/eng/shilo_avital/yolo_lab/walk_to_paint/.venv/lib64/python3.9/site-packages/pytorch_lightning/callbacks/model_checkpoint.py:658: Checkpoint directory /home/eng/shilo_avital/yolo_lab/walk_to_paint/outputs/wiki-rfa/wiki-rfa-optuna_20251203-235202/checkpoints exists and is not empty.
LOCAL_RANK: 0 - CUDA_VISIBLE_DEVICES: [1]
Metric val_auc_epoch improved. New best score: 0.534
Metric val_auc_epoch improved by 0.063 >= min_delta = 0.0. New best score: 0.598
Metric val_auc_epoch improved by 0.034 >= min_delta = 0.0. New best score: 0.631
Metric val_auc_epoch improved by 0.019 >= min_delta = 0.0. New best score: 0.650
Metric val_auc_epoch improved by 0.006 >= min_delta = 0.0. New best score: 0.657
❌ Trial 143 failed: Trial was pruned at epoch 5.
[I 2025-12-05 20:16:29,377] Trial 143 finished with value: 0.0 and parameters: {'dataset.max_walk_length': 88, 'dataset.num_walks': 398966, 'training.lr': 0.003723330406002046, 'training.weight_decay': 9.01236506026744e-05, 'training.batch_size': 512, 'training.gradient_clip_val': 0.3049996224600396, 'training.early_stopping_patience': 7, 'model.nhead': 4, 'model.embedding_dim': 32, 'model.hidden_dim': 4, 'model.nlayers': 5, 'model.dropout': 0.23615636797790018, 'training.epochs': 21}. Best is trial 87 with value: 0.777931809425354.
Seed set to 186

🔬 Trial 144 hyperparameters:
  Walk length: 55, Num walks: 868,343
  LR: 4.95e-03, Batch size: 256
  Model: emb_dim=64, hidden_dim=4
  Transformer: 4 layers, 2 heads
  Epochs: 10, Weighted loss: True
Loading wiki-rfa dataset...
Success! ✅
Splitting edges for wiki-rfa dataset...
Ratios: train=0.480, mask=0.320, val=0.100, test=0.100
Success! ✅
Sampling random walks from wiki-rfa dataset...
Success! ✅
Building tokenizer for wiki-rfa dataset...
Success! ✅
Padding and building stage tensors for wiki-rfa dataset...
Success! ✅
Data creation profiling (seconds):
  get_edge_list: 84.89s
  split_edges: 0.10s
  get_walks: 66.89s
  get_tokenizer: 1.86s
  encode_walks: 34.98s
  pad_and_build_stage_tensors: 4.38s
Creating DataLoaders for wiki-rfa dataset...
Success! ✅
GPU available: True (cuda), used: True
TPU available: False, using: 0 TPU cores
HPU available: False, using: 0 HPUs
/home/eng/shilo_avital/yolo_lab/walk_to_paint/.venv/lib64/python3.9/site-packages/pytorch_lightning/callbacks/model_checkpoint.py:658: Checkpoint directory /home/eng/shilo_avital/yolo_lab/walk_to_paint/outputs/wiki-rfa/wiki-rfa-optuna_20251203-235202/checkpoints exists and is not empty.
LOCAL_RANK: 0 - CUDA_VISIBLE_DEVICES: [1]
Metric val_auc_epoch improved. New best score: 0.495
Metric val_auc_epoch improved by 0.013 >= min_delta = 0.0. New best score: 0.508
❌ Trial 144 failed: Trial was pruned at epoch 5.
[I 2025-12-05 20:25:08,723] Trial 144 finished with value: 0.0 and parameters: {'dataset.max_walk_length': 55, 'dataset.num_walks': 868343, 'training.lr': 0.00494570776349765, 'training.weight_decay': 0.00022730845933582045, 'training.batch_size': 256, 'training.gradient_clip_val': 0.2553482402180497, 'training.early_stopping_patience': 6, 'model.nhead': 2, 'model.embedding_dim': 64, 'model.hidden_dim': 4, 'model.nlayers': 4, 'model.dropout': 0.2743995513663751, 'training.epochs': 10}. Best is trial 87 with value: 0.777931809425354.
Seed set to 187

🔬 Trial 145 hyperparameters:
  Walk length: 78, Num walks: 648,379
  LR: 4.33e-04, Batch size: 256
  Model: emb_dim=32, hidden_dim=4
  Transformer: 3 layers, 2 heads
  Epochs: 25, Weighted loss: True
Loading wiki-rfa dataset...
Success! ✅
Splitting edges for wiki-rfa dataset...
Ratios: train=0.480, mask=0.320, val=0.100, test=0.100
Success! ✅
Sampling random walks from wiki-rfa dataset...
Success! ✅
Building tokenizer for wiki-rfa dataset...
Success! ✅
Padding and building stage tensors for wiki-rfa dataset...
Success! ✅
Data creation profiling (seconds):
  get_edge_list: 84.86s
  split_edges: 0.10s
  get_walks: 49.99s
  get_tokenizer: 1.52s
  encode_walks: 26.32s
  pad_and_build_stage_tensors: 3.34s
Creating DataLoaders for wiki-rfa dataset...
Success! ✅
GPU available: True (cuda), used: True
TPU available: False, using: 0 TPU cores
HPU available: False, using: 0 HPUs
/home/eng/shilo_avital/yolo_lab/walk_to_paint/.venv/lib64/python3.9/site-packages/pytorch_lightning/callbacks/model_checkpoint.py:658: Checkpoint directory /home/eng/shilo_avital/yolo_lab/walk_to_paint/outputs/wiki-rfa/wiki-rfa-optuna_20251203-235202/checkpoints exists and is not empty.
LOCAL_RANK: 0 - CUDA_VISIBLE_DEVICES: [1]
Metric val_auc_epoch improved. New best score: 0.526
Metric val_auc_epoch improved by 0.023 >= min_delta = 0.0. New best score: 0.549
Metric val_auc_epoch improved by 0.026 >= min_delta = 0.0. New best score: 0.574
Metric val_auc_epoch improved by 0.013 >= min_delta = 0.0. New best score: 0.587
Metric val_auc_epoch improved by 0.011 >= min_delta = 0.0. New best score: 0.598
❌ Trial 145 failed: Trial was pruned at epoch 5.
[I 2025-12-05 20:31:47,941] Trial 145 finished with value: 0.0 and parameters: {'dataset.max_walk_length': 78, 'dataset.num_walks': 648379, 'training.lr': 0.00043277369600156, 'training.weight_decay': 0.00013263071515726203, 'training.batch_size': 256, 'training.gradient_clip_val': 0.19488751972397092, 'training.early_stopping_patience': 5, 'model.nhead': 2, 'model.embedding_dim': 32, 'model.hidden_dim': 4, 'model.nlayers': 3, 'model.dropout': 0.19530889639477533, 'training.epochs': 25}. Best is trial 87 with value: 0.777931809425354.
🧹 Cleaning up old checkpoints and logs (keeping top 10)...
  Removed old checkpoint: trial_135-epoch=04-val_auc_epoch=0.5524.ckpt
  Removed old checkpoint: trial_134-epoch=05-val_auc_epoch=0.7231.ckpt
  Removed old checkpoint: trial_133-epoch=03-val_auc_epoch=0.7331.ckpt
  Removed old checkpoint: trial_132-epoch=05-val_auc_epoch=0.7294.ckpt
  Removed old checkpoint: trial_131-epoch=06-val_auc_epoch=0.7172.ckpt
  Removed old log dir: trial_135
  Removed old log dir: trial_134
  Removed old log dir: trial_133
  Removed old log dir: trial_132
  Removed old log dir: trial_131
Seed set to 188

🔬 Trial 146 hyperparameters:
  Walk length: 82, Num walks: 456,865
  LR: 1.08e-03, Batch size: 64
  Model: emb_dim=128, hidden_dim=4
  Transformer: 4 layers, 8 heads
  Epochs: 11, Weighted loss: True
Loading wiki-rfa dataset...
Success! ✅
Splitting edges for wiki-rfa dataset...
Ratios: train=0.480, mask=0.320, val=0.100, test=0.100
Success! ✅
Sampling random walks from wiki-rfa dataset...
Success! ✅
Building tokenizer for wiki-rfa dataset...
Success! ✅
Padding and building stage tensors for wiki-rfa dataset...
Success! ✅
Data creation profiling (seconds):
  get_edge_list: 84.79s
  split_edges: 0.10s
  get_walks: 35.52s
  get_tokenizer: 1.04s
  encode_walks: 18.91s
  pad_and_build_stage_tensors: 2.39s
Creating DataLoaders for wiki-rfa dataset...
Success! ✅
GPU available: True (cuda), used: True
TPU available: False, using: 0 TPU cores
HPU available: False, using: 0 HPUs
/home/eng/shilo_avital/yolo_lab/walk_to_paint/.venv/lib64/python3.9/site-packages/pytorch_lightning/callbacks/model_checkpoint.py:658: Checkpoint directory /home/eng/shilo_avital/yolo_lab/walk_to_paint/outputs/wiki-rfa/wiki-rfa-optuna_20251203-235202/checkpoints exists and is not empty.
LOCAL_RANK: 0 - CUDA_VISIBLE_DEVICES: [1]
Metric val_auc_epoch improved. New best score: 0.550
❌ Trial 146 failed: Trial was pruned at epoch 5.
[I 2025-12-05 20:44:54,966] Trial 146 finished with value: 0.0 and parameters: {'dataset.max_walk_length': 82, 'dataset.num_walks': 456865, 'training.lr': 0.0010782949352377506, 'training.weight_decay': 6.654793004467215e-06, 'training.batch_size': 64, 'training.gradient_clip_val': 0.5295967437043417, 'training.early_stopping_patience': 6, 'model.nhead': 8, 'model.embedding_dim': 128, 'model.hidden_dim': 4, 'model.nlayers': 4, 'model.dropout': 0.25567593762810853, 'training.epochs': 11}. Best is trial 87 with value: 0.777931809425354.
Seed set to 189

🔬 Trial 147 hyperparameters:
  Walk length: 87, Num walks: 726,254
  LR: 2.45e-03, Batch size: 256
  Model: emb_dim=32, hidden_dim=256
  Transformer: 5 layers, 2 heads
  Epochs: 13, Weighted loss: True
Loading wiki-rfa dataset...
Success! ✅
Splitting edges for wiki-rfa dataset...
Ratios: train=0.480, mask=0.320, val=0.100, test=0.100
Success! ✅
Sampling random walks from wiki-rfa dataset...
Success! ✅
Building tokenizer for wiki-rfa dataset...
Success! ✅
Padding and building stage tensors for wiki-rfa dataset...
Success! ✅
Data creation profiling (seconds):
  get_edge_list: 84.70s
  split_edges: 0.09s
  get_walks: 55.84s
  get_tokenizer: 1.59s
  encode_walks: 29.57s
  pad_and_build_stage_tensors: 3.98s
Creating DataLoaders for wiki-rfa dataset...
Success! ✅
GPU available: True (cuda), used: True
TPU available: False, using: 0 TPU cores
HPU available: False, using: 0 HPUs
/home/eng/shilo_avital/yolo_lab/walk_to_paint/.venv/lib64/python3.9/site-packages/pytorch_lightning/callbacks/model_checkpoint.py:658: Checkpoint directory /home/eng/shilo_avital/yolo_lab/walk_to_paint/outputs/wiki-rfa/wiki-rfa-optuna_20251203-235202/checkpoints exists and is not empty.
LOCAL_RANK: 0 - CUDA_VISIBLE_DEVICES: [1]
Metric val_auc_epoch improved. New best score: 0.532
Metric val_auc_epoch improved by 0.063 >= min_delta = 0.0. New best score: 0.595
Metric val_auc_epoch improved by 0.063 >= min_delta = 0.0. New best score: 0.658
Metric val_auc_epoch improved by 0.006 >= min_delta = 0.0. New best score: 0.665
Metric val_auc_epoch improved by 0.012 >= min_delta = 0.0. New best score: 0.677
Metric val_auc_epoch improved by 0.017 >= min_delta = 0.0. New best score: 0.694
❌ Trial 147 failed: Trial was pruned at epoch 6.
[I 2025-12-05 20:55:28,291] Trial 147 finished with value: 0.0 and parameters: {'dataset.max_walk_length': 87, 'dataset.num_walks': 726254, 'training.lr': 0.0024513953833985875, 'training.weight_decay': 1.8383822032662904e-05, 'training.batch_size': 256, 'training.gradient_clip_val': 0.3405500116981058, 'training.early_stopping_patience': 14, 'model.nhead': 2, 'model.embedding_dim': 32, 'model.hidden_dim': 256, 'model.nlayers': 5, 'model.dropout': 0.22280120436054118, 'training.epochs': 13}. Best is trial 87 with value: 0.777931809425354.
Seed set to 190

🔬 Trial 148 hyperparameters:
  Walk length: 91, Num walks: 492,962
  LR: 6.28e-04, Batch size: 128
  Model: emb_dim=32, hidden_dim=16
  Transformer: 4 layers, 1 heads
  Epochs: 11, Weighted loss: True
Loading wiki-rfa dataset...
Success! ✅
Splitting edges for wiki-rfa dataset...
Ratios: train=0.480, mask=0.320, val=0.100, test=0.100
Success! ✅
Sampling random walks from wiki-rfa dataset...
Success! ✅
Building tokenizer for wiki-rfa dataset...
Success! ✅
Padding and building stage tensors for wiki-rfa dataset...
Success! ✅
Data creation profiling (seconds):
  get_edge_list: 84.90s
  split_edges: 0.09s
  get_walks: 38.25s
  get_tokenizer: 1.16s
  encode_walks: 20.07s
  pad_and_build_stage_tensors: 2.64s
Creating DataLoaders for wiki-rfa dataset...
Success! ✅
/home/eng/shilo_avital/yolo_lab/walk_to_paint/.venv/lib64/python3.9/site-packages/torch/nn/modules/transformer.py:382: UserWarning: enable_nested_tensor is True, but self.use_nested_tensor is False because encoder_layer.self_attn.num_heads is odd
  warnings.warn(
GPU available: True (cuda), used: True
TPU available: False, using: 0 TPU cores
HPU available: False, using: 0 HPUs
/home/eng/shilo_avital/yolo_lab/walk_to_paint/.venv/lib64/python3.9/site-packages/pytorch_lightning/callbacks/model_checkpoint.py:658: Checkpoint directory /home/eng/shilo_avital/yolo_lab/walk_to_paint/outputs/wiki-rfa/wiki-rfa-optuna_20251203-235202/checkpoints exists and is not empty.
LOCAL_RANK: 0 - CUDA_VISIBLE_DEVICES: [1]
Metric val_auc_epoch improved. New best score: 0.570
Metric val_auc_epoch improved by 0.045 >= min_delta = 0.0. New best score: 0.615
Metric val_auc_epoch improved by 0.016 >= min_delta = 0.0. New best score: 0.631
Metric val_auc_epoch improved by 0.013 >= min_delta = 0.0. New best score: 0.644
Metric val_auc_epoch improved by 0.007 >= min_delta = 0.0. New best score: 0.651
❌ Trial 148 failed: Trial was pruned at epoch 5.
[I 2025-12-05 21:03:48,007] Trial 148 finished with value: 0.0 and parameters: {'dataset.max_walk_length': 91, 'dataset.num_walks': 492962, 'training.lr': 0.00062837625681263, 'training.weight_decay': 3.2191247118999735e-06, 'training.batch_size': 128, 'training.gradient_clip_val': 0.4467997545461441, 'training.early_stopping_patience': 7, 'model.nhead': 1, 'model.embedding_dim': 32, 'model.hidden_dim': 16, 'model.nlayers': 4, 'model.dropout': 0.18383060887369862, 'training.epochs': 11}. Best is trial 87 with value: 0.777931809425354.
Seed set to 191

🔬 Trial 149 hyperparameters:
  Walk length: 85, Num walks: 571,944
  LR: 2.13e-03, Batch size: 256
  Model: emb_dim=8, hidden_dim=4
  Transformer: 5 layers, 2 heads
  Epochs: 19, Weighted loss: True
Loading wiki-rfa dataset...
Success! ✅
Splitting edges for wiki-rfa dataset...
Ratios: train=0.480, mask=0.320, val=0.100, test=0.100
Success! ✅
Sampling random walks from wiki-rfa dataset...
Success! ✅
Building tokenizer for wiki-rfa dataset...
Success! ✅
Padding and building stage tensors for wiki-rfa dataset...
Success! ✅
Data creation profiling (seconds):
  get_edge_list: 84.79s
  split_edges: 0.09s
  get_walks: 44.38s
  get_tokenizer: 1.27s
  encode_walks: 23.41s
  pad_and_build_stage_tensors: 3.09s
Creating DataLoaders for wiki-rfa dataset...
Success! ✅
GPU available: True (cuda), used: True
TPU available: False, using: 0 TPU cores
HPU available: False, using: 0 HPUs
/home/eng/shilo_avital/yolo_lab/walk_to_paint/.venv/lib64/python3.9/site-packages/pytorch_lightning/callbacks/model_checkpoint.py:658: Checkpoint directory /home/eng/shilo_avital/yolo_lab/walk_to_paint/outputs/wiki-rfa/wiki-rfa-optuna_20251203-235202/checkpoints exists and is not empty.
LOCAL_RANK: 0 - CUDA_VISIBLE_DEVICES: [1]
Metric val_auc_epoch improved. New best score: 0.558
Metric val_auc_epoch improved by 0.016 >= min_delta = 0.0. New best score: 0.574
Metric val_auc_epoch improved by 0.006 >= min_delta = 0.0. New best score: 0.580
Metric val_auc_epoch improved by 0.014 >= min_delta = 0.0. New best score: 0.593
Metric val_auc_epoch improved by 0.010 >= min_delta = 0.0. New best score: 0.603
❌ Trial 149 failed: Trial was pruned at epoch 5.
[I 2025-12-05 21:10:27,136] Trial 149 finished with value: 0.0 and parameters: {'dataset.max_walk_length': 85, 'dataset.num_walks': 571944, 'training.lr': 0.0021305700807750425, 'training.weight_decay': 4.934690223539586e-05, 'training.batch_size': 256, 'training.gradient_clip_val': 0.12526231695158802, 'training.early_stopping_patience': 5, 'model.nhead': 2, 'model.embedding_dim': 8, 'model.hidden_dim': 4, 'model.nlayers': 5, 'model.dropout': 0.2976364575015963, 'training.epochs': 19}. Best is trial 87 with value: 0.777931809425354.
Seed set to 192

🔬 Trial 150 hyperparameters:
  Walk length: 80, Num walks: 313,140
  LR: 1.30e-03, Batch size: 512
  Model: emb_dim=16, hidden_dim=64
  Transformer: 5 layers, 16 heads
  Epochs: 9, Weighted loss: True
Loading wiki-rfa dataset...
Success! ✅
Splitting edges for wiki-rfa dataset...
Ratios: train=0.480, mask=0.320, val=0.100, test=0.100
Success! ✅
Sampling random walks from wiki-rfa dataset...
Success! ✅
Building tokenizer for wiki-rfa dataset...
Success! ✅
Padding and building stage tensors for wiki-rfa dataset...
Success! ✅
Data creation profiling (seconds):
  get_edge_list: 84.64s
  split_edges: 0.09s
  get_walks: 24.22s
  get_tokenizer: 0.76s
  encode_walks: 13.05s
  pad_and_build_stage_tensors: 1.69s
Creating DataLoaders for wiki-rfa dataset...
Success! ✅
GPU available: True (cuda), used: True
TPU available: False, using: 0 TPU cores
HPU available: False, using: 0 HPUs
/home/eng/shilo_avital/yolo_lab/walk_to_paint/.venv/lib64/python3.9/site-packages/pytorch_lightning/callbacks/model_checkpoint.py:658: Checkpoint directory /home/eng/shilo_avital/yolo_lab/walk_to_paint/outputs/wiki-rfa/wiki-rfa-optuna_20251203-235202/checkpoints exists and is not empty.
LOCAL_RANK: 0 - CUDA_VISIBLE_DEVICES: [1]
Metric val_auc_epoch improved. New best score: 0.549
Metric val_auc_epoch improved by 0.010 >= min_delta = 0.0. New best score: 0.559
Metric val_auc_epoch improved by 0.009 >= min_delta = 0.0. New best score: 0.568
Metric val_auc_epoch improved by 0.001 >= min_delta = 0.0. New best score: 0.569
Metric val_auc_epoch improved by 0.005 >= min_delta = 0.0. New best score: 0.574
❌ Trial 150 failed: Trial was pruned at epoch 5.
[I 2025-12-05 21:25:04,223] Trial 150 finished with value: 0.0 and parameters: {'dataset.max_walk_length': 80, 'dataset.num_walks': 313140, 'training.lr': 0.0012981634508008764, 'training.weight_decay': 8.307031056761972e-06, 'training.batch_size': 512, 'training.gradient_clip_val': 0.4155717588542847, 'training.early_stopping_patience': 7, 'model.nhead': 16, 'model.embedding_dim': 16, 'model.hidden_dim': 64, 'model.nlayers': 5, 'model.dropout': 0.15764199307696175, 'training.epochs': 9}. Best is trial 87 with value: 0.777931809425354.
🧹 Cleaning up old checkpoints and logs (keeping top 10)...
  Removed old checkpoint: trial_140-epoch=06-val_auc_epoch=0.7234.ckpt
  Removed old checkpoint: trial_139-epoch=04-val_auc_epoch=0.6696.ckpt
  Removed old checkpoint: trial_138-epoch=05-val_auc_epoch=0.6988.ckpt
  Removed old checkpoint: trial_137-epoch=19-val_auc_epoch=0.7498.ckpt
  Removed old checkpoint: trial_136-epoch=04-val_auc_epoch=0.6705.ckpt
  Removed old log dir: trial_140
  Removed old log dir: trial_139
  Removed old log dir: trial_138
  Removed old log dir: trial_137
  Removed old log dir: trial_136
Seed set to 193

🔬 Trial 151 hyperparameters:
  Walk length: 19, Num walks: 787,519
  LR: 3.33e-03, Batch size: 256
  Model: emb_dim=32, hidden_dim=4
  Transformer: 5 layers, 2 heads
  Epochs: 12, Weighted loss: True
Loading wiki-rfa dataset...
Success! ✅
Splitting edges for wiki-rfa dataset...
Ratios: train=0.480, mask=0.320, val=0.100, test=0.100
Success! ✅
Sampling random walks from wiki-rfa dataset...
Success! ✅
Building tokenizer for wiki-rfa dataset...
Success! ✅
Padding and building stage tensors for wiki-rfa dataset...
Success! ✅
Data creation profiling (seconds):
  get_edge_list: 84.58s
  split_edges: 0.10s
  get_walks: 60.01s
  get_tokenizer: 1.65s
  encode_walks: 31.26s
  pad_and_build_stage_tensors: 3.82s
Creating DataLoaders for wiki-rfa dataset...
Success! ✅
GPU available: True (cuda), used: True
TPU available: False, using: 0 TPU cores
HPU available: False, using: 0 HPUs
/home/eng/shilo_avital/yolo_lab/walk_to_paint/.venv/lib64/python3.9/site-packages/pytorch_lightning/callbacks/model_checkpoint.py:658: Checkpoint directory /home/eng/shilo_avital/yolo_lab/walk_to_paint/outputs/wiki-rfa/wiki-rfa-optuna_20251203-235202/checkpoints exists and is not empty.
LOCAL_RANK: 0 - CUDA_VISIBLE_DEVICES: [1]
Metric val_auc_epoch improved. New best score: 0.725
Metric val_auc_epoch improved by 0.028 >= min_delta = 0.0. New best score: 0.753
Monitored metric val_auc_epoch did not improve in the last 6 records. Best score: 0.753. Signaling Trainer to stop.
Restoring states from the checkpoint path at /home/eng/shilo_avital/yolo_lab/walk_to_paint/outputs/wiki-rfa/wiki-rfa-optuna_20251203-235202/checkpoints/trial_151-epoch=01-val_auc_epoch=0.7532.ckpt
LOCAL_RANK: 0 - CUDA_VISIBLE_DEVICES: [1]
Loaded model weights from the checkpoint at /home/eng/shilo_avital/yolo_lab/walk_to_paint/outputs/wiki-rfa/wiki-rfa-optuna_20251203-235202/checkpoints/trial_151-epoch=01-val_auc_epoch=0.7532.ckpt
────────────────────────────────────────────────────────────────────────────────────────────────────────────────────────
     Validate metric           DataLoader 0
────────────────────────────────────────────────────────────────────────────────────────────────────────────────────────
          step                      8.0
      val_acc_epoch         0.5393133163452148
      val_auc_epoch         0.7532193660736084
      val_f1_epoch          0.4990242123603821
        val_loss            1.5056406259536743
────────────────────────────────────────────────────────────────────────────────────────────────────────────────────────
✅ Trial 151 completed - Val AUC: 0.7532
[I 2025-12-05 21:35:03,475] Trial 151 finished with value: 0.7532193660736084 and parameters: {'dataset.max_walk_length': 19, 'dataset.num_walks': 787519, 'training.lr': 0.0033289845859113083, 'training.weight_decay': 1.2736933040379706e-05, 'training.batch_size': 256, 'training.gradient_clip_val': 0.36745560839236946, 'training.early_stopping_patience': 6, 'model.nhead': 2, 'model.embedding_dim': 32, 'model.hidden_dim': 4, 'model.nlayers': 5, 'model.dropout': 0.2343213415552703, 'training.epochs': 12}. Best is trial 87 with value: 0.777931809425354.
Seed set to 194

🔬 Trial 152 hyperparameters:
  Walk length: 14, Num walks: 794,438
  LR: 4.06e-03, Batch size: 256
  Model: emb_dim=32, hidden_dim=4
  Transformer: 5 layers, 2 heads
  Epochs: 24, Weighted loss: True
Loading wiki-rfa dataset...
Success! ✅
Splitting edges for wiki-rfa dataset...
Ratios: train=0.480, mask=0.320, val=0.100, test=0.100
Success! ✅
Sampling random walks from wiki-rfa dataset...
Success! ✅
Building tokenizer for wiki-rfa dataset...
Success! ✅
Padding and building stage tensors for wiki-rfa dataset...
Success! ✅
Data creation profiling (seconds):
  get_edge_list: 4.50s
  split_edges: 0.10s
  get_walks: 59.89s
  get_tokenizer: 1.49s
  encode_walks: 29.21s
  pad_and_build_stage_tensors: 3.81s
Creating DataLoaders for wiki-rfa dataset...
Success! ✅
GPU available: True (cuda), used: True
TPU available: False, using: 0 TPU cores
HPU available: False, using: 0 HPUs
/home/eng/shilo_avital/yolo_lab/walk_to_paint/.venv/lib64/python3.9/site-packages/pytorch_lightning/callbacks/model_checkpoint.py:658: Checkpoint directory /home/eng/shilo_avital/yolo_lab/walk_to_paint/outputs/wiki-rfa/wiki-rfa-optuna_20251203-235202/checkpoints exists and is not empty.
LOCAL_RANK: 0 - CUDA_VISIBLE_DEVICES: [1]
Metric val_auc_epoch improved. New best score: 0.638
Metric val_auc_epoch improved by 0.038 >= min_delta = 0.0. New best score: 0.676
Metric val_auc_epoch improved by 0.030 >= min_delta = 0.0. New best score: 0.706
Metric val_auc_epoch improved by 0.016 >= min_delta = 0.0. New best score: 0.721
Metric val_auc_epoch improved by 0.010 >= min_delta = 0.0. New best score: 0.731
❌ Trial 152 failed: Trial was pruned at epoch 9.
[I 2025-12-05 21:44:58,752] Trial 152 finished with value: 0.0 and parameters: {'dataset.max_walk_length': 14, 'dataset.num_walks': 794438, 'training.lr': 0.004061839959772367, 'training.weight_decay': 3.0149157067450106e-05, 'training.batch_size': 256, 'training.gradient_clip_val': 0.38188553105553713, 'training.early_stopping_patience': 6, 'model.nhead': 2, 'model.embedding_dim': 32, 'model.hidden_dim': 4, 'model.nlayers': 5, 'model.dropout': 0.2432096308028, 'training.epochs': 24}. Best is trial 87 with value: 0.777931809425354.
Seed set to 195

🔬 Trial 153 hyperparameters:
  Walk length: 19, Num walks: 693,271
  LR: 3.25e-03, Batch size: 256
  Model: emb_dim=32, hidden_dim=4
  Transformer: 5 layers, 2 heads
  Epochs: 12, Weighted loss: True
Loading wiki-rfa dataset...
Success! ✅
Splitting edges for wiki-rfa dataset...
Ratios: train=0.480, mask=0.320, val=0.100, test=0.100
Success! ✅
Sampling random walks from wiki-rfa dataset...
Success! ✅
Building tokenizer for wiki-rfa dataset...
Success! ✅
Padding and building stage tensors for wiki-rfa dataset...
Success! ✅
Data creation profiling (seconds):
  get_edge_list: 84.93s
  split_edges: 0.09s
  get_walks: 52.33s
  get_tokenizer: 1.37s
  encode_walks: 26.61s
  pad_and_build_stage_tensors: 3.26s
Creating DataLoaders for wiki-rfa dataset...
Success! ✅
GPU available: True (cuda), used: True
TPU available: False, using: 0 TPU cores
HPU available: False, using: 0 HPUs
/home/eng/shilo_avital/yolo_lab/walk_to_paint/.venv/lib64/python3.9/site-packages/pytorch_lightning/callbacks/model_checkpoint.py:658: Checkpoint directory /home/eng/shilo_avital/yolo_lab/walk_to_paint/outputs/wiki-rfa/wiki-rfa-optuna_20251203-235202/checkpoints exists and is not empty.
LOCAL_RANK: 0 - CUDA_VISIBLE_DEVICES: [1]
Metric val_auc_epoch improved. New best score: 0.644
Metric val_auc_epoch improved by 0.056 >= min_delta = 0.0. New best score: 0.700
Metric val_auc_epoch improved by 0.003 >= min_delta = 0.0. New best score: 0.702
❌ Trial 153 failed: Trial was pruned at epoch 6.
[I 2025-12-05 21:53:02,659] Trial 153 finished with value: 0.0 and parameters: {'dataset.max_walk_length': 19, 'dataset.num_walks': 693271, 'training.lr': 0.00324734308278644, 'training.weight_decay': 1.2441469061363994e-05, 'training.batch_size': 256, 'training.gradient_clip_val': 0.47644487913694816, 'training.early_stopping_patience': 5, 'model.nhead': 2, 'model.embedding_dim': 32, 'model.hidden_dim': 4, 'model.nlayers': 5, 'model.dropout': 0.21333850589208245, 'training.epochs': 12}. Best is trial 87 with value: 0.777931809425354.
Seed set to 196

🔬 Trial 154 hyperparameters:
  Walk length: 23, Num walks: 955,439
  LR: 2.64e-03, Batch size: 256
  Model: emb_dim=32, hidden_dim=4
  Transformer: 5 layers, 2 heads
  Epochs: 13, Weighted loss: True
Loading wiki-rfa dataset...
Success! ✅
Splitting edges for wiki-rfa dataset...
Ratios: train=0.480, mask=0.320, val=0.100, test=0.100
Success! ✅
Sampling random walks from wiki-rfa dataset...
Success! ✅
Building tokenizer for wiki-rfa dataset...
Success! ✅
Padding and building stage tensors for wiki-rfa dataset...
Success! ✅
Data creation profiling (seconds):
  get_edge_list: 84.62s
  split_edges: 0.10s
  get_walks: 75.31s
  get_tokenizer: 2.07s
  encode_walks: 38.20s
  pad_and_build_stage_tensors: 4.67s
Creating DataLoaders for wiki-rfa dataset...
Success! ✅
GPU available: True (cuda), used: True
TPU available: False, using: 0 TPU cores
HPU available: False, using: 0 HPUs
/home/eng/shilo_avital/yolo_lab/walk_to_paint/.venv/lib64/python3.9/site-packages/pytorch_lightning/callbacks/model_checkpoint.py:658: Checkpoint directory /home/eng/shilo_avital/yolo_lab/walk_to_paint/outputs/wiki-rfa/wiki-rfa-optuna_20251203-235202/checkpoints exists and is not empty.
LOCAL_RANK: 0 - CUDA_VISIBLE_DEVICES: [1]
Metric val_auc_epoch improved. New best score: 0.683
Metric val_auc_epoch improved by 0.054 >= min_delta = 0.0. New best score: 0.737
Metric val_auc_epoch improved by 0.010 >= min_delta = 0.0. New best score: 0.747
Metric val_auc_epoch improved by 0.009 >= min_delta = 0.0. New best score: 0.756
Metric val_auc_epoch improved by 0.001 >= min_delta = 0.0. New best score: 0.757
Monitored metric val_auc_epoch did not improve in the last 6 records. Best score: 0.757. Signaling Trainer to stop.
Restoring states from the checkpoint path at /home/eng/shilo_avital/yolo_lab/walk_to_paint/outputs/wiki-rfa/wiki-rfa-optuna_20251203-235202/checkpoints/trial_154-epoch=04-val_auc_epoch=0.7574.ckpt
LOCAL_RANK: 0 - CUDA_VISIBLE_DEVICES: [1]
Loaded model weights from the checkpoint at /home/eng/shilo_avital/yolo_lab/walk_to_paint/outputs/wiki-rfa/wiki-rfa-optuna_20251203-235202/checkpoints/trial_154-epoch=04-val_auc_epoch=0.7574.ckpt
────────────────────────────────────────────────────────────────────────────────────────────────────────────────────────
     Validate metric           DataLoader 0
────────────────────────────────────────────────────────────────────────────────────────────────────────────────────────
          step                     11.0
      val_acc_epoch         0.5435962677001953
      val_auc_epoch         0.7573553919792175
      val_f1_epoch          0.5149219036102295
        val_loss             2.754574775695801
────────────────────────────────────────────────────────────────────────────────────────────────────────────────────────
✅ Trial 154 completed - Val AUC: 0.7574
[I 2025-12-05 22:07:59,308] Trial 154 finished with value: 0.7573553919792175 and parameters: {'dataset.max_walk_length': 23, 'dataset.num_walks': 955439, 'training.lr': 0.002643872510923811, 'training.weight_decay': 4.676265136596949e-06, 'training.batch_size': 256, 'training.gradient_clip_val': 0.31794312218491994, 'training.early_stopping_patience': 6, 'model.nhead': 2, 'model.embedding_dim': 32, 'model.hidden_dim': 4, 'model.nlayers': 5, 'model.dropout': 0.23530161124433496, 'training.epochs': 13}. Best is trial 87 with value: 0.777931809425354.
Seed set to 197

🔬 Trial 155 hyperparameters:
  Walk length: 18, Num walks: 900,291
  LR: 1.69e-03, Batch size: 256
  Model: emb_dim=32, hidden_dim=4
  Transformer: 5 layers, 2 heads
  Epochs: 14, Weighted loss: True
Loading wiki-rfa dataset...
Success! ✅
Splitting edges for wiki-rfa dataset...
Ratios: train=0.480, mask=0.320, val=0.100, test=0.100
Success! ✅
Sampling random walks from wiki-rfa dataset...
Success! ✅
Building tokenizer for wiki-rfa dataset...
Success! ✅
Padding and building stage tensors for wiki-rfa dataset...
Success! ✅
Data creation profiling (seconds):
  get_edge_list: 4.81s
  split_edges: 0.10s
  get_walks: 68.87s
  get_tokenizer: 1.80s
  encode_walks: 35.55s
  pad_and_build_stage_tensors: 4.40s
Creating DataLoaders for wiki-rfa dataset...
Success! ✅
GPU available: True (cuda), used: True
TPU available: False, using: 0 TPU cores
HPU available: False, using: 0 HPUs
/home/eng/shilo_avital/yolo_lab/walk_to_paint/.venv/lib64/python3.9/site-packages/pytorch_lightning/callbacks/model_checkpoint.py:658: Checkpoint directory /home/eng/shilo_avital/yolo_lab/walk_to_paint/outputs/wiki-rfa/wiki-rfa-optuna_20251203-235202/checkpoints exists and is not empty.
LOCAL_RANK: 0 - CUDA_VISIBLE_DEVICES: [1]
Metric val_auc_epoch improved. New best score: 0.652
Metric val_auc_epoch improved by 0.057 >= min_delta = 0.0. New best score: 0.710
Metric val_auc_epoch improved by 0.007 >= min_delta = 0.0. New best score: 0.717
Metric val_auc_epoch improved by 0.012 >= min_delta = 0.0. New best score: 0.729
❌ Trial 155 failed: Trial was pruned at epoch 8.
[I 2025-12-05 22:18:33,542] Trial 155 finished with value: 0.0 and parameters: {'dataset.max_walk_length': 18, 'dataset.num_walks': 900291, 'training.lr': 0.0016900435608941105, 'training.weight_decay': 5.243331048292685e-06, 'training.batch_size': 256, 'training.gradient_clip_val': 0.3118459040763927, 'training.early_stopping_patience': 7, 'model.nhead': 2, 'model.embedding_dim': 32, 'model.hidden_dim': 4, 'model.nlayers': 5, 'model.dropout': 0.2677169406043426, 'training.epochs': 14}. Best is trial 87 with value: 0.777931809425354.
🧹 Cleaning up old checkpoints and logs (keeping top 10)...
  Removed old checkpoint: trial_145-epoch=04-val_auc_epoch=0.5980.ckpt
  Removed old checkpoint: trial_144-epoch=01-val_auc_epoch=0.5079.ckpt
  Removed old checkpoint: trial_143-epoch=04-val_auc_epoch=0.6565.ckpt
  Removed old checkpoint: trial_142-epoch=04-val_auc_epoch=0.5034.ckpt
  Removed old checkpoint: trial_141-epoch=04-val_auc_epoch=0.7032.ckpt
  Removed old log dir: trial_145
  Removed old log dir: trial_144
  Removed old log dir: trial_143
  Removed old log dir: trial_142
  Removed old log dir: trial_141
Seed set to 198

🔬 Trial 156 hyperparameters:
  Walk length: 26, Num walks: 983,907
  LR: 5.35e-03, Batch size: 256
  Model: emb_dim=128, hidden_dim=128
  Transformer: 4 layers, 8 heads
  Epochs: 13, Weighted loss: True
Loading wiki-rfa dataset...
Success! ✅
Splitting edges for wiki-rfa dataset...
Ratios: train=0.480, mask=0.320, val=0.100, test=0.100
Success! ✅
Sampling random walks from wiki-rfa dataset...
Success! ✅
Building tokenizer for wiki-rfa dataset...
Success! ✅
Padding and building stage tensors for wiki-rfa dataset...
Success! ✅
Data creation profiling (seconds):
  get_edge_list: 84.63s
  split_edges: 0.10s
  get_walks: 74.78s
  get_tokenizer: 2.08s
  encode_walks: 39.33s
  pad_and_build_stage_tensors: 4.85s
Creating DataLoaders for wiki-rfa dataset...
Success! ✅
GPU available: True (cuda), used: True
TPU available: False, using: 0 TPU cores
HPU available: False, using: 0 HPUs
/home/eng/shilo_avital/yolo_lab/walk_to_paint/.venv/lib64/python3.9/site-packages/pytorch_lightning/callbacks/model_checkpoint.py:658: Checkpoint directory /home/eng/shilo_avital/yolo_lab/walk_to_paint/outputs/wiki-rfa/wiki-rfa-optuna_20251203-235202/checkpoints exists and is not empty.
LOCAL_RANK: 0 - CUDA_VISIBLE_DEVICES: [1]
Metric val_auc_epoch improved. New best score: 0.498
Metric val_auc_epoch improved by 0.001 >= min_delta = 0.0. New best score: 0.499
Metric val_auc_epoch improved by 0.005 >= min_delta = 0.0. New best score: 0.504
Metric val_auc_epoch improved by 0.000 >= min_delta = 0.0. New best score: 0.505
❌ Trial 156 failed: Trial was pruned at epoch 5.
[I 2025-12-05 22:27:57,371] Trial 156 finished with value: 0.0 and parameters: {'dataset.max_walk_length': 26, 'dataset.num_walks': 983907, 'training.lr': 0.005352355037266619, 'training.weight_decay': 3.96908360393822e-06, 'training.batch_size': 256, 'training.gradient_clip_val': 0.3565158660659812, 'training.early_stopping_patience': 6, 'model.nhead': 8, 'model.embedding_dim': 128, 'model.hidden_dim': 128, 'model.nlayers': 4, 'model.dropout': 0.25010528932383685, 'training.epochs': 13}. Best is trial 87 with value: 0.777931809425354.
Seed set to 199

🔬 Trial 157 hyperparameters:
  Walk length: 22, Num walks: 595,902
  LR: 2.65e-03, Batch size: 32
  Model: emb_dim=64, hidden_dim=4
  Transformer: 6 layers, 2 heads
  Epochs: 17, Weighted loss: True
Loading wiki-rfa dataset...
Success! ✅
Splitting edges for wiki-rfa dataset...
Ratios: train=0.480, mask=0.320, val=0.100, test=0.100
Success! ✅
Sampling random walks from wiki-rfa dataset...
Success! ✅
Building tokenizer for wiki-rfa dataset...
Success! ✅
Padding and building stage tensors for wiki-rfa dataset...
Success! ✅
Data creation profiling (seconds):
  get_edge_list: 84.75s
  split_edges: 0.10s
  get_walks: 46.21s
  get_tokenizer: 1.30s
  encode_walks: 23.32s
  pad_and_build_stage_tensors: 2.85s
Creating DataLoaders for wiki-rfa dataset...
Success! ✅
GPU available: True (cuda), used: True
TPU available: False, using: 0 TPU cores
HPU available: False, using: 0 HPUs
/home/eng/shilo_avital/yolo_lab/walk_to_paint/.venv/lib64/python3.9/site-packages/pytorch_lightning/callbacks/model_checkpoint.py:658: Checkpoint directory /home/eng/shilo_avital/yolo_lab/walk_to_paint/outputs/wiki-rfa/wiki-rfa-optuna_20251203-235202/checkpoints exists and is not empty.
LOCAL_RANK: 0 - CUDA_VISIBLE_DEVICES: [1]
Metric val_auc_epoch improved. New best score: 0.500
❌ Trial 157 failed: Trial was pruned at epoch 5.
[I 2025-12-05 22:59:50,623] Trial 157 finished with value: 0.0 and parameters: {'dataset.max_walk_length': 22, 'dataset.num_walks': 595902, 'training.lr': 0.0026474408085934236, 'training.weight_decay': 9.13000987928536e-06, 'training.batch_size': 32, 'training.gradient_clip_val': 0.2795713649814524, 'training.early_stopping_patience': 7, 'model.nhead': 2, 'model.embedding_dim': 64, 'model.hidden_dim': 4, 'model.nlayers': 6, 'model.dropout': 0.20310670408782988, 'training.epochs': 17}. Best is trial 87 with value: 0.777931809425354.
Seed set to 200

🔬 Trial 158 hyperparameters:
  Walk length: 21, Num walks: 644,532
  LR: 4.31e-03, Batch size: 256
  Model: emb_dim=4, hidden_dim=4
  Transformer: 5 layers, 2 heads
  Epochs: 11, Weighted loss: True
Loading wiki-rfa dataset...
Success! ✅
Splitting edges for wiki-rfa dataset...
Ratios: train=0.480, mask=0.320, val=0.100, test=0.100
Success! ✅
Sampling random walks from wiki-rfa dataset...
Success! ✅
Building tokenizer for wiki-rfa dataset...
Success! ✅
Padding and building stage tensors for wiki-rfa dataset...
Success! ✅
Data creation profiling (seconds):
  get_edge_list: 84.76s
  split_edges: 0.10s
  get_walks: 49.48s
  get_tokenizer: 1.32s
  encode_walks: 25.80s
  pad_and_build_stage_tensors: 3.18s
Creating DataLoaders for wiki-rfa dataset...
Success! ✅
GPU available: True (cuda), used: True
TPU available: False, using: 0 TPU cores
HPU available: False, using: 0 HPUs
/home/eng/shilo_avital/yolo_lab/walk_to_paint/.venv/lib64/python3.9/site-packages/pytorch_lightning/callbacks/model_checkpoint.py:658: Checkpoint directory /home/eng/shilo_avital/yolo_lab/walk_to_paint/outputs/wiki-rfa/wiki-rfa-optuna_20251203-235202/checkpoints exists and is not empty.
LOCAL_RANK: 0 - CUDA_VISIBLE_DEVICES: [1]
Metric val_auc_epoch improved. New best score: 0.545
Metric val_auc_epoch improved by 0.010 >= min_delta = 0.0. New best score: 0.555
Metric val_auc_epoch improved by 0.003 >= min_delta = 0.0. New best score: 0.558
Metric val_auc_epoch improved by 0.005 >= min_delta = 0.0. New best score: 0.563
Metric val_auc_epoch improved by 0.000 >= min_delta = 0.0. New best score: 0.563
❌ Trial 158 failed: Trial was pruned at epoch 5.
[I 2025-12-05 23:06:55,913] Trial 158 finished with value: 0.0 and parameters: {'dataset.max_walk_length': 21, 'dataset.num_walks': 644532, 'training.lr': 0.004305839651800153, 'training.weight_decay': 1.4491997092069057e-05, 'training.batch_size': 256, 'training.gradient_clip_val': 0.4239637840227588, 'training.early_stopping_patience': 11, 'model.nhead': 2, 'model.embedding_dim': 4, 'model.hidden_dim': 4, 'model.nlayers': 5, 'model.dropout': 0.2833823554120964, 'training.epochs': 11}. Best is trial 87 with value: 0.777931809425354.
Seed set to 201

🔬 Trial 159 hyperparameters:
  Walk length: 29, Num walks: 378,790
  LR: 1.96e-03, Batch size: 256
  Model: emb_dim=32, hidden_dim=256
  Transformer: 5 layers, 2 heads
  Epochs: 23, Weighted loss: True
Loading wiki-rfa dataset...
Success! ✅
Splitting edges for wiki-rfa dataset...
Ratios: train=0.480, mask=0.320, val=0.100, test=0.100
Success! ✅
Sampling random walks from wiki-rfa dataset...
Success! ✅
Building tokenizer for wiki-rfa dataset...
Success! ✅
Padding and building stage tensors for wiki-rfa dataset...
Success! ✅
Data creation profiling (seconds):
  get_edge_list: 84.68s
  split_edges: 0.10s
  get_walks: 29.28s
  get_tokenizer: 0.88s
  encode_walks: 15.54s
  pad_and_build_stage_tensors: 1.88s
Creating DataLoaders for wiki-rfa dataset...
Success! ✅
GPU available: True (cuda), used: True
TPU available: False, using: 0 TPU cores
HPU available: False, using: 0 HPUs
/home/eng/shilo_avital/yolo_lab/walk_to_paint/.venv/lib64/python3.9/site-packages/pytorch_lightning/callbacks/model_checkpoint.py:658: Checkpoint directory /home/eng/shilo_avital/yolo_lab/walk_to_paint/outputs/wiki-rfa/wiki-rfa-optuna_20251203-235202/checkpoints exists and is not empty.
LOCAL_RANK: 0 - CUDA_VISIBLE_DEVICES: [1]
Metric val_auc_epoch improved. New best score: 0.548
Metric val_auc_epoch improved by 0.051 >= min_delta = 0.0. New best score: 0.599
Metric val_auc_epoch improved by 0.021 >= min_delta = 0.0. New best score: 0.620
Metric val_auc_epoch improved by 0.023 >= min_delta = 0.0. New best score: 0.643
Metric val_auc_epoch improved by 0.008 >= min_delta = 0.0. New best score: 0.651
❌ Trial 159 failed: Trial was pruned at epoch 5.
[I 2025-12-05 23:11:37,124] Trial 159 finished with value: 0.0 and parameters: {'dataset.max_walk_length': 29, 'dataset.num_walks': 378790, 'training.lr': 0.001959204209738972, 'training.weight_decay': 5.701617540407604e-06, 'training.batch_size': 256, 'training.gradient_clip_val': 0.6052416181840672, 'training.early_stopping_patience': 6, 'model.nhead': 2, 'model.embedding_dim': 32, 'model.hidden_dim': 256, 'model.nlayers': 5, 'model.dropout': 0.23538758931213424, 'training.epochs': 23}. Best is trial 87 with value: 0.777931809425354.
Seed set to 202

🔬 Trial 160 hyperparameters:
  Walk length: 14, Num walks: 955,689
  LR: 6.96e-03, Batch size: 64
  Model: emb_dim=32, hidden_dim=4
  Transformer: 5 layers, 8 heads
  Epochs: 10, Weighted loss: True
Loading wiki-rfa dataset...
Success! ✅
Splitting edges for wiki-rfa dataset...
Ratios: train=0.480, mask=0.320, val=0.100, test=0.100
Success! ✅
Sampling random walks from wiki-rfa dataset...
Success! ✅
Building tokenizer for wiki-rfa dataset...
Success! ✅
Padding and building stage tensors for wiki-rfa dataset...
Success! ✅
Data creation profiling (seconds):
  get_edge_list: 84.59s
  split_edges: 0.14s
  get_walks: 71.11s
  get_tokenizer: 1.70s
  encode_walks: 35.22s
  pad_and_build_stage_tensors: 4.55s
Creating DataLoaders for wiki-rfa dataset...
Success! ✅
GPU available: True (cuda), used: True
TPU available: False, using: 0 TPU cores
HPU available: False, using: 0 HPUs
/home/eng/shilo_avital/yolo_lab/walk_to_paint/.venv/lib64/python3.9/site-packages/pytorch_lightning/callbacks/model_checkpoint.py:658: Checkpoint directory /home/eng/shilo_avital/yolo_lab/walk_to_paint/outputs/wiki-rfa/wiki-rfa-optuna_20251203-235202/checkpoints exists and is not empty.
LOCAL_RANK: 0 - CUDA_VISIBLE_DEVICES: [1]
Metric val_auc_epoch improved. New best score: 0.493
Metric val_auc_epoch improved by 0.002 >= min_delta = 0.0. New best score: 0.494
Metric val_auc_epoch improved by 0.006 >= min_delta = 0.0. New best score: 0.500
Metric val_auc_epoch improved by 0.003 >= min_delta = 0.0. New best score: 0.503
❌ Trial 160 failed: Trial was pruned at epoch 5.
[I 2025-12-05 23:36:46,305] Trial 160 finished with value: 0.0 and parameters: {'dataset.max_walk_length': 14, 'dataset.num_walks': 955689, 'training.lr': 0.006960920198805567, 'training.weight_decay': 1.6997410685600627e-06, 'training.batch_size': 64, 'training.gradient_clip_val': 1.060909405906256, 'training.early_stopping_patience': 8, 'model.nhead': 8, 'model.embedding_dim': 32, 'model.hidden_dim': 4, 'model.nlayers': 5, 'model.dropout': 0.3163931674882091, 'training.epochs': 10}. Best is trial 87 with value: 0.777931809425354.
🧹 Cleaning up old checkpoints and logs (keeping top 10)...
  Removed old checkpoint: trial_150-epoch=04-val_auc_epoch=0.5744.ckpt
  Removed old checkpoint: trial_149-epoch=04-val_auc_epoch=0.6031.ckpt
  Removed old checkpoint: trial_148-epoch=04-val_auc_epoch=0.6511.ckpt
  Removed old checkpoint: trial_147-epoch=05-val_auc_epoch=0.6937.ckpt
  Removed old checkpoint: trial_146-epoch=00-val_auc_epoch=0.5499.ckpt
  Removed old log dir: trial_150
  Removed old log dir: trial_149
  Removed old log dir: trial_148
  Removed old log dir: trial_147
  Removed old log dir: trial_146
Seed set to 203

🔬 Trial 161 hyperparameters:
  Walk length: 89, Num walks: 816,701
  LR: 3.17e-03, Batch size: 256
  Model: emb_dim=32, hidden_dim=4
  Transformer: 5 layers, 2 heads
  Epochs: 12, Weighted loss: True
Loading wiki-rfa dataset...
Success! ✅
Splitting edges for wiki-rfa dataset...
Ratios: train=0.480, mask=0.320, val=0.100, test=0.100
Success! ✅
Sampling random walks from wiki-rfa dataset...
Success! ✅
Building tokenizer for wiki-rfa dataset...
Success! ✅
Padding and building stage tensors for wiki-rfa dataset...
Success! ✅
Data creation profiling (seconds):
  get_edge_list: 84.92s
  split_edges: 0.10s
  get_walks: 64.05s
  get_tokenizer: 1.77s
  encode_walks: 33.45s
  pad_and_build_stage_tensors: 4.38s
Creating DataLoaders for wiki-rfa dataset...
Success! ✅
GPU available: True (cuda), used: True
TPU available: False, using: 0 TPU cores
HPU available: False, using: 0 HPUs
/home/eng/shilo_avital/yolo_lab/walk_to_paint/.venv/lib64/python3.9/site-packages/pytorch_lightning/callbacks/model_checkpoint.py:658: Checkpoint directory /home/eng/shilo_avital/yolo_lab/walk_to_paint/outputs/wiki-rfa/wiki-rfa-optuna_20251203-235202/checkpoints exists and is not empty.
LOCAL_RANK: 0 - CUDA_VISIBLE_DEVICES: [1]
Metric val_auc_epoch improved. New best score: 0.688
Metric val_auc_epoch improved by 0.046 >= min_delta = 0.0. New best score: 0.734
Metric val_auc_epoch improved by 0.027 >= min_delta = 0.0. New best score: 0.761
Metric val_auc_epoch improved by 0.004 >= min_delta = 0.0. New best score: 0.765
Metric val_auc_epoch improved by 0.004 >= min_delta = 0.0. New best score: 0.769
Monitored metric val_auc_epoch did not improve in the last 5 records. Best score: 0.769. Signaling Trainer to stop.
Restoring states from the checkpoint path at /home/eng/shilo_avital/yolo_lab/walk_to_paint/outputs/wiki-rfa/wiki-rfa-optuna_20251203-235202/checkpoints/trial_161-epoch=04-val_auc_epoch=0.7689.ckpt
LOCAL_RANK: 0 - CUDA_VISIBLE_DEVICES: [1]
Loaded model weights from the checkpoint at /home/eng/shilo_avital/yolo_lab/walk_to_paint/outputs/wiki-rfa/wiki-rfa-optuna_20251203-235202/checkpoints/trial_161-epoch=04-val_auc_epoch=0.7689.ckpt
────────────────────────────────────────────────────────────────────────────────────────────────────────────────────────
     Validate metric           DataLoader 0
────────────────────────────────────────────────────────────────────────────────────────────────────────────────────────
          step                     10.0
      val_acc_epoch          0.543347179889679
      val_auc_epoch         0.7689045667648315
      val_f1_epoch          0.5076580047607422
        val_loss             2.704707622528076
────────────────────────────────────────────────────────────────────────────────────────────────────────────────────────
✅ Trial 161 completed - Val AUC: 0.7689
[I 2025-12-05 23:51:06,728] Trial 161 finished with value: 0.7689045667648315 and parameters: {'dataset.max_walk_length': 89, 'dataset.num_walks': 816701, 'training.lr': 0.003172389690851934, 'training.weight_decay': 1.9867836615240397e-05, 'training.batch_size': 256, 'training.gradient_clip_val': 0.2299615915361008, 'training.early_stopping_patience': 5, 'model.nhead': 2, 'model.embedding_dim': 32, 'model.hidden_dim': 4, 'model.nlayers': 5, 'model.dropout': 0.22487856352394778, 'training.epochs': 12}. Best is trial 87 with value: 0.777931809425354.
Seed set to 204

🔬 Trial 162 hyperparameters:
  Walk length: 19, Num walks: 850,403
  LR: 3.51e-03, Batch size: 256
  Model: emb_dim=32, hidden_dim=4
  Transformer: 5 layers, 2 heads
  Epochs: 12, Weighted loss: True
Loading wiki-rfa dataset...
Success! ✅
Splitting edges for wiki-rfa dataset...
Ratios: train=0.480, mask=0.320, val=0.100, test=0.100
Success! ✅
Sampling random walks from wiki-rfa dataset...
Success! ✅
Building tokenizer for wiki-rfa dataset...
Success! ✅
Padding and building stage tensors for wiki-rfa dataset...
Success! ✅
Data creation profiling (seconds):
  get_edge_list: 4.82s
  split_edges: 0.10s
  get_walks: 65.27s
  get_tokenizer: 1.67s
  encode_walks: 33.83s
  pad_and_build_stage_tensors: 4.21s
Creating DataLoaders for wiki-rfa dataset...
Success! ✅
GPU available: True (cuda), used: True
TPU available: False, using: 0 TPU cores
HPU available: False, using: 0 HPUs
/home/eng/shilo_avital/yolo_lab/walk_to_paint/.venv/lib64/python3.9/site-packages/pytorch_lightning/callbacks/model_checkpoint.py:658: Checkpoint directory /home/eng/shilo_avital/yolo_lab/walk_to_paint/outputs/wiki-rfa/wiki-rfa-optuna_20251203-235202/checkpoints exists and is not empty.
LOCAL_RANK: 0 - CUDA_VISIBLE_DEVICES: [1]
Metric val_auc_epoch improved. New best score: 0.675
Metric val_auc_epoch improved by 0.060 >= min_delta = 0.0. New best score: 0.735
Metric val_auc_epoch improved by 0.009 >= min_delta = 0.0. New best score: 0.744
Metric val_auc_epoch improved by 0.003 >= min_delta = 0.0. New best score: 0.747
Monitored metric val_auc_epoch did not improve in the last 5 records. Best score: 0.747. Signaling Trainer to stop.
Restoring states from the checkpoint path at /home/eng/shilo_avital/yolo_lab/walk_to_paint/outputs/wiki-rfa/wiki-rfa-optuna_20251203-235202/checkpoints/trial_162-epoch=03-val_auc_epoch=0.7472.ckpt
LOCAL_RANK: 0 - CUDA_VISIBLE_DEVICES: [1]
Loaded model weights from the checkpoint at /home/eng/shilo_avital/yolo_lab/walk_to_paint/outputs/wiki-rfa/wiki-rfa-optuna_20251203-235202/checkpoints/trial_162-epoch=03-val_auc_epoch=0.7472.ckpt
────────────────────────────────────────────────────────────────────────────────────────────────────────────────────────
     Validate metric           DataLoader 0
────────────────────────────────────────────────────────────────────────────────────────────────────────────────────────
          step                      9.0
      val_acc_epoch         0.5415525436401367
      val_auc_epoch         0.7472245097160339
      val_f1_epoch           0.505066990852356
        val_loss            2.3860034942626953
────────────────────────────────────────────────────────────────────────────────────────────────────────────────────────
✅ Trial 162 completed - Val AUC: 0.7472
[I 2025-12-06 00:01:30,381] Trial 162 finished with value: 0.7472245097160339 and parameters: {'dataset.max_walk_length': 19, 'dataset.num_walks': 850403, 'training.lr': 0.003506352275157606, 'training.weight_decay': 2.099335592032693e-05, 'training.batch_size': 256, 'training.gradient_clip_val': 0.3271735003488097, 'training.early_stopping_patience': 5, 'model.nhead': 2, 'model.embedding_dim': 32, 'model.hidden_dim': 4, 'model.nlayers': 5, 'model.dropout': 0.23039281000252956, 'training.epochs': 12}. Best is trial 87 with value: 0.777931809425354.
Seed set to 205

🔬 Trial 163 hyperparameters:
  Walk length: 16, Num walks: 757,134
  LR: 2.48e-03, Batch size: 256
  Model: emb_dim=32, hidden_dim=4
  Transformer: 5 layers, 2 heads
  Epochs: 12, Weighted loss: True
Loading wiki-rfa dataset...
Success! ✅
Splitting edges for wiki-rfa dataset...
Ratios: train=0.480, mask=0.320, val=0.100, test=0.100
Success! ✅
Sampling random walks from wiki-rfa dataset...
Success! ✅
Building tokenizer for wiki-rfa dataset...
Success! ✅
Padding and building stage tensors for wiki-rfa dataset...
Success! ✅
Data creation profiling (seconds):
  get_edge_list: 4.85s
  split_edges: 0.10s
  get_walks: 57.10s
  get_tokenizer: 1.61s
  encode_walks: 28.81s
  pad_and_build_stage_tensors: 3.63s
Creating DataLoaders for wiki-rfa dataset...
Success! ✅
GPU available: True (cuda), used: True
TPU available: False, using: 0 TPU cores
HPU available: False, using: 0 HPUs
/home/eng/shilo_avital/yolo_lab/walk_to_paint/.venv/lib64/python3.9/site-packages/pytorch_lightning/callbacks/model_checkpoint.py:658: Checkpoint directory /home/eng/shilo_avital/yolo_lab/walk_to_paint/outputs/wiki-rfa/wiki-rfa-optuna_20251203-235202/checkpoints exists and is not empty.
LOCAL_RANK: 0 - CUDA_VISIBLE_DEVICES: [1]
Metric val_auc_epoch improved. New best score: 0.627
Metric val_auc_epoch improved by 0.041 >= min_delta = 0.0. New best score: 0.668
Metric val_auc_epoch improved by 0.023 >= min_delta = 0.0. New best score: 0.690
Metric val_auc_epoch improved by 0.008 >= min_delta = 0.0. New best score: 0.698
❌ Trial 163 failed: Trial was pruned at epoch 6.
[I 2025-12-06 00:08:41,393] Trial 163 finished with value: 0.0 and parameters: {'dataset.max_walk_length': 16, 'dataset.num_walks': 757134, 'training.lr': 0.002478089934764841, 'training.weight_decay': 1.102647235299611e-05, 'training.batch_size': 256, 'training.gradient_clip_val': 0.23900754825812087, 'training.early_stopping_patience': 6, 'model.nhead': 2, 'model.embedding_dim': 32, 'model.hidden_dim': 4, 'model.nlayers': 5, 'model.dropout': 0.25995269926303116, 'training.epochs': 12}. Best is trial 87 with value: 0.777931809425354.
Seed set to 206

🔬 Trial 164 hyperparameters:
  Walk length: 26, Num walks: 1,153,911
  LR: 3.03e-03, Batch size: 256
  Model: emb_dim=32, hidden_dim=4
  Transformer: 5 layers, 2 heads
  Epochs: 13, Weighted loss: True
Loading wiki-rfa dataset...
Success! ✅
Splitting edges for wiki-rfa dataset...
Ratios: train=0.480, mask=0.320, val=0.100, test=0.100
Success! ✅
Sampling random walks from wiki-rfa dataset...
Success! ✅
Building tokenizer for wiki-rfa dataset...
Success! ✅
Padding and building stage tensors for wiki-rfa dataset...
Success! ✅
Data creation profiling (seconds):
  get_edge_list: 84.58s
  split_edges: 0.10s
  get_walks: 89.54s
  get_tokenizer: 2.40s
  encode_walks: 45.89s
  pad_and_build_stage_tensors: 5.65s
Creating DataLoaders for wiki-rfa dataset...
Success! ✅
GPU available: True (cuda), used: True
TPU available: False, using: 0 TPU cores
HPU available: False, using: 0 HPUs
/home/eng/shilo_avital/yolo_lab/walk_to_paint/.venv/lib64/python3.9/site-packages/pytorch_lightning/callbacks/model_checkpoint.py:658: Checkpoint directory /home/eng/shilo_avital/yolo_lab/walk_to_paint/outputs/wiki-rfa/wiki-rfa-optuna_20251203-235202/checkpoints exists and is not empty.
LOCAL_RANK: 0 - CUDA_VISIBLE_DEVICES: [1]
Metric val_auc_epoch improved. New best score: 0.695
Metric val_auc_epoch improved by 0.014 >= min_delta = 0.0. New best score: 0.710
Metric val_auc_epoch improved by 0.003 >= min_delta = 0.0. New best score: 0.712
Metric val_auc_epoch improved by 0.000 >= min_delta = 0.0. New best score: 0.713
❌ Trial 164 failed: Trial was pruned at epoch 6.
[I 2025-12-06 00:21:08,040] Trial 164 finished with value: 0.0 and parameters: {'dataset.max_walk_length': 26, 'dataset.num_walks': 1153911, 'training.lr': 0.0030332425801954, 'training.weight_decay': 2.202015690508564e-05, 'training.batch_size': 256, 'training.gradient_clip_val': 0.38218278478042195, 'training.early_stopping_patience': 5, 'model.nhead': 2, 'model.embedding_dim': 32, 'model.hidden_dim': 4, 'model.nlayers': 5, 'model.dropout': 0.1939978298728403, 'training.epochs': 13}. Best is trial 87 with value: 0.777931809425354.
Seed set to 207

🔬 Trial 165 hyperparameters:
  Walk length: 43, Num walks: 1,066,715
  LR: 1.57e-03, Batch size: 256
  Model: emb_dim=32, hidden_dim=4
  Transformer: 5 layers, 2 heads
  Epochs: 11, Weighted loss: True
Loading wiki-rfa dataset...
Success! ✅
Splitting edges for wiki-rfa dataset...
Ratios: train=0.480, mask=0.320, val=0.100, test=0.100
Success! ✅
Sampling random walks from wiki-rfa dataset...
Success! ✅
Building tokenizer for wiki-rfa dataset...
Success! ✅
Padding and building stage tensors for wiki-rfa dataset...
Success! ✅
Data creation profiling (seconds):
  get_edge_list: 84.78s
  split_edges: 0.10s
  get_walks: 81.36s
  get_tokenizer: 2.30s
  encode_walks: 44.54s
  pad_and_build_stage_tensors: 5.36s
Creating DataLoaders for wiki-rfa dataset...
Success! ✅
GPU available: True (cuda), used: True
TPU available: False, using: 0 TPU cores
HPU available: False, using: 0 HPUs
/home/eng/shilo_avital/yolo_lab/walk_to_paint/.venv/lib64/python3.9/site-packages/pytorch_lightning/callbacks/model_checkpoint.py:658: Checkpoint directory /home/eng/shilo_avital/yolo_lab/walk_to_paint/outputs/wiki-rfa/wiki-rfa-optuna_20251203-235202/checkpoints exists and is not empty.
LOCAL_RANK: 0 - CUDA_VISIBLE_DEVICES: [1]
Metric val_auc_epoch improved. New best score: 0.664
Metric val_auc_epoch improved by 0.047 >= min_delta = 0.0. New best score: 0.710
Metric val_auc_epoch improved by 0.012 >= min_delta = 0.0. New best score: 0.722
Metric val_auc_epoch improved by 0.003 >= min_delta = 0.0. New best score: 0.725
❌ Trial 165 failed: Trial was pruned at epoch 7.
[I 2025-12-06 00:33:52,809] Trial 165 finished with value: 0.0 and parameters: {'dataset.max_walk_length': 43, 'dataset.num_walks': 1066715, 'training.lr': 0.001570304300803639, 'training.weight_decay': 8.363678421743838e-06, 'training.batch_size': 256, 'training.gradient_clip_val': 0.5133367522583048, 'training.early_stopping_patience': 6, 'model.nhead': 2, 'model.embedding_dim': 32, 'model.hidden_dim': 4, 'model.nlayers': 5, 'model.dropout': 0.04768164929346474, 'training.epochs': 11}. Best is trial 87 with value: 0.777931809425354.
🧹 Cleaning up old checkpoints and logs (keeping top 10)...
  Removed old checkpoint: trial_155-epoch=03-val_auc_epoch=0.7288.ckpt
  Removed old checkpoint: trial_154-epoch=04-val_auc_epoch=0.7574.ckpt
  Removed old checkpoint: trial_153-epoch=03-val_auc_epoch=0.7024.ckpt
  Removed old checkpoint: trial_152-epoch=05-val_auc_epoch=0.7313.ckpt
  Removed old checkpoint: trial_151-epoch=01-val_auc_epoch=0.7532.ckpt
  Removed old log dir: trial_155
  Removed old log dir: trial_154
  Removed old log dir: trial_153
  Removed old log dir: trial_152
  Removed old log dir: trial_151
Seed set to 208

🔬 Trial 166 hyperparameters:
  Walk length: 23, Num walks: 717,114
  LR: 2.18e-03, Batch size: 256
  Model: emb_dim=128, hidden_dim=16
  Transformer: 5 layers, 2 heads
  Epochs: 13, Weighted loss: True
Loading wiki-rfa dataset...
Success! ✅
Splitting edges for wiki-rfa dataset...
Ratios: train=0.480, mask=0.320, val=0.100, test=0.100
Success! ✅
Sampling random walks from wiki-rfa dataset...
Success! ✅
Building tokenizer for wiki-rfa dataset...
Success! ✅
Padding and building stage tensors for wiki-rfa dataset...
Success! ✅
Data creation profiling (seconds):
  get_edge_list: 84.59s
  split_edges: 0.10s
  get_walks: 56.42s
  get_tokenizer: 1.47s
  encode_walks: 28.10s
  pad_and_build_stage_tensors: 3.66s
Creating DataLoaders for wiki-rfa dataset...
Success! ✅
GPU available: True (cuda), used: True
TPU available: False, using: 0 TPU cores
HPU available: False, using: 0 HPUs
/home/eng/shilo_avital/yolo_lab/walk_to_paint/.venv/lib64/python3.9/site-packages/pytorch_lightning/callbacks/model_checkpoint.py:658: Checkpoint directory /home/eng/shilo_avital/yolo_lab/walk_to_paint/outputs/wiki-rfa/wiki-rfa-optuna_20251203-235202/checkpoints exists and is not empty.
LOCAL_RANK: 0 - CUDA_VISIBLE_DEVICES: [1]
Metric val_auc_epoch improved. New best score: 0.502
❌ Trial 166 failed: Trial was pruned at epoch 5.
[I 2025-12-06 00:41:25,273] Trial 166 finished with value: 0.0 and parameters: {'dataset.max_walk_length': 23, 'dataset.num_walks': 717114, 'training.lr': 0.0021804025997117678, 'training.weight_decay': 3.3063762319575043e-06, 'training.batch_size': 256, 'training.gradient_clip_val': 0.28060092617248206, 'training.early_stopping_patience': 5, 'model.nhead': 2, 'model.embedding_dim': 128, 'model.hidden_dim': 16, 'model.nlayers': 5, 'model.dropout': 0.2101112309486296, 'training.epochs': 13}. Best is trial 87 with value: 0.777931809425354.
Seed set to 209

🔬 Trial 167 hyperparameters:
  Walk length: 52, Num walks: 542,381
  LR: 1.03e-03, Batch size: 128
  Model: emb_dim=32, hidden_dim=64
  Transformer: 4 layers, 1 heads
  Epochs: 9, Weighted loss: True
Loading wiki-rfa dataset...
Success! ✅
Splitting edges for wiki-rfa dataset...
Ratios: train=0.480, mask=0.320, val=0.100, test=0.100
Success! ✅
Sampling random walks from wiki-rfa dataset...
Success! ✅
Building tokenizer for wiki-rfa dataset...
Success! ✅
Padding and building stage tensors for wiki-rfa dataset...
Success! ✅
Data creation profiling (seconds):
  get_edge_list: 84.92s
  split_edges: 0.10s
  get_walks: 41.66s
  get_tokenizer: 1.34s
  encode_walks: 22.45s
  pad_and_build_stage_tensors: 2.86s
Creating DataLoaders for wiki-rfa dataset...
Success! ✅
/home/eng/shilo_avital/yolo_lab/walk_to_paint/.venv/lib64/python3.9/site-packages/torch/nn/modules/transformer.py:382: UserWarning: enable_nested_tensor is True, but self.use_nested_tensor is False because encoder_layer.self_attn.num_heads is odd
  warnings.warn(
GPU available: True (cuda), used: True
TPU available: False, using: 0 TPU cores
HPU available: False, using: 0 HPUs
/home/eng/shilo_avital/yolo_lab/walk_to_paint/.venv/lib64/python3.9/site-packages/pytorch_lightning/callbacks/model_checkpoint.py:658: Checkpoint directory /home/eng/shilo_avital/yolo_lab/walk_to_paint/outputs/wiki-rfa/wiki-rfa-optuna_20251203-235202/checkpoints exists and is not empty.
LOCAL_RANK: 0 - CUDA_VISIBLE_DEVICES: [1]
Metric val_auc_epoch improved. New best score: 0.573
Metric val_auc_epoch improved by 0.056 >= min_delta = 0.0. New best score: 0.629
Metric val_auc_epoch improved by 0.032 >= min_delta = 0.0. New best score: 0.660
Metric val_auc_epoch improved by 0.013 >= min_delta = 0.0. New best score: 0.674
Metric val_auc_epoch improved by 0.010 >= min_delta = 0.0. New best score: 0.684
❌ Trial 167 failed: Trial was pruned at epoch 5.
[I 2025-12-06 00:50:26,520] Trial 167 finished with value: 0.0 and parameters: {'dataset.max_walk_length': 52, 'dataset.num_walks': 542381, 'training.lr': 0.001034797768572281, 'training.weight_decay': 1.6481936673756624e-05, 'training.batch_size': 128, 'training.gradient_clip_val': 0.20157194232428693, 'training.early_stopping_patience': 6, 'model.nhead': 1, 'model.embedding_dim': 32, 'model.hidden_dim': 64, 'model.nlayers': 4, 'model.dropout': 0.1798984173607655, 'training.epochs': 9}. Best is trial 87 with value: 0.777931809425354.
Seed set to 210

🔬 Trial 168 hyperparameters:
  Walk length: 93, Num walks: 672,517
  LR: 4.75e-03, Batch size: 256
  Model: emb_dim=32, hidden_dim=4
  Transformer: 5 layers, 4 heads
  Epochs: 14, Weighted loss: True
Loading wiki-rfa dataset...
Success! ✅
Splitting edges for wiki-rfa dataset...
Ratios: train=0.480, mask=0.320, val=0.100, test=0.100
Success! ✅
Sampling random walks from wiki-rfa dataset...
Success! ✅
Building tokenizer for wiki-rfa dataset...
Success! ✅
Padding and building stage tensors for wiki-rfa dataset...
Success! ✅
Data creation profiling (seconds):
  get_edge_list: 84.61s
  split_edges: 0.10s
  get_walks: 52.11s
  get_tokenizer: 1.51s
  encode_walks: 28.31s
  pad_and_build_stage_tensors: 3.59s
Creating DataLoaders for wiki-rfa dataset...
Success! ✅
GPU available: True (cuda), used: True
TPU available: False, using: 0 TPU cores
HPU available: False, using: 0 HPUs
/home/eng/shilo_avital/yolo_lab/walk_to_paint/.venv/lib64/python3.9/site-packages/pytorch_lightning/callbacks/model_checkpoint.py:658: Checkpoint directory /home/eng/shilo_avital/yolo_lab/walk_to_paint/outputs/wiki-rfa/wiki-rfa-optuna_20251203-235202/checkpoints exists and is not empty.
LOCAL_RANK: 0 - CUDA_VISIBLE_DEVICES: [1]
Metric val_auc_epoch improved. New best score: 0.642
Metric val_auc_epoch improved by 0.070 >= min_delta = 0.0. New best score: 0.712
Metric val_auc_epoch improved by 0.010 >= min_delta = 0.0. New best score: 0.722
Metric val_auc_epoch improved by 0.002 >= min_delta = 0.0. New best score: 0.724
Metric val_auc_epoch improved by 0.003 >= min_delta = 0.0. New best score: 0.727
❌ Trial 168 failed: Trial was pruned at epoch 8.
[I 2025-12-06 01:03:40,858] Trial 168 finished with value: 0.0 and parameters: {'dataset.max_walk_length': 93, 'dataset.num_walks': 672517, 'training.lr': 0.0047465762447056565, 'training.weight_decay': 4.024154701055132e-05, 'training.batch_size': 256, 'training.gradient_clip_val': 0.3243229582481328, 'training.early_stopping_patience': 7, 'model.nhead': 4, 'model.embedding_dim': 32, 'model.hidden_dim': 4, 'model.nlayers': 5, 'model.dropout': 0.10829417911947024, 'training.epochs': 14}. Best is trial 87 with value: 0.777931809425354.
Seed set to 211

🔬 Trial 169 hyperparameters:
  Walk length: 90, Num walks: 890,198
  LR: 1.27e-03, Batch size: 256
  Model: emb_dim=64, hidden_dim=8
  Transformer: 5 layers, 2 heads
  Epochs: 12, Weighted loss: True
Loading wiki-rfa dataset...
Success! ✅
Splitting edges for wiki-rfa dataset...
Ratios: train=0.480, mask=0.320, val=0.100, test=0.100
Success! ✅
Sampling random walks from wiki-rfa dataset...
Success! ✅
Building tokenizer for wiki-rfa dataset...
Success! ✅
Padding and building stage tensors for wiki-rfa dataset...
Success! ✅
Data creation profiling (seconds):
  get_edge_list: 84.57s
  split_edges: 0.10s
  get_walks: 69.13s
  get_tokenizer: 1.90s
  encode_walks: 37.18s
  pad_and_build_stage_tensors: 4.66s
Creating DataLoaders for wiki-rfa dataset...
Success! ✅
GPU available: True (cuda), used: True
TPU available: False, using: 0 TPU cores
HPU available: False, using: 0 HPUs
/home/eng/shilo_avital/yolo_lab/walk_to_paint/.venv/lib64/python3.9/site-packages/pytorch_lightning/callbacks/model_checkpoint.py:658: Checkpoint directory /home/eng/shilo_avital/yolo_lab/walk_to_paint/outputs/wiki-rfa/wiki-rfa-optuna_20251203-235202/checkpoints exists and is not empty.
LOCAL_RANK: 0 - CUDA_VISIBLE_DEVICES: [1]
Metric val_auc_epoch improved. New best score: 0.668
Metric val_auc_epoch improved by 0.056 >= min_delta = 0.0. New best score: 0.724
Metric val_auc_epoch improved by 0.025 >= min_delta = 0.0. New best score: 0.749
Metric val_auc_epoch improved by 0.008 >= min_delta = 0.0. New best score: 0.757
Metric val_auc_epoch improved by 0.007 >= min_delta = 0.0. New best score: 0.764
`Trainer.fit` stopped: `max_epochs=12` reached.
Restoring states from the checkpoint path at /home/eng/shilo_avital/yolo_lab/walk_to_paint/outputs/wiki-rfa/wiki-rfa-optuna_20251203-235202/checkpoints/trial_169-epoch=04-val_auc_epoch=0.7642.ckpt
LOCAL_RANK: 0 - CUDA_VISIBLE_DEVICES: [1]
Loaded model weights from the checkpoint at /home/eng/shilo_avital/yolo_lab/walk_to_paint/outputs/wiki-rfa/wiki-rfa-optuna_20251203-235202/checkpoints/trial_169-epoch=04-val_auc_epoch=0.7642.ckpt
────────────────────────────────────────────────────────────────────────────────────────────────────────────────────────
     Validate metric           DataLoader 0
────────────────────────────────────────────────────────────────────────────────────────────────────────────────────────
          step                     12.0
      val_acc_epoch          0.529406726360321
      val_auc_epoch         0.7642383575439453
      val_f1_epoch          0.4904763698577881
        val_loss             2.127570390701294
────────────────────────────────────────────────────────────────────────────────────────────────────────────────────────
✅ Trial 169 completed - Val AUC: 0.7642
[I 2025-12-06 01:23:14,862] Trial 169 finished with value: 0.7642383575439453 and parameters: {'dataset.max_walk_length': 90, 'dataset.num_walks': 890198, 'training.lr': 0.0012739813913108873, 'training.weight_decay': 4.461997159097998e-06, 'training.batch_size': 256, 'training.gradient_clip_val': 0.46660916978147904, 'training.early_stopping_patience': 9, 'model.nhead': 2, 'model.embedding_dim': 64, 'model.hidden_dim': 8, 'model.nlayers': 5, 'model.dropout': 0.24138613278503013, 'training.epochs': 12}. Best is trial 87 with value: 0.777931809425354.
Seed set to 212

🔬 Trial 170 hyperparameters:
  Walk length: 95, Num walks: 923,110
  LR: 1.31e-03, Batch size: 512
  Model: emb_dim=64, hidden_dim=64
  Transformer: 5 layers, 2 heads
  Epochs: 22, Weighted loss: True
Loading wiki-rfa dataset...
Success! ✅
Splitting edges for wiki-rfa dataset...
Ratios: train=0.480, mask=0.320, val=0.100, test=0.100
Success! ✅
Sampling random walks from wiki-rfa dataset...
Success! ✅
Building tokenizer for wiki-rfa dataset...
Success! ✅
Padding and building stage tensors for wiki-rfa dataset...
Success! ✅
Data creation profiling (seconds):
  get_edge_list: 4.86s
  split_edges: 0.09s
  get_walks: 71.86s
  get_tokenizer: 2.03s
  encode_walks: 37.84s
  pad_and_build_stage_tensors: 4.80s
Creating DataLoaders for wiki-rfa dataset...
Success! ✅
GPU available: True (cuda), used: True
TPU available: False, using: 0 TPU cores
HPU available: False, using: 0 HPUs
/home/eng/shilo_avital/yolo_lab/walk_to_paint/.venv/lib64/python3.9/site-packages/pytorch_lightning/callbacks/model_checkpoint.py:658: Checkpoint directory /home/eng/shilo_avital/yolo_lab/walk_to_paint/outputs/wiki-rfa/wiki-rfa-optuna_20251203-235202/checkpoints exists and is not empty.
LOCAL_RANK: 0 - CUDA_VISIBLE_DEVICES: [1]
Metric val_auc_epoch improved. New best score: 0.639
Metric val_auc_epoch improved by 0.041 >= min_delta = 0.0. New best score: 0.680
Metric val_auc_epoch improved by 0.036 >= min_delta = 0.0. New best score: 0.716
Metric val_auc_epoch improved by 0.005 >= min_delta = 0.0. New best score: 0.722
Metric val_auc_epoch improved by 0.005 >= min_delta = 0.0. New best score: 0.726
❌ Trial 170 failed: Trial was pruned at epoch 7.
[I 2025-12-06 01:36:59,453] Trial 170 finished with value: 0.0 and parameters: {'dataset.max_walk_length': 95, 'dataset.num_walks': 923110, 'training.lr': 0.0013053226665436185, 'training.weight_decay': 4.4088869861368274e-06, 'training.batch_size': 512, 'training.gradient_clip_val': 0.47864639873639087, 'training.early_stopping_patience': 10, 'model.nhead': 2, 'model.embedding_dim': 64, 'model.hidden_dim': 64, 'model.nlayers': 5, 'model.dropout': 0.24454511570217644, 'training.epochs': 22}. Best is trial 87 with value: 0.777931809425354.
🧹 Cleaning up old checkpoints and logs (keeping top 10)...
  Removed old checkpoint: trial_160-epoch=04-val_auc_epoch=0.5030.ckpt
  Removed old checkpoint: trial_159-epoch=04-val_auc_epoch=0.6514.ckpt
  Removed old checkpoint: trial_158-epoch=04-val_auc_epoch=0.5635.ckpt
  Removed old checkpoint: trial_157-epoch=00-val_auc_epoch=0.5000.ckpt
  Removed old checkpoint: trial_156-epoch=04-val_auc_epoch=0.5046.ckpt
  Removed old log dir: trial_160
  Removed old log dir: trial_159
  Removed old log dir: trial_158
  Removed old log dir: trial_157
  Removed old log dir: trial_156
Seed set to 213

🔬 Trial 171 hyperparameters:
  Walk length: 90, Num walks: 833,563
  LR: 1.86e-03, Batch size: 256
  Model: emb_dim=64, hidden_dim=8
  Transformer: 5 layers, 2 heads
  Epochs: 12, Weighted loss: True
Loading wiki-rfa dataset...
Success! ✅
Splitting edges for wiki-rfa dataset...
Ratios: train=0.480, mask=0.320, val=0.100, test=0.100
Success! ✅
Sampling random walks from wiki-rfa dataset...
Success! ✅
Building tokenizer for wiki-rfa dataset...
Success! ✅
Padding and building stage tensors for wiki-rfa dataset...
Success! ✅
Data creation profiling (seconds):
  get_edge_list: 84.62s
  split_edges: 0.10s
  get_walks: 64.91s
  get_tokenizer: 1.88s
  encode_walks: 34.09s
  pad_and_build_stage_tensors: 4.40s
Creating DataLoaders for wiki-rfa dataset...
Success! ✅
GPU available: True (cuda), used: True
TPU available: False, using: 0 TPU cores
HPU available: False, using: 0 HPUs
/home/eng/shilo_avital/yolo_lab/walk_to_paint/.venv/lib64/python3.9/site-packages/pytorch_lightning/callbacks/model_checkpoint.py:658: Checkpoint directory /home/eng/shilo_avital/yolo_lab/walk_to_paint/outputs/wiki-rfa/wiki-rfa-optuna_20251203-235202/checkpoints exists and is not empty.
LOCAL_RANK: 0 - CUDA_VISIBLE_DEVICES: [1]
Metric val_auc_epoch improved. New best score: 0.689
Metric val_auc_epoch improved by 0.025 >= min_delta = 0.0. New best score: 0.713
Metric val_auc_epoch improved by 0.036 >= min_delta = 0.0. New best score: 0.749
Metric val_auc_epoch improved by 0.006 >= min_delta = 0.0. New best score: 0.755
Monitored metric val_auc_epoch did not improve in the last 8 records. Best score: 0.755. Signaling Trainer to stop.
`Trainer.fit` stopped: `max_epochs=12` reached.
Restoring states from the checkpoint path at /home/eng/shilo_avital/yolo_lab/walk_to_paint/outputs/wiki-rfa/wiki-rfa-optuna_20251203-235202/checkpoints/trial_171-epoch=03-val_auc_epoch=0.7551.ckpt
LOCAL_RANK: 0 - CUDA_VISIBLE_DEVICES: [1]
Loaded model weights from the checkpoint at /home/eng/shilo_avital/yolo_lab/walk_to_paint/outputs/wiki-rfa/wiki-rfa-optuna_20251203-235202/checkpoints/trial_171-epoch=03-val_auc_epoch=0.7551.ckpt
────────────────────────────────────────────────────────────────────────────────────────────────────────────────────────
     Validate metric           DataLoader 0
────────────────────────────────────────────────────────────────────────────────────────────────────────────────────────
          step                     12.0
      val_acc_epoch         0.5276670455932617
      val_auc_epoch         0.7551495432853699
      val_f1_epoch          0.49070441722869873
        val_loss            1.9322338104248047
────────────────────────────────────────────────────────────────────────────────────────────────────────────────────────
✅ Trial 171 completed - Val AUC: 0.7551
[I 2025-12-06 01:55:26,495] Trial 171 finished with value: 0.7551495432853699 and parameters: {'dataset.max_walk_length': 90, 'dataset.num_walks': 833563, 'training.lr': 0.0018584308743405855, 'training.weight_decay': 2.6872514734446242e-06, 'training.batch_size': 256, 'training.gradient_clip_val': 0.43500500434969, 'training.early_stopping_patience': 8, 'model.nhead': 2, 'model.embedding_dim': 64, 'model.hidden_dim': 8, 'model.nlayers': 5, 'model.dropout': 0.22617380684536312, 'training.epochs': 12}. Best is trial 87 with value: 0.777931809425354.
Seed set to 214

🔬 Trial 172 hyperparameters:
  Walk length: 90, Num walks: 840,327
  LR: 1.70e-03, Batch size: 256
  Model: emb_dim=64, hidden_dim=8
  Transformer: 5 layers, 2 heads
  Epochs: 12, Weighted loss: True
Loading wiki-rfa dataset...
Success! ✅
Splitting edges for wiki-rfa dataset...
Ratios: train=0.480, mask=0.320, val=0.100, test=0.100
Success! ✅
Sampling random walks from wiki-rfa dataset...
Success! ✅
Building tokenizer for wiki-rfa dataset...
Success! ✅
Padding and building stage tensors for wiki-rfa dataset...
Success! ✅
Data creation profiling (seconds):
  get_edge_list: 4.53s
  split_edges: 0.10s
  get_walks: 64.53s
  get_tokenizer: 1.79s
  encode_walks: 34.82s
  pad_and_build_stage_tensors: 4.31s
Creating DataLoaders for wiki-rfa dataset...
Success! ✅
GPU available: True (cuda), used: True
TPU available: False, using: 0 TPU cores
HPU available: False, using: 0 HPUs
/home/eng/shilo_avital/yolo_lab/walk_to_paint/.venv/lib64/python3.9/site-packages/pytorch_lightning/callbacks/model_checkpoint.py:658: Checkpoint directory /home/eng/shilo_avital/yolo_lab/walk_to_paint/outputs/wiki-rfa/wiki-rfa-optuna_20251203-235202/checkpoints exists and is not empty.
LOCAL_RANK: 0 - CUDA_VISIBLE_DEVICES: [1]
Metric val_auc_epoch improved. New best score: 0.679
Metric val_auc_epoch improved by 0.050 >= min_delta = 0.0. New best score: 0.729
Metric val_auc_epoch improved by 0.015 >= min_delta = 0.0. New best score: 0.744
Metric val_auc_epoch improved by 0.004 >= min_delta = 0.0. New best score: 0.748
Metric val_auc_epoch improved by 0.002 >= min_delta = 0.0. New best score: 0.750
Metric val_auc_epoch improved by 0.003 >= min_delta = 0.0. New best score: 0.753
Metric val_auc_epoch improved by 0.000 >= min_delta = 0.0. New best score: 0.753
Metric val_auc_epoch improved by 0.000 >= min_delta = 0.0. New best score: 0.754
Metric val_auc_epoch improved by 0.000 >= min_delta = 0.0. New best score: 0.754
Metric val_auc_epoch improved by 0.000 >= min_delta = 0.0. New best score: 0.754
`Trainer.fit` stopped: `max_epochs=12` reached.
Restoring states from the checkpoint path at /home/eng/shilo_avital/yolo_lab/walk_to_paint/outputs/wiki-rfa/wiki-rfa-optuna_20251203-235202/checkpoints/trial_172-epoch=11-val_auc_epoch=0.7542.ckpt
LOCAL_RANK: 0 - CUDA_VISIBLE_DEVICES: [1]
Loaded model weights from the checkpoint at /home/eng/shilo_avital/yolo_lab/walk_to_paint/outputs/wiki-rfa/wiki-rfa-optuna_20251203-235202/checkpoints/trial_172-epoch=11-val_auc_epoch=0.7542.ckpt
────────────────────────────────────────────────────────────────────────────────────────────────────────────────────────
     Validate metric           DataLoader 0
────────────────────────────────────────────────────────────────────────────────────────────────────────────────────────
          step                     12.0
      val_acc_epoch         0.5262864828109741
      val_auc_epoch         0.7542257308959961
      val_f1_epoch          0.5105298757553101
        val_loss            3.9630305767059326
────────────────────────────────────────────────────────────────────────────────────────────────────────────────────────
✅ Trial 172 completed - Val AUC: 0.7542
[I 2025-12-06 02:12:36,809] Trial 172 finished with value: 0.7542257308959961 and parameters: {'dataset.max_walk_length': 90, 'dataset.num_walks': 840327, 'training.lr': 0.0016997509159654028, 'training.weight_decay': 2.6701432142008594e-06, 'training.batch_size': 256, 'training.gradient_clip_val': 0.4461482743478469, 'training.early_stopping_patience': 8, 'model.nhead': 2, 'model.embedding_dim': 64, 'model.hidden_dim': 8, 'model.nlayers': 5, 'model.dropout': 0.21856414611144975, 'training.epochs': 12}. Best is trial 87 with value: 0.777931809425354.
Seed set to 215

🔬 Trial 173 hyperparameters:
  Walk length: 90, Num walks: 855,957
  LR: 1.81e-03, Batch size: 256
  Model: emb_dim=64, hidden_dim=8
  Transformer: 5 layers, 2 heads
  Epochs: 12, Weighted loss: True
Loading wiki-rfa dataset...
Success! ✅
Splitting edges for wiki-rfa dataset...
Ratios: train=0.480, mask=0.320, val=0.100, test=0.100
Success! ✅
Sampling random walks from wiki-rfa dataset...
Success! ✅
Building tokenizer for wiki-rfa dataset...
Success! ✅
Padding and building stage tensors for wiki-rfa dataset...
Success! ✅
Data creation profiling (seconds):
  get_edge_list: 4.67s
  split_edges: 0.10s
  get_walks: 66.24s
  get_tokenizer: 1.83s
  encode_walks: 36.26s
  pad_and_build_stage_tensors: 4.48s
Creating DataLoaders for wiki-rfa dataset...
Success! ✅
GPU available: True (cuda), used: True
TPU available: False, using: 0 TPU cores
HPU available: False, using: 0 HPUs
/home/eng/shilo_avital/yolo_lab/walk_to_paint/.venv/lib64/python3.9/site-packages/pytorch_lightning/callbacks/model_checkpoint.py:658: Checkpoint directory /home/eng/shilo_avital/yolo_lab/walk_to_paint/outputs/wiki-rfa/wiki-rfa-optuna_20251203-235202/checkpoints exists and is not empty.
LOCAL_RANK: 0 - CUDA_VISIBLE_DEVICES: [1]
Metric val_auc_epoch improved. New best score: 0.644
Metric val_auc_epoch improved by 0.034 >= min_delta = 0.0. New best score: 0.678
Metric val_auc_epoch improved by 0.017 >= min_delta = 0.0. New best score: 0.695
Metric val_auc_epoch improved by 0.011 >= min_delta = 0.0. New best score: 0.706
Metric val_auc_epoch improved by 0.005 >= min_delta = 0.0. New best score: 0.711
❌ Trial 173 failed: Trial was pruned at epoch 6.
[I 2025-12-06 02:23:25,090] Trial 173 finished with value: 0.0 and parameters: {'dataset.max_walk_length': 90, 'dataset.num_walks': 855957, 'training.lr': 0.0018056551730021924, 'training.weight_decay': 2.32609235032414e-06, 'training.batch_size': 256, 'training.gradient_clip_val': 0.5309443360529781, 'training.early_stopping_patience': 9, 'model.nhead': 2, 'model.embedding_dim': 64, 'model.hidden_dim': 8, 'model.nlayers': 5, 'model.dropout': 0.21822961741010372, 'training.epochs': 12}. Best is trial 87 with value: 0.777931809425354.
Seed set to 216

🔬 Trial 174 hyperparameters:
  Walk length: 91, Num walks: 810,875
  LR: 1.52e-03, Batch size: 256
  Model: emb_dim=64, hidden_dim=8
  Transformer: 5 layers, 2 heads
  Epochs: 12, Weighted loss: True
Loading wiki-rfa dataset...
Success! ✅
Splitting edges for wiki-rfa dataset...
Ratios: train=0.480, mask=0.320, val=0.100, test=0.100
Success! ✅
Sampling random walks from wiki-rfa dataset...
Success! ✅
Building tokenizer for wiki-rfa dataset...
Success! ✅
Padding and building stage tensors for wiki-rfa dataset...
Success! ✅
Data creation profiling (seconds):
  get_edge_list: 85.00s
  split_edges: 0.10s
  get_walks: 62.92s
  get_tokenizer: 1.80s
  encode_walks: 34.38s
  pad_and_build_stage_tensors: 4.35s
Creating DataLoaders for wiki-rfa dataset...
Success! ✅
GPU available: True (cuda), used: True
TPU available: False, using: 0 TPU cores
HPU available: False, using: 0 HPUs
/home/eng/shilo_avital/yolo_lab/walk_to_paint/.venv/lib64/python3.9/site-packages/pytorch_lightning/callbacks/model_checkpoint.py:658: Checkpoint directory /home/eng/shilo_avital/yolo_lab/walk_to_paint/outputs/wiki-rfa/wiki-rfa-optuna_20251203-235202/checkpoints exists and is not empty.
LOCAL_RANK: 0 - CUDA_VISIBLE_DEVICES: [1]
Metric val_auc_epoch improved. New best score: 0.650
Metric val_auc_epoch improved by 0.045 >= min_delta = 0.0. New best score: 0.695
Metric val_auc_epoch improved by 0.018 >= min_delta = 0.0. New best score: 0.713
Metric val_auc_epoch improved by 0.018 >= min_delta = 0.0. New best score: 0.731
❌ Trial 174 failed: Trial was pruned at epoch 8.
[I 2025-12-06 02:37:33,348] Trial 174 finished with value: 0.0 and parameters: {'dataset.max_walk_length': 91, 'dataset.num_walks': 810875, 'training.lr': 0.0015175916260710986, 'training.weight_decay': 1.2852454204323828e-06, 'training.batch_size': 256, 'training.gradient_clip_val': 0.4374932137632101, 'training.early_stopping_patience': 9, 'model.nhead': 2, 'model.embedding_dim': 64, 'model.hidden_dim': 8, 'model.nlayers': 5, 'model.dropout': 0.2592685942931741, 'training.epochs': 12}. Best is trial 87 with value: 0.777931809425354.
Seed set to 217

🔬 Trial 175 hyperparameters:
  Walk length: 89, Num walks: 993,891
  LR: 2.30e-03, Batch size: 256
  Model: emb_dim=64, hidden_dim=8
  Transformer: 5 layers, 2 heads
  Epochs: 13, Weighted loss: True
Loading wiki-rfa dataset...
Success! ✅
Splitting edges for wiki-rfa dataset...
Ratios: train=0.480, mask=0.320, val=0.100, test=0.100
Success! ✅
Sampling random walks from wiki-rfa dataset...
Success! ✅
Building tokenizer for wiki-rfa dataset...
Success! ✅
Padding and building stage tensors for wiki-rfa dataset...
Success! ✅
Data creation profiling (seconds):
  get_edge_list: 84.84s
  split_edges: 0.10s
  get_walks: 78.21s
  get_tokenizer: 2.10s
  encode_walks: 40.57s
  pad_and_build_stage_tensors: 5.23s
Creating DataLoaders for wiki-rfa dataset...
Success! ✅
GPU available: True (cuda), used: True
TPU available: False, using: 0 TPU cores
HPU available: False, using: 0 HPUs
/home/eng/shilo_avital/yolo_lab/walk_to_paint/.venv/lib64/python3.9/site-packages/pytorch_lightning/callbacks/model_checkpoint.py:658: Checkpoint directory /home/eng/shilo_avital/yolo_lab/walk_to_paint/outputs/wiki-rfa/wiki-rfa-optuna_20251203-235202/checkpoints exists and is not empty.
LOCAL_RANK: 0 - CUDA_VISIBLE_DEVICES: [1]
Metric val_auc_epoch improved. New best score: 0.659
Metric val_auc_epoch improved by 0.029 >= min_delta = 0.0. New best score: 0.689
Metric val_auc_epoch improved by 0.033 >= min_delta = 0.0. New best score: 0.722
❌ Trial 175 failed: Trial was pruned at epoch 7.
[I 2025-12-06 02:52:50,332] Trial 175 finished with value: 0.0 and parameters: {'dataset.max_walk_length': 89, 'dataset.num_walks': 993891, 'training.lr': 0.0023035364320779165, 'training.weight_decay': 2.646053094459089e-06, 'training.batch_size': 256, 'training.gradient_clip_val': 0.4732193202791871, 'training.early_stopping_patience': 8, 'model.nhead': 2, 'model.embedding_dim': 64, 'model.hidden_dim': 8, 'model.nlayers': 5, 'model.dropout': 0.20487127584097192, 'training.epochs': 13}. Best is trial 87 with value: 0.777931809425354.
🧹 Cleaning up old checkpoints and logs (keeping top 10)...
  Removed old checkpoint: trial_165-epoch=03-val_auc_epoch=0.7252.ckpt
  Removed old checkpoint: trial_164-epoch=03-val_auc_epoch=0.7128.ckpt
  Removed old checkpoint: trial_163-epoch=03-val_auc_epoch=0.6982.ckpt
  Removed old checkpoint: trial_162-epoch=03-val_auc_epoch=0.7472.ckpt
  Removed old checkpoint: trial_161-epoch=04-val_auc_epoch=0.7689.ckpt
  Removed old log dir: trial_165
  Removed old log dir: trial_164
  Removed old log dir: trial_163
  Removed old log dir: trial_162
  Removed old log dir: trial_161
Seed set to 218

🔬 Trial 176 hyperparameters:
  Walk length: 92, Num walks: 822,990
  LR: 2.67e-03, Batch size: 256
  Model: emb_dim=64, hidden_dim=8
  Transformer: 5 layers, 2 heads
  Epochs: 12, Weighted loss: True
Loading wiki-rfa dataset...
Success! ✅
Splitting edges for wiki-rfa dataset...
Ratios: train=0.480, mask=0.320, val=0.100, test=0.100
Success! ✅
Sampling random walks from wiki-rfa dataset...
Success! ✅
Building tokenizer for wiki-rfa dataset...
Success! ✅
Padding and building stage tensors for wiki-rfa dataset...
Success! ✅
Data creation profiling (seconds):
  get_edge_list: 84.87s
  split_edges: 0.10s
  get_walks: 63.35s
  get_tokenizer: 1.78s
  encode_walks: 33.54s
  pad_and_build_stage_tensors: 4.46s
Creating DataLoaders for wiki-rfa dataset...
Success! ✅
GPU available: True (cuda), used: True
TPU available: False, using: 0 TPU cores
HPU available: False, using: 0 HPUs
/home/eng/shilo_avital/yolo_lab/walk_to_paint/.venv/lib64/python3.9/site-packages/pytorch_lightning/callbacks/model_checkpoint.py:658: Checkpoint directory /home/eng/shilo_avital/yolo_lab/walk_to_paint/outputs/wiki-rfa/wiki-rfa-optuna_20251203-235202/checkpoints exists and is not empty.
LOCAL_RANK: 0 - CUDA_VISIBLE_DEVICES: [1]
Metric val_auc_epoch improved. New best score: 0.629
Metric val_auc_epoch improved by 0.048 >= min_delta = 0.0. New best score: 0.677
Metric val_auc_epoch improved by 0.027 >= min_delta = 0.0. New best score: 0.704
Metric val_auc_epoch improved by 0.016 >= min_delta = 0.0. New best score: 0.720
❌ Trial 176 failed: Trial was pruned at epoch 7.
[I 2025-12-06 03:06:01,926] Trial 176 finished with value: 0.0 and parameters: {'dataset.max_walk_length': 92, 'dataset.num_walks': 822990, 'training.lr': 0.0026688800149075285, 'training.weight_decay': 3.323792995933673e-06, 'training.batch_size': 256, 'training.gradient_clip_val': 0.5639379564334943, 'training.early_stopping_patience': 8, 'model.nhead': 2, 'model.embedding_dim': 64, 'model.hidden_dim': 8, 'model.nlayers': 5, 'model.dropout': 0.24339903119310094, 'training.epochs': 12}. Best is trial 87 with value: 0.777931809425354.
Seed set to 219

🔬 Trial 177 hyperparameters:
  Walk length: 87, Num walks: 761,202
  LR: 1.93e-03, Batch size: 256
  Model: emb_dim=64, hidden_dim=8
  Transformer: 5 layers, 2 heads
  Epochs: 13, Weighted loss: True
Loading wiki-rfa dataset...
Success! ✅
Splitting edges for wiki-rfa dataset...
Ratios: train=0.480, mask=0.320, val=0.100, test=0.100
Success! ✅
Sampling random walks from wiki-rfa dataset...
Success! ✅
Building tokenizer for wiki-rfa dataset...
Success! ✅
Padding and building stage tensors for wiki-rfa dataset...
Success! ✅
Data creation profiling (seconds):
  get_edge_list: 84.86s
  split_edges: 0.10s
  get_walks: 58.09s
  get_tokenizer: 1.78s
  encode_walks: 31.95s
  pad_and_build_stage_tensors: 3.99s
Creating DataLoaders for wiki-rfa dataset...
Success! ✅
GPU available: True (cuda), used: True
TPU available: False, using: 0 TPU cores
HPU available: False, using: 0 HPUs
/home/eng/shilo_avital/yolo_lab/walk_to_paint/.venv/lib64/python3.9/site-packages/pytorch_lightning/callbacks/model_checkpoint.py:658: Checkpoint directory /home/eng/shilo_avital/yolo_lab/walk_to_paint/outputs/wiki-rfa/wiki-rfa-optuna_20251203-235202/checkpoints exists and is not empty.
LOCAL_RANK: 0 - CUDA_VISIBLE_DEVICES: [1]
Metric val_auc_epoch improved. New best score: 0.651
Metric val_auc_epoch improved by 0.044 >= min_delta = 0.0. New best score: 0.695
Metric val_auc_epoch improved by 0.023 >= min_delta = 0.0. New best score: 0.718
Metric val_auc_epoch improved by 0.007 >= min_delta = 0.0. New best score: 0.725
Metric val_auc_epoch improved by 0.003 >= min_delta = 0.0. New best score: 0.728
Metric val_auc_epoch improved by 0.007 >= min_delta = 0.0. New best score: 0.734
❌ Trial 177 failed: Trial was pruned at epoch 9.
[I 2025-12-06 03:20:07,732] Trial 177 finished with value: 0.0 and parameters: {'dataset.max_walk_length': 87, 'dataset.num_walks': 761202, 'training.lr': 0.0019252283057378744, 'training.weight_decay': 1.998264757937974e-06, 'training.batch_size': 256, 'training.gradient_clip_val': 0.4123571001478873, 'training.early_stopping_patience': 9, 'model.nhead': 2, 'model.embedding_dim': 64, 'model.hidden_dim': 8, 'model.nlayers': 5, 'model.dropout': 0.2742030431502395, 'training.epochs': 13}. Best is trial 87 with value: 0.777931809425354.
Seed set to 220

🔬 Trial 178 hyperparameters:
  Walk length: 97, Num walks: 887,490
  LR: 7.73e-04, Batch size: 256
  Model: emb_dim=64, hidden_dim=8
  Transformer: 5 layers, 2 heads
  Epochs: 15, Weighted loss: True
Loading wiki-rfa dataset...
Success! ✅
Splitting edges for wiki-rfa dataset...
Ratios: train=0.480, mask=0.320, val=0.100, test=0.100
Success! ✅
Sampling random walks from wiki-rfa dataset...
Success! ✅
Building tokenizer for wiki-rfa dataset...
Success! ✅
Padding and building stage tensors for wiki-rfa dataset...
Success! ✅
Data creation profiling (seconds):
  get_edge_list: 84.80s
  split_edges: 0.10s
  get_walks: 68.54s
  get_tokenizer: 2.04s
  encode_walks: 35.92s
  pad_and_build_stage_tensors: 4.81s
Creating DataLoaders for wiki-rfa dataset...
Success! ✅
GPU available: True (cuda), used: True
TPU available: False, using: 0 TPU cores
HPU available: False, using: 0 HPUs
/home/eng/shilo_avital/yolo_lab/walk_to_paint/.venv/lib64/python3.9/site-packages/pytorch_lightning/callbacks/model_checkpoint.py:658: Checkpoint directory /home/eng/shilo_avital/yolo_lab/walk_to_paint/outputs/wiki-rfa/wiki-rfa-optuna_20251203-235202/checkpoints exists and is not empty.
LOCAL_RANK: 0 - CUDA_VISIBLE_DEVICES: [1]
Metric val_auc_epoch improved. New best score: 0.627
Metric val_auc_epoch improved by 0.032 >= min_delta = 0.0. New best score: 0.659
Metric val_auc_epoch improved by 0.022 >= min_delta = 0.0. New best score: 0.682
Metric val_auc_epoch improved by 0.023 >= min_delta = 0.0. New best score: 0.704
Metric val_auc_epoch improved by 0.011 >= min_delta = 0.0. New best score: 0.715
Metric val_auc_epoch improved by 0.007 >= min_delta = 0.0. New best score: 0.722
Metric val_auc_epoch improved by 0.002 >= min_delta = 0.0. New best score: 0.724
Metric val_auc_epoch improved by 0.002 >= min_delta = 0.0. New best score: 0.726
Metric val_auc_epoch improved by 0.006 >= min_delta = 0.0. New best score: 0.732
❌ Trial 178 failed: Trial was pruned at epoch 9.
[I 2025-12-06 03:38:39,243] Trial 178 finished with value: 0.0 and parameters: {'dataset.max_walk_length': 97, 'dataset.num_walks': 887490, 'training.lr': 0.0007727335431266248, 'training.weight_decay': 6.537641932335865e-06, 'training.batch_size': 256, 'training.gradient_clip_val': 0.39189468207245637, 'training.early_stopping_patience': 9, 'model.nhead': 2, 'model.embedding_dim': 64, 'model.hidden_dim': 8, 'model.nlayers': 5, 'model.dropout': 0.18916830772703355, 'training.epochs': 15}. Best is trial 87 with value: 0.777931809425354.
Seed set to 221

🔬 Trial 179 hyperparameters:
  Walk length: 89, Num walks: 948,009
  LR: 1.25e-03, Batch size: 256
  Model: emb_dim=64, hidden_dim=8
  Transformer: 5 layers, 2 heads
  Epochs: 12, Weighted loss: True
Loading wiki-rfa dataset...
Success! ✅
Splitting edges for wiki-rfa dataset...
Ratios: train=0.480, mask=0.320, val=0.100, test=0.100
Success! ✅
Sampling random walks from wiki-rfa dataset...
Success! ✅
Building tokenizer for wiki-rfa dataset...
Success! ✅
Padding and building stage tensors for wiki-rfa dataset...
Success! ✅
Data creation profiling (seconds):
  get_edge_list: 84.93s
  split_edges: 0.10s
  get_walks: 73.92s
  get_tokenizer: 2.02s
  encode_walks: 40.58s
  pad_and_build_stage_tensors: 5.00s
Creating DataLoaders for wiki-rfa dataset...
Success! ✅
GPU available: True (cuda), used: True
TPU available: False, using: 0 TPU cores
HPU available: False, using: 0 HPUs
/home/eng/shilo_avital/yolo_lab/walk_to_paint/.venv/lib64/python3.9/site-packages/pytorch_lightning/callbacks/model_checkpoint.py:658: Checkpoint directory /home/eng/shilo_avital/yolo_lab/walk_to_paint/outputs/wiki-rfa/wiki-rfa-optuna_20251203-235202/checkpoints exists and is not empty.
LOCAL_RANK: 0 - CUDA_VISIBLE_DEVICES: [1]
Metric val_auc_epoch improved. New best score: 0.648
Metric val_auc_epoch improved by 0.046 >= min_delta = 0.0. New best score: 0.694
Metric val_auc_epoch improved by 0.007 >= min_delta = 0.0. New best score: 0.700
Metric val_auc_epoch improved by 0.005 >= min_delta = 0.0. New best score: 0.705
Metric val_auc_epoch improved by 0.005 >= min_delta = 0.0. New best score: 0.711
❌ Trial 179 failed: Trial was pruned at epoch 6.
[I 2025-12-06 03:51:52,972] Trial 179 finished with value: 0.0 and parameters: {'dataset.max_walk_length': 89, 'dataset.num_walks': 948009, 'training.lr': 0.0012548400046741633, 'training.weight_decay': 7.422936210172894e-07, 'training.batch_size': 256, 'training.gradient_clip_val': 0.4598667310522868, 'training.early_stopping_patience': 8, 'model.nhead': 2, 'model.embedding_dim': 64, 'model.hidden_dim': 8, 'model.nlayers': 5, 'model.dropout': 0.23066438557430025, 'training.epochs': 12}. Best is trial 87 with value: 0.777931809425354.
Seed set to 222

🔬 Trial 180 hyperparameters:
  Walk length: 94, Num walks: 1,039,745
  LR: 1.57e-03, Batch size: 256
  Model: emb_dim=64, hidden_dim=8
  Transformer: 5 layers, 8 heads
  Epochs: 11, Weighted loss: True
Loading wiki-rfa dataset...
Success! ✅
Splitting edges for wiki-rfa dataset...
Ratios: train=0.480, mask=0.320, val=0.100, test=0.100
Success! ✅
Sampling random walks from wiki-rfa dataset...
Success! ✅
Building tokenizer for wiki-rfa dataset...
Success! ✅
Padding and building stage tensors for wiki-rfa dataset...
Success! ✅
Data creation profiling (seconds):
  get_edge_list: 4.17s
  split_edges: 0.09s
  get_walks: 160.56s
  get_tokenizer: 2.19s
  encode_walks: 42.31s
  pad_and_build_stage_tensors: 5.48s
Creating DataLoaders for wiki-rfa dataset...
Success! ✅
GPU available: True (cuda), used: True
TPU available: False, using: 0 TPU cores
HPU available: False, using: 0 HPUs
/home/eng/shilo_avital/yolo_lab/walk_to_paint/.venv/lib64/python3.9/site-packages/pytorch_lightning/callbacks/model_checkpoint.py:658: Checkpoint directory /home/eng/shilo_avital/yolo_lab/walk_to_paint/outputs/wiki-rfa/wiki-rfa-optuna_20251203-235202/checkpoints exists and is not empty.
LOCAL_RANK: 0 - CUDA_VISIBLE_DEVICES: [1]
Metric val_auc_epoch improved. New best score: 0.663
Metric val_auc_epoch improved by 0.049 >= min_delta = 0.0. New best score: 0.712
Metric val_auc_epoch improved by 0.006 >= min_delta = 0.0. New best score: 0.718
Metric val_auc_epoch improved by 0.005 >= min_delta = 0.0. New best score: 0.723
❌ Trial 180 failed: Trial was pruned at epoch 7.
[I 2025-12-06 04:18:09,182] Trial 180 finished with value: 0.0 and parameters: {'dataset.max_walk_length': 94, 'dataset.num_walks': 1039745, 'training.lr': 0.0015696182126214776, 'training.weight_decay': 4.684405982916045e-06, 'training.batch_size': 256, 'training.gradient_clip_val': 0.5131693403290882, 'training.early_stopping_patience': 13, 'model.nhead': 8, 'model.embedding_dim': 64, 'model.hidden_dim': 8, 'model.nlayers': 5, 'model.dropout': 0.1506848664268917, 'training.epochs': 11}. Best is trial 87 with value: 0.777931809425354.
🧹 Cleaning up old checkpoints and logs (keeping top 10)...
  Removed old checkpoint: trial_170-epoch=05-val_auc_epoch=0.7261.ckpt
  Removed old checkpoint: trial_169-epoch=04-val_auc_epoch=0.7642.ckpt
  Removed old checkpoint: trial_168-epoch=07-val_auc_epoch=0.7269.ckpt
  Removed old checkpoint: trial_167-epoch=04-val_auc_epoch=0.6839.ckpt
  Removed old checkpoint: trial_166-epoch=00-val_auc_epoch=0.5019.ckpt
  Removed old log dir: trial_170
  Removed old log dir: trial_169
  Removed old log dir: trial_168
  Removed old log dir: trial_167
  Removed old log dir: trial_166
Seed set to 223

🔬 Trial 181 hyperparameters:
  Walk length: 85, Num walks: 1,157,345
  LR: 9.22e-04, Batch size: 256
  Model: emb_dim=64, hidden_dim=8
  Transformer: 5 layers, 2 heads
  Epochs: 12, Weighted loss: True
Loading wiki-rfa dataset...
Success! ✅
Splitting edges for wiki-rfa dataset...
Ratios: train=0.480, mask=0.320, val=0.100, test=0.100
Success! ✅
Sampling random walks from wiki-rfa dataset...
Success! ✅
Building tokenizer for wiki-rfa dataset...
Success! ✅
Padding and building stage tensors for wiki-rfa dataset...
Success! ✅
Data creation profiling (seconds):
  get_edge_list: 84.84s
  split_edges: 0.10s
  get_walks: 89.75s
  get_tokenizer: 2.41s
  encode_walks: 48.25s
  pad_and_build_stage_tensors: 6.11s
Creating DataLoaders for wiki-rfa dataset...
Success! ✅
GPU available: True (cuda), used: True
TPU available: False, using: 0 TPU cores
HPU available: False, using: 0 HPUs
/home/eng/shilo_avital/yolo_lab/walk_to_paint/.venv/lib64/python3.9/site-packages/pytorch_lightning/callbacks/model_checkpoint.py:658: Checkpoint directory /home/eng/shilo_avital/yolo_lab/walk_to_paint/outputs/wiki-rfa/wiki-rfa-optuna_20251203-235202/checkpoints exists and is not empty.
LOCAL_RANK: 0 - CUDA_VISIBLE_DEVICES: [1]
Metric val_auc_epoch improved. New best score: 0.679
Metric val_auc_epoch improved by 0.036 >= min_delta = 0.0. New best score: 0.714
Metric val_auc_epoch improved by 0.010 >= min_delta = 0.0. New best score: 0.724
Metric val_auc_epoch improved by 0.004 >= min_delta = 0.0. New best score: 0.729
❌ Trial 181 failed: Trial was pruned at epoch 8.
[I 2025-12-06 04:36:55,203] Trial 181 finished with value: 0.0 and parameters: {'dataset.max_walk_length': 85, 'dataset.num_walks': 1157345, 'training.lr': 0.0009217573544207471, 'training.weight_decay': 1.2838915289236967e-05, 'training.batch_size': 256, 'training.gradient_clip_val': 0.358480578222967, 'training.early_stopping_patience': 8, 'model.nhead': 2, 'model.embedding_dim': 64, 'model.hidden_dim': 8, 'model.nlayers': 5, 'model.dropout': 0.21850172323229114, 'training.epochs': 12}. Best is trial 87 with value: 0.777931809425354.
Seed set to 224

🔬 Trial 182 hyperparameters:
  Walk length: 83, Num walks: 787,904
  LR: 1.11e-03, Batch size: 256
  Model: emb_dim=64, hidden_dim=8
  Transformer: 5 layers, 2 heads
  Epochs: 11, Weighted loss: True
Loading wiki-rfa dataset...
Success! ✅
Splitting edges for wiki-rfa dataset...
Ratios: train=0.480, mask=0.320, val=0.100, test=0.100
Success! ✅
Sampling random walks from wiki-rfa dataset...
Success! ✅
Building tokenizer for wiki-rfa dataset...
Success! ✅
Padding and building stage tensors for wiki-rfa dataset...
Success! ✅
Data creation profiling (seconds):
  get_edge_list: 4.12s
  split_edges: 0.09s
  get_walks: 139.91s
  get_tokenizer: 1.69s
  encode_walks: 31.79s
  pad_and_build_stage_tensors: 4.09s
Creating DataLoaders for wiki-rfa dataset...
Success! ✅
GPU available: True (cuda), used: True
TPU available: False, using: 0 TPU cores
HPU available: False, using: 0 HPUs
/home/eng/shilo_avital/yolo_lab/walk_to_paint/.venv/lib64/python3.9/site-packages/pytorch_lightning/callbacks/model_checkpoint.py:658: Checkpoint directory /home/eng/shilo_avital/yolo_lab/walk_to_paint/outputs/wiki-rfa/wiki-rfa-optuna_20251203-235202/checkpoints exists and is not empty.
LOCAL_RANK: 0 - CUDA_VISIBLE_DEVICES: [1]
Metric val_auc_epoch improved. New best score: 0.664
Metric val_auc_epoch improved by 0.029 >= min_delta = 0.0. New best score: 0.692
Metric val_auc_epoch improved by 0.023 >= min_delta = 0.0. New best score: 0.715
Metric val_auc_epoch improved by 0.016 >= min_delta = 0.0. New best score: 0.731
Metric val_auc_epoch improved by 0.005 >= min_delta = 0.0. New best score: 0.736
Metric val_auc_epoch improved by 0.003 >= min_delta = 0.0. New best score: 0.739
`Trainer.fit` stopped: `max_epochs=11` reached.
Restoring states from the checkpoint path at /home/eng/shilo_avital/yolo_lab/walk_to_paint/outputs/wiki-rfa/wiki-rfa-optuna_20251203-235202/checkpoints/trial_182-epoch=06-val_auc_epoch=0.7391.ckpt
LOCAL_RANK: 0 - CUDA_VISIBLE_DEVICES: [1]
Loaded model weights from the checkpoint at /home/eng/shilo_avital/yolo_lab/walk_to_paint/outputs/wiki-rfa/wiki-rfa-optuna_20251203-235202/checkpoints/trial_182-epoch=06-val_auc_epoch=0.7391.ckpt
❌ Trial 182 failed: Trial was pruned at epoch 11.
[I 2025-12-06 04:52:33,028] Trial 182 finished with value: 0.0 and parameters: {'dataset.max_walk_length': 83, 'dataset.num_walks': 787904, 'training.lr': 0.0011074959166225554, 'training.weight_decay': 2.8436768140233495e-05, 'training.batch_size': 256, 'training.gradient_clip_val': 0.7055202546040036, 'training.early_stopping_patience': 8, 'model.nhead': 2, 'model.embedding_dim': 64, 'model.hidden_dim': 8, 'model.nlayers': 5, 'model.dropout': 0.233172904018938, 'training.epochs': 11}. Best is trial 87 with value: 0.777931809425354.
Seed set to 225

🔬 Trial 183 hyperparameters:
  Walk length: 87, Num walks: 746,043
  LR: 2.05e-03, Batch size: 256
  Model: emb_dim=64, hidden_dim=8
  Transformer: 4 layers, 2 heads
  Epochs: 13, Weighted loss: True
Loading wiki-rfa dataset...
Success! ✅
Splitting edges for wiki-rfa dataset...
Ratios: train=0.480, mask=0.320, val=0.100, test=0.100
Success! ✅
Sampling random walks from wiki-rfa dataset...
Success! ✅
Building tokenizer for wiki-rfa dataset...
Success! ✅
Padding and building stage tensors for wiki-rfa dataset...
Success! ✅
Data creation profiling (seconds):
  get_edge_list: 4.55s
  split_edges: 0.09s
  get_walks: 57.99s
  get_tokenizer: 1.63s
  encode_walks: 30.48s
  pad_and_build_stage_tensors: 3.86s
Creating DataLoaders for wiki-rfa dataset...
Success! ✅
GPU available: True (cuda), used: True
TPU available: False, using: 0 TPU cores
HPU available: False, using: 0 HPUs
/home/eng/shilo_avital/yolo_lab/walk_to_paint/.venv/lib64/python3.9/site-packages/pytorch_lightning/callbacks/model_checkpoint.py:658: Checkpoint directory /home/eng/shilo_avital/yolo_lab/walk_to_paint/outputs/wiki-rfa/wiki-rfa-optuna_20251203-235202/checkpoints exists and is not empty.
LOCAL_RANK: 0 - CUDA_VISIBLE_DEVICES: [1]
Metric val_auc_epoch improved. New best score: 0.668
Metric val_auc_epoch improved by 0.045 >= min_delta = 0.0. New best score: 0.713
Metric val_auc_epoch improved by 0.023 >= min_delta = 0.0. New best score: 0.736
Metric val_auc_epoch improved by 0.007 >= min_delta = 0.0. New best score: 0.743
Metric val_auc_epoch improved by 0.008 >= min_delta = 0.0. New best score: 0.751
`Trainer.fit` stopped: `max_epochs=13` reached.
Restoring states from the checkpoint path at /home/eng/shilo_avital/yolo_lab/walk_to_paint/outputs/wiki-rfa/wiki-rfa-optuna_20251203-235202/checkpoints/trial_183-epoch=05-val_auc_epoch=0.7511.ckpt
LOCAL_RANK: 0 - CUDA_VISIBLE_DEVICES: [1]
Loaded model weights from the checkpoint at /home/eng/shilo_avital/yolo_lab/walk_to_paint/outputs/wiki-rfa/wiki-rfa-optuna_20251203-235202/checkpoints/trial_183-epoch=05-val_auc_epoch=0.7511.ckpt
────────────────────────────────────────────────────────────────────────────────────────────────────────────────────────
     Validate metric           DataLoader 0
────────────────────────────────────────────────────────────────────────────────────────────────────────────────────────
          step                     13.0
      val_acc_epoch         0.5310385823249817
      val_auc_epoch         0.7511150240898132
      val_f1_epoch          0.5057708024978638
        val_loss             3.006760358810425
────────────────────────────────────────────────────────────────────────────────────────────────────────────────────────
✅ Trial 183 completed - Val AUC: 0.7511
[I 2025-12-06 05:07:03,828] Trial 183 finished with value: 0.7511150240898132 and parameters: {'dataset.max_walk_length': 87, 'dataset.num_walks': 746043, 'training.lr': 0.0020528526142362382, 'training.weight_decay': 2.093110363298273e-06, 'training.batch_size': 256, 'training.gradient_clip_val': 0.8064798149655035, 'training.early_stopping_patience': 12, 'model.nhead': 2, 'model.embedding_dim': 64, 'model.hidden_dim': 8, 'model.nlayers': 4, 'model.dropout': 0.2502800001183592, 'training.epochs': 13}. Best is trial 87 with value: 0.777931809425354.
Seed set to 226

🔬 Trial 184 hyperparameters:
  Walk length: 86, Num walks: 685,539
  LR: 2.16e-03, Batch size: 256
  Model: emb_dim=64, hidden_dim=8
  Transformer: 5 layers, 2 heads
  Epochs: 13, Weighted loss: True
Loading wiki-rfa dataset...
Success! ✅
Splitting edges for wiki-rfa dataset...
Ratios: train=0.480, mask=0.320, val=0.100, test=0.100
Success! ✅
Sampling random walks from wiki-rfa dataset...
Success! ✅
Building tokenizer for wiki-rfa dataset...
Success! ✅
Padding and building stage tensors for wiki-rfa dataset...
Success! ✅
Data creation profiling (seconds):
  get_edge_list: 4.78s
  split_edges: 0.10s
  get_walks: 53.95s
  get_tokenizer: 1.50s
  encode_walks: 27.88s
  pad_and_build_stage_tensors: 3.68s
Creating DataLoaders for wiki-rfa dataset...
Success! ✅
GPU available: True (cuda), used: True
TPU available: False, using: 0 TPU cores
HPU available: False, using: 0 HPUs
/home/eng/shilo_avital/yolo_lab/walk_to_paint/.venv/lib64/python3.9/site-packages/pytorch_lightning/callbacks/model_checkpoint.py:658: Checkpoint directory /home/eng/shilo_avital/yolo_lab/walk_to_paint/outputs/wiki-rfa/wiki-rfa-optuna_20251203-235202/checkpoints exists and is not empty.
LOCAL_RANK: 0 - CUDA_VISIBLE_DEVICES: [1]
Metric val_auc_epoch improved. New best score: 0.611
Metric val_auc_epoch improved by 0.057 >= min_delta = 0.0. New best score: 0.668
Metric val_auc_epoch improved by 0.011 >= min_delta = 0.0. New best score: 0.679
Metric val_auc_epoch improved by 0.018 >= min_delta = 0.0. New best score: 0.698
Metric val_auc_epoch improved by 0.021 >= min_delta = 0.0. New best score: 0.718
Metric val_auc_epoch improved by 0.006 >= min_delta = 0.0. New best score: 0.725
Metric val_auc_epoch improved by 0.005 >= min_delta = 0.0. New best score: 0.729
❌ Trial 184 failed: Trial was pruned at epoch 8.
[I 2025-12-06 05:17:33,278] Trial 184 finished with value: 0.0 and parameters: {'dataset.max_walk_length': 86, 'dataset.num_walks': 685539, 'training.lr': 0.002156709016001413, 'training.weight_decay': 2.2982087248724767e-06, 'training.batch_size': 256, 'training.gradient_clip_val': 0.8001264529881305, 'training.early_stopping_patience': 9, 'model.nhead': 2, 'model.embedding_dim': 64, 'model.hidden_dim': 8, 'model.nlayers': 5, 'model.dropout': 0.2520383777378257, 'training.epochs': 13}. Best is trial 87 with value: 0.777931809425354.
Seed set to 227

🔬 Trial 185 hyperparameters:
  Walk length: 90, Num walks: 726,581
  LR: 2.92e-03, Batch size: 256
  Model: emb_dim=64, hidden_dim=8
  Transformer: 1 layers, 2 heads
  Epochs: 13, Weighted loss: True
Loading wiki-rfa dataset...
Success! ✅
Splitting edges for wiki-rfa dataset...
Ratios: train=0.480, mask=0.320, val=0.100, test=0.100
Success! ✅
Sampling random walks from wiki-rfa dataset...
Success! ✅
Building tokenizer for wiki-rfa dataset...
Success! ✅
Padding and building stage tensors for wiki-rfa dataset...
Success! ✅
Data creation profiling (seconds):
  get_edge_list: 84.86s
  split_edges: 0.10s
  get_walks: 55.87s
  get_tokenizer: 1.59s
  encode_walks: 30.04s
  pad_and_build_stage_tensors: 3.74s
Creating DataLoaders for wiki-rfa dataset...
Success! ✅
GPU available: True (cuda), used: True
TPU available: False, using: 0 TPU cores
HPU available: False, using: 0 HPUs
/home/eng/shilo_avital/yolo_lab/walk_to_paint/.venv/lib64/python3.9/site-packages/pytorch_lightning/callbacks/model_checkpoint.py:658: Checkpoint directory /home/eng/shilo_avital/yolo_lab/walk_to_paint/outputs/wiki-rfa/wiki-rfa-optuna_20251203-235202/checkpoints exists and is not empty.
LOCAL_RANK: 0 - CUDA_VISIBLE_DEVICES: [1]
Metric val_auc_epoch improved. New best score: 0.670
Metric val_auc_epoch improved by 0.014 >= min_delta = 0.0. New best score: 0.684
Metric val_auc_epoch improved by 0.000 >= min_delta = 0.0. New best score: 0.685
Metric val_auc_epoch improved by 0.008 >= min_delta = 0.0. New best score: 0.692
❌ Trial 185 failed: Trial was pruned at epoch 5.
[I 2025-12-06 05:23:59,812] Trial 185 finished with value: 0.0 and parameters: {'dataset.max_walk_length': 90, 'dataset.num_walks': 726581, 'training.lr': 0.002919496170196833, 'training.weight_decay': 1.415473632021887e-06, 'training.batch_size': 256, 'training.gradient_clip_val': 0.8966267013282857, 'training.early_stopping_patience': 12, 'model.nhead': 2, 'model.embedding_dim': 64, 'model.hidden_dim': 8, 'model.nlayers': 1, 'model.dropout': 0.2869654697772211, 'training.epochs': 13}. Best is trial 87 with value: 0.777931809425354.
🧹 Cleaning up old checkpoints and logs (keeping top 10)...
  Removed old checkpoint: trial_175-epoch=02-val_auc_epoch=0.7223.ckpt
  Removed old checkpoint: trial_174-epoch=03-val_auc_epoch=0.7315.ckpt
  Removed old checkpoint: trial_173-epoch=05-val_auc_epoch=0.7112.ckpt
  Removed old checkpoint: trial_172-epoch=11-val_auc_epoch=0.7542.ckpt
  Removed old checkpoint: trial_171-epoch=03-val_auc_epoch=0.7551.ckpt
  Removed old log dir: trial_175
  Removed old log dir: trial_174
  Removed old log dir: trial_173
  Removed old log dir: trial_172
  Removed old log dir: trial_171
Seed set to 228

🔬 Trial 186 hyperparameters:
  Walk length: 87, Num walks: 629,482
  LR: 3.70e-03, Batch size: 256
  Model: emb_dim=64, hidden_dim=8
  Transformer: 5 layers, 2 heads
  Epochs: 14, Weighted loss: True
Loading wiki-rfa dataset...
Success! ✅
Splitting edges for wiki-rfa dataset...
Ratios: train=0.480, mask=0.320, val=0.100, test=0.100
Success! ✅
Sampling random walks from wiki-rfa dataset...
Success! ✅
Building tokenizer for wiki-rfa dataset...
Success! ✅
Padding and building stage tensors for wiki-rfa dataset...
Success! ✅
Data creation profiling (seconds):
  get_edge_list: 84.64s
  split_edges: 0.10s
  get_walks: 49.11s
  get_tokenizer: 1.51s
  encode_walks: 26.09s
  pad_and_build_stage_tensors: 3.35s
Creating DataLoaders for wiki-rfa dataset...
Success! ✅
GPU available: True (cuda), used: True
TPU available: False, using: 0 TPU cores
HPU available: False, using: 0 HPUs
/home/eng/shilo_avital/yolo_lab/walk_to_paint/.venv/lib64/python3.9/site-packages/pytorch_lightning/callbacks/model_checkpoint.py:658: Checkpoint directory /home/eng/shilo_avital/yolo_lab/walk_to_paint/outputs/wiki-rfa/wiki-rfa-optuna_20251203-235202/checkpoints exists and is not empty.
LOCAL_RANK: 0 - CUDA_VISIBLE_DEVICES: [1]
Metric val_auc_epoch improved. New best score: 0.504
❌ Trial 186 failed: Trial was pruned at epoch 5.
[I 2025-12-06 05:32:15,804] Trial 186 finished with value: 0.0 and parameters: {'dataset.max_walk_length': 87, 'dataset.num_walks': 629482, 'training.lr': 0.0037029265329632318, 'training.weight_decay': 3.4185187967774945e-06, 'training.batch_size': 256, 'training.gradient_clip_val': 0.8309686180612975, 'training.early_stopping_patience': 12, 'model.nhead': 2, 'model.embedding_dim': 64, 'model.hidden_dim': 8, 'model.nlayers': 5, 'model.dropout': 0.26960035095549345, 'training.epochs': 14}. Best is trial 87 with value: 0.777931809425354.
Seed set to 229

🔬 Trial 187 hyperparameters:
  Walk length: 92, Num walks: 859,987
  LR: 3.72e-04, Batch size: 256
  Model: emb_dim=64, hidden_dim=8
  Transformer: 5 layers, 2 heads
  Epochs: 10, Weighted loss: True
Loading wiki-rfa dataset...
Success! ✅
Splitting edges for wiki-rfa dataset...
Ratios: train=0.480, mask=0.320, val=0.100, test=0.100
Success! ✅
Sampling random walks from wiki-rfa dataset...
Success! ✅
Building tokenizer for wiki-rfa dataset...
Success! ✅
Padding and building stage tensors for wiki-rfa dataset...
Success! ✅
Data creation profiling (seconds):
  get_edge_list: 84.72s
  split_edges: 0.10s
  get_walks: 66.45s
  get_tokenizer: 1.83s
  encode_walks: 34.94s
  pad_and_build_stage_tensors: 4.56s
Creating DataLoaders for wiki-rfa dataset...
Success! ✅
GPU available: True (cuda), used: True
TPU available: False, using: 0 TPU cores
HPU available: False, using: 0 HPUs
/home/eng/shilo_avital/yolo_lab/walk_to_paint/.venv/lib64/python3.9/site-packages/pytorch_lightning/callbacks/model_checkpoint.py:658: Checkpoint directory /home/eng/shilo_avital/yolo_lab/walk_to_paint/outputs/wiki-rfa/wiki-rfa-optuna_20251203-235202/checkpoints exists and is not empty.
LOCAL_RANK: 0 - CUDA_VISIBLE_DEVICES: [1]
Metric val_auc_epoch improved. New best score: 0.597
Metric val_auc_epoch improved by 0.027 >= min_delta = 0.0. New best score: 0.624
Metric val_auc_epoch improved by 0.020 >= min_delta = 0.0. New best score: 0.644
Metric val_auc_epoch improved by 0.017 >= min_delta = 0.0. New best score: 0.661
Metric val_auc_epoch improved by 0.008 >= min_delta = 0.0. New best score: 0.669
❌ Trial 187 failed: Trial was pruned at epoch 5.
[I 2025-12-06 05:43:19,846] Trial 187 finished with value: 0.0 and parameters: {'dataset.max_walk_length': 92, 'dataset.num_walks': 859987, 'training.lr': 0.000371513069985595, 'training.weight_decay': 1.8596011831592156e-06, 'training.batch_size': 256, 'training.gradient_clip_val': 0.43009648623190055, 'training.early_stopping_patience': 11, 'model.nhead': 2, 'model.embedding_dim': 64, 'model.hidden_dim': 8, 'model.nlayers': 5, 'model.dropout': 0.168841048217009, 'training.epochs': 10}. Best is trial 87 with value: 0.777931809425354.
Seed set to 230

🔬 Trial 188 hyperparameters:
  Walk length: 89, Num walks: 762,193
  LR: 1.80e-03, Batch size: 256
  Model: emb_dim=64, hidden_dim=8
  Transformer: 4 layers, 2 heads
  Epochs: 12, Weighted loss: True
Loading wiki-rfa dataset...
Success! ✅
Splitting edges for wiki-rfa dataset...
Ratios: train=0.480, mask=0.320, val=0.100, test=0.100
Success! ✅
Sampling random walks from wiki-rfa dataset...
Success! ✅
Building tokenizer for wiki-rfa dataset...
Success! ✅
Padding and building stage tensors for wiki-rfa dataset...
Success! ✅
Data creation profiling (seconds):
  get_edge_list: 84.65s
  split_edges: 0.10s
  get_walks: 59.80s
  get_tokenizer: 1.66s
  encode_walks: 32.13s
  pad_and_build_stage_tensors: 3.93s
Creating DataLoaders for wiki-rfa dataset...
Success! ✅
GPU available: True (cuda), used: True
TPU available: False, using: 0 TPU cores
HPU available: False, using: 0 HPUs
/home/eng/shilo_avital/yolo_lab/walk_to_paint/.venv/lib64/python3.9/site-packages/pytorch_lightning/callbacks/model_checkpoint.py:658: Checkpoint directory /home/eng/shilo_avital/yolo_lab/walk_to_paint/outputs/wiki-rfa/wiki-rfa-optuna_20251203-235202/checkpoints exists and is not empty.
LOCAL_RANK: 0 - CUDA_VISIBLE_DEVICES: [1]
Metric val_auc_epoch improved. New best score: 0.694
Metric val_auc_epoch improved by 0.040 >= min_delta = 0.0. New best score: 0.734
Metric val_auc_epoch improved by 0.019 >= min_delta = 0.0. New best score: 0.753
Metric val_auc_epoch improved by 0.005 >= min_delta = 0.0. New best score: 0.758
`Trainer.fit` stopped: `max_epochs=12` reached.
Restoring states from the checkpoint path at /home/eng/shilo_avital/yolo_lab/walk_to_paint/outputs/wiki-rfa/wiki-rfa-optuna_20251203-235202/checkpoints/trial_188-epoch=03-val_auc_epoch=0.7580.ckpt
LOCAL_RANK: 0 - CUDA_VISIBLE_DEVICES: [1]
Loaded model weights from the checkpoint at /home/eng/shilo_avital/yolo_lab/walk_to_paint/outputs/wiki-rfa/wiki-rfa-optuna_20251203-235202/checkpoints/trial_188-epoch=03-val_auc_epoch=0.7580.ckpt
────────────────────────────────────────────────────────────────────────────────────────────────────────────────────────
     Validate metric           DataLoader 0
────────────────────────────────────────────────────────────────────────────────────────────────────────────────────────
          step                     12.0
      val_acc_epoch         0.5361385345458984
      val_auc_epoch         0.7580024600028992
      val_f1_epoch          0.5059636831283569
        val_loss             2.255662441253662
────────────────────────────────────────────────────────────────────────────────────────────────────────────────────────
✅ Trial 188 completed - Val AUC: 0.7580
[I 2025-12-06 05:58:42,430] Trial 188 finished with value: 0.7580024600028992 and parameters: {'dataset.max_walk_length': 89, 'dataset.num_walks': 762193, 'training.lr': 0.0017956906432947189, 'training.weight_decay': 4.3701167210205345e-06, 'training.batch_size': 256, 'training.gradient_clip_val': 0.9725784186914863, 'training.early_stopping_patience': 11, 'model.nhead': 2, 'model.embedding_dim': 64, 'model.hidden_dim': 8, 'model.nlayers': 4, 'model.dropout': 0.08025418933272349, 'training.epochs': 12}. Best is trial 87 with value: 0.777931809425354.
Seed set to 231

🔬 Trial 189 hyperparameters:
  Walk length: 20, Num walks: 767,597
  LR: 1.69e-03, Batch size: 256
  Model: emb_dim=64, hidden_dim=8
  Transformer: 4 layers, 2 heads
  Epochs: 12, Weighted loss: True
Loading wiki-rfa dataset...
Success! ✅
Splitting edges for wiki-rfa dataset...
Ratios: train=0.480, mask=0.320, val=0.100, test=0.100
Success! ✅
Sampling random walks from wiki-rfa dataset...
Success! ✅
Building tokenizer for wiki-rfa dataset...
Success! ✅
Padding and building stage tensors for wiki-rfa dataset...
Success! ✅
Data creation profiling (seconds):
  get_edge_list: 4.68s
  split_edges: 0.10s
  get_walks: 59.24s
  get_tokenizer: 1.54s
  encode_walks: 29.61s
  pad_and_build_stage_tensors: 3.68s
Creating DataLoaders for wiki-rfa dataset...
Success! ✅
GPU available: True (cuda), used: True
TPU available: False, using: 0 TPU cores
HPU available: False, using: 0 HPUs
/home/eng/shilo_avital/yolo_lab/walk_to_paint/.venv/lib64/python3.9/site-packages/pytorch_lightning/callbacks/model_checkpoint.py:658: Checkpoint directory /home/eng/shilo_avital/yolo_lab/walk_to_paint/outputs/wiki-rfa/wiki-rfa-optuna_20251203-235202/checkpoints exists and is not empty.
LOCAL_RANK: 0 - CUDA_VISIBLE_DEVICES: [1]
Metric val_auc_epoch improved. New best score: 0.678
Metric val_auc_epoch improved by 0.044 >= min_delta = 0.0. New best score: 0.722
Metric val_auc_epoch improved by 0.011 >= min_delta = 0.0. New best score: 0.733
Metric val_auc_epoch improved by 0.005 >= min_delta = 0.0. New best score: 0.738
Metric val_auc_epoch improved by 0.007 >= min_delta = 0.0. New best score: 0.745
Metric val_auc_epoch improved by 0.000 >= min_delta = 0.0. New best score: 0.745
`Trainer.fit` stopped: `max_epochs=12` reached.
Restoring states from the checkpoint path at /home/eng/shilo_avital/yolo_lab/walk_to_paint/outputs/wiki-rfa/wiki-rfa-optuna_20251203-235202/checkpoints/trial_189-epoch=07-val_auc_epoch=0.7453.ckpt
LOCAL_RANK: 0 - CUDA_VISIBLE_DEVICES: [1]
Loaded model weights from the checkpoint at /home/eng/shilo_avital/yolo_lab/walk_to_paint/outputs/wiki-rfa/wiki-rfa-optuna_20251203-235202/checkpoints/trial_189-epoch=07-val_auc_epoch=0.7453.ckpt
────────────────────────────────────────────────────────────────────────────────────────────────────────────────────────
     Validate metric           DataLoader 0
────────────────────────────────────────────────────────────────────────────────────────────────────────────────────────
          step                     12.0
      val_acc_epoch         0.49030110239982605
      val_auc_epoch         0.7453133463859558
      val_f1_epoch          0.4840950071811676
        val_loss            3.3364577293395996
────────────────────────────────────────────────────────────────────────────────────────────────────────────────────────
✅ Trial 189 completed - Val AUC: 0.7453
[I 2025-12-06 06:09:35,945] Trial 189 finished with value: 0.7453133463859558 and parameters: {'dataset.max_walk_length': 20, 'dataset.num_walks': 767597, 'training.lr': 0.001693344076866861, 'training.weight_decay': 5.863270253586649e-06, 'training.batch_size': 256, 'training.gradient_clip_val': 0.5874268930091587, 'training.early_stopping_patience': 11, 'model.nhead': 2, 'model.embedding_dim': 64, 'model.hidden_dim': 8, 'model.nlayers': 4, 'model.dropout': 0.07230913014913805, 'training.epochs': 12}. Best is trial 87 with value: 0.777931809425354.
Seed set to 232

🔬 Trial 190 hyperparameters:
  Walk length: 90, Num walks: 938,029
  LR: 1.43e-03, Batch size: 64
  Model: emb_dim=64, hidden_dim=8
  Transformer: 4 layers, 8 heads
  Epochs: 11, Weighted loss: True
Loading wiki-rfa dataset...
Success! ✅
Splitting edges for wiki-rfa dataset...
Ratios: train=0.480, mask=0.320, val=0.100, test=0.100
Success! ✅
Sampling random walks from wiki-rfa dataset...
Success! ✅
Building tokenizer for wiki-rfa dataset...
Success! ✅
Padding and building stage tensors for wiki-rfa dataset...
Success! ✅
Data creation profiling (seconds):
  get_edge_list: 4.54s
  split_edges: 0.09s
  get_walks: 72.22s
  get_tokenizer: 1.98s
  encode_walks: 37.37s
  pad_and_build_stage_tensors: 4.81s
Creating DataLoaders for wiki-rfa dataset...
Success! ✅
GPU available: True (cuda), used: True
TPU available: False, using: 0 TPU cores
HPU available: False, using: 0 HPUs
/home/eng/shilo_avital/yolo_lab/walk_to_paint/.venv/lib64/python3.9/site-packages/pytorch_lightning/callbacks/model_checkpoint.py:658: Checkpoint directory /home/eng/shilo_avital/yolo_lab/walk_to_paint/outputs/wiki-rfa/wiki-rfa-optuna_20251203-235202/checkpoints exists and is not empty.
LOCAL_RANK: 0 - CUDA_VISIBLE_DEVICES: [1]
Metric val_auc_epoch improved. New best score: 0.664
Metric val_auc_epoch improved by 0.043 >= min_delta = 0.0. New best score: 0.706
Metric val_auc_epoch improved by 0.010 >= min_delta = 0.0. New best score: 0.716
Metric val_auc_epoch improved by 0.002 >= min_delta = 0.0. New best score: 0.718
Metric val_auc_epoch improved by 0.007 >= min_delta = 0.0. New best score: 0.726
Metric val_auc_epoch improved by 0.004 >= min_delta = 0.0. New best score: 0.730
❌ Trial 190 failed: Trial was pruned at epoch 8.
[I 2025-12-06 06:44:47,905] Trial 190 finished with value: 0.0 and parameters: {'dataset.max_walk_length': 90, 'dataset.num_walks': 938029, 'training.lr': 0.0014283484675309366, 'training.weight_decay': 8.453165456610684e-06, 'training.batch_size': 64, 'training.gradient_clip_val': 0.958638455444851, 'training.early_stopping_patience': 11, 'model.nhead': 8, 'model.embedding_dim': 64, 'model.hidden_dim': 8, 'model.nlayers': 4, 'model.dropout': 0.10816194535319998, 'training.epochs': 11}. Best is trial 87 with value: 0.777931809425354.
🧹 Cleaning up old checkpoints and logs (keeping top 10)...
  Removed old checkpoint: trial_180-epoch=04-val_auc_epoch=0.7229.ckpt
  Removed old checkpoint: trial_179-epoch=04-val_auc_epoch=0.7108.ckpt
  Removed old checkpoint: trial_178-epoch=08-val_auc_epoch=0.7321.ckpt
  Removed old checkpoint: trial_177-epoch=05-val_auc_epoch=0.7343.ckpt
  Removed old checkpoint: trial_176-epoch=03-val_auc_epoch=0.7196.ckpt
  Removed old log dir: trial_180
  Removed old log dir: trial_179
  Removed old log dir: trial_178
  Removed old log dir: trial_177
  Removed old log dir: trial_176
Seed set to 233

🔬 Trial 191 hyperparameters:
  Walk length: 84, Num walks: 804,414
  LR: 2.25e-03, Batch size: 256
  Model: emb_dim=64, hidden_dim=8
  Transformer: 4 layers, 2 heads
  Epochs: 12, Weighted loss: True
Loading wiki-rfa dataset...
Success! ✅
Splitting edges for wiki-rfa dataset...
Ratios: train=0.480, mask=0.320, val=0.100, test=0.100
Success! ✅
Sampling random walks from wiki-rfa dataset...
Success! ✅
Building tokenizer for wiki-rfa dataset...
Success! ✅
Padding and building stage tensors for wiki-rfa dataset...
Success! ✅
Data creation profiling (seconds):
  get_edge_list: 84.81s
  split_edges: 0.10s
  get_walks: 62.06s
  get_tokenizer: 1.69s
  encode_walks: 33.57s
  pad_and_build_stage_tensors: 4.25s
Creating DataLoaders for wiki-rfa dataset...
Success! ✅
GPU available: True (cuda), used: True
TPU available: False, using: 0 TPU cores
HPU available: False, using: 0 HPUs
/home/eng/shilo_avital/yolo_lab/walk_to_paint/.venv/lib64/python3.9/site-packages/pytorch_lightning/callbacks/model_checkpoint.py:658: Checkpoint directory /home/eng/shilo_avital/yolo_lab/walk_to_paint/outputs/wiki-rfa/wiki-rfa-optuna_20251203-235202/checkpoints exists and is not empty.
LOCAL_RANK: 0 - CUDA_VISIBLE_DEVICES: [1]
Metric val_auc_epoch improved. New best score: 0.716
Metric val_auc_epoch improved by 0.021 >= min_delta = 0.0. New best score: 0.736
Metric val_auc_epoch improved by 0.001 >= min_delta = 0.0. New best score: 0.738
Metric val_auc_epoch improved by 0.005 >= min_delta = 0.0. New best score: 0.743
`Trainer.fit` stopped: `max_epochs=12` reached.
Restoring states from the checkpoint path at /home/eng/shilo_avital/yolo_lab/walk_to_paint/outputs/wiki-rfa/wiki-rfa-optuna_20251203-235202/checkpoints/trial_191-epoch=04-val_auc_epoch=0.7432.ckpt
LOCAL_RANK: 0 - CUDA_VISIBLE_DEVICES: [1]
Loaded model weights from the checkpoint at /home/eng/shilo_avital/yolo_lab/walk_to_paint/outputs/wiki-rfa/wiki-rfa-optuna_20251203-235202/checkpoints/trial_191-epoch=04-val_auc_epoch=0.7432.ckpt
❌ Trial 191 failed: Trial was pruned at epoch 12.
[I 2025-12-06 07:00:27,548] Trial 191 finished with value: 0.0 and parameters: {'dataset.max_walk_length': 84, 'dataset.num_walks': 804414, 'training.lr': 0.0022489981947310246, 'training.weight_decay': 4.166962627504964e-06, 'training.batch_size': 256, 'training.gradient_clip_val': 1.0163809921541982, 'training.early_stopping_patience': 12, 'model.nhead': 2, 'model.embedding_dim': 64, 'model.hidden_dim': 8, 'model.nlayers': 4, 'model.dropout': 0.09160604187532274, 'training.epochs': 12}. Best is trial 87 with value: 0.777931809425354.
Seed set to 234

🔬 Trial 192 hyperparameters:
  Walk length: 89, Num walks: 711,492
  LR: 1.91e-03, Batch size: 256
  Model: emb_dim=64, hidden_dim=32
  Transformer: 4 layers, 2 heads
  Epochs: 12, Weighted loss: True
Loading wiki-rfa dataset...
Success! ✅
Splitting edges for wiki-rfa dataset...
Ratios: train=0.480, mask=0.320, val=0.100, test=0.100
Success! ✅
Sampling random walks from wiki-rfa dataset...
Success! ✅
Building tokenizer for wiki-rfa dataset...
Success! ✅
Padding and building stage tensors for wiki-rfa dataset...
Success! ✅
Data creation profiling (seconds):
  get_edge_list: 4.53s
  split_edges: 0.10s
  get_walks: 55.31s
  get_tokenizer: 1.53s
  encode_walks: 29.16s
  pad_and_build_stage_tensors: 3.78s
Creating DataLoaders for wiki-rfa dataset...
Success! ✅
GPU available: True (cuda), used: True
TPU available: False, using: 0 TPU cores
HPU available: False, using: 0 HPUs
/home/eng/shilo_avital/yolo_lab/walk_to_paint/.venv/lib64/python3.9/site-packages/pytorch_lightning/callbacks/model_checkpoint.py:658: Checkpoint directory /home/eng/shilo_avital/yolo_lab/walk_to_paint/outputs/wiki-rfa/wiki-rfa-optuna_20251203-235202/checkpoints exists and is not empty.
LOCAL_RANK: 0 - CUDA_VISIBLE_DEVICES: [1]
Metric val_auc_epoch improved. New best score: 0.698
Metric val_auc_epoch improved by 0.017 >= min_delta = 0.0. New best score: 0.715
Metric val_auc_epoch improved by 0.014 >= min_delta = 0.0. New best score: 0.729
Metric val_auc_epoch improved by 0.005 >= min_delta = 0.0. New best score: 0.734
❌ Trial 192 failed: Trial was pruned at epoch 9.
[I 2025-12-06 07:11:26,294] Trial 192 finished with value: 0.0 and parameters: {'dataset.max_walk_length': 89, 'dataset.num_walks': 711492, 'training.lr': 0.0019071331513106496, 'training.weight_decay': 2.6117112124664694e-06, 'training.batch_size': 256, 'training.gradient_clip_val': 0.8588014775536595, 'training.early_stopping_patience': 10, 'model.nhead': 2, 'model.embedding_dim': 64, 'model.hidden_dim': 32, 'model.nlayers': 4, 'model.dropout': 0.08031032055838122, 'training.epochs': 12}. Best is trial 87 with value: 0.777931809425354.
Seed set to 235

🔬 Trial 193 hyperparameters:
  Walk length: 88, Num walks: 658,391
  LR: 2.73e-03, Batch size: 256
  Model: emb_dim=64, hidden_dim=8
  Transformer: 4 layers, 2 heads
  Epochs: 14, Weighted loss: True
Loading wiki-rfa dataset...
Success! ✅
Splitting edges for wiki-rfa dataset...
Ratios: train=0.480, mask=0.320, val=0.100, test=0.100
Success! ✅
Sampling random walks from wiki-rfa dataset...
Success! ✅
Building tokenizer for wiki-rfa dataset...
Success! ✅
Padding and building stage tensors for wiki-rfa dataset...
Success! ✅
Data creation profiling (seconds):
  get_edge_list: 84.64s
  split_edges: 0.09s
  get_walks: 51.19s
  get_tokenizer: 1.42s
  encode_walks: 26.70s
  pad_and_build_stage_tensors: 3.37s
Creating DataLoaders for wiki-rfa dataset...
Success! ✅
GPU available: True (cuda), used: True
TPU available: False, using: 0 TPU cores
HPU available: False, using: 0 HPUs
/home/eng/shilo_avital/yolo_lab/walk_to_paint/.venv/lib64/python3.9/site-packages/pytorch_lightning/callbacks/model_checkpoint.py:658: Checkpoint directory /home/eng/shilo_avital/yolo_lab/walk_to_paint/outputs/wiki-rfa/wiki-rfa-optuna_20251203-235202/checkpoints exists and is not empty.
LOCAL_RANK: 0 - CUDA_VISIBLE_DEVICES: [1]
Metric val_auc_epoch improved. New best score: 0.663
Metric val_auc_epoch improved by 0.022 >= min_delta = 0.0. New best score: 0.685
Metric val_auc_epoch improved by 0.020 >= min_delta = 0.0. New best score: 0.706
Metric val_auc_epoch improved by 0.016 >= min_delta = 0.0. New best score: 0.722
Metric val_auc_epoch improved by 0.015 >= min_delta = 0.0. New best score: 0.737
Metric val_auc_epoch improved by 0.003 >= min_delta = 0.0. New best score: 0.740
❌ Trial 193 failed: Trial was pruned at epoch 12.
[I 2025-12-06 07:25:23,381] Trial 193 finished with value: 0.0 and parameters: {'dataset.max_walk_length': 88, 'dataset.num_walks': 658391, 'training.lr': 0.002731033090444149, 'training.weight_decay': 1.2023162780551142e-06, 'training.batch_size': 256, 'training.gradient_clip_val': 0.384157284486902, 'training.early_stopping_patience': 11, 'model.nhead': 2, 'model.embedding_dim': 64, 'model.hidden_dim': 8, 'model.nlayers': 4, 'model.dropout': 0.2498981488075639, 'training.epochs': 14}. Best is trial 87 with value: 0.777931809425354.
Seed set to 236

🔬 Trial 194 hyperparameters:
  Walk length: 86, Num walks: 589,237
  LR: 5.33e-04, Batch size: 256
  Model: emb_dim=64, hidden_dim=256
  Transformer: 5 layers, 2 heads
  Epochs: 12, Weighted loss: True
Loading wiki-rfa dataset...
Success! ✅
Splitting edges for wiki-rfa dataset...
Ratios: train=0.480, mask=0.320, val=0.100, test=0.100
Success! ✅
Sampling random walks from wiki-rfa dataset...
Success! ✅
Building tokenizer for wiki-rfa dataset...
Success! ✅
Padding and building stage tensors for wiki-rfa dataset...
Success! ✅
Data creation profiling (seconds):
  get_edge_list: 84.64s
  split_edges: 0.10s
  get_walks: 45.39s
  get_tokenizer: 1.44s
  encode_walks: 24.12s
  pad_and_build_stage_tensors: 3.20s
Creating DataLoaders for wiki-rfa dataset...
Success! ✅
GPU available: True (cuda), used: True
TPU available: False, using: 0 TPU cores
HPU available: False, using: 0 HPUs
/home/eng/shilo_avital/yolo_lab/walk_to_paint/.venv/lib64/python3.9/site-packages/pytorch_lightning/callbacks/model_checkpoint.py:658: Checkpoint directory /home/eng/shilo_avital/yolo_lab/walk_to_paint/outputs/wiki-rfa/wiki-rfa-optuna_20251203-235202/checkpoints exists and is not empty.
LOCAL_RANK: 0 - CUDA_VISIBLE_DEVICES: [1]
Metric val_auc_epoch improved. New best score: 0.605
Metric val_auc_epoch improved by 0.050 >= min_delta = 0.0. New best score: 0.654
Metric val_auc_epoch improved by 0.038 >= min_delta = 0.0. New best score: 0.693
Metric val_auc_epoch improved by 0.022 >= min_delta = 0.0. New best score: 0.714
Metric val_auc_epoch improved by 0.013 >= min_delta = 0.0. New best score: 0.728
Metric val_auc_epoch improved by 0.005 >= min_delta = 0.0. New best score: 0.732
Metric val_auc_epoch improved by 0.010 >= min_delta = 0.0. New best score: 0.743
`Trainer.fit` stopped: `max_epochs=12` reached.
Restoring states from the checkpoint path at /home/eng/shilo_avital/yolo_lab/walk_to_paint/outputs/wiki-rfa/wiki-rfa-optuna_20251203-235202/checkpoints/trial_194-epoch=07-val_auc_epoch=0.7429.ckpt
LOCAL_RANK: 0 - CUDA_VISIBLE_DEVICES: [1]
Loaded model weights from the checkpoint at /home/eng/shilo_avital/yolo_lab/walk_to_paint/outputs/wiki-rfa/wiki-rfa-optuna_20251203-235202/checkpoints/trial_194-epoch=07-val_auc_epoch=0.7429.ckpt
────────────────────────────────────────────────────────────────────────────────────────────────────────────────────────
     Validate metric           DataLoader 0
────────────────────────────────────────────────────────────────────────────────────────────────────────────────────────
          step                     12.0
      val_acc_epoch         0.5192142724990845
      val_auc_epoch         0.7428881525993347
      val_f1_epoch           0.484555721282959
        val_loss             1.751793384552002
────────────────────────────────────────────────────────────────────────────────────────────────────────────────────────
✅ Trial 194 completed - Val AUC: 0.7429
[I 2025-12-06 07:40:08,478] Trial 194 finished with value: 0.7428881525993347 and parameters: {'dataset.max_walk_length': 86, 'dataset.num_walks': 589237, 'training.lr': 0.0005329354306421037, 'training.weight_decay': 7.3773042780674434e-06, 'training.batch_size': 256, 'training.gradient_clip_val': 0.7679076155943955, 'training.early_stopping_patience': 5, 'model.nhead': 2, 'model.embedding_dim': 64, 'model.hidden_dim': 256, 'model.nlayers': 5, 'model.dropout': 0.2046254436963964, 'training.epochs': 12}. Best is trial 87 with value: 0.777931809425354.
Seed set to 237

🔬 Trial 195 hyperparameters:
  Walk length: 93, Num walks: 829,751
  LR: 2.38e-03, Batch size: 256
  Model: emb_dim=32, hidden_dim=8
  Transformer: 5 layers, 2 heads
  Epochs: 13, Weighted loss: True
Loading wiki-rfa dataset...
Success! ✅
Splitting edges for wiki-rfa dataset...
Ratios: train=0.480, mask=0.320, val=0.100, test=0.100
Success! ✅
Sampling random walks from wiki-rfa dataset...
Success! ✅
Building tokenizer for wiki-rfa dataset...
Success! ✅
Padding and building stage tensors for wiki-rfa dataset...
Success! ✅
Data creation profiling (seconds):
  get_edge_list: 4.56s
  split_edges: 0.09s
  get_walks: 63.22s
  get_tokenizer: 1.96s
  encode_walks: 34.73s
  pad_and_build_stage_tensors: 4.38s
Creating DataLoaders for wiki-rfa dataset...
Success! ✅
GPU available: True (cuda), used: True
TPU available: False, using: 0 TPU cores
HPU available: False, using: 0 HPUs
/home/eng/shilo_avital/yolo_lab/walk_to_paint/.venv/lib64/python3.9/site-packages/pytorch_lightning/callbacks/model_checkpoint.py:658: Checkpoint directory /home/eng/shilo_avital/yolo_lab/walk_to_paint/outputs/wiki-rfa/wiki-rfa-optuna_20251203-235202/checkpoints exists and is not empty.
LOCAL_RANK: 0 - CUDA_VISIBLE_DEVICES: [1]
Metric val_auc_epoch improved. New best score: 0.692
Metric val_auc_epoch improved by 0.044 >= min_delta = 0.0. New best score: 0.736
Metric val_auc_epoch improved by 0.005 >= min_delta = 0.0. New best score: 0.741
❌ Trial 195 failed: Trial was pruned at epoch 12.
[I 2025-12-06 07:56:24,484] Trial 195 finished with value: 0.0 and parameters: {'dataset.max_walk_length': 93, 'dataset.num_walks': 829751, 'training.lr': 0.0023796913070154658, 'training.weight_decay': 1.6367795223622938e-05, 'training.batch_size': 256, 'training.gradient_clip_val': 0.46852926581241994, 'training.early_stopping_patience': 12, 'model.nhead': 2, 'model.embedding_dim': 32, 'model.hidden_dim': 8, 'model.nlayers': 5, 'model.dropout': 0.04396824516627795, 'training.epochs': 13}. Best is trial 87 with value: 0.777931809425354.
🧹 Cleaning up old checkpoints and logs (keeping top 10)...
  Removed old checkpoint: trial_185-epoch=03-val_auc_epoch=0.6924.ckpt
  Removed old checkpoint: trial_184-epoch=06-val_auc_epoch=0.7292.ckpt
  Removed old checkpoint: trial_183-epoch=05-val_auc_epoch=0.7511.ckpt
  Removed old checkpoint: trial_182-epoch=06-val_auc_epoch=0.7391.ckpt
  Removed old checkpoint: trial_181-epoch=03-val_auc_epoch=0.7286.ckpt
  Removed old log dir: trial_185
  Removed old log dir: trial_184
  Removed old log dir: trial_183
  Removed old log dir: trial_182
  Removed old log dir: trial_181
Seed set to 238

🔬 Trial 196 hyperparameters:
  Walk length: 82, Num walks: 753,149
  LR: 3.20e-03, Batch size: 128
  Model: emb_dim=8, hidden_dim=16
  Transformer: 4 layers, 1 heads
  Epochs: 13, Weighted loss: True
Loading wiki-rfa dataset...
Success! ✅
Splitting edges for wiki-rfa dataset...
Ratios: train=0.480, mask=0.320, val=0.100, test=0.100
Success! ✅
Sampling random walks from wiki-rfa dataset...
Success! ✅
Building tokenizer for wiki-rfa dataset...
Success! ✅
Padding and building stage tensors for wiki-rfa dataset...
Success! ✅
Data creation profiling (seconds):
  get_edge_list: 85.00s
  split_edges: 0.10s
  get_walks: 57.58s
  get_tokenizer: 1.61s
  encode_walks: 31.43s
  pad_and_build_stage_tensors: 3.88s
Creating DataLoaders for wiki-rfa dataset...
Success! ✅
/home/eng/shilo_avital/yolo_lab/walk_to_paint/.venv/lib64/python3.9/site-packages/torch/nn/modules/transformer.py:382: UserWarning: enable_nested_tensor is True, but self.use_nested_tensor is False because encoder_layer.self_attn.num_heads is odd
  warnings.warn(
GPU available: True (cuda), used: True
TPU available: False, using: 0 TPU cores
HPU available: False, using: 0 HPUs
/home/eng/shilo_avital/yolo_lab/walk_to_paint/.venv/lib64/python3.9/site-packages/pytorch_lightning/callbacks/model_checkpoint.py:658: Checkpoint directory /home/eng/shilo_avital/yolo_lab/walk_to_paint/outputs/wiki-rfa/wiki-rfa-optuna_20251203-235202/checkpoints exists and is not empty.
LOCAL_RANK: 0 - CUDA_VISIBLE_DEVICES: [1]
Metric val_auc_epoch improved. New best score: 0.569
Metric val_auc_epoch improved by 0.046 >= min_delta = 0.0. New best score: 0.615
Metric val_auc_epoch improved by 0.023 >= min_delta = 0.0. New best score: 0.638
Metric val_auc_epoch improved by 0.017 >= min_delta = 0.0. New best score: 0.655
Metric val_auc_epoch improved by 0.006 >= min_delta = 0.0. New best score: 0.661
❌ Trial 196 failed: Trial was pruned at epoch 5.
[I 2025-12-06 08:08:20,021] Trial 196 finished with value: 0.0 and parameters: {'dataset.max_walk_length': 82, 'dataset.num_walks': 753149, 'training.lr': 0.0031957416662909285, 'training.weight_decay': 4.640111877584381e-06, 'training.batch_size': 128, 'training.gradient_clip_val': 0.9714189943442734, 'training.early_stopping_patience': 13, 'model.nhead': 1, 'model.embedding_dim': 8, 'model.hidden_dim': 16, 'model.nlayers': 4, 'model.dropout': 0.23756390171584252, 'training.epochs': 13}. Best is trial 87 with value: 0.777931809425354.
Seed set to 239

🔬 Trial 197 hyperparameters:
  Walk length: 88, Num walks: 635,378
  LR: 1.81e-03, Batch size: 256
  Model: emb_dim=16, hidden_dim=64
  Transformer: 5 layers, 2 heads
  Epochs: 11, Weighted loss: True
Loading wiki-rfa dataset...
Success! ✅
Splitting edges for wiki-rfa dataset...
Ratios: train=0.480, mask=0.320, val=0.100, test=0.100
Success! ✅
Sampling random walks from wiki-rfa dataset...
Success! ✅
Building tokenizer for wiki-rfa dataset...
Success! ✅
Padding and building stage tensors for wiki-rfa dataset...
Success! ✅
Data creation profiling (seconds):
  get_edge_list: 84.84s
  split_edges: 0.10s
  get_walks: 48.78s
  get_tokenizer: 1.54s
  encode_walks: 26.13s
  pad_and_build_stage_tensors: 3.38s
Creating DataLoaders for wiki-rfa dataset...
Success! ✅
GPU available: True (cuda), used: True
TPU available: False, using: 0 TPU cores
HPU available: False, using: 0 HPUs
/home/eng/shilo_avital/yolo_lab/walk_to_paint/.venv/lib64/python3.9/site-packages/pytorch_lightning/callbacks/model_checkpoint.py:658: Checkpoint directory /home/eng/shilo_avital/yolo_lab/walk_to_paint/outputs/wiki-rfa/wiki-rfa-optuna_20251203-235202/checkpoints exists and is not empty.
LOCAL_RANK: 0 - CUDA_VISIBLE_DEVICES: [1]
Metric val_auc_epoch improved. New best score: 0.585
Metric val_auc_epoch improved by 0.036 >= min_delta = 0.0. New best score: 0.621
Metric val_auc_epoch improved by 0.020 >= min_delta = 0.0. New best score: 0.641
Metric val_auc_epoch improved by 0.017 >= min_delta = 0.0. New best score: 0.658
Metric val_auc_epoch improved by 0.014 >= min_delta = 0.0. New best score: 0.672
❌ Trial 197 failed: Trial was pruned at epoch 5.
[I 2025-12-06 08:15:48,514] Trial 197 finished with value: 0.0 and parameters: {'dataset.max_walk_length': 88, 'dataset.num_walks': 635378, 'training.lr': 0.0018072602507891425, 'training.weight_decay': 1.8550194738294727e-06, 'training.batch_size': 256, 'training.gradient_clip_val': 0.42283021977280727, 'training.early_stopping_patience': 10, 'model.nhead': 2, 'model.embedding_dim': 16, 'model.hidden_dim': 64, 'model.nlayers': 5, 'model.dropout': 0.13881391347239516, 'training.epochs': 11}. Best is trial 87 with value: 0.777931809425354.
Seed set to 240

🔬 Trial 198 hyperparameters:
  Walk length: 85, Num walks: 893,408
  LR: 1.30e-03, Batch size: 256
  Model: emb_dim=32, hidden_dim=8
  Transformer: 5 layers, 16 heads
  Epochs: 10, Weighted loss: True
Loading wiki-rfa dataset...
Success! ✅
Splitting edges for wiki-rfa dataset...
Ratios: train=0.480, mask=0.320, val=0.100, test=0.100
Success! ✅
Sampling random walks from wiki-rfa dataset...
Success! ✅
Building tokenizer for wiki-rfa dataset...
Success! ✅
Padding and building stage tensors for wiki-rfa dataset...
Success! ✅
Data creation profiling (seconds):
  get_edge_list: 84.95s
  split_edges: 0.09s
  get_walks: 67.46s
  get_tokenizer: 1.89s
  encode_walks: 36.79s
  pad_and_build_stage_tensors: 4.59s
Creating DataLoaders for wiki-rfa dataset...
Success! ✅
GPU available: True (cuda), used: True
TPU available: False, using: 0 TPU cores
HPU available: False, using: 0 HPUs
/home/eng/shilo_avital/yolo_lab/walk_to_paint/.venv/lib64/python3.9/site-packages/pytorch_lightning/callbacks/model_checkpoint.py:658: Checkpoint directory /home/eng/shilo_avital/yolo_lab/walk_to_paint/outputs/wiki-rfa/wiki-rfa-optuna_20251203-235202/checkpoints exists and is not empty.
LOCAL_RANK: 0 - CUDA_VISIBLE_DEVICES: [1]
Metric val_auc_epoch improved. New best score: 0.583
Metric val_auc_epoch improved by 0.043 >= min_delta = 0.0. New best score: 0.626
Metric val_auc_epoch improved by 0.021 >= min_delta = 0.0. New best score: 0.648
Metric val_auc_epoch improved by 0.011 >= min_delta = 0.0. New best score: 0.659
Metric val_auc_epoch improved by 0.001 >= min_delta = 0.0. New best score: 0.660
❌ Trial 198 failed: Trial was pruned at epoch 5.
[I 2025-12-06 09:00:49,763] Trial 198 finished with value: 0.0 and parameters: {'dataset.max_walk_length': 85, 'dataset.num_walks': 893408, 'training.lr': 0.0012974760459582176, 'training.weight_decay': 3.0997228863382333e-06, 'training.batch_size': 256, 'training.gradient_clip_val': 0.5090075393045046, 'training.early_stopping_patience': 5, 'model.nhead': 16, 'model.embedding_dim': 32, 'model.hidden_dim': 8, 'model.nlayers': 5, 'model.dropout': 0.22548559337761853, 'training.epochs': 10}. Best is trial 87 with value: 0.777931809425354.
Seed set to 241

🔬 Trial 199 hyperparameters:
  Walk length: 91, Num walks: 703,828
  LR: 3.99e-03, Batch size: 32
  Model: emb_dim=64, hidden_dim=4
  Transformer: 4 layers, 2 heads
  Epochs: 12, Weighted loss: True
Loading wiki-rfa dataset...
Success! ✅
Splitting edges for wiki-rfa dataset...
Ratios: train=0.480, mask=0.320, val=0.100, test=0.100
Success! ✅
Sampling random walks from wiki-rfa dataset...
Success! ✅
Building tokenizer for wiki-rfa dataset...
Success! ✅
Padding and building stage tensors for wiki-rfa dataset...
Success! ✅
Data creation profiling (seconds):
  get_edge_list: 84.98s
  split_edges: 0.10s
  get_walks: 54.66s
  get_tokenizer: 1.56s
  encode_walks: 28.69s
  pad_and_build_stage_tensors: 3.77s
Creating DataLoaders for wiki-rfa dataset...
Success! ✅
GPU available: True (cuda), used: True
TPU available: False, using: 0 TPU cores
HPU available: False, using: 0 HPUs
/home/eng/shilo_avital/yolo_lab/walk_to_paint/.venv/lib64/python3.9/site-packages/pytorch_lightning/callbacks/model_checkpoint.py:658: Checkpoint directory /home/eng/shilo_avital/yolo_lab/walk_to_paint/outputs/wiki-rfa/wiki-rfa-optuna_20251203-235202/checkpoints exists and is not empty.
LOCAL_RANK: 0 - CUDA_VISIBLE_DEVICES: [1]
Metric val_auc_epoch improved. New best score: 0.499
Metric val_auc_epoch improved by 0.002 >= min_delta = 0.0. New best score: 0.501
Metric val_auc_epoch improved by 0.002 >= min_delta = 0.0. New best score: 0.503
❌ Trial 199 failed: Trial was pruned at epoch 5.
[I 2025-12-06 09:34:35,618] Trial 199 finished with value: 0.0 and parameters: {'dataset.max_walk_length': 91, 'dataset.num_walks': 703828, 'training.lr': 0.0039927322789864005, 'training.weight_decay': 1.0943924751242951e-05, 'training.batch_size': 32, 'training.gradient_clip_val': 0.6469750661997636, 'training.early_stopping_patience': 5, 'model.nhead': 2, 'model.embedding_dim': 64, 'model.hidden_dim': 4, 'model.nlayers': 4, 'model.dropout': 0.21559189380752455, 'training.epochs': 12}. Best is trial 87 with value: 0.777931809425354.
🧹 Cleaning up old checkpoints and logs (keeping top 10)...
  Removed old checkpoint: trial_189-epoch=07-val_auc_epoch=0.7453.ckpt
  Removed old checkpoint: trial_188-epoch=03-val_auc_epoch=0.7580.ckpt
  Removed old checkpoint: trial_187-epoch=04-val_auc_epoch=0.6694.ckpt
  Removed old checkpoint: trial_186-epoch=00-val_auc_epoch=0.5042.ckpt
  Removed old log dir: trial_189
  Removed old log dir: trial_188
  Removed old log dir: trial_187
  Removed old log dir: trial_186

============================================================
🏆 OPTUNA OPTIMIZATION COMPLETED!
============================================================
Best trial: #87
Best validation AUC: 0.777932

📋 Best hyperparameters:

🗃️  Data Generation:
  dataset.max_walk_length: 82
  dataset.num_walks: 434857

🏋️  Training:
  training.batch_size: 256
  training.early_stopping_patience: 5
  training.epochs: 20
  training.gradient_clip_val: 0.5394002549968298
  training.lr: 0.0016135042002810406
  training.weight_decay: 2.9866739870000337e-05

🧠 Model Architecture:
  model.dropout: 0.14736239940786994
  model.embedding_dim: 64
  model.hidden_dim: 64
  model.nhead: 2
  model.nlayers: 5

💾 Saved best configuration to: outputs/wiki-rfa/wiki-rfa-optuna_20251203-235202/optuna/best_params_optuna_wiki-rfa-optuna_20251203-235202.yaml
🎯 Best validation AUC achieved: -0.777932
📊 Saved complete study to: outputs/wiki-rfa/wiki-rfa-optuna_20251203-235202/optuna/optuna_study_wiki-rfa-optuna_20251203-235202.pkl
Could not generate top-trial plots/checkpoints: '<' not supported between instances of 'float' and 'NoneType'

🚀 Use the best configuration to train your final model!
============================================================
