{"op_code": 0, "worker_id": "9d34be47-5855-458b-8f26-3a281b076ccb-139877134112576", "study_name": "walk_to_paint_study_epinions-optuna_20251203-235202", "directions": [2]}
{"op_code": 4, "worker_id": "9d34be47-5855-458b-8f26-3a281b076ccb-139877134112576", "study_id": 0, "datetime_start": null, "state": 4, "value": null, "values": null, "distributions": {}, "params": {}, "user_attrs": {}, "system_attrs": {"fixed_params": {"dataset.max_walk_length": 83, "dataset.num_walks": 219589, "training.lr": 0.0011990397793339518, "training.weight_decay": 0.0026821863636421073, "training.batch_size": 64, "training.gradient_clip_val": 0.5956847053697083, "training.early_stopping_patience": 10, "training.epochs": 25, "model.embedding_dim": 32, "model.hidden_dim": 16, "model.nhead": 8, "model.nlayers": 5, "model.dropout": 0.6207573207736868}}, "intermediate_values": {}}
{"op_code": 6, "worker_id": "9d34be47-5855-458b-8f26-3a281b076ccb-139877134112576", "trial_id": 0, "state": 0, "values": null, "datetime_start": "2025-12-03T23:52:05.337228"}
{"op_code": 5, "worker_id": "9d34be47-5855-458b-8f26-3a281b076ccb-139877134112576", "trial_id": 0, "param_name": "dataset.max_walk_length", "param_value_internal": 83.0, "distribution": "{\"name\": \"IntDistribution\", \"attributes\": {\"log\": false, \"step\": 1, \"low\": 10, \"high\": 100}}"}
{"op_code": 5, "worker_id": "9d34be47-5855-458b-8f26-3a281b076ccb-139877134112576", "trial_id": 0, "param_name": "dataset.num_walks", "param_value_internal": 219589.0, "distribution": "{\"name\": \"IntDistribution\", \"attributes\": {\"log\": true, \"step\": 1, \"low\": 100000, \"high\": 5000000}}"}
{"op_code": 5, "worker_id": "9d34be47-5855-458b-8f26-3a281b076ccb-139877134112576", "trial_id": 0, "param_name": "training.lr", "param_value_internal": 0.0011990397793339518, "distribution": "{\"name\": \"FloatDistribution\", \"attributes\": {\"step\": null, \"low\": 1e-05, \"high\": 0.1, \"log\": true}}"}
{"op_code": 5, "worker_id": "9d34be47-5855-458b-8f26-3a281b076ccb-139877134112576", "trial_id": 0, "param_name": "training.weight_decay", "param_value_internal": 0.0026821863636421073, "distribution": "{\"name\": \"FloatDistribution\", \"attributes\": {\"step\": null, \"low\": 1e-08, \"high\": 0.1, \"log\": true}}"}
{"op_code": 5, "worker_id": "9d34be47-5855-458b-8f26-3a281b076ccb-139877134112576", "trial_id": 0, "param_name": "training.batch_size", "param_value_internal": 1, "distribution": "{\"name\": \"CategoricalDistribution\", \"attributes\": {\"choices\": [32, 64, 128, 256, 512]}}"}
{"op_code": 5, "worker_id": "9d34be47-5855-458b-8f26-3a281b076ccb-139877134112576", "trial_id": 0, "param_name": "training.gradient_clip_val", "param_value_internal": 0.5956847053697083, "distribution": "{\"name\": \"FloatDistribution\", \"attributes\": {\"step\": null, \"low\": 0.1, \"high\": 2.0, \"log\": false}}"}
{"op_code": 5, "worker_id": "9d34be47-5855-458b-8f26-3a281b076ccb-139877134112576", "trial_id": 0, "param_name": "training.early_stopping_patience", "param_value_internal": 10.0, "distribution": "{\"name\": \"IntDistribution\", \"attributes\": {\"log\": false, \"step\": 1, \"low\": 5, \"high\": 20}}"}
{"op_code": 5, "worker_id": "9d34be47-5855-458b-8f26-3a281b076ccb-139877134112576", "trial_id": 0, "param_name": "model.nhead", "param_value_internal": 3, "distribution": "{\"name\": \"CategoricalDistribution\", \"attributes\": {\"choices\": [1, 2, 4, 8, 16]}}"}
{"op_code": 5, "worker_id": "9d34be47-5855-458b-8f26-3a281b076ccb-139877134112576", "trial_id": 0, "param_name": "model.embedding_dim", "param_value_internal": 3, "distribution": "{\"name\": \"CategoricalDistribution\", \"attributes\": {\"choices\": [4, 8, 16, 32, 64, 128]}}"}
{"op_code": 5, "worker_id": "9d34be47-5855-458b-8f26-3a281b076ccb-139877134112576", "trial_id": 0, "param_name": "model.hidden_dim", "param_value_internal": 2, "distribution": "{\"name\": \"CategoricalDistribution\", \"attributes\": {\"choices\": [4, 8, 16, 32, 64, 128, 256]}}"}
{"op_code": 5, "worker_id": "9d34be47-5855-458b-8f26-3a281b076ccb-139877134112576", "trial_id": 0, "param_name": "model.nlayers", "param_value_internal": 5.0, "distribution": "{\"name\": \"IntDistribution\", \"attributes\": {\"log\": false, \"step\": 1, \"low\": 1, \"high\": 6}}"}
{"op_code": 5, "worker_id": "9d34be47-5855-458b-8f26-3a281b076ccb-139877134112576", "trial_id": 0, "param_name": "model.dropout", "param_value_internal": 0.6207573207736868, "distribution": "{\"name\": \"FloatDistribution\", \"attributes\": {\"step\": null, \"low\": 0.0, \"high\": 0.7, \"log\": false}}"}
{"op_code": 5, "worker_id": "9d34be47-5855-458b-8f26-3a281b076ccb-139877134112576", "trial_id": 0, "param_name": "training.epochs", "param_value_internal": 25.0, "distribution": "{\"name\": \"IntDistribution\", \"attributes\": {\"log\": false, \"step\": 1, \"low\": 6, \"high\": 25}}"}
{"op_code": 8, "worker_id": "9d34be47-5855-458b-8f26-3a281b076ccb-139877134112576", "trial_id": 0, "user_attr": {"seed": 42}}
{"op_code": 7, "worker_id": "9d34be47-5855-458b-8f26-3a281b076ccb-139877134112576", "trial_id": 0, "step": 0, "intermediate_value": 0.6997948884963989}
{"op_code": 7, "worker_id": "9d34be47-5855-458b-8f26-3a281b076ccb-139877134112576", "trial_id": 0, "step": 1, "intermediate_value": 0.7286157608032227}
{"op_code": 7, "worker_id": "9d34be47-5855-458b-8f26-3a281b076ccb-139877134112576", "trial_id": 0, "step": 2, "intermediate_value": 0.738226056098938}
{"op_code": 7, "worker_id": "9d34be47-5855-458b-8f26-3a281b076ccb-139877134112576", "trial_id": 0, "step": 3, "intermediate_value": 0.7413852214813232}
{"op_code": 7, "worker_id": "9d34be47-5855-458b-8f26-3a281b076ccb-139877134112576", "trial_id": 0, "step": 4, "intermediate_value": 0.738296389579773}
{"op_code": 7, "worker_id": "9d34be47-5855-458b-8f26-3a281b076ccb-139877134112576", "trial_id": 0, "step": 5, "intermediate_value": 0.7266028523445129}
{"op_code": 7, "worker_id": "9d34be47-5855-458b-8f26-3a281b076ccb-139877134112576", "trial_id": 0, "step": 6, "intermediate_value": 0.7287510633468628}
{"op_code": 7, "worker_id": "9d34be47-5855-458b-8f26-3a281b076ccb-139877134112576", "trial_id": 0, "step": 7, "intermediate_value": 0.7109448909759521}
{"op_code": 7, "worker_id": "9d34be47-5855-458b-8f26-3a281b076ccb-139877134112576", "trial_id": 0, "step": 8, "intermediate_value": 0.7105672359466553}
{"op_code": 7, "worker_id": "9d34be47-5855-458b-8f26-3a281b076ccb-139877134112576", "trial_id": 0, "step": 9, "intermediate_value": 0.7030468583106995}
{"op_code": 7, "worker_id": "9d34be47-5855-458b-8f26-3a281b076ccb-139877134112576", "trial_id": 0, "step": 10, "intermediate_value": 0.6978347301483154}
{"op_code": 7, "worker_id": "9d34be47-5855-458b-8f26-3a281b076ccb-139877134112576", "trial_id": 0, "step": 11, "intermediate_value": 0.6853391528129578}
{"op_code": 7, "worker_id": "9d34be47-5855-458b-8f26-3a281b076ccb-139877134112576", "trial_id": 0, "step": 12, "intermediate_value": 0.6968076229095459}
{"op_code": 7, "worker_id": "9d34be47-5855-458b-8f26-3a281b076ccb-139877134112576", "trial_id": 0, "step": 13, "intermediate_value": 0.6873997449874878}
{"op_code": 7, "worker_id": "9d34be47-5855-458b-8f26-3a281b076ccb-139877134112576", "trial_id": 0, "step": 14, "intermediate_value": 0.7413852214813232}
{"op_code": 6, "worker_id": "9d34be47-5855-458b-8f26-3a281b076ccb-139877134112576", "trial_id": 0, "state": 1, "values": [0.7413852214813232], "datetime_complete": "2025-12-04T00:10:14.005334"}
{"op_code": 4, "worker_id": "9d34be47-5855-458b-8f26-3a281b076ccb-139877134112576", "study_id": 0, "datetime_start": "2025-12-04T00:10:14.006611"}
{"op_code": 5, "worker_id": "9d34be47-5855-458b-8f26-3a281b076ccb-139877134112576", "trial_id": 1, "param_name": "dataset.max_walk_length", "param_value_internal": 46.0, "distribution": "{\"name\": \"IntDistribution\", \"attributes\": {\"log\": false, \"step\": 1, \"low\": 10, \"high\": 100}}"}
{"op_code": 5, "worker_id": "9d34be47-5855-458b-8f26-3a281b076ccb-139877134112576", "trial_id": 1, "param_name": "dataset.num_walks", "param_value_internal": 200280.0, "distribution": "{\"name\": \"IntDistribution\", \"attributes\": {\"log\": true, \"step\": 1, \"low\": 100000, \"high\": 5000000}}"}
{"op_code": 5, "worker_id": "9d34be47-5855-458b-8f26-3a281b076ccb-139877134112576", "trial_id": 1, "param_name": "training.lr", "param_value_internal": 0.00025876650696307103, "distribution": "{\"name\": \"FloatDistribution\", \"attributes\": {\"step\": null, \"low\": 1e-05, \"high\": 0.1, \"log\": true}}"}
{"op_code": 5, "worker_id": "9d34be47-5855-458b-8f26-3a281b076ccb-139877134112576", "trial_id": 1, "param_name": "training.weight_decay", "param_value_internal": 0.009041291379013312, "distribution": "{\"name\": \"FloatDistribution\", \"attributes\": {\"step\": null, \"low\": 1e-08, \"high\": 0.1, \"log\": true}}"}
{"op_code": 5, "worker_id": "9d34be47-5855-458b-8f26-3a281b076ccb-139877134112576", "trial_id": 1, "param_name": "training.batch_size", "param_value_internal": 4, "distribution": "{\"name\": \"CategoricalDistribution\", \"attributes\": {\"choices\": [32, 64, 128, 256, 512]}}"}
{"op_code": 5, "worker_id": "9d34be47-5855-458b-8f26-3a281b076ccb-139877134112576", "trial_id": 1, "param_name": "training.gradient_clip_val", "param_value_internal": 1.3382243911364975, "distribution": "{\"name\": \"FloatDistribution\", \"attributes\": {\"step\": null, \"low\": 0.1, \"high\": 2.0, \"log\": false}}"}
{"op_code": 5, "worker_id": "9d34be47-5855-458b-8f26-3a281b076ccb-139877134112576", "trial_id": 1, "param_name": "training.early_stopping_patience", "param_value_internal": 11.0, "distribution": "{\"name\": \"IntDistribution\", \"attributes\": {\"log\": false, \"step\": 1, \"low\": 5, \"high\": 20}}"}
{"op_code": 5, "worker_id": "9d34be47-5855-458b-8f26-3a281b076ccb-139877134112576", "trial_id": 1, "param_name": "model.nhead", "param_value_internal": 3, "distribution": "{\"name\": \"CategoricalDistribution\", \"attributes\": {\"choices\": [1, 2, 4, 8, 16]}}"}
{"op_code": 5, "worker_id": "9d34be47-5855-458b-8f26-3a281b076ccb-139877134112576", "trial_id": 1, "param_name": "model.embedding_dim", "param_value_internal": 2, "distribution": "{\"name\": \"CategoricalDistribution\", \"attributes\": {\"choices\": [4, 8, 16, 32, 64, 128]}}"}
{"op_code": 5, "worker_id": "9d34be47-5855-458b-8f26-3a281b076ccb-139877134112576", "trial_id": 1, "param_name": "model.hidden_dim", "param_value_internal": 1, "distribution": "{\"name\": \"CategoricalDistribution\", \"attributes\": {\"choices\": [4, 8, 16, 32, 64, 128, 256]}}"}
{"op_code": 5, "worker_id": "9d34be47-5855-458b-8f26-3a281b076ccb-139877134112576", "trial_id": 1, "param_name": "model.nlayers", "param_value_internal": 3.0, "distribution": "{\"name\": \"IntDistribution\", \"attributes\": {\"log\": false, \"step\": 1, \"low\": 1, \"high\": 6}}"}
{"op_code": 5, "worker_id": "9d34be47-5855-458b-8f26-3a281b076ccb-139877134112576", "trial_id": 1, "param_name": "model.dropout", "param_value_internal": 0.04098531075803169, "distribution": "{\"name\": \"FloatDistribution\", \"attributes\": {\"step\": null, \"low\": 0.0, \"high\": 0.7, \"log\": false}}"}
{"op_code": 5, "worker_id": "9d34be47-5855-458b-8f26-3a281b076ccb-139877134112576", "trial_id": 1, "param_name": "training.epochs", "param_value_internal": 18.0, "distribution": "{\"name\": \"IntDistribution\", \"attributes\": {\"log\": false, \"step\": 1, \"low\": 6, \"high\": 25}}"}
{"op_code": 8, "worker_id": "9d34be47-5855-458b-8f26-3a281b076ccb-139877134112576", "trial_id": 1, "user_attr": {"seed": 43}}
{"op_code": 7, "worker_id": "9d34be47-5855-458b-8f26-3a281b076ccb-139877134112576", "trial_id": 1, "step": 0, "intermediate_value": 0.5858659148216248}
{"op_code": 7, "worker_id": "9d34be47-5855-458b-8f26-3a281b076ccb-139877134112576", "trial_id": 1, "step": 1, "intermediate_value": 0.6023354530334473}
{"op_code": 7, "worker_id": "9d34be47-5855-458b-8f26-3a281b076ccb-139877134112576", "trial_id": 1, "step": 2, "intermediate_value": 0.6252714991569519}
{"op_code": 7, "worker_id": "9d34be47-5855-458b-8f26-3a281b076ccb-139877134112576", "trial_id": 1, "step": 3, "intermediate_value": 0.6387404203414917}
{"op_code": 7, "worker_id": "9d34be47-5855-458b-8f26-3a281b076ccb-139877134112576", "trial_id": 1, "step": 4, "intermediate_value": 0.6468777656555176}
{"op_code": 7, "worker_id": "9d34be47-5855-458b-8f26-3a281b076ccb-139877134112576", "trial_id": 1, "step": 5, "intermediate_value": 0.6543114185333252}
{"op_code": 7, "worker_id": "9d34be47-5855-458b-8f26-3a281b076ccb-139877134112576", "trial_id": 1, "step": 6, "intermediate_value": 0.6586390733718872}
{"op_code": 7, "worker_id": "9d34be47-5855-458b-8f26-3a281b076ccb-139877134112576", "trial_id": 1, "step": 7, "intermediate_value": 0.6628282070159912}
{"op_code": 7, "worker_id": "9d34be47-5855-458b-8f26-3a281b076ccb-139877134112576", "trial_id": 1, "step": 8, "intermediate_value": 0.6643668413162231}
{"op_code": 7, "worker_id": "9d34be47-5855-458b-8f26-3a281b076ccb-139877134112576", "trial_id": 1, "step": 9, "intermediate_value": 0.667933464050293}
{"op_code": 7, "worker_id": "9d34be47-5855-458b-8f26-3a281b076ccb-139877134112576", "trial_id": 1, "step": 10, "intermediate_value": 0.6686061024665833}
{"op_code": 7, "worker_id": "9d34be47-5855-458b-8f26-3a281b076ccb-139877134112576", "trial_id": 1, "step": 11, "intermediate_value": 0.6696795225143433}
{"op_code": 7, "worker_id": "9d34be47-5855-458b-8f26-3a281b076ccb-139877134112576", "trial_id": 1, "step": 12, "intermediate_value": 0.670684814453125}
{"op_code": 7, "worker_id": "9d34be47-5855-458b-8f26-3a281b076ccb-139877134112576", "trial_id": 1, "step": 13, "intermediate_value": 0.6711570024490356}
{"op_code": 7, "worker_id": "9d34be47-5855-458b-8f26-3a281b076ccb-139877134112576", "trial_id": 1, "step": 14, "intermediate_value": 0.6714180707931519}
{"op_code": 7, "worker_id": "9d34be47-5855-458b-8f26-3a281b076ccb-139877134112576", "trial_id": 1, "step": 15, "intermediate_value": 0.6714100241661072}
{"op_code": 7, "worker_id": "9d34be47-5855-458b-8f26-3a281b076ccb-139877134112576", "trial_id": 1, "step": 16, "intermediate_value": 0.6717197895050049}
{"op_code": 7, "worker_id": "9d34be47-5855-458b-8f26-3a281b076ccb-139877134112576", "trial_id": 1, "step": 17, "intermediate_value": 0.6717662811279297}
{"op_code": 7, "worker_id": "9d34be47-5855-458b-8f26-3a281b076ccb-139877134112576", "trial_id": 1, "step": 18, "intermediate_value": 0.6717662811279297}
{"op_code": 6, "worker_id": "9d34be47-5855-458b-8f26-3a281b076ccb-139877134112576", "trial_id": 1, "state": 1, "values": [0.6717662811279297], "datetime_complete": "2025-12-04T00:18:19.430063"}
{"op_code": 4, "worker_id": "9d34be47-5855-458b-8f26-3a281b076ccb-139877134112576", "study_id": 0, "datetime_start": "2025-12-04T00:18:19.431255"}
{"op_code": 5, "worker_id": "9d34be47-5855-458b-8f26-3a281b076ccb-139877134112576", "trial_id": 2, "param_name": "dataset.max_walk_length", "param_value_internal": 55.0, "distribution": "{\"name\": \"IntDistribution\", \"attributes\": {\"log\": false, \"step\": 1, \"low\": 10, \"high\": 100}}"}
{"op_code": 5, "worker_id": "9d34be47-5855-458b-8f26-3a281b076ccb-139877134112576", "trial_id": 2, "param_name": "dataset.num_walks", "param_value_internal": 2514737.0, "distribution": "{\"name\": \"IntDistribution\", \"attributes\": {\"log\": true, \"step\": 1, \"low\": 100000, \"high\": 5000000}}"}
{"op_code": 5, "worker_id": "9d34be47-5855-458b-8f26-3a281b076ccb-139877134112576", "trial_id": 2, "param_name": "training.lr", "param_value_internal": 0.0009681374539228422, "distribution": "{\"name\": \"FloatDistribution\", \"attributes\": {\"step\": null, \"low\": 1e-05, \"high\": 0.1, \"log\": true}}"}
{"op_code": 5, "worker_id": "9d34be47-5855-458b-8f26-3a281b076ccb-139877134112576", "trial_id": 2, "param_name": "training.weight_decay", "param_value_internal": 5.115674233169705e-07, "distribution": "{\"name\": \"FloatDistribution\", \"attributes\": {\"step\": null, \"low\": 1e-08, \"high\": 0.1, \"log\": true}}"}
{"op_code": 5, "worker_id": "9d34be47-5855-458b-8f26-3a281b076ccb-139877134112576", "trial_id": 2, "param_name": "training.batch_size", "param_value_internal": 1, "distribution": "{\"name\": \"CategoricalDistribution\", \"attributes\": {\"choices\": [32, 64, 128, 256, 512]}}"}
{"op_code": 5, "worker_id": "9d34be47-5855-458b-8f26-3a281b076ccb-139877134112576", "trial_id": 2, "param_name": "training.gradient_clip_val", "param_value_internal": 0.7637175636167761, "distribution": "{\"name\": \"FloatDistribution\", \"attributes\": {\"step\": null, \"low\": 0.1, \"high\": 2.0, \"log\": false}}"}
{"op_code": 5, "worker_id": "9d34be47-5855-458b-8f26-3a281b076ccb-139877134112576", "trial_id": 2, "param_name": "training.early_stopping_patience", "param_value_internal": 11.0, "distribution": "{\"name\": \"IntDistribution\", \"attributes\": {\"log\": false, \"step\": 1, \"low\": 5, \"high\": 20}}"}
{"op_code": 5, "worker_id": "9d34be47-5855-458b-8f26-3a281b076ccb-139877134112576", "trial_id": 2, "param_name": "model.nhead", "param_value_internal": 4, "distribution": "{\"name\": \"CategoricalDistribution\", \"attributes\": {\"choices\": [1, 2, 4, 8, 16]}}"}
{"op_code": 5, "worker_id": "9d34be47-5855-458b-8f26-3a281b076ccb-139877134112576", "trial_id": 2, "param_name": "model.embedding_dim", "param_value_internal": 4, "distribution": "{\"name\": \"CategoricalDistribution\", \"attributes\": {\"choices\": [4, 8, 16, 32, 64, 128]}}"}
{"op_code": 5, "worker_id": "9d34be47-5855-458b-8f26-3a281b076ccb-139877134112576", "trial_id": 2, "param_name": "model.hidden_dim", "param_value_internal": 2, "distribution": "{\"name\": \"CategoricalDistribution\", \"attributes\": {\"choices\": [4, 8, 16, 32, 64, 128, 256]}}"}
{"op_code": 5, "worker_id": "9d34be47-5855-458b-8f26-3a281b076ccb-139877134112576", "trial_id": 2, "param_name": "model.nlayers", "param_value_internal": 5.0, "distribution": "{\"name\": \"IntDistribution\", \"attributes\": {\"log\": false, \"step\": 1, \"low\": 1, \"high\": 6}}"}
{"op_code": 5, "worker_id": "9d34be47-5855-458b-8f26-3a281b076ccb-139877134112576", "trial_id": 2, "param_name": "model.dropout", "param_value_internal": 0.10755287878674008, "distribution": "{\"name\": \"FloatDistribution\", \"attributes\": {\"step\": null, \"low\": 0.0, \"high\": 0.7, \"log\": false}}"}
{"op_code": 5, "worker_id": "9d34be47-5855-458b-8f26-3a281b076ccb-139877134112576", "trial_id": 2, "param_name": "training.epochs", "param_value_internal": 19.0, "distribution": "{\"name\": \"IntDistribution\", \"attributes\": {\"log\": false, \"step\": 1, \"low\": 6, \"high\": 25}}"}
{"op_code": 8, "worker_id": "9d34be47-5855-458b-8f26-3a281b076ccb-139877134112576", "trial_id": 2, "user_attr": {"seed": 44}}
{"op_code": 7, "worker_id": "9d34be47-5855-458b-8f26-3a281b076ccb-139877134112576", "trial_id": 2, "step": 0, "intermediate_value": 0.8354339599609375}
{"op_code": 7, "worker_id": "9d34be47-5855-458b-8f26-3a281b076ccb-139877134112576", "trial_id": 2, "step": 1, "intermediate_value": 0.8570557832717896}
{"op_code": 7, "worker_id": "9d34be47-5855-458b-8f26-3a281b076ccb-139877134112576", "trial_id": 2, "step": 2, "intermediate_value": 0.8777245283126831}
{"op_code": 7, "worker_id": "9d34be47-5855-458b-8f26-3a281b076ccb-139877134112576", "trial_id": 2, "step": 3, "intermediate_value": 0.88271564245224}
{"op_code": 7, "worker_id": "9d34be47-5855-458b-8f26-3a281b076ccb-139877134112576", "trial_id": 2, "step": 4, "intermediate_value": 0.8842017650604248}
{"op_code": 7, "worker_id": "9d34be47-5855-458b-8f26-3a281b076ccb-139877134112576", "trial_id": 2, "step": 5, "intermediate_value": 0.8860660791397095}
{"op_code": 7, "worker_id": "9d34be47-5855-458b-8f26-3a281b076ccb-139877134112576", "trial_id": 2, "step": 6, "intermediate_value": 0.8854316473007202}
{"op_code": 7, "worker_id": "9d34be47-5855-458b-8f26-3a281b076ccb-139877134112576", "trial_id": 2, "step": 7, "intermediate_value": 0.8862003087997437}
{"op_code": 7, "worker_id": "9d34be47-5855-458b-8f26-3a281b076ccb-139877134112576", "trial_id": 2, "step": 8, "intermediate_value": 0.8819164037704468}
{"op_code": 7, "worker_id": "9d34be47-5855-458b-8f26-3a281b076ccb-139877134112576", "trial_id": 2, "step": 9, "intermediate_value": 0.8836778998374939}
{"op_code": 7, "worker_id": "9d34be47-5855-458b-8f26-3a281b076ccb-139877134112576", "trial_id": 2, "step": 10, "intermediate_value": 0.8824405670166016}
{"op_code": 7, "worker_id": "9d34be47-5855-458b-8f26-3a281b076ccb-139877134112576", "trial_id": 2, "step": 11, "intermediate_value": 0.8829865455627441}
{"op_code": 7, "worker_id": "9d34be47-5855-458b-8f26-3a281b076ccb-139877134112576", "trial_id": 2, "step": 12, "intermediate_value": 0.8852278590202332}
{"op_code": 7, "worker_id": "9d34be47-5855-458b-8f26-3a281b076ccb-139877134112576", "trial_id": 2, "step": 13, "intermediate_value": 0.8838139772415161}
{"op_code": 7, "worker_id": "9d34be47-5855-458b-8f26-3a281b076ccb-139877134112576", "trial_id": 2, "step": 14, "intermediate_value": 0.8841521739959717}
{"op_code": 7, "worker_id": "9d34be47-5855-458b-8f26-3a281b076ccb-139877134112576", "trial_id": 2, "step": 15, "intermediate_value": 0.8834758400917053}
{"op_code": 7, "worker_id": "9d34be47-5855-458b-8f26-3a281b076ccb-139877134112576", "trial_id": 2, "step": 16, "intermediate_value": 0.8842291235923767}
{"op_code": 7, "worker_id": "9d34be47-5855-458b-8f26-3a281b076ccb-139877134112576", "trial_id": 2, "step": 17, "intermediate_value": 0.8834224939346313}
{"op_code": 7, "worker_id": "9d34be47-5855-458b-8f26-3a281b076ccb-139877134112576", "trial_id": 2, "step": 18, "intermediate_value": 0.8839568495750427}
{"op_code": 7, "worker_id": "9d34be47-5855-458b-8f26-3a281b076ccb-139877134112576", "trial_id": 2, "step": 19, "intermediate_value": 0.8862003087997437}
{"op_code": 6, "worker_id": "9d34be47-5855-458b-8f26-3a281b076ccb-139877134112576", "trial_id": 2, "state": 1, "values": [0.8862003087997437], "datetime_complete": "2025-12-04T04:34:56.481445"}
{"op_code": 4, "worker_id": "9d34be47-5855-458b-8f26-3a281b076ccb-139877134112576", "study_id": 0, "datetime_start": "2025-12-04T04:34:56.482783"}
{"op_code": 5, "worker_id": "9d34be47-5855-458b-8f26-3a281b076ccb-139877134112576", "trial_id": 3, "param_name": "dataset.max_walk_length", "param_value_internal": 52.0, "distribution": "{\"name\": \"IntDistribution\", \"attributes\": {\"log\": false, \"step\": 1, \"low\": 10, \"high\": 100}}"}
{"op_code": 5, "worker_id": "9d34be47-5855-458b-8f26-3a281b076ccb-139877134112576", "trial_id": 3, "param_name": "dataset.num_walks", "param_value_internal": 3657141.0, "distribution": "{\"name\": \"IntDistribution\", \"attributes\": {\"log\": true, \"step\": 1, \"low\": 100000, \"high\": 5000000}}"}
{"op_code": 5, "worker_id": "9d34be47-5855-458b-8f26-3a281b076ccb-139877134112576", "trial_id": 3, "param_name": "training.lr", "param_value_internal": 1.3515596673693688e-05, "distribution": "{\"name\": \"FloatDistribution\", \"attributes\": {\"step\": null, \"low\": 1e-05, \"high\": 0.1, \"log\": true}}"}
{"op_code": 5, "worker_id": "9d34be47-5855-458b-8f26-3a281b076ccb-139877134112576", "trial_id": 3, "param_name": "training.weight_decay", "param_value_internal": 9.84273241279609e-07, "distribution": "{\"name\": \"FloatDistribution\", \"attributes\": {\"step\": null, \"low\": 1e-08, \"high\": 0.1, \"log\": true}}"}
{"op_code": 5, "worker_id": "9d34be47-5855-458b-8f26-3a281b076ccb-139877134112576", "trial_id": 3, "param_name": "training.batch_size", "param_value_internal": 2, "distribution": "{\"name\": \"CategoricalDistribution\", \"attributes\": {\"choices\": [32, 64, 128, 256, 512]}}"}
{"op_code": 5, "worker_id": "9d34be47-5855-458b-8f26-3a281b076ccb-139877134112576", "trial_id": 3, "param_name": "training.gradient_clip_val", "param_value_internal": 1.235372535663268, "distribution": "{\"name\": \"FloatDistribution\", \"attributes\": {\"step\": null, \"low\": 0.1, \"high\": 2.0, \"log\": false}}"}
{"op_code": 5, "worker_id": "9d34be47-5855-458b-8f26-3a281b076ccb-139877134112576", "trial_id": 3, "param_name": "training.early_stopping_patience", "param_value_internal": 12.0, "distribution": "{\"name\": \"IntDistribution\", \"attributes\": {\"log\": false, \"step\": 1, \"low\": 5, \"high\": 20}}"}
{"op_code": 5, "worker_id": "9d34be47-5855-458b-8f26-3a281b076ccb-139877134112576", "trial_id": 3, "param_name": "model.nhead", "param_value_internal": 0, "distribution": "{\"name\": \"CategoricalDistribution\", \"attributes\": {\"choices\": [1, 2, 4, 8, 16]}}"}
{"op_code": 5, "worker_id": "9d34be47-5855-458b-8f26-3a281b076ccb-139877134112576", "trial_id": 3, "param_name": "model.embedding_dim", "param_value_internal": 5, "distribution": "{\"name\": \"CategoricalDistribution\", \"attributes\": {\"choices\": [4, 8, 16, 32, 64, 128]}}"}
{"op_code": 5, "worker_id": "9d34be47-5855-458b-8f26-3a281b076ccb-139877134112576", "trial_id": 3, "param_name": "model.hidden_dim", "param_value_internal": 0, "distribution": "{\"name\": \"CategoricalDistribution\", \"attributes\": {\"choices\": [4, 8, 16, 32, 64, 128, 256]}}"}
{"op_code": 5, "worker_id": "9d34be47-5855-458b-8f26-3a281b076ccb-139877134112576", "trial_id": 3, "param_name": "model.nlayers", "param_value_internal": 1.0, "distribution": "{\"name\": \"IntDistribution\", \"attributes\": {\"log\": false, \"step\": 1, \"low\": 1, \"high\": 6}}"}
{"op_code": 5, "worker_id": "9d34be47-5855-458b-8f26-3a281b076ccb-139877134112576", "trial_id": 3, "param_name": "model.dropout", "param_value_internal": 0.4873232805064587, "distribution": "{\"name\": \"FloatDistribution\", \"attributes\": {\"step\": null, \"low\": 0.0, \"high\": 0.7, \"log\": false}}"}
{"op_code": 5, "worker_id": "9d34be47-5855-458b-8f26-3a281b076ccb-139877134112576", "trial_id": 3, "param_name": "training.epochs", "param_value_internal": 17.0, "distribution": "{\"name\": \"IntDistribution\", \"attributes\": {\"log\": false, \"step\": 1, \"low\": 6, \"high\": 25}}"}
{"op_code": 8, "worker_id": "9d34be47-5855-458b-8f26-3a281b076ccb-139877134112576", "trial_id": 3, "user_attr": {"seed": 45}}
{"op_code": 7, "worker_id": "9d34be47-5855-458b-8f26-3a281b076ccb-139877134112576", "trial_id": 3, "step": 0, "intermediate_value": 0.6555653810501099}
{"op_code": 7, "worker_id": "9d34be47-5855-458b-8f26-3a281b076ccb-139877134112576", "trial_id": 3, "step": 1, "intermediate_value": 0.6606223583221436}
{"op_code": 7, "worker_id": "9d34be47-5855-458b-8f26-3a281b076ccb-139877134112576", "trial_id": 3, "step": 2, "intermediate_value": 0.665023922920227}
{"op_code": 7, "worker_id": "9d34be47-5855-458b-8f26-3a281b076ccb-139877134112576", "trial_id": 3, "step": 3, "intermediate_value": 0.6696044206619263}
{"op_code": 7, "worker_id": "9d34be47-5855-458b-8f26-3a281b076ccb-139877134112576", "trial_id": 3, "step": 4, "intermediate_value": 0.6727659702301025}
{"op_code": 7, "worker_id": "9d34be47-5855-458b-8f26-3a281b076ccb-139877134112576", "trial_id": 3, "step": 5, "intermediate_value": 0.6754530668258667}
{"op_code": 7, "worker_id": "9d34be47-5855-458b-8f26-3a281b076ccb-139877134112576", "trial_id": 3, "step": 6, "intermediate_value": 0.6780858039855957}
{"op_code": 7, "worker_id": "9d34be47-5855-458b-8f26-3a281b076ccb-139877134112576", "trial_id": 3, "step": 7, "intermediate_value": 0.6810465455055237}
{"op_code": 7, "worker_id": "9d34be47-5855-458b-8f26-3a281b076ccb-139877134112576", "trial_id": 3, "step": 8, "intermediate_value": 0.6831762790679932}
{"op_code": 7, "worker_id": "9d34be47-5855-458b-8f26-3a281b076ccb-139877134112576", "trial_id": 3, "step": 9, "intermediate_value": 0.6842776536941528}
{"op_code": 7, "worker_id": "9d34be47-5855-458b-8f26-3a281b076ccb-139877134112576", "trial_id": 3, "step": 10, "intermediate_value": 0.6863032579421997}
{"op_code": 7, "worker_id": "9d34be47-5855-458b-8f26-3a281b076ccb-139877134112576", "trial_id": 3, "step": 11, "intermediate_value": 0.686872124671936}
{"op_code": 7, "worker_id": "9d34be47-5855-458b-8f26-3a281b076ccb-139877134112576", "trial_id": 3, "step": 12, "intermediate_value": 0.6882666349411011}
{"op_code": 7, "worker_id": "9d34be47-5855-458b-8f26-3a281b076ccb-139877134112576", "trial_id": 3, "step": 13, "intermediate_value": 0.6890174150466919}
{"op_code": 7, "worker_id": "9d34be47-5855-458b-8f26-3a281b076ccb-139877134112576", "trial_id": 3, "step": 14, "intermediate_value": 0.6891763210296631}
{"op_code": 7, "worker_id": "9d34be47-5855-458b-8f26-3a281b076ccb-139877134112576", "trial_id": 3, "step": 15, "intermediate_value": 0.689186692237854}
{"op_code": 7, "worker_id": "9d34be47-5855-458b-8f26-3a281b076ccb-139877134112576", "trial_id": 3, "step": 16, "intermediate_value": 0.6892358064651489}
{"op_code": 7, "worker_id": "9d34be47-5855-458b-8f26-3a281b076ccb-139877134112576", "trial_id": 3, "step": 17, "intermediate_value": 0.6892358064651489}
{"op_code": 6, "worker_id": "9d34be47-5855-458b-8f26-3a281b076ccb-139877134112576", "trial_id": 3, "state": 1, "values": [0.6892358064651489], "datetime_complete": "2025-12-04T07:26:20.001751"}
{"op_code": 4, "worker_id": "9d34be47-5855-458b-8f26-3a281b076ccb-139877134112576", "study_id": 0, "datetime_start": "2025-12-04T07:26:20.003186"}
{"op_code": 5, "worker_id": "9d34be47-5855-458b-8f26-3a281b076ccb-139877134112576", "trial_id": 4, "param_name": "dataset.max_walk_length", "param_value_internal": 25.0, "distribution": "{\"name\": \"IntDistribution\", \"attributes\": {\"log\": false, \"step\": 1, \"low\": 10, \"high\": 100}}"}
{"op_code": 5, "worker_id": "9d34be47-5855-458b-8f26-3a281b076ccb-139877134112576", "trial_id": 4, "param_name": "dataset.num_walks", "param_value_internal": 192783.0, "distribution": "{\"name\": \"IntDistribution\", \"attributes\": {\"log\": true, \"step\": 1, \"low\": 100000, \"high\": 5000000}}"}
{"op_code": 5, "worker_id": "9d34be47-5855-458b-8f26-3a281b076ccb-139877134112576", "trial_id": 4, "param_name": "training.lr", "param_value_internal": 0.07370162303414682, "distribution": "{\"name\": \"FloatDistribution\", \"attributes\": {\"step\": null, \"low\": 1e-05, \"high\": 0.1, \"log\": true}}"}
{"op_code": 5, "worker_id": "9d34be47-5855-458b-8f26-3a281b076ccb-139877134112576", "trial_id": 4, "param_name": "training.weight_decay", "param_value_internal": 3.9549254524955215e-06, "distribution": "{\"name\": \"FloatDistribution\", \"attributes\": {\"step\": null, \"low\": 1e-08, \"high\": 0.1, \"log\": true}}"}
{"op_code": 5, "worker_id": "9d34be47-5855-458b-8f26-3a281b076ccb-139877134112576", "trial_id": 4, "param_name": "training.batch_size", "param_value_internal": 2, "distribution": "{\"name\": \"CategoricalDistribution\", \"attributes\": {\"choices\": [32, 64, 128, 256, 512]}}"}
{"op_code": 5, "worker_id": "9d34be47-5855-458b-8f26-3a281b076ccb-139877134112576", "trial_id": 4, "param_name": "training.gradient_clip_val", "param_value_internal": 1.4926814144888343, "distribution": "{\"name\": \"FloatDistribution\", \"attributes\": {\"step\": null, \"low\": 0.1, \"high\": 2.0, \"log\": false}}"}
{"op_code": 5, "worker_id": "9d34be47-5855-458b-8f26-3a281b076ccb-139877134112576", "trial_id": 4, "param_name": "training.early_stopping_patience", "param_value_internal": 5.0, "distribution": "{\"name\": \"IntDistribution\", \"attributes\": {\"log\": false, \"step\": 1, \"low\": 5, \"high\": 20}}"}
{"op_code": 5, "worker_id": "9d34be47-5855-458b-8f26-3a281b076ccb-139877134112576", "trial_id": 4, "param_name": "model.nhead", "param_value_internal": 3, "distribution": "{\"name\": \"CategoricalDistribution\", \"attributes\": {\"choices\": [1, 2, 4, 8, 16]}}"}
{"op_code": 5, "worker_id": "9d34be47-5855-458b-8f26-3a281b076ccb-139877134112576", "trial_id": 4, "param_name": "model.embedding_dim", "param_value_internal": 5, "distribution": "{\"name\": \"CategoricalDistribution\", \"attributes\": {\"choices\": [4, 8, 16, 32, 64, 128]}}"}
{"op_code": 5, "worker_id": "9d34be47-5855-458b-8f26-3a281b076ccb-139877134112576", "trial_id": 4, "param_name": "model.hidden_dim", "param_value_internal": 0, "distribution": "{\"name\": \"CategoricalDistribution\", \"attributes\": {\"choices\": [4, 8, 16, 32, 64, 128, 256]}}"}
{"op_code": 5, "worker_id": "9d34be47-5855-458b-8f26-3a281b076ccb-139877134112576", "trial_id": 4, "param_name": "model.nlayers", "param_value_internal": 4.0, "distribution": "{\"name\": \"IntDistribution\", \"attributes\": {\"log\": false, \"step\": 1, \"low\": 1, \"high\": 6}}"}
{"op_code": 5, "worker_id": "9d34be47-5855-458b-8f26-3a281b076ccb-139877134112576", "trial_id": 4, "param_name": "model.dropout", "param_value_internal": 0.10118738754893022, "distribution": "{\"name\": \"FloatDistribution\", \"attributes\": {\"step\": null, \"low\": 0.0, \"high\": 0.7, \"log\": false}}"}
{"op_code": 5, "worker_id": "9d34be47-5855-458b-8f26-3a281b076ccb-139877134112576", "trial_id": 4, "param_name": "training.epochs", "param_value_internal": 9.0, "distribution": "{\"name\": \"IntDistribution\", \"attributes\": {\"log\": false, \"step\": 1, \"low\": 6, \"high\": 25}}"}
{"op_code": 8, "worker_id": "9d34be47-5855-458b-8f26-3a281b076ccb-139877134112576", "trial_id": 4, "user_attr": {"seed": 46}}
{"op_code": 7, "worker_id": "9d34be47-5855-458b-8f26-3a281b076ccb-139877134112576", "trial_id": 4, "step": 0, "intermediate_value": 0.5}
{"op_code": 7, "worker_id": "9d34be47-5855-458b-8f26-3a281b076ccb-139877134112576", "trial_id": 4, "step": 1, "intermediate_value": 0.5}
{"op_code": 7, "worker_id": "9d34be47-5855-458b-8f26-3a281b076ccb-139877134112576", "trial_id": 4, "step": 2, "intermediate_value": 0.5}
{"op_code": 7, "worker_id": "9d34be47-5855-458b-8f26-3a281b076ccb-139877134112576", "trial_id": 4, "step": 3, "intermediate_value": 0.5000072717666626}
{"op_code": 7, "worker_id": "9d34be47-5855-458b-8f26-3a281b076ccb-139877134112576", "trial_id": 4, "step": 4, "intermediate_value": 0.50001460313797}
{"op_code": 7, "worker_id": "9d34be47-5855-458b-8f26-3a281b076ccb-139877134112576", "trial_id": 4, "step": 5, "intermediate_value": 0.5000072717666626}
{"op_code": 7, "worker_id": "9d34be47-5855-458b-8f26-3a281b076ccb-139877134112576", "trial_id": 4, "step": 6, "intermediate_value": 0.4989316165447235}
{"op_code": 7, "worker_id": "9d34be47-5855-458b-8f26-3a281b076ccb-139877134112576", "trial_id": 4, "step": 7, "intermediate_value": 0.5000072717666626}
{"op_code": 7, "worker_id": "9d34be47-5855-458b-8f26-3a281b076ccb-139877134112576", "trial_id": 4, "step": 8, "intermediate_value": 0.5000072717666626}
{"op_code": 7, "worker_id": "9d34be47-5855-458b-8f26-3a281b076ccb-139877134112576", "trial_id": 4, "step": 9, "intermediate_value": 0.50001460313797}
{"op_code": 6, "worker_id": "9d34be47-5855-458b-8f26-3a281b076ccb-139877134112576", "trial_id": 4, "state": 1, "values": [0.50001460313797], "datetime_complete": "2025-12-04T07:33:43.925732"}
{"op_code": 4, "worker_id": "9d34be47-5855-458b-8f26-3a281b076ccb-139877134112576", "study_id": 0, "datetime_start": "2025-12-04T07:33:43.926894"}
{"op_code": 5, "worker_id": "9d34be47-5855-458b-8f26-3a281b076ccb-139877134112576", "trial_id": 5, "param_name": "dataset.max_walk_length", "param_value_internal": 79.0, "distribution": "{\"name\": \"IntDistribution\", \"attributes\": {\"log\": false, \"step\": 1, \"low\": 10, \"high\": 100}}"}
{"op_code": 5, "worker_id": "9d34be47-5855-458b-8f26-3a281b076ccb-139877134112576", "trial_id": 5, "param_name": "dataset.num_walks", "param_value_internal": 454983.0, "distribution": "{\"name\": \"IntDistribution\", \"attributes\": {\"log\": true, \"step\": 1, \"low\": 100000, \"high\": 5000000}}"}
{"op_code": 5, "worker_id": "9d34be47-5855-458b-8f26-3a281b076ccb-139877134112576", "trial_id": 5, "param_name": "training.lr", "param_value_internal": 1.6907878885543447e-05, "distribution": "{\"name\": \"FloatDistribution\", \"attributes\": {\"step\": null, \"low\": 1e-05, \"high\": 0.1, \"log\": true}}"}
{"op_code": 5, "worker_id": "9d34be47-5855-458b-8f26-3a281b076ccb-139877134112576", "trial_id": 5, "param_name": "training.weight_decay", "param_value_internal": 6.013183947575583e-05, "distribution": "{\"name\": \"FloatDistribution\", \"attributes\": {\"step\": null, \"low\": 1e-08, \"high\": 0.1, \"log\": true}}"}
{"op_code": 5, "worker_id": "9d34be47-5855-458b-8f26-3a281b076ccb-139877134112576", "trial_id": 5, "param_name": "training.batch_size", "param_value_internal": 3, "distribution": "{\"name\": \"CategoricalDistribution\", \"attributes\": {\"choices\": [32, 64, 128, 256, 512]}}"}
{"op_code": 5, "worker_id": "9d34be47-5855-458b-8f26-3a281b076ccb-139877134112576", "trial_id": 5, "param_name": "training.gradient_clip_val", "param_value_internal": 1.9622655498353907, "distribution": "{\"name\": \"FloatDistribution\", \"attributes\": {\"step\": null, \"low\": 0.1, \"high\": 2.0, \"log\": false}}"}
{"op_code": 5, "worker_id": "9d34be47-5855-458b-8f26-3a281b076ccb-139877134112576", "trial_id": 5, "param_name": "training.early_stopping_patience", "param_value_internal": 11.0, "distribution": "{\"name\": \"IntDistribution\", \"attributes\": {\"log\": false, \"step\": 1, \"low\": 5, \"high\": 20}}"}
{"op_code": 5, "worker_id": "9d34be47-5855-458b-8f26-3a281b076ccb-139877134112576", "trial_id": 5, "param_name": "model.nhead", "param_value_internal": 2, "distribution": "{\"name\": \"CategoricalDistribution\", \"attributes\": {\"choices\": [1, 2, 4, 8, 16]}}"}
{"op_code": 5, "worker_id": "9d34be47-5855-458b-8f26-3a281b076ccb-139877134112576", "trial_id": 5, "param_name": "model.embedding_dim", "param_value_internal": 1, "distribution": "{\"name\": \"CategoricalDistribution\", \"attributes\": {\"choices\": [4, 8, 16, 32, 64, 128]}}"}
{"op_code": 5, "worker_id": "9d34be47-5855-458b-8f26-3a281b076ccb-139877134112576", "trial_id": 5, "param_name": "model.hidden_dim", "param_value_internal": 3, "distribution": "{\"name\": \"CategoricalDistribution\", \"attributes\": {\"choices\": [4, 8, 16, 32, 64, 128, 256]}}"}
{"op_code": 5, "worker_id": "9d34be47-5855-458b-8f26-3a281b076ccb-139877134112576", "trial_id": 5, "param_name": "model.nlayers", "param_value_internal": 4.0, "distribution": "{\"name\": \"IntDistribution\", \"attributes\": {\"log\": false, \"step\": 1, \"low\": 1, \"high\": 6}}"}
{"op_code": 5, "worker_id": "9d34be47-5855-458b-8f26-3a281b076ccb-139877134112576", "trial_id": 5, "param_name": "model.dropout", "param_value_internal": 0.5470108710594361, "distribution": "{\"name\": \"FloatDistribution\", \"attributes\": {\"step\": null, \"low\": 0.0, \"high\": 0.7, \"log\": false}}"}
{"op_code": 5, "worker_id": "9d34be47-5855-458b-8f26-3a281b076ccb-139877134112576", "trial_id": 5, "param_name": "training.epochs", "param_value_internal": 9.0, "distribution": "{\"name\": \"IntDistribution\", \"attributes\": {\"log\": false, \"step\": 1, \"low\": 6, \"high\": 25}}"}
{"op_code": 8, "worker_id": "9d34be47-5855-458b-8f26-3a281b076ccb-139877134112576", "trial_id": 5, "user_attr": {"seed": 47}}
{"op_code": 7, "worker_id": "9d34be47-5855-458b-8f26-3a281b076ccb-139877134112576", "trial_id": 5, "step": 0, "intermediate_value": 0.581906795501709}
{"op_code": 7, "worker_id": "9d34be47-5855-458b-8f26-3a281b076ccb-139877134112576", "trial_id": 5, "step": 1, "intermediate_value": 0.6021852493286133}
{"op_code": 7, "worker_id": "9d34be47-5855-458b-8f26-3a281b076ccb-139877134112576", "trial_id": 5, "step": 2, "intermediate_value": 0.6152102947235107}
{"op_code": 7, "worker_id": "9d34be47-5855-458b-8f26-3a281b076ccb-139877134112576", "trial_id": 5, "step": 3, "intermediate_value": 0.6223168969154358}
{"op_code": 7, "worker_id": "9d34be47-5855-458b-8f26-3a281b076ccb-139877134112576", "trial_id": 5, "step": 4, "intermediate_value": 0.6262871026992798}
{"op_code": 7, "worker_id": "9d34be47-5855-458b-8f26-3a281b076ccb-139877134112576", "trial_id": 5, "step": 5, "intermediate_value": 0.6284579038619995}
{"op_code": 6, "worker_id": "9d34be47-5855-458b-8f26-3a281b076ccb-139877134112576", "trial_id": 5, "state": 1, "values": [0.0], "datetime_complete": "2025-12-04T07:48:18.274241"}
{"op_code": 4, "worker_id": "9d34be47-5855-458b-8f26-3a281b076ccb-139877134112576", "study_id": 0, "datetime_start": "2025-12-04T07:48:18.276070"}
{"op_code": 5, "worker_id": "9d34be47-5855-458b-8f26-3a281b076ccb-139877134112576", "trial_id": 6, "param_name": "dataset.max_walk_length", "param_value_internal": 32.0, "distribution": "{\"name\": \"IntDistribution\", \"attributes\": {\"log\": false, \"step\": 1, \"low\": 10, \"high\": 100}}"}
{"op_code": 5, "worker_id": "9d34be47-5855-458b-8f26-3a281b076ccb-139877134112576", "trial_id": 6, "param_name": "dataset.num_walks", "param_value_internal": 1766683.0, "distribution": "{\"name\": \"IntDistribution\", \"attributes\": {\"log\": true, \"step\": 1, \"low\": 100000, \"high\": 5000000}}"}
{"op_code": 5, "worker_id": "9d34be47-5855-458b-8f26-3a281b076ccb-139877134112576", "trial_id": 6, "param_name": "training.lr", "param_value_internal": 0.0060755381947484415, "distribution": "{\"name\": \"FloatDistribution\", \"attributes\": {\"step\": null, \"low\": 1e-05, \"high\": 0.1, \"log\": true}}"}
{"op_code": 5, "worker_id": "9d34be47-5855-458b-8f26-3a281b076ccb-139877134112576", "trial_id": 6, "param_name": "training.weight_decay", "param_value_internal": 6.26273717485083e-07, "distribution": "{\"name\": \"FloatDistribution\", \"attributes\": {\"step\": null, \"low\": 1e-08, \"high\": 0.1, \"log\": true}}"}
{"op_code": 5, "worker_id": "9d34be47-5855-458b-8f26-3a281b076ccb-139877134112576", "trial_id": 6, "param_name": "training.batch_size", "param_value_internal": 4, "distribution": "{\"name\": \"CategoricalDistribution\", \"attributes\": {\"choices\": [32, 64, 128, 256, 512]}}"}
{"op_code": 5, "worker_id": "9d34be47-5855-458b-8f26-3a281b076ccb-139877134112576", "trial_id": 6, "param_name": "training.gradient_clip_val", "param_value_internal": 1.053665426754605, "distribution": "{\"name\": \"FloatDistribution\", \"attributes\": {\"step\": null, \"low\": 0.1, \"high\": 2.0, \"log\": false}}"}
{"op_code": 5, "worker_id": "9d34be47-5855-458b-8f26-3a281b076ccb-139877134112576", "trial_id": 6, "param_name": "training.early_stopping_patience", "param_value_internal": 16.0, "distribution": "{\"name\": \"IntDistribution\", \"attributes\": {\"log\": false, \"step\": 1, \"low\": 5, \"high\": 20}}"}
{"op_code": 5, "worker_id": "9d34be47-5855-458b-8f26-3a281b076ccb-139877134112576", "trial_id": 6, "param_name": "model.nhead", "param_value_internal": 3, "distribution": "{\"name\": \"CategoricalDistribution\", \"attributes\": {\"choices\": [1, 2, 4, 8, 16]}}"}
{"op_code": 5, "worker_id": "9d34be47-5855-458b-8f26-3a281b076ccb-139877134112576", "trial_id": 6, "param_name": "model.embedding_dim", "param_value_internal": 4, "distribution": "{\"name\": \"CategoricalDistribution\", \"attributes\": {\"choices\": [4, 8, 16, 32, 64, 128]}}"}
{"op_code": 5, "worker_id": "9d34be47-5855-458b-8f26-3a281b076ccb-139877134112576", "trial_id": 6, "param_name": "model.hidden_dim", "param_value_internal": 3, "distribution": "{\"name\": \"CategoricalDistribution\", \"attributes\": {\"choices\": [4, 8, 16, 32, 64, 128, 256]}}"}
{"op_code": 5, "worker_id": "9d34be47-5855-458b-8f26-3a281b076ccb-139877134112576", "trial_id": 6, "param_name": "model.nlayers", "param_value_internal": 2.0, "distribution": "{\"name\": \"IntDistribution\", \"attributes\": {\"log\": false, \"step\": 1, \"low\": 1, \"high\": 6}}"}
{"op_code": 5, "worker_id": "9d34be47-5855-458b-8f26-3a281b076ccb-139877134112576", "trial_id": 6, "param_name": "model.dropout", "param_value_internal": 0.06377546120157813, "distribution": "{\"name\": \"FloatDistribution\", \"attributes\": {\"step\": null, \"low\": 0.0, \"high\": 0.7, \"log\": false}}"}
{"op_code": 5, "worker_id": "9d34be47-5855-458b-8f26-3a281b076ccb-139877134112576", "trial_id": 6, "param_name": "training.epochs", "param_value_internal": 23.0, "distribution": "{\"name\": \"IntDistribution\", \"attributes\": {\"log\": false, \"step\": 1, \"low\": 6, \"high\": 25}}"}
{"op_code": 8, "worker_id": "9d34be47-5855-458b-8f26-3a281b076ccb-139877134112576", "trial_id": 6, "user_attr": {"seed": 48}}
{"op_code": 7, "worker_id": "9d34be47-5855-458b-8f26-3a281b076ccb-139877134112576", "trial_id": 6, "step": 0, "intermediate_value": 0.8359986543655396}
{"op_code": 7, "worker_id": "9d34be47-5855-458b-8f26-3a281b076ccb-139877134112576", "trial_id": 6, "step": 1, "intermediate_value": 0.8875290155410767}
{"op_code": 7, "worker_id": "9d34be47-5855-458b-8f26-3a281b076ccb-139877134112576", "trial_id": 6, "step": 2, "intermediate_value": 0.891278862953186}
{"op_code": 7, "worker_id": "9d34be47-5855-458b-8f26-3a281b076ccb-139877134112576", "trial_id": 6, "step": 3, "intermediate_value": 0.8968690633773804}
{"op_code": 7, "worker_id": "9d34be47-5855-458b-8f26-3a281b076ccb-139877134112576", "trial_id": 6, "step": 4, "intermediate_value": 0.8977440595626831}
{"op_code": 7, "worker_id": "9d34be47-5855-458b-8f26-3a281b076ccb-139877134112576", "trial_id": 6, "step": 5, "intermediate_value": 0.8978809714317322}
{"op_code": 7, "worker_id": "9d34be47-5855-458b-8f26-3a281b076ccb-139877134112576", "trial_id": 6, "step": 6, "intermediate_value": 0.8927149772644043}
{"op_code": 7, "worker_id": "9d34be47-5855-458b-8f26-3a281b076ccb-139877134112576", "trial_id": 6, "step": 7, "intermediate_value": 0.894953727722168}
{"op_code": 7, "worker_id": "9d34be47-5855-458b-8f26-3a281b076ccb-139877134112576", "trial_id": 6, "step": 8, "intermediate_value": 0.8965970277786255}
{"op_code": 7, "worker_id": "9d34be47-5855-458b-8f26-3a281b076ccb-139877134112576", "trial_id": 6, "step": 9, "intermediate_value": 0.8969318866729736}
{"op_code": 7, "worker_id": "9d34be47-5855-458b-8f26-3a281b076ccb-139877134112576", "trial_id": 6, "step": 10, "intermediate_value": 0.8996069431304932}
{"op_code": 7, "worker_id": "9d34be47-5855-458b-8f26-3a281b076ccb-139877134112576", "trial_id": 6, "step": 11, "intermediate_value": 0.8930470943450928}
{"op_code": 7, "worker_id": "9d34be47-5855-458b-8f26-3a281b076ccb-139877134112576", "trial_id": 6, "step": 12, "intermediate_value": 0.8975592851638794}
{"op_code": 7, "worker_id": "9d34be47-5855-458b-8f26-3a281b076ccb-139877134112576", "trial_id": 6, "step": 13, "intermediate_value": 0.8974379301071167}
{"op_code": 7, "worker_id": "9d34be47-5855-458b-8f26-3a281b076ccb-139877134112576", "trial_id": 6, "step": 14, "intermediate_value": 0.8955685496330261}
{"op_code": 7, "worker_id": "9d34be47-5855-458b-8f26-3a281b076ccb-139877134112576", "trial_id": 6, "step": 15, "intermediate_value": 0.8964376449584961}
{"op_code": 7, "worker_id": "9d34be47-5855-458b-8f26-3a281b076ccb-139877134112576", "trial_id": 6, "step": 16, "intermediate_value": 0.8934454321861267}
{"op_code": 7, "worker_id": "9d34be47-5855-458b-8f26-3a281b076ccb-139877134112576", "trial_id": 6, "step": 17, "intermediate_value": 0.8956261873245239}
{"op_code": 7, "worker_id": "9d34be47-5855-458b-8f26-3a281b076ccb-139877134112576", "trial_id": 6, "step": 18, "intermediate_value": 0.8937844038009644}
{"op_code": 7, "worker_id": "9d34be47-5855-458b-8f26-3a281b076ccb-139877134112576", "trial_id": 6, "step": 19, "intermediate_value": 0.896474301815033}
{"op_code": 7, "worker_id": "9d34be47-5855-458b-8f26-3a281b076ccb-139877134112576", "trial_id": 6, "step": 20, "intermediate_value": 0.8941682577133179}
{"op_code": 7, "worker_id": "9d34be47-5855-458b-8f26-3a281b076ccb-139877134112576", "trial_id": 6, "step": 21, "intermediate_value": 0.8946495056152344}
{"op_code": 7, "worker_id": "9d34be47-5855-458b-8f26-3a281b076ccb-139877134112576", "trial_id": 6, "step": 22, "intermediate_value": 0.8948647975921631}
{"op_code": 7, "worker_id": "9d34be47-5855-458b-8f26-3a281b076ccb-139877134112576", "trial_id": 6, "step": 23, "intermediate_value": 0.8996069431304932}
{"op_code": 6, "worker_id": "9d34be47-5855-458b-8f26-3a281b076ccb-139877134112576", "trial_id": 6, "state": 1, "values": [0.8996069431304932], "datetime_complete": "2025-12-04T08:47:55.362443"}
{"op_code": 4, "worker_id": "9d34be47-5855-458b-8f26-3a281b076ccb-139877134112576", "study_id": 0, "datetime_start": "2025-12-04T08:47:55.363749"}
{"op_code": 5, "worker_id": "9d34be47-5855-458b-8f26-3a281b076ccb-139877134112576", "trial_id": 7, "param_name": "dataset.max_walk_length", "param_value_internal": 32.0, "distribution": "{\"name\": \"IntDistribution\", \"attributes\": {\"log\": false, \"step\": 1, \"low\": 10, \"high\": 100}}"}
{"op_code": 5, "worker_id": "9d34be47-5855-458b-8f26-3a281b076ccb-139877134112576", "trial_id": 7, "param_name": "dataset.num_walks", "param_value_internal": 1165973.0, "distribution": "{\"name\": \"IntDistribution\", \"attributes\": {\"log\": true, \"step\": 1, \"low\": 100000, \"high\": 5000000}}"}
{"op_code": 5, "worker_id": "9d34be47-5855-458b-8f26-3a281b076ccb-139877134112576", "trial_id": 7, "param_name": "training.lr", "param_value_internal": 0.0002829550069426206, "distribution": "{\"name\": \"FloatDistribution\", \"attributes\": {\"step\": null, \"low\": 1e-05, \"high\": 0.1, \"log\": true}}"}
{"op_code": 5, "worker_id": "9d34be47-5855-458b-8f26-3a281b076ccb-139877134112576", "trial_id": 7, "param_name": "training.weight_decay", "param_value_internal": 1.6731952668938346e-07, "distribution": "{\"name\": \"FloatDistribution\", \"attributes\": {\"step\": null, \"low\": 1e-08, \"high\": 0.1, \"log\": true}}"}
{"op_code": 5, "worker_id": "9d34be47-5855-458b-8f26-3a281b076ccb-139877134112576", "trial_id": 7, "param_name": "training.batch_size", "param_value_internal": 1, "distribution": "{\"name\": \"CategoricalDistribution\", \"attributes\": {\"choices\": [32, 64, 128, 256, 512]}}"}
{"op_code": 5, "worker_id": "9d34be47-5855-458b-8f26-3a281b076ccb-139877134112576", "trial_id": 7, "param_name": "training.gradient_clip_val", "param_value_internal": 0.9196908513627556, "distribution": "{\"name\": \"FloatDistribution\", \"attributes\": {\"step\": null, \"low\": 0.1, \"high\": 2.0, \"log\": false}}"}
{"op_code": 5, "worker_id": "9d34be47-5855-458b-8f26-3a281b076ccb-139877134112576", "trial_id": 7, "param_name": "training.early_stopping_patience", "param_value_internal": 10.0, "distribution": "{\"name\": \"IntDistribution\", \"attributes\": {\"log\": false, \"step\": 1, \"low\": 5, \"high\": 20}}"}
{"op_code": 5, "worker_id": "9d34be47-5855-458b-8f26-3a281b076ccb-139877134112576", "trial_id": 7, "param_name": "model.nhead", "param_value_internal": 0, "distribution": "{\"name\": \"CategoricalDistribution\", \"attributes\": {\"choices\": [1, 2, 4, 8, 16]}}"}
{"op_code": 5, "worker_id": "9d34be47-5855-458b-8f26-3a281b076ccb-139877134112576", "trial_id": 7, "param_name": "model.embedding_dim", "param_value_internal": 1, "distribution": "{\"name\": \"CategoricalDistribution\", \"attributes\": {\"choices\": [4, 8, 16, 32, 64, 128]}}"}
{"op_code": 5, "worker_id": "9d34be47-5855-458b-8f26-3a281b076ccb-139877134112576", "trial_id": 7, "param_name": "model.hidden_dim", "param_value_internal": 1, "distribution": "{\"name\": \"CategoricalDistribution\", \"attributes\": {\"choices\": [4, 8, 16, 32, 64, 128, 256]}}"}
{"op_code": 5, "worker_id": "9d34be47-5855-458b-8f26-3a281b076ccb-139877134112576", "trial_id": 7, "param_name": "model.nlayers", "param_value_internal": 3.0, "distribution": "{\"name\": \"IntDistribution\", \"attributes\": {\"log\": false, \"step\": 1, \"low\": 1, \"high\": 6}}"}
{"op_code": 5, "worker_id": "9d34be47-5855-458b-8f26-3a281b076ccb-139877134112576", "trial_id": 7, "param_name": "model.dropout", "param_value_internal": 0.18268162590460918, "distribution": "{\"name\": \"FloatDistribution\", \"attributes\": {\"step\": null, \"low\": 0.0, \"high\": 0.7, \"log\": false}}"}
{"op_code": 5, "worker_id": "9d34be47-5855-458b-8f26-3a281b076ccb-139877134112576", "trial_id": 7, "param_name": "training.epochs", "param_value_internal": 20.0, "distribution": "{\"name\": \"IntDistribution\", \"attributes\": {\"log\": false, \"step\": 1, \"low\": 6, \"high\": 25}}"}
{"op_code": 8, "worker_id": "9d34be47-5855-458b-8f26-3a281b076ccb-139877134112576", "trial_id": 7, "user_attr": {"seed": 49}}
{"op_code": 7, "worker_id": "9d34be47-5855-458b-8f26-3a281b076ccb-139877134112576", "trial_id": 7, "step": 0, "intermediate_value": 0.6459677219390869}
{"op_code": 7, "worker_id": "9d34be47-5855-458b-8f26-3a281b076ccb-139877134112576", "trial_id": 7, "step": 1, "intermediate_value": 0.6679655313491821}
{"op_code": 7, "worker_id": "9d34be47-5855-458b-8f26-3a281b076ccb-139877134112576", "trial_id": 7, "step": 2, "intermediate_value": 0.686251699924469}
{"op_code": 7, "worker_id": "9d34be47-5855-458b-8f26-3a281b076ccb-139877134112576", "trial_id": 7, "step": 3, "intermediate_value": 0.6954445838928223}
{"op_code": 7, "worker_id": "9d34be47-5855-458b-8f26-3a281b076ccb-139877134112576", "trial_id": 7, "step": 4, "intermediate_value": 0.7079366445541382}
{"op_code": 7, "worker_id": "9d34be47-5855-458b-8f26-3a281b076ccb-139877134112576", "trial_id": 7, "step": 5, "intermediate_value": 0.7148705720901489}
{"op_code": 7, "worker_id": "9d34be47-5855-458b-8f26-3a281b076ccb-139877134112576", "trial_id": 7, "step": 6, "intermediate_value": 0.7220848798751831}
{"op_code": 7, "worker_id": "9d34be47-5855-458b-8f26-3a281b076ccb-139877134112576", "trial_id": 7, "step": 7, "intermediate_value": 0.7271023988723755}
{"op_code": 7, "worker_id": "9d34be47-5855-458b-8f26-3a281b076ccb-139877134112576", "trial_id": 7, "step": 8, "intermediate_value": 0.7300388813018799}
{"op_code": 7, "worker_id": "9d34be47-5855-458b-8f26-3a281b076ccb-139877134112576", "trial_id": 7, "step": 9, "intermediate_value": 0.7350015640258789}
{"op_code": 7, "worker_id": "9d34be47-5855-458b-8f26-3a281b076ccb-139877134112576", "trial_id": 7, "step": 10, "intermediate_value": 0.7386641502380371}
{"op_code": 7, "worker_id": "9d34be47-5855-458b-8f26-3a281b076ccb-139877134112576", "trial_id": 7, "step": 11, "intermediate_value": 0.7403191328048706}
{"op_code": 7, "worker_id": "9d34be47-5855-458b-8f26-3a281b076ccb-139877134112576", "trial_id": 7, "step": 12, "intermediate_value": 0.7426109910011292}
{"op_code": 7, "worker_id": "9d34be47-5855-458b-8f26-3a281b076ccb-139877134112576", "trial_id": 7, "step": 13, "intermediate_value": 0.7448421716690063}
{"op_code": 7, "worker_id": "9d34be47-5855-458b-8f26-3a281b076ccb-139877134112576", "trial_id": 7, "step": 14, "intermediate_value": 0.7455092668533325}
{"op_code": 7, "worker_id": "9d34be47-5855-458b-8f26-3a281b076ccb-139877134112576", "trial_id": 7, "step": 15, "intermediate_value": 0.7464923858642578}
{"op_code": 6, "worker_id": "9d34be47-5855-458b-8f26-3a281b076ccb-139877134112576", "trial_id": 7, "state": 1, "values": [0.0], "datetime_complete": "2025-12-04T10:15:28.519401"}
{"op_code": 4, "worker_id": "9d34be47-5855-458b-8f26-3a281b076ccb-139877134112576", "study_id": 0, "datetime_start": "2025-12-04T10:15:28.520584"}
{"op_code": 5, "worker_id": "9d34be47-5855-458b-8f26-3a281b076ccb-139877134112576", "trial_id": 8, "param_name": "dataset.max_walk_length", "param_value_internal": 18.0, "distribution": "{\"name\": \"IntDistribution\", \"attributes\": {\"log\": false, \"step\": 1, \"low\": 10, \"high\": 100}}"}
{"op_code": 5, "worker_id": "9d34be47-5855-458b-8f26-3a281b076ccb-139877134112576", "trial_id": 8, "param_name": "dataset.num_walks", "param_value_internal": 1429194.0, "distribution": "{\"name\": \"IntDistribution\", \"attributes\": {\"log\": true, \"step\": 1, \"low\": 100000, \"high\": 5000000}}"}
{"op_code": 5, "worker_id": "9d34be47-5855-458b-8f26-3a281b076ccb-139877134112576", "trial_id": 8, "param_name": "training.lr", "param_value_internal": 0.0007903841990564599, "distribution": "{\"name\": \"FloatDistribution\", \"attributes\": {\"step\": null, \"low\": 1e-05, \"high\": 0.1, \"log\": true}}"}
{"op_code": 5, "worker_id": "9d34be47-5855-458b-8f26-3a281b076ccb-139877134112576", "trial_id": 8, "param_name": "training.weight_decay", "param_value_internal": 1.2808507469416069e-06, "distribution": "{\"name\": \"FloatDistribution\", \"attributes\": {\"step\": null, \"low\": 1e-08, \"high\": 0.1, \"log\": true}}"}
{"op_code": 5, "worker_id": "9d34be47-5855-458b-8f26-3a281b076ccb-139877134112576", "trial_id": 8, "param_name": "training.batch_size", "param_value_internal": 1, "distribution": "{\"name\": \"CategoricalDistribution\", \"attributes\": {\"choices\": [32, 64, 128, 256, 512]}}"}
{"op_code": 5, "worker_id": "9d34be47-5855-458b-8f26-3a281b076ccb-139877134112576", "trial_id": 8, "param_name": "training.gradient_clip_val", "param_value_internal": 0.48436097706256975, "distribution": "{\"name\": \"FloatDistribution\", \"attributes\": {\"step\": null, \"low\": 0.1, \"high\": 2.0, \"log\": false}}"}
{"op_code": 5, "worker_id": "9d34be47-5855-458b-8f26-3a281b076ccb-139877134112576", "trial_id": 8, "param_name": "training.early_stopping_patience", "param_value_internal": 19.0, "distribution": "{\"name\": \"IntDistribution\", \"attributes\": {\"log\": false, \"step\": 1, \"low\": 5, \"high\": 20}}"}
{"op_code": 5, "worker_id": "9d34be47-5855-458b-8f26-3a281b076ccb-139877134112576", "trial_id": 8, "param_name": "model.nhead", "param_value_internal": 3, "distribution": "{\"name\": \"CategoricalDistribution\", \"attributes\": {\"choices\": [1, 2, 4, 8, 16]}}"}
{"op_code": 5, "worker_id": "9d34be47-5855-458b-8f26-3a281b076ccb-139877134112576", "trial_id": 8, "param_name": "model.embedding_dim", "param_value_internal": 0, "distribution": "{\"name\": \"CategoricalDistribution\", \"attributes\": {\"choices\": [4, 8, 16, 32, 64, 128]}}"}
{"op_code": 6, "worker_id": "9d34be47-5855-458b-8f26-3a281b076ccb-139877134112576", "trial_id": 8, "state": 2, "values": null, "datetime_complete": "2025-12-04T10:15:28.528646"}
{"op_code": 4, "worker_id": "9d34be47-5855-458b-8f26-3a281b076ccb-139877134112576", "study_id": 0, "datetime_start": "2025-12-04T10:15:28.529192"}
{"op_code": 5, "worker_id": "9d34be47-5855-458b-8f26-3a281b076ccb-139877134112576", "trial_id": 9, "param_name": "dataset.max_walk_length", "param_value_internal": 66.0, "distribution": "{\"name\": \"IntDistribution\", \"attributes\": {\"log\": false, \"step\": 1, \"low\": 10, \"high\": 100}}"}
{"op_code": 5, "worker_id": "9d34be47-5855-458b-8f26-3a281b076ccb-139877134112576", "trial_id": 9, "param_name": "dataset.num_walks", "param_value_internal": 3754215.0, "distribution": "{\"name\": \"IntDistribution\", \"attributes\": {\"log\": true, \"step\": 1, \"low\": 100000, \"high\": 5000000}}"}
{"op_code": 5, "worker_id": "9d34be47-5855-458b-8f26-3a281b076ccb-139877134112576", "trial_id": 9, "param_name": "training.lr", "param_value_internal": 1.4820295545495057e-05, "distribution": "{\"name\": \"FloatDistribution\", \"attributes\": {\"step\": null, \"low\": 1e-05, \"high\": 0.1, \"log\": true}}"}
{"op_code": 5, "worker_id": "9d34be47-5855-458b-8f26-3a281b076ccb-139877134112576", "trial_id": 9, "param_name": "training.weight_decay", "param_value_internal": 0.00023297885280383875, "distribution": "{\"name\": \"FloatDistribution\", \"attributes\": {\"step\": null, \"low\": 1e-08, \"high\": 0.1, \"log\": true}}"}
{"op_code": 5, "worker_id": "9d34be47-5855-458b-8f26-3a281b076ccb-139877134112576", "trial_id": 9, "param_name": "training.batch_size", "param_value_internal": 4, "distribution": "{\"name\": \"CategoricalDistribution\", \"attributes\": {\"choices\": [32, 64, 128, 256, 512]}}"}
{"op_code": 5, "worker_id": "9d34be47-5855-458b-8f26-3a281b076ccb-139877134112576", "trial_id": 9, "param_name": "training.gradient_clip_val", "param_value_internal": 1.4648769785080167, "distribution": "{\"name\": \"FloatDistribution\", \"attributes\": {\"step\": null, \"low\": 0.1, \"high\": 2.0, \"log\": false}}"}
{"op_code": 5, "worker_id": "9d34be47-5855-458b-8f26-3a281b076ccb-139877134112576", "trial_id": 9, "param_name": "training.early_stopping_patience", "param_value_internal": 5.0, "distribution": "{\"name\": \"IntDistribution\", \"attributes\": {\"log\": false, \"step\": 1, \"low\": 5, \"high\": 20}}"}
{"op_code": 5, "worker_id": "9d34be47-5855-458b-8f26-3a281b076ccb-139877134112576", "trial_id": 9, "param_name": "model.nhead", "param_value_internal": 3, "distribution": "{\"name\": \"CategoricalDistribution\", \"attributes\": {\"choices\": [1, 2, 4, 8, 16]}}"}
{"op_code": 5, "worker_id": "9d34be47-5855-458b-8f26-3a281b076ccb-139877134112576", "trial_id": 9, "param_name": "model.embedding_dim", "param_value_internal": 1, "distribution": "{\"name\": \"CategoricalDistribution\", \"attributes\": {\"choices\": [4, 8, 16, 32, 64, 128]}}"}
{"op_code": 5, "worker_id": "9d34be47-5855-458b-8f26-3a281b076ccb-139877134112576", "trial_id": 9, "param_name": "model.hidden_dim", "param_value_internal": 6, "distribution": "{\"name\": \"CategoricalDistribution\", \"attributes\": {\"choices\": [4, 8, 16, 32, 64, 128, 256]}}"}
{"op_code": 5, "worker_id": "9d34be47-5855-458b-8f26-3a281b076ccb-139877134112576", "trial_id": 9, "param_name": "model.nlayers", "param_value_internal": 5.0, "distribution": "{\"name\": \"IntDistribution\", \"attributes\": {\"log\": false, \"step\": 1, \"low\": 1, \"high\": 6}}"}
{"op_code": 5, "worker_id": "9d34be47-5855-458b-8f26-3a281b076ccb-139877134112576", "trial_id": 9, "param_name": "model.dropout", "param_value_internal": 0.5108064662537828, "distribution": "{\"name\": \"FloatDistribution\", \"attributes\": {\"step\": null, \"low\": 0.0, \"high\": 0.7, \"log\": false}}"}
{"op_code": 5, "worker_id": "9d34be47-5855-458b-8f26-3a281b076ccb-139877134112576", "trial_id": 9, "param_name": "training.epochs", "param_value_internal": 15.0, "distribution": "{\"name\": \"IntDistribution\", \"attributes\": {\"log\": false, \"step\": 1, \"low\": 6, \"high\": 25}}"}
{"op_code": 8, "worker_id": "9d34be47-5855-458b-8f26-3a281b076ccb-139877134112576", "trial_id": 9, "user_attr": {"seed": 51}}
{"op_code": 7, "worker_id": "9d34be47-5855-458b-8f26-3a281b076ccb-139877134112576", "trial_id": 9, "step": 0, "intermediate_value": 0.6208648681640625}
{"op_code": 7, "worker_id": "9d34be47-5855-458b-8f26-3a281b076ccb-139877134112576", "trial_id": 9, "step": 1, "intermediate_value": 0.623855471611023}
{"op_code": 7, "worker_id": "9d34be47-5855-458b-8f26-3a281b076ccb-139877134112576", "trial_id": 9, "step": 2, "intermediate_value": 0.627311110496521}
{"op_code": 7, "worker_id": "9d34be47-5855-458b-8f26-3a281b076ccb-139877134112576", "trial_id": 9, "step": 3, "intermediate_value": 0.630020260810852}
{"op_code": 7, "worker_id": "9d34be47-5855-458b-8f26-3a281b076ccb-139877134112576", "trial_id": 9, "step": 4, "intermediate_value": 0.6325234770774841}
{"op_code": 7, "worker_id": "9d34be47-5855-458b-8f26-3a281b076ccb-139877134112576", "trial_id": 9, "step": 5, "intermediate_value": 0.6355153322219849}
{"op_code": 6, "worker_id": "9d34be47-5855-458b-8f26-3a281b076ccb-139877134112576", "trial_id": 9, "state": 1, "values": [0.0], "datetime_complete": "2025-12-04T12:39:30.244492"}
{"op_code": 4, "worker_id": "9d34be47-5855-458b-8f26-3a281b076ccb-139877134112576", "study_id": 0, "datetime_start": "2025-12-04T12:39:30.245972"}
{"op_code": 5, "worker_id": "9d34be47-5855-458b-8f26-3a281b076ccb-139877134112576", "trial_id": 10, "param_name": "dataset.max_walk_length", "param_value_internal": 99.0, "distribution": "{\"name\": \"IntDistribution\", \"attributes\": {\"log\": false, \"step\": 1, \"low\": 10, \"high\": 100}}"}
{"op_code": 5, "worker_id": "9d34be47-5855-458b-8f26-3a281b076ccb-139877134112576", "trial_id": 10, "param_name": "dataset.num_walks", "param_value_internal": 610723.0, "distribution": "{\"name\": \"IntDistribution\", \"attributes\": {\"log\": true, \"step\": 1, \"low\": 100000, \"high\": 5000000}}"}
{"op_code": 5, "worker_id": "9d34be47-5855-458b-8f26-3a281b076ccb-139877134112576", "trial_id": 10, "param_name": "training.lr", "param_value_internal": 0.015917331373606625, "distribution": "{\"name\": \"FloatDistribution\", \"attributes\": {\"step\": null, \"low\": 1e-05, \"high\": 0.1, \"log\": true}}"}
{"op_code": 5, "worker_id": "9d34be47-5855-458b-8f26-3a281b076ccb-139877134112576", "trial_id": 10, "param_name": "training.weight_decay", "param_value_internal": 1.1385343801018164e-08, "distribution": "{\"name\": \"FloatDistribution\", \"attributes\": {\"step\": null, \"low\": 1e-08, \"high\": 0.1, \"log\": true}}"}
{"op_code": 5, "worker_id": "9d34be47-5855-458b-8f26-3a281b076ccb-139877134112576", "trial_id": 10, "param_name": "training.batch_size", "param_value_internal": 0, "distribution": "{\"name\": \"CategoricalDistribution\", \"attributes\": {\"choices\": [32, 64, 128, 256, 512]}}"}
{"op_code": 5, "worker_id": "9d34be47-5855-458b-8f26-3a281b076ccb-139877134112576", "trial_id": 10, "param_name": "training.gradient_clip_val", "param_value_internal": 0.19268179085788262, "distribution": "{\"name\": \"FloatDistribution\", \"attributes\": {\"step\": null, \"low\": 0.1, \"high\": 2.0, \"log\": false}}"}
{"op_code": 5, "worker_id": "9d34be47-5855-458b-8f26-3a281b076ccb-139877134112576", "trial_id": 10, "param_name": "training.early_stopping_patience", "param_value_internal": 18.0, "distribution": "{\"name\": \"IntDistribution\", \"attributes\": {\"log\": false, \"step\": 1, \"low\": 5, \"high\": 20}}"}
{"op_code": 5, "worker_id": "9d34be47-5855-458b-8f26-3a281b076ccb-139877134112576", "trial_id": 10, "param_name": "model.nhead", "param_value_internal": 1, "distribution": "{\"name\": \"CategoricalDistribution\", \"attributes\": {\"choices\": [1, 2, 4, 8, 16]}}"}
{"op_code": 5, "worker_id": "9d34be47-5855-458b-8f26-3a281b076ccb-139877134112576", "trial_id": 10, "param_name": "model.embedding_dim", "param_value_internal": 4, "distribution": "{\"name\": \"CategoricalDistribution\", \"attributes\": {\"choices\": [4, 8, 16, 32, 64, 128]}}"}
{"op_code": 5, "worker_id": "9d34be47-5855-458b-8f26-3a281b076ccb-139877134112576", "trial_id": 10, "param_name": "model.hidden_dim", "param_value_internal": 3, "distribution": "{\"name\": \"CategoricalDistribution\", \"attributes\": {\"choices\": [4, 8, 16, 32, 64, 128, 256]}}"}
{"op_code": 5, "worker_id": "9d34be47-5855-458b-8f26-3a281b076ccb-139877134112576", "trial_id": 10, "param_name": "model.nlayers", "param_value_internal": 1.0, "distribution": "{\"name\": \"IntDistribution\", \"attributes\": {\"log\": false, \"step\": 1, \"low\": 1, \"high\": 6}}"}
{"op_code": 5, "worker_id": "9d34be47-5855-458b-8f26-3a281b076ccb-139877134112576", "trial_id": 10, "param_name": "model.dropout", "param_value_internal": 0.28445796673445356, "distribution": "{\"name\": \"FloatDistribution\", \"attributes\": {\"step\": null, \"low\": 0.0, \"high\": 0.7, \"log\": false}}"}
{"op_code": 5, "worker_id": "9d34be47-5855-458b-8f26-3a281b076ccb-139877134112576", "trial_id": 10, "param_name": "training.epochs", "param_value_internal": 24.0, "distribution": "{\"name\": \"IntDistribution\", \"attributes\": {\"log\": false, \"step\": 1, \"low\": 6, \"high\": 25}}"}
{"op_code": 8, "worker_id": "9d34be47-5855-458b-8f26-3a281b076ccb-139877134112576", "trial_id": 10, "user_attr": {"seed": 52}}
{"op_code": 7, "worker_id": "9d34be47-5855-458b-8f26-3a281b076ccb-139877134112576", "trial_id": 10, "step": 0, "intermediate_value": 0.5482832789421082}
{"op_code": 7, "worker_id": "9d34be47-5855-458b-8f26-3a281b076ccb-139877134112576", "trial_id": 10, "step": 1, "intermediate_value": 0.6238222122192383}
{"op_code": 7, "worker_id": "9d34be47-5855-458b-8f26-3a281b076ccb-139877134112576", "trial_id": 10, "step": 2, "intermediate_value": 0.5945909023284912}
{"op_code": 7, "worker_id": "9d34be47-5855-458b-8f26-3a281b076ccb-139877134112576", "trial_id": 10, "step": 3, "intermediate_value": 0.5920799970626831}
{"op_code": 7, "worker_id": "9d34be47-5855-458b-8f26-3a281b076ccb-139877134112576", "trial_id": 10, "step": 4, "intermediate_value": 0.5390868186950684}
{"op_code": 6, "worker_id": "9d34be47-5855-458b-8f26-3a281b076ccb-139877134112576", "trial_id": 10, "state": 1, "values": [0.0], "datetime_complete": "2025-12-04T13:12:22.390742"}
{"op_code": 4, "worker_id": "9d34be47-5855-458b-8f26-3a281b076ccb-139877134112576", "study_id": 0, "datetime_start": "2025-12-04T13:12:22.392605"}
{"op_code": 5, "worker_id": "9d34be47-5855-458b-8f26-3a281b076ccb-139877134112576", "trial_id": 11, "param_name": "dataset.max_walk_length", "param_value_internal": 37.0, "distribution": "{\"name\": \"IntDistribution\", \"attributes\": {\"log\": false, \"step\": 1, \"low\": 10, \"high\": 100}}"}
{"op_code": 5, "worker_id": "9d34be47-5855-458b-8f26-3a281b076ccb-139877134112576", "trial_id": 11, "param_name": "dataset.num_walks", "param_value_internal": 1868756.0, "distribution": "{\"name\": \"IntDistribution\", \"attributes\": {\"log\": true, \"step\": 1, \"low\": 100000, \"high\": 5000000}}"}
{"op_code": 5, "worker_id": "9d34be47-5855-458b-8f26-3a281b076ccb-139877134112576", "trial_id": 11, "param_name": "training.lr", "param_value_internal": 0.004957547350523324, "distribution": "{\"name\": \"FloatDistribution\", \"attributes\": {\"step\": null, \"low\": 1e-05, \"high\": 0.1, \"log\": true}}"}
{"op_code": 5, "worker_id": "9d34be47-5855-458b-8f26-3a281b076ccb-139877134112576", "trial_id": 11, "param_name": "training.weight_decay", "param_value_internal": 6.925133071329438e-08, "distribution": "{\"name\": \"FloatDistribution\", \"attributes\": {\"step\": null, \"low\": 1e-08, \"high\": 0.1, \"log\": true}}"}
{"op_code": 5, "worker_id": "9d34be47-5855-458b-8f26-3a281b076ccb-139877134112576", "trial_id": 11, "param_name": "training.batch_size", "param_value_internal": 4, "distribution": "{\"name\": \"CategoricalDistribution\", \"attributes\": {\"choices\": [32, 64, 128, 256, 512]}}"}
{"op_code": 5, "worker_id": "9d34be47-5855-458b-8f26-3a281b076ccb-139877134112576", "trial_id": 11, "param_name": "training.gradient_clip_val", "param_value_internal": 0.9425831175744728, "distribution": "{\"name\": \"FloatDistribution\", \"attributes\": {\"step\": null, \"low\": 0.1, \"high\": 2.0, \"log\": false}}"}
{"op_code": 5, "worker_id": "9d34be47-5855-458b-8f26-3a281b076ccb-139877134112576", "trial_id": 11, "param_name": "training.early_stopping_patience", "param_value_internal": 16.0, "distribution": "{\"name\": \"IntDistribution\", \"attributes\": {\"log\": false, \"step\": 1, \"low\": 5, \"high\": 20}}"}
{"op_code": 5, "worker_id": "9d34be47-5855-458b-8f26-3a281b076ccb-139877134112576", "trial_id": 11, "param_name": "model.nhead", "param_value_internal": 4, "distribution": "{\"name\": \"CategoricalDistribution\", \"attributes\": {\"choices\": [1, 2, 4, 8, 16]}}"}
{"op_code": 5, "worker_id": "9d34be47-5855-458b-8f26-3a281b076ccb-139877134112576", "trial_id": 11, "param_name": "model.embedding_dim", "param_value_internal": 4, "distribution": "{\"name\": \"CategoricalDistribution\", \"attributes\": {\"choices\": [4, 8, 16, 32, 64, 128]}}"}
{"op_code": 5, "worker_id": "9d34be47-5855-458b-8f26-3a281b076ccb-139877134112576", "trial_id": 11, "param_name": "model.hidden_dim", "param_value_internal": 4, "distribution": "{\"name\": \"CategoricalDistribution\", \"attributes\": {\"choices\": [4, 8, 16, 32, 64, 128, 256]}}"}
{"op_code": 5, "worker_id": "9d34be47-5855-458b-8f26-3a281b076ccb-139877134112576", "trial_id": 11, "param_name": "model.nlayers", "param_value_internal": 6.0, "distribution": "{\"name\": \"IntDistribution\", \"attributes\": {\"log\": false, \"step\": 1, \"low\": 1, \"high\": 6}}"}
{"op_code": 5, "worker_id": "9d34be47-5855-458b-8f26-3a281b076ccb-139877134112576", "trial_id": 11, "param_name": "model.dropout", "param_value_internal": 0.01643069528352012, "distribution": "{\"name\": \"FloatDistribution\", \"attributes\": {\"step\": null, \"low\": 0.0, \"high\": 0.7, \"log\": false}}"}
{"op_code": 5, "worker_id": "9d34be47-5855-458b-8f26-3a281b076ccb-139877134112576", "trial_id": 11, "param_name": "training.epochs", "param_value_internal": 21.0, "distribution": "{\"name\": \"IntDistribution\", \"attributes\": {\"log\": false, \"step\": 1, \"low\": 6, \"high\": 25}}"}
{"op_code": 8, "worker_id": "9d34be47-5855-458b-8f26-3a281b076ccb-139877134112576", "trial_id": 11, "user_attr": {"seed": 53}}
{"op_code": 7, "worker_id": "9d34be47-5855-458b-8f26-3a281b076ccb-139877134112576", "trial_id": 11, "step": 0, "intermediate_value": 0.5034714937210083}
{"op_code": 7, "worker_id": "9d34be47-5855-458b-8f26-3a281b076ccb-139877134112576", "trial_id": 11, "step": 1, "intermediate_value": 0.4913308620452881}
{"op_code": 7, "worker_id": "9d34be47-5855-458b-8f26-3a281b076ccb-139877134112576", "trial_id": 11, "step": 2, "intermediate_value": 0.5048826932907104}
{"op_code": 7, "worker_id": "9d34be47-5855-458b-8f26-3a281b076ccb-139877134112576", "trial_id": 11, "step": 3, "intermediate_value": 0.4933587908744812}
{"op_code": 7, "worker_id": "9d34be47-5855-458b-8f26-3a281b076ccb-139877134112576", "trial_id": 11, "step": 4, "intermediate_value": 0.5023059844970703}
{"op_code": 7, "worker_id": "9d34be47-5855-458b-8f26-3a281b076ccb-139877134112576", "trial_id": 11, "step": 5, "intermediate_value": 0.49868643283843994}
{"op_code": 6, "worker_id": "9d34be47-5855-458b-8f26-3a281b076ccb-139877134112576", "trial_id": 11, "state": 1, "values": [0.0], "datetime_complete": "2025-12-04T14:10:57.395563"}
{"op_code": 4, "worker_id": "9d34be47-5855-458b-8f26-3a281b076ccb-139877134112576", "study_id": 0, "datetime_start": "2025-12-04T14:10:57.396965"}
{"op_code": 5, "worker_id": "9d34be47-5855-458b-8f26-3a281b076ccb-139877134112576", "trial_id": 12, "param_name": "dataset.max_walk_length", "param_value_internal": 11.0, "distribution": "{\"name\": \"IntDistribution\", \"attributes\": {\"log\": false, \"step\": 1, \"low\": 10, \"high\": 100}}"}
{"op_code": 5, "worker_id": "9d34be47-5855-458b-8f26-3a281b076ccb-139877134112576", "trial_id": 12, "param_name": "dataset.num_walks", "param_value_internal": 2226757.0, "distribution": "{\"name\": \"IntDistribution\", \"attributes\": {\"log\": true, \"step\": 1, \"low\": 100000, \"high\": 5000000}}"}
{"op_code": 5, "worker_id": "9d34be47-5855-458b-8f26-3a281b076ccb-139877134112576", "trial_id": 12, "param_name": "training.lr", "param_value_internal": 0.007212817379811579, "distribution": "{\"name\": \"FloatDistribution\", \"attributes\": {\"step\": null, \"low\": 1e-05, \"high\": 0.1, \"log\": true}}"}
{"op_code": 5, "worker_id": "9d34be47-5855-458b-8f26-3a281b076ccb-139877134112576", "trial_id": 12, "param_name": "training.weight_decay", "param_value_internal": 1.0866602488191233e-05, "distribution": "{\"name\": \"FloatDistribution\", \"attributes\": {\"step\": null, \"low\": 1e-08, \"high\": 0.1, \"log\": true}}"}
{"op_code": 5, "worker_id": "9d34be47-5855-458b-8f26-3a281b076ccb-139877134112576", "trial_id": 12, "param_name": "training.batch_size", "param_value_internal": 0, "distribution": "{\"name\": \"CategoricalDistribution\", \"attributes\": {\"choices\": [32, 64, 128, 256, 512]}}"}
{"op_code": 5, "worker_id": "9d34be47-5855-458b-8f26-3a281b076ccb-139877134112576", "trial_id": 12, "param_name": "training.gradient_clip_val", "param_value_internal": 0.8468874803485156, "distribution": "{\"name\": \"FloatDistribution\", \"attributes\": {\"step\": null, \"low\": 0.1, \"high\": 2.0, \"log\": false}}"}
{"op_code": 5, "worker_id": "9d34be47-5855-458b-8f26-3a281b076ccb-139877134112576", "trial_id": 12, "param_name": "training.early_stopping_patience", "param_value_internal": 16.0, "distribution": "{\"name\": \"IntDistribution\", \"attributes\": {\"log\": false, \"step\": 1, \"low\": 5, \"high\": 20}}"}
{"op_code": 5, "worker_id": "9d34be47-5855-458b-8f26-3a281b076ccb-139877134112576", "trial_id": 12, "param_name": "model.nhead", "param_value_internal": 4, "distribution": "{\"name\": \"CategoricalDistribution\", \"attributes\": {\"choices\": [1, 2, 4, 8, 16]}}"}
{"op_code": 5, "worker_id": "9d34be47-5855-458b-8f26-3a281b076ccb-139877134112576", "trial_id": 12, "param_name": "model.embedding_dim", "param_value_internal": 4, "distribution": "{\"name\": \"CategoricalDistribution\", \"attributes\": {\"choices\": [4, 8, 16, 32, 64, 128]}}"}
{"op_code": 5, "worker_id": "9d34be47-5855-458b-8f26-3a281b076ccb-139877134112576", "trial_id": 12, "param_name": "model.hidden_dim", "param_value_internal": 2, "distribution": "{\"name\": \"CategoricalDistribution\", \"attributes\": {\"choices\": [4, 8, 16, 32, 64, 128, 256]}}"}
{"op_code": 5, "worker_id": "9d34be47-5855-458b-8f26-3a281b076ccb-139877134112576", "trial_id": 12, "param_name": "model.nlayers", "param_value_internal": 2.0, "distribution": "{\"name\": \"IntDistribution\", \"attributes\": {\"log\": false, \"step\": 1, \"low\": 1, \"high\": 6}}"}
{"op_code": 5, "worker_id": "9d34be47-5855-458b-8f26-3a281b076ccb-139877134112576", "trial_id": 12, "param_name": "model.dropout", "param_value_internal": 0.1904658999843274, "distribution": "{\"name\": \"FloatDistribution\", \"attributes\": {\"step\": null, \"low\": 0.0, \"high\": 0.7, \"log\": false}}"}
{"op_code": 5, "worker_id": "9d34be47-5855-458b-8f26-3a281b076ccb-139877134112576", "trial_id": 12, "param_name": "training.epochs", "param_value_internal": 22.0, "distribution": "{\"name\": \"IntDistribution\", \"attributes\": {\"log\": false, \"step\": 1, \"low\": 6, \"high\": 25}}"}
{"op_code": 8, "worker_id": "9d34be47-5855-458b-8f26-3a281b076ccb-139877134112576", "trial_id": 12, "user_attr": {"seed": 54}}
{"op_code": 7, "worker_id": "9d34be47-5855-458b-8f26-3a281b076ccb-139877134112576", "trial_id": 12, "step": 0, "intermediate_value": 0.610055685043335}
{"op_code": 7, "worker_id": "9d34be47-5855-458b-8f26-3a281b076ccb-139877134112576", "trial_id": 12, "step": 1, "intermediate_value": 0.5855417847633362}
{"op_code": 7, "worker_id": "9d34be47-5855-458b-8f26-3a281b076ccb-139877134112576", "trial_id": 12, "step": 2, "intermediate_value": 0.6119786500930786}
{"op_code": 7, "worker_id": "9d34be47-5855-458b-8f26-3a281b076ccb-139877134112576", "trial_id": 12, "step": 3, "intermediate_value": 0.603482186794281}
{"op_code": 7, "worker_id": "9d34be47-5855-458b-8f26-3a281b076ccb-139877134112576", "trial_id": 12, "step": 4, "intermediate_value": 0.6168942451477051}
{"op_code": 7, "worker_id": "9d34be47-5855-458b-8f26-3a281b076ccb-139877134112576", "trial_id": 12, "step": 5, "intermediate_value": 0.618649959564209}
{"op_code": 6, "worker_id": "9d34be47-5855-458b-8f26-3a281b076ccb-139877134112576", "trial_id": 12, "state": 1, "values": [0.0], "datetime_complete": "2025-12-04T16:08:49.091446"}
{"op_code": 4, "worker_id": "9d34be47-5855-458b-8f26-3a281b076ccb-139877134112576", "study_id": 0, "datetime_start": "2025-12-04T16:08:49.101177"}
{"op_code": 5, "worker_id": "9d34be47-5855-458b-8f26-3a281b076ccb-139877134112576", "trial_id": 13, "param_name": "dataset.max_walk_length", "param_value_internal": 62.0, "distribution": "{\"name\": \"IntDistribution\", \"attributes\": {\"log\": false, \"step\": 1, \"low\": 10, \"high\": 100}}"}
{"op_code": 5, "worker_id": "9d34be47-5855-458b-8f26-3a281b076ccb-139877134112576", "trial_id": 13, "param_name": "dataset.num_walks", "param_value_internal": 1054227.0, "distribution": "{\"name\": \"IntDistribution\", \"attributes\": {\"log\": true, \"step\": 1, \"low\": 100000, \"high\": 5000000}}"}
{"op_code": 5, "worker_id": "9d34be47-5855-458b-8f26-3a281b076ccb-139877134112576", "trial_id": 13, "param_name": "training.lr", "param_value_internal": 0.0026020363259039152, "distribution": "{\"name\": \"FloatDistribution\", \"attributes\": {\"step\": null, \"low\": 1e-05, \"high\": 0.1, \"log\": true}}"}
{"op_code": 5, "worker_id": "9d34be47-5855-458b-8f26-3a281b076ccb-139877134112576", "trial_id": 13, "param_name": "training.weight_decay", "param_value_internal": 2.640056331693129e-07, "distribution": "{\"name\": \"FloatDistribution\", \"attributes\": {\"step\": null, \"low\": 1e-08, \"high\": 0.1, \"log\": true}}"}
{"op_code": 5, "worker_id": "9d34be47-5855-458b-8f26-3a281b076ccb-139877134112576", "trial_id": 13, "param_name": "training.batch_size", "param_value_internal": 3, "distribution": "{\"name\": \"CategoricalDistribution\", \"attributes\": {\"choices\": [32, 64, 128, 256, 512]}}"}
{"op_code": 5, "worker_id": "9d34be47-5855-458b-8f26-3a281b076ccb-139877134112576", "trial_id": 13, "param_name": "training.gradient_clip_val", "param_value_internal": 0.6711281227207772, "distribution": "{\"name\": \"FloatDistribution\", \"attributes\": {\"step\": null, \"low\": 0.1, \"high\": 2.0, \"log\": false}}"}
{"op_code": 5, "worker_id": "9d34be47-5855-458b-8f26-3a281b076ccb-139877134112576", "trial_id": 13, "param_name": "training.early_stopping_patience", "param_value_internal": 15.0, "distribution": "{\"name\": \"IntDistribution\", \"attributes\": {\"log\": false, \"step\": 1, \"low\": 5, \"high\": 20}}"}
{"op_code": 5, "worker_id": "9d34be47-5855-458b-8f26-3a281b076ccb-139877134112576", "trial_id": 13, "param_name": "model.nhead", "param_value_internal": 4, "distribution": "{\"name\": \"CategoricalDistribution\", \"attributes\": {\"choices\": [1, 2, 4, 8, 16]}}"}
{"op_code": 5, "worker_id": "9d34be47-5855-458b-8f26-3a281b076ccb-139877134112576", "trial_id": 13, "param_name": "model.embedding_dim", "param_value_internal": 4, "distribution": "{\"name\": \"CategoricalDistribution\", \"attributes\": {\"choices\": [4, 8, 16, 32, 64, 128]}}"}
{"op_code": 5, "worker_id": "9d34be47-5855-458b-8f26-3a281b076ccb-139877134112576", "trial_id": 13, "param_name": "model.hidden_dim", "param_value_internal": 5, "distribution": "{\"name\": \"CategoricalDistribution\", \"attributes\": {\"choices\": [4, 8, 16, 32, 64, 128, 256]}}"}
{"op_code": 5, "worker_id": "9d34be47-5855-458b-8f26-3a281b076ccb-139877134112576", "trial_id": 13, "param_name": "model.nlayers", "param_value_internal": 2.0, "distribution": "{\"name\": \"IntDistribution\", \"attributes\": {\"log\": false, \"step\": 1, \"low\": 1, \"high\": 6}}"}
{"op_code": 5, "worker_id": "9d34be47-5855-458b-8f26-3a281b076ccb-139877134112576", "trial_id": 13, "param_name": "model.dropout", "param_value_internal": 0.13696648437356, "distribution": "{\"name\": \"FloatDistribution\", \"attributes\": {\"step\": null, \"low\": 0.0, \"high\": 0.7, \"log\": false}}"}
{"op_code": 5, "worker_id": "9d34be47-5855-458b-8f26-3a281b076ccb-139877134112576", "trial_id": 13, "param_name": "training.epochs", "param_value_internal": 14.0, "distribution": "{\"name\": \"IntDistribution\", \"attributes\": {\"log\": false, \"step\": 1, \"low\": 6, \"high\": 25}}"}
{"op_code": 8, "worker_id": "9d34be47-5855-458b-8f26-3a281b076ccb-139877134112576", "trial_id": 13, "user_attr": {"seed": 55}}
{"op_code": 7, "worker_id": "9d34be47-5855-458b-8f26-3a281b076ccb-139877134112576", "trial_id": 13, "step": 0, "intermediate_value": 0.8102877140045166}
{"op_code": 7, "worker_id": "9d34be47-5855-458b-8f26-3a281b076ccb-139877134112576", "trial_id": 13, "step": 1, "intermediate_value": 0.8215305805206299}
{"op_code": 7, "worker_id": "9d34be47-5855-458b-8f26-3a281b076ccb-139877134112576", "trial_id": 13, "step": 2, "intermediate_value": 0.8328263759613037}
{"op_code": 7, "worker_id": "9d34be47-5855-458b-8f26-3a281b076ccb-139877134112576", "trial_id": 13, "step": 3, "intermediate_value": 0.8528172969818115}
{"op_code": 7, "worker_id": "9d34be47-5855-458b-8f26-3a281b076ccb-139877134112576", "trial_id": 13, "step": 4, "intermediate_value": 0.8620795607566833}
{"op_code": 7, "worker_id": "9d34be47-5855-458b-8f26-3a281b076ccb-139877134112576", "trial_id": 13, "step": 5, "intermediate_value": 0.8733254671096802}
{"op_code": 7, "worker_id": "9d34be47-5855-458b-8f26-3a281b076ccb-139877134112576", "trial_id": 13, "step": 6, "intermediate_value": 0.8708934187889099}
{"op_code": 7, "worker_id": "9d34be47-5855-458b-8f26-3a281b076ccb-139877134112576", "trial_id": 13, "step": 7, "intermediate_value": 0.8726140856742859}
{"op_code": 7, "worker_id": "9d34be47-5855-458b-8f26-3a281b076ccb-139877134112576", "trial_id": 13, "step": 8, "intermediate_value": 0.8753505945205688}
{"op_code": 7, "worker_id": "9d34be47-5855-458b-8f26-3a281b076ccb-139877134112576", "trial_id": 13, "step": 9, "intermediate_value": 0.878319263458252}
{"op_code": 7, "worker_id": "9d34be47-5855-458b-8f26-3a281b076ccb-139877134112576", "trial_id": 13, "step": 10, "intermediate_value": 0.8733774423599243}
{"op_code": 7, "worker_id": "9d34be47-5855-458b-8f26-3a281b076ccb-139877134112576", "trial_id": 13, "step": 11, "intermediate_value": 0.8744920492172241}
{"op_code": 7, "worker_id": "9d34be47-5855-458b-8f26-3a281b076ccb-139877134112576", "trial_id": 13, "step": 12, "intermediate_value": 0.8749674558639526}
{"op_code": 7, "worker_id": "9d34be47-5855-458b-8f26-3a281b076ccb-139877134112576", "trial_id": 13, "step": 13, "intermediate_value": 0.8736386299133301}
{"op_code": 7, "worker_id": "9d34be47-5855-458b-8f26-3a281b076ccb-139877134112576", "trial_id": 13, "step": 14, "intermediate_value": 0.878319263458252}
{"op_code": 6, "worker_id": "9d34be47-5855-458b-8f26-3a281b076ccb-139877134112576", "trial_id": 13, "state": 1, "values": [0.878319263458252], "datetime_complete": "2025-12-04T16:51:14.961785"}
{"op_code": 4, "worker_id": "9d34be47-5855-458b-8f26-3a281b076ccb-139877134112576", "study_id": 0, "datetime_start": "2025-12-04T16:51:14.963402"}
{"op_code": 5, "worker_id": "9d34be47-5855-458b-8f26-3a281b076ccb-139877134112576", "trial_id": 14, "param_name": "dataset.max_walk_length", "param_value_internal": 42.0, "distribution": "{\"name\": \"IntDistribution\", \"attributes\": {\"log\": false, \"step\": 1, \"low\": 10, \"high\": 100}}"}
{"op_code": 5, "worker_id": "9d34be47-5855-458b-8f26-3a281b076ccb-139877134112576", "trial_id": 14, "param_name": "dataset.num_walks", "param_value_internal": 2618807.0, "distribution": "{\"name\": \"IntDistribution\", \"attributes\": {\"log\": true, \"step\": 1, \"low\": 100000, \"high\": 5000000}}"}
{"op_code": 5, "worker_id": "9d34be47-5855-458b-8f26-3a281b076ccb-139877134112576", "trial_id": 14, "param_name": "training.lr", "param_value_internal": 0.019940375291511984, "distribution": "{\"name\": \"FloatDistribution\", \"attributes\": {\"step\": null, \"low\": 1e-05, \"high\": 0.1, \"log\": true}}"}
{"op_code": 5, "worker_id": "9d34be47-5855-458b-8f26-3a281b076ccb-139877134112576", "trial_id": 14, "param_name": "training.weight_decay", "param_value_internal": 1.1676414028284335e-05, "distribution": "{\"name\": \"FloatDistribution\", \"attributes\": {\"step\": null, \"low\": 1e-08, \"high\": 0.1, \"log\": true}}"}
{"op_code": 5, "worker_id": "9d34be47-5855-458b-8f26-3a281b076ccb-139877134112576", "trial_id": 14, "param_name": "training.batch_size", "param_value_internal": 4, "distribution": "{\"name\": \"CategoricalDistribution\", \"attributes\": {\"choices\": [32, 64, 128, 256, 512]}}"}
{"op_code": 5, "worker_id": "9d34be47-5855-458b-8f26-3a281b076ccb-139877134112576", "trial_id": 14, "param_name": "training.gradient_clip_val", "param_value_internal": 1.062415175170705, "distribution": "{\"name\": \"FloatDistribution\", \"attributes\": {\"step\": null, \"low\": 0.1, \"high\": 2.0, \"log\": false}}"}
{"op_code": 5, "worker_id": "9d34be47-5855-458b-8f26-3a281b076ccb-139877134112576", "trial_id": 14, "param_name": "training.early_stopping_patience", "param_value_internal": 8.0, "distribution": "{\"name\": \"IntDistribution\", \"attributes\": {\"log\": false, \"step\": 1, \"low\": 5, \"high\": 20}}"}
{"op_code": 5, "worker_id": "9d34be47-5855-458b-8f26-3a281b076ccb-139877134112576", "trial_id": 14, "param_name": "model.nhead", "param_value_internal": 1, "distribution": "{\"name\": \"CategoricalDistribution\", \"attributes\": {\"choices\": [1, 2, 4, 8, 16]}}"}
{"op_code": 5, "worker_id": "9d34be47-5855-458b-8f26-3a281b076ccb-139877134112576", "trial_id": 14, "param_name": "model.embedding_dim", "param_value_internal": 4, "distribution": "{\"name\": \"CategoricalDistribution\", \"attributes\": {\"choices\": [4, 8, 16, 32, 64, 128]}}"}
{"op_code": 5, "worker_id": "9d34be47-5855-458b-8f26-3a281b076ccb-139877134112576", "trial_id": 14, "param_name": "model.hidden_dim", "param_value_internal": 2, "distribution": "{\"name\": \"CategoricalDistribution\", \"attributes\": {\"choices\": [4, 8, 16, 32, 64, 128, 256]}}"}
{"op_code": 5, "worker_id": "9d34be47-5855-458b-8f26-3a281b076ccb-139877134112576", "trial_id": 14, "param_name": "model.nlayers", "param_value_internal": 6.0, "distribution": "{\"name\": \"IntDistribution\", \"attributes\": {\"log\": false, \"step\": 1, \"low\": 1, \"high\": 6}}"}
{"op_code": 5, "worker_id": "9d34be47-5855-458b-8f26-3a281b076ccb-139877134112576", "trial_id": 14, "param_name": "model.dropout", "param_value_internal": 0.2896203301149285, "distribution": "{\"name\": \"FloatDistribution\", \"attributes\": {\"step\": null, \"low\": 0.0, \"high\": 0.7, \"log\": false}}"}
{"op_code": 5, "worker_id": "9d34be47-5855-458b-8f26-3a281b076ccb-139877134112576", "trial_id": 14, "param_name": "training.epochs", "param_value_internal": 13.0, "distribution": "{\"name\": \"IntDistribution\", \"attributes\": {\"log\": false, \"step\": 1, \"low\": 6, \"high\": 25}}"}
{"op_code": 8, "worker_id": "9d34be47-5855-458b-8f26-3a281b076ccb-139877134112576", "trial_id": 14, "user_attr": {"seed": 56}}
{"op_code": 7, "worker_id": "9d34be47-5855-458b-8f26-3a281b076ccb-139877134112576", "trial_id": 14, "step": 0, "intermediate_value": 0.5}
{"op_code": 7, "worker_id": "9d34be47-5855-458b-8f26-3a281b076ccb-139877134112576", "trial_id": 14, "step": 1, "intermediate_value": 0.5}
{"op_code": 7, "worker_id": "9d34be47-5855-458b-8f26-3a281b076ccb-139877134112576", "trial_id": 14, "step": 2, "intermediate_value": 0.5}
{"op_code": 7, "worker_id": "9d34be47-5855-458b-8f26-3a281b076ccb-139877134112576", "trial_id": 14, "step": 3, "intermediate_value": 0.5}
{"op_code": 7, "worker_id": "9d34be47-5855-458b-8f26-3a281b076ccb-139877134112576", "trial_id": 14, "step": 4, "intermediate_value": 0.5}
{"op_code": 7, "worker_id": "9d34be47-5855-458b-8f26-3a281b076ccb-139877134112576", "trial_id": 14, "step": 5, "intermediate_value": 0.5}
{"op_code": 6, "worker_id": "9d34be47-5855-458b-8f26-3a281b076ccb-139877134112576", "trial_id": 14, "state": 1, "values": [0.0], "datetime_complete": "2025-12-04T18:02:20.111291"}
{"op_code": 4, "worker_id": "9d34be47-5855-458b-8f26-3a281b076ccb-139877134112576", "study_id": 0, "datetime_start": "2025-12-04T18:02:20.112902"}
{"op_code": 5, "worker_id": "9d34be47-5855-458b-8f26-3a281b076ccb-139877134112576", "trial_id": 15, "param_name": "dataset.max_walk_length", "param_value_internal": 56.0, "distribution": "{\"name\": \"IntDistribution\", \"attributes\": {\"log\": false, \"step\": 1, \"low\": 10, \"high\": 100}}"}
{"op_code": 5, "worker_id": "9d34be47-5855-458b-8f26-3a281b076ccb-139877134112576", "trial_id": 15, "param_name": "dataset.num_walks", "param_value_internal": 4753406.0, "distribution": "{\"name\": \"IntDistribution\", \"attributes\": {\"log\": true, \"step\": 1, \"low\": 100000, \"high\": 5000000}}"}
{"op_code": 5, "worker_id": "9d34be47-5855-458b-8f26-3a281b076ccb-139877134112576", "trial_id": 15, "param_name": "training.lr", "param_value_internal": 0.09725313377683993, "distribution": "{\"name\": \"FloatDistribution\", \"attributes\": {\"step\": null, \"low\": 1e-05, \"high\": 0.1, \"log\": true}}"}
{"op_code": 5, "worker_id": "9d34be47-5855-458b-8f26-3a281b076ccb-139877134112576", "trial_id": 15, "param_name": "training.weight_decay", "param_value_internal": 1.5336806290570197e-08, "distribution": "{\"name\": \"FloatDistribution\", \"attributes\": {\"step\": null, \"low\": 1e-08, \"high\": 0.1, \"log\": true}}"}
{"op_code": 5, "worker_id": "9d34be47-5855-458b-8f26-3a281b076ccb-139877134112576", "trial_id": 15, "param_name": "training.batch_size", "param_value_internal": 1, "distribution": "{\"name\": \"CategoricalDistribution\", \"attributes\": {\"choices\": [32, 64, 128, 256, 512]}}"}
{"op_code": 5, "worker_id": "9d34be47-5855-458b-8f26-3a281b076ccb-139877134112576", "trial_id": 15, "param_name": "training.gradient_clip_val", "param_value_internal": 0.30970773687171405, "distribution": "{\"name\": \"FloatDistribution\", \"attributes\": {\"step\": null, \"low\": 0.1, \"high\": 2.0, \"log\": false}}"}
{"op_code": 5, "worker_id": "9d34be47-5855-458b-8f26-3a281b076ccb-139877134112576", "trial_id": 15, "param_name": "training.early_stopping_patience", "param_value_internal": 14.0, "distribution": "{\"name\": \"IntDistribution\", \"attributes\": {\"log\": false, \"step\": 1, \"low\": 5, \"high\": 20}}"}
{"op_code": 5, "worker_id": "9d34be47-5855-458b-8f26-3a281b076ccb-139877134112576", "trial_id": 15, "param_name": "model.nhead", "param_value_internal": 2, "distribution": "{\"name\": \"CategoricalDistribution\", \"attributes\": {\"choices\": [1, 2, 4, 8, 16]}}"}
{"op_code": 5, "worker_id": "9d34be47-5855-458b-8f26-3a281b076ccb-139877134112576", "trial_id": 15, "param_name": "model.embedding_dim", "param_value_internal": 2, "distribution": "{\"name\": \"CategoricalDistribution\", \"attributes\": {\"choices\": [4, 8, 16, 32, 64, 128]}}"}
{"op_code": 5, "worker_id": "9d34be47-5855-458b-8f26-3a281b076ccb-139877134112576", "trial_id": 15, "param_name": "model.hidden_dim", "param_value_internal": 3, "distribution": "{\"name\": \"CategoricalDistribution\", \"attributes\": {\"choices\": [4, 8, 16, 32, 64, 128, 256]}}"}
{"op_code": 5, "worker_id": "9d34be47-5855-458b-8f26-3a281b076ccb-139877134112576", "trial_id": 15, "param_name": "model.nlayers", "param_value_internal": 2.0, "distribution": "{\"name\": \"IntDistribution\", \"attributes\": {\"log\": false, \"step\": 1, \"low\": 1, \"high\": 6}}"}
{"op_code": 5, "worker_id": "9d34be47-5855-458b-8f26-3a281b076ccb-139877134112576", "trial_id": 15, "param_name": "model.dropout", "param_value_internal": 0.025096090082970812, "distribution": "{\"name\": \"FloatDistribution\", \"attributes\": {\"step\": null, \"low\": 0.0, \"high\": 0.7, \"log\": false}}"}
{"op_code": 5, "worker_id": "9d34be47-5855-458b-8f26-3a281b076ccb-139877134112576", "trial_id": 15, "param_name": "training.epochs", "param_value_internal": 20.0, "distribution": "{\"name\": \"IntDistribution\", \"attributes\": {\"log\": false, \"step\": 1, \"low\": 6, \"high\": 25}}"}
{"op_code": 8, "worker_id": "9d34be47-5855-458b-8f26-3a281b076ccb-139877134112576", "trial_id": 15, "user_attr": {"seed": 57}}
{"op_code": 6, "worker_id": "9d34be47-5855-458b-8f26-3a281b076ccb-139877134112576", "trial_id": 15, "state": 1, "values": [0.0], "datetime_complete": "2025-12-04T20:03:33.350735"}
{"op_code": 4, "worker_id": "9d34be47-5855-458b-8f26-3a281b076ccb-139877134112576", "study_id": 0, "datetime_start": "2025-12-04T20:03:33.400597"}
{"op_code": 5, "worker_id": "9d34be47-5855-458b-8f26-3a281b076ccb-139877134112576", "trial_id": 16, "param_name": "dataset.max_walk_length", "param_value_internal": 72.0, "distribution": "{\"name\": \"IntDistribution\", \"attributes\": {\"log\": false, \"step\": 1, \"low\": 10, \"high\": 100}}"}
{"op_code": 5, "worker_id": "9d34be47-5855-458b-8f26-3a281b076ccb-139877134112576", "trial_id": 16, "param_name": "dataset.num_walks", "param_value_internal": 2612364.0, "distribution": "{\"name\": \"IntDistribution\", \"attributes\": {\"log\": true, \"step\": 1, \"low\": 100000, \"high\": 5000000}}"}
{"op_code": 5, "worker_id": "9d34be47-5855-458b-8f26-3a281b076ccb-139877134112576", "trial_id": 16, "param_name": "training.lr", "param_value_internal": 0.0017267087413531, "distribution": "{\"name\": \"FloatDistribution\", \"attributes\": {\"step\": null, \"low\": 1e-05, \"high\": 0.1, \"log\": true}}"}
{"op_code": 5, "worker_id": "9d34be47-5855-458b-8f26-3a281b076ccb-139877134112576", "trial_id": 16, "param_name": "training.weight_decay", "param_value_internal": 1.4470375859935393e-06, "distribution": "{\"name\": \"FloatDistribution\", \"attributes\": {\"step\": null, \"low\": 1e-08, \"high\": 0.1, \"log\": true}}"}
{"op_code": 5, "worker_id": "9d34be47-5855-458b-8f26-3a281b076ccb-139877134112576", "trial_id": 16, "param_name": "training.batch_size", "param_value_internal": 4, "distribution": "{\"name\": \"CategoricalDistribution\", \"attributes\": {\"choices\": [32, 64, 128, 256, 512]}}"}
{"op_code": 5, "worker_id": "9d34be47-5855-458b-8f26-3a281b076ccb-139877134112576", "trial_id": 16, "param_name": "training.gradient_clip_val", "param_value_internal": 0.766994498543885, "distribution": "{\"name\": \"FloatDistribution\", \"attributes\": {\"step\": null, \"low\": 0.1, \"high\": 2.0, \"log\": false}}"}
{"op_code": 5, "worker_id": "9d34be47-5855-458b-8f26-3a281b076ccb-139877134112576", "trial_id": 16, "param_name": "training.early_stopping_patience", "param_value_internal": 20.0, "distribution": "{\"name\": \"IntDistribution\", \"attributes\": {\"log\": false, \"step\": 1, \"low\": 5, \"high\": 20}}"}
{"op_code": 5, "worker_id": "9d34be47-5855-458b-8f26-3a281b076ccb-139877134112576", "trial_id": 16, "param_name": "model.nhead", "param_value_internal": 4, "distribution": "{\"name\": \"CategoricalDistribution\", \"attributes\": {\"choices\": [1, 2, 4, 8, 16]}}"}
{"op_code": 5, "worker_id": "9d34be47-5855-458b-8f26-3a281b076ccb-139877134112576", "trial_id": 16, "param_name": "model.embedding_dim", "param_value_internal": 0, "distribution": "{\"name\": \"CategoricalDistribution\", \"attributes\": {\"choices\": [4, 8, 16, 32, 64, 128]}}"}
{"op_code": 6, "worker_id": "9d34be47-5855-458b-8f26-3a281b076ccb-139877134112576", "trial_id": 16, "state": 2, "values": null, "datetime_complete": "2025-12-04T20:03:33.430197"}
{"op_code": 4, "worker_id": "9d34be47-5855-458b-8f26-3a281b076ccb-139877134112576", "study_id": 0, "datetime_start": "2025-12-04T20:03:33.430780"}
{"op_code": 5, "worker_id": "9d34be47-5855-458b-8f26-3a281b076ccb-139877134112576", "trial_id": 17, "param_name": "dataset.max_walk_length", "param_value_internal": 30.0, "distribution": "{\"name\": \"IntDistribution\", \"attributes\": {\"log\": false, \"step\": 1, \"low\": 10, \"high\": 100}}"}
{"op_code": 5, "worker_id": "9d34be47-5855-458b-8f26-3a281b076ccb-139877134112576", "trial_id": 17, "param_name": "dataset.num_walks", "param_value_internal": 872657.0, "distribution": "{\"name\": \"IntDistribution\", \"attributes\": {\"log\": true, \"step\": 1, \"low\": 100000, \"high\": 5000000}}"}
{"op_code": 5, "worker_id": "9d34be47-5855-458b-8f26-3a281b076ccb-139877134112576", "trial_id": 17, "param_name": "training.lr", "param_value_internal": 0.0004529757470093357, "distribution": "{\"name\": \"FloatDistribution\", \"attributes\": {\"step\": null, \"low\": 1e-05, \"high\": 0.1, \"log\": true}}"}
{"op_code": 5, "worker_id": "9d34be47-5855-458b-8f26-3a281b076ccb-139877134112576", "trial_id": 17, "param_name": "training.weight_decay", "param_value_internal": 0.09837959561918952, "distribution": "{\"name\": \"FloatDistribution\", \"attributes\": {\"step\": null, \"low\": 1e-08, \"high\": 0.1, \"log\": true}}"}
{"op_code": 5, "worker_id": "9d34be47-5855-458b-8f26-3a281b076ccb-139877134112576", "trial_id": 17, "param_name": "training.batch_size", "param_value_internal": 1, "distribution": "{\"name\": \"CategoricalDistribution\", \"attributes\": {\"choices\": [32, 64, 128, 256, 512]}}"}
{"op_code": 5, "worker_id": "9d34be47-5855-458b-8f26-3a281b076ccb-139877134112576", "trial_id": 17, "param_name": "training.gradient_clip_val", "param_value_internal": 0.4322512207049204, "distribution": "{\"name\": \"FloatDistribution\", \"attributes\": {\"step\": null, \"low\": 0.1, \"high\": 2.0, \"log\": false}}"}
{"op_code": 5, "worker_id": "9d34be47-5855-458b-8f26-3a281b076ccb-139877134112576", "trial_id": 17, "param_name": "training.early_stopping_patience", "param_value_internal": 8.0, "distribution": "{\"name\": \"IntDistribution\", \"attributes\": {\"log\": false, \"step\": 1, \"low\": 5, \"high\": 20}}"}
{"op_code": 5, "worker_id": "9d34be47-5855-458b-8f26-3a281b076ccb-139877134112576", "trial_id": 17, "param_name": "model.nhead", "param_value_internal": 4, "distribution": "{\"name\": \"CategoricalDistribution\", \"attributes\": {\"choices\": [1, 2, 4, 8, 16]}}"}
{"op_code": 5, "worker_id": "9d34be47-5855-458b-8f26-3a281b076ccb-139877134112576", "trial_id": 17, "param_name": "model.embedding_dim", "param_value_internal": 3, "distribution": "{\"name\": \"CategoricalDistribution\", \"attributes\": {\"choices\": [4, 8, 16, 32, 64, 128]}}"}
{"op_code": 5, "worker_id": "9d34be47-5855-458b-8f26-3a281b076ccb-139877134112576", "trial_id": 17, "param_name": "model.hidden_dim", "param_value_internal": 4, "distribution": "{\"name\": \"CategoricalDistribution\", \"attributes\": {\"choices\": [4, 8, 16, 32, 64, 128, 256]}}"}
{"op_code": 5, "worker_id": "9d34be47-5855-458b-8f26-3a281b076ccb-139877134112576", "trial_id": 17, "param_name": "model.nlayers", "param_value_internal": 5.0, "distribution": "{\"name\": \"IntDistribution\", \"attributes\": {\"log\": false, \"step\": 1, \"low\": 1, \"high\": 6}}"}
{"op_code": 5, "worker_id": "9d34be47-5855-458b-8f26-3a281b076ccb-139877134112576", "trial_id": 17, "param_name": "model.dropout", "param_value_internal": 0.12769070722307965, "distribution": "{\"name\": \"FloatDistribution\", \"attributes\": {\"step\": null, \"low\": 0.0, \"high\": 0.7, \"log\": false}}"}
{"op_code": 5, "worker_id": "9d34be47-5855-458b-8f26-3a281b076ccb-139877134112576", "trial_id": 17, "param_name": "training.epochs", "param_value_internal": 23.0, "distribution": "{\"name\": \"IntDistribution\", \"attributes\": {\"log\": false, \"step\": 1, \"low\": 6, \"high\": 25}}"}
{"op_code": 8, "worker_id": "9d34be47-5855-458b-8f26-3a281b076ccb-139877134112576", "trial_id": 17, "user_attr": {"seed": 59}}
{"op_code": 7, "worker_id": "9d34be47-5855-458b-8f26-3a281b076ccb-139877134112576", "trial_id": 17, "step": 0, "intermediate_value": 0.7555595636367798}
{"op_code": 7, "worker_id": "9d34be47-5855-458b-8f26-3a281b076ccb-139877134112576", "trial_id": 17, "step": 1, "intermediate_value": 0.8353956937789917}
{"op_code": 7, "worker_id": "9d34be47-5855-458b-8f26-3a281b076ccb-139877134112576", "trial_id": 17, "step": 2, "intermediate_value": 0.8503791093826294}
{"op_code": 7, "worker_id": "9d34be47-5855-458b-8f26-3a281b076ccb-139877134112576", "trial_id": 17, "step": 3, "intermediate_value": 0.863943338394165}
{"op_code": 7, "worker_id": "9d34be47-5855-458b-8f26-3a281b076ccb-139877134112576", "trial_id": 17, "step": 4, "intermediate_value": 0.8738269805908203}
{"op_code": 7, "worker_id": "9d34be47-5855-458b-8f26-3a281b076ccb-139877134112576", "trial_id": 17, "step": 5, "intermediate_value": 0.8747336864471436}
{"op_code": 7, "worker_id": "9d34be47-5855-458b-8f26-3a281b076ccb-139877134112576", "trial_id": 17, "step": 6, "intermediate_value": 0.8784933090209961}
{"op_code": 7, "worker_id": "9d34be47-5855-458b-8f26-3a281b076ccb-139877134112576", "trial_id": 17, "step": 7, "intermediate_value": 0.8806697130203247}
{"op_code": 7, "worker_id": "9d34be47-5855-458b-8f26-3a281b076ccb-139877134112576", "trial_id": 17, "step": 8, "intermediate_value": 0.8761712312698364}
{"op_code": 7, "worker_id": "9d34be47-5855-458b-8f26-3a281b076ccb-139877134112576", "trial_id": 17, "step": 9, "intermediate_value": 0.8843601942062378}
{"op_code": 7, "worker_id": "9d34be47-5855-458b-8f26-3a281b076ccb-139877134112576", "trial_id": 17, "step": 10, "intermediate_value": 0.8805018663406372}
{"op_code": 7, "worker_id": "9d34be47-5855-458b-8f26-3a281b076ccb-139877134112576", "trial_id": 17, "step": 11, "intermediate_value": 0.8831713199615479}
{"op_code": 7, "worker_id": "9d34be47-5855-458b-8f26-3a281b076ccb-139877134112576", "trial_id": 17, "step": 12, "intermediate_value": 0.8839901685714722}
{"op_code": 7, "worker_id": "9d34be47-5855-458b-8f26-3a281b076ccb-139877134112576", "trial_id": 17, "step": 13, "intermediate_value": 0.8799281120300293}
{"op_code": 7, "worker_id": "9d34be47-5855-458b-8f26-3a281b076ccb-139877134112576", "trial_id": 17, "step": 14, "intermediate_value": 0.8755186796188354}
{"op_code": 7, "worker_id": "9d34be47-5855-458b-8f26-3a281b076ccb-139877134112576", "trial_id": 17, "step": 15, "intermediate_value": 0.880988359451294}
{"op_code": 7, "worker_id": "9d34be47-5855-458b-8f26-3a281b076ccb-139877134112576", "trial_id": 17, "step": 16, "intermediate_value": 0.8806474208831787}
{"op_code": 7, "worker_id": "9d34be47-5855-458b-8f26-3a281b076ccb-139877134112576", "trial_id": 17, "step": 17, "intermediate_value": 0.8770492076873779}
{"op_code": 7, "worker_id": "9d34be47-5855-458b-8f26-3a281b076ccb-139877134112576", "trial_id": 17, "step": 18, "intermediate_value": 0.8843601942062378}
{"op_code": 6, "worker_id": "9d34be47-5855-458b-8f26-3a281b076ccb-139877134112576", "trial_id": 17, "state": 1, "values": [0.8843601942062378], "datetime_complete": "2025-12-04T21:30:39.126635"}
{"op_code": 4, "worker_id": "9d34be47-5855-458b-8f26-3a281b076ccb-139877134112576", "study_id": 0, "datetime_start": "2025-12-04T21:30:39.127912"}
{"op_code": 5, "worker_id": "9d34be47-5855-458b-8f26-3a281b076ccb-139877134112576", "trial_id": 18, "param_name": "dataset.max_walk_length", "param_value_internal": 48.0, "distribution": "{\"name\": \"IntDistribution\", \"attributes\": {\"log\": false, \"step\": 1, \"low\": 10, \"high\": 100}}"}
{"op_code": 5, "worker_id": "9d34be47-5855-458b-8f26-3a281b076ccb-139877134112576", "trial_id": 18, "param_name": "dataset.num_walks", "param_value_internal": 1606588.0, "distribution": "{\"name\": \"IntDistribution\", \"attributes\": {\"log\": true, \"step\": 1, \"low\": 100000, \"high\": 5000000}}"}
{"op_code": 5, "worker_id": "9d34be47-5855-458b-8f26-3a281b076ccb-139877134112576", "trial_id": 18, "param_name": "training.lr", "param_value_internal": 8.738490019191636e-05, "distribution": "{\"name\": \"FloatDistribution\", \"attributes\": {\"step\": null, \"low\": 1e-05, \"high\": 0.1, \"log\": true}}"}
{"op_code": 5, "worker_id": "9d34be47-5855-458b-8f26-3a281b076ccb-139877134112576", "trial_id": 18, "param_name": "training.weight_decay", "param_value_internal": 2.992197533987589e-07, "distribution": "{\"name\": \"FloatDistribution\", \"attributes\": {\"step\": null, \"low\": 1e-08, \"high\": 0.1, \"log\": true}}"}
{"op_code": 5, "worker_id": "9d34be47-5855-458b-8f26-3a281b076ccb-139877134112576", "trial_id": 18, "param_name": "training.batch_size", "param_value_internal": 0, "distribution": "{\"name\": \"CategoricalDistribution\", \"attributes\": {\"choices\": [32, 64, 128, 256, 512]}}"}
{"op_code": 5, "worker_id": "9d34be47-5855-458b-8f26-3a281b076ccb-139877134112576", "trial_id": 18, "param_name": "training.gradient_clip_val", "param_value_internal": 1.1255444991662107, "distribution": "{\"name\": \"FloatDistribution\", \"attributes\": {\"step\": null, \"low\": 0.1, \"high\": 2.0, \"log\": false}}"}
{"op_code": 5, "worker_id": "9d34be47-5855-458b-8f26-3a281b076ccb-139877134112576", "trial_id": 18, "param_name": "training.early_stopping_patience", "param_value_internal": 13.0, "distribution": "{\"name\": \"IntDistribution\", \"attributes\": {\"log\": false, \"step\": 1, \"low\": 5, \"high\": 20}}"}
{"op_code": 5, "worker_id": "9d34be47-5855-458b-8f26-3a281b076ccb-139877134112576", "trial_id": 18, "param_name": "model.nhead", "param_value_internal": 1, "distribution": "{\"name\": \"CategoricalDistribution\", \"attributes\": {\"choices\": [1, 2, 4, 8, 16]}}"}
{"op_code": 5, "worker_id": "9d34be47-5855-458b-8f26-3a281b076ccb-139877134112576", "trial_id": 18, "param_name": "model.embedding_dim", "param_value_internal": 4, "distribution": "{\"name\": \"CategoricalDistribution\", \"attributes\": {\"choices\": [4, 8, 16, 32, 64, 128]}}"}
{"op_code": 5, "worker_id": "9d34be47-5855-458b-8f26-3a281b076ccb-139877134112576", "trial_id": 18, "param_name": "model.hidden_dim", "param_value_internal": 5, "distribution": "{\"name\": \"CategoricalDistribution\", \"attributes\": {\"choices\": [4, 8, 16, 32, 64, 128, 256]}}"}
{"op_code": 5, "worker_id": "9d34be47-5855-458b-8f26-3a281b076ccb-139877134112576", "trial_id": 18, "param_name": "model.nlayers", "param_value_internal": 4.0, "distribution": "{\"name\": \"IntDistribution\", \"attributes\": {\"log\": false, \"step\": 1, \"low\": 1, \"high\": 6}}"}
{"op_code": 5, "worker_id": "9d34be47-5855-458b-8f26-3a281b076ccb-139877134112576", "trial_id": 18, "param_name": "model.dropout", "param_value_internal": 0.39606999519561137, "distribution": "{\"name\": \"FloatDistribution\", \"attributes\": {\"step\": null, \"low\": 0.0, \"high\": 0.7, \"log\": false}}"}
{"op_code": 5, "worker_id": "9d34be47-5855-458b-8f26-3a281b076ccb-139877134112576", "trial_id": 18, "param_name": "training.epochs", "param_value_internal": 18.0, "distribution": "{\"name\": \"IntDistribution\", \"attributes\": {\"log\": false, \"step\": 1, \"low\": 6, \"high\": 25}}"}
{"op_code": 8, "worker_id": "9d34be47-5855-458b-8f26-3a281b076ccb-139877134112576", "trial_id": 18, "user_attr": {"seed": 60}}
{"op_code": 7, "worker_id": "9d34be47-5855-458b-8f26-3a281b076ccb-139877134112576", "trial_id": 18, "step": 0, "intermediate_value": 0.7326374053955078}
{"op_code": 7, "worker_id": "9d34be47-5855-458b-8f26-3a281b076ccb-139877134112576", "trial_id": 18, "step": 1, "intermediate_value": 0.7911715507507324}
{"op_code": 7, "worker_id": "9d34be47-5855-458b-8f26-3a281b076ccb-139877134112576", "trial_id": 18, "step": 2, "intermediate_value": 0.8233518600463867}
{"op_code": 7, "worker_id": "9d34be47-5855-458b-8f26-3a281b076ccb-139877134112576", "trial_id": 18, "step": 3, "intermediate_value": 0.8387561440467834}
{"op_code": 7, "worker_id": "9d34be47-5855-458b-8f26-3a281b076ccb-139877134112576", "trial_id": 18, "step": 4, "intermediate_value": 0.8485221862792969}
{"op_code": 7, "worker_id": "9d34be47-5855-458b-8f26-3a281b076ccb-139877134112576", "trial_id": 18, "step": 5, "intermediate_value": 0.8508328199386597}
{"op_code": 7, "worker_id": "9d34be47-5855-458b-8f26-3a281b076ccb-139877134112576", "trial_id": 18, "step": 6, "intermediate_value": 0.8567206859588623}
{"op_code": 7, "worker_id": "9d34be47-5855-458b-8f26-3a281b076ccb-139877134112576", "trial_id": 18, "step": 7, "intermediate_value": 0.8654618263244629}
{"op_code": 7, "worker_id": "9d34be47-5855-458b-8f26-3a281b076ccb-139877134112576", "trial_id": 18, "step": 8, "intermediate_value": 0.8701431751251221}
{"op_code": 7, "worker_id": "9d34be47-5855-458b-8f26-3a281b076ccb-139877134112576", "trial_id": 18, "step": 9, "intermediate_value": 0.8735010623931885}
{"op_code": 7, "worker_id": "9d34be47-5855-458b-8f26-3a281b076ccb-139877134112576", "trial_id": 18, "step": 10, "intermediate_value": 0.8732267618179321}
{"op_code": 7, "worker_id": "9d34be47-5855-458b-8f26-3a281b076ccb-139877134112576", "trial_id": 18, "step": 11, "intermediate_value": 0.8743844032287598}
{"op_code": 7, "worker_id": "9d34be47-5855-458b-8f26-3a281b076ccb-139877134112576", "trial_id": 18, "step": 12, "intermediate_value": 0.8765305280685425}
{"op_code": 7, "worker_id": "9d34be47-5855-458b-8f26-3a281b076ccb-139877134112576", "trial_id": 18, "step": 13, "intermediate_value": 0.8769294023513794}
{"op_code": 7, "worker_id": "9d34be47-5855-458b-8f26-3a281b076ccb-139877134112576", "trial_id": 18, "step": 14, "intermediate_value": 0.8778719902038574}
{"op_code": 7, "worker_id": "9d34be47-5855-458b-8f26-3a281b076ccb-139877134112576", "trial_id": 18, "step": 15, "intermediate_value": 0.8784133195877075}
{"op_code": 7, "worker_id": "9d34be47-5855-458b-8f26-3a281b076ccb-139877134112576", "trial_id": 18, "step": 16, "intermediate_value": 0.878325343132019}
{"op_code": 6, "worker_id": "9d34be47-5855-458b-8f26-3a281b076ccb-139877134112576", "trial_id": 18, "state": 1, "values": [0.0], "datetime_complete": "2025-12-05T01:24:00.367009"}
{"op_code": 4, "worker_id": "9d34be47-5855-458b-8f26-3a281b076ccb-139877134112576", "study_id": 0, "datetime_start": "2025-12-05T01:24:00.369745"}
{"op_code": 5, "worker_id": "9d34be47-5855-458b-8f26-3a281b076ccb-139877134112576", "trial_id": 19, "param_name": "dataset.max_walk_length", "param_value_internal": 24.0, "distribution": "{\"name\": \"IntDistribution\", \"attributes\": {\"log\": false, \"step\": 1, \"low\": 10, \"high\": 100}}"}
{"op_code": 5, "worker_id": "9d34be47-5855-458b-8f26-3a281b076ccb-139877134112576", "trial_id": 19, "param_name": "dataset.num_walks", "param_value_internal": 1546052.0, "distribution": "{\"name\": \"IntDistribution\", \"attributes\": {\"log\": true, \"step\": 1, \"low\": 100000, \"high\": 5000000}}"}
{"op_code": 5, "worker_id": "9d34be47-5855-458b-8f26-3a281b076ccb-139877134112576", "trial_id": 19, "param_name": "training.lr", "param_value_internal": 0.004129935108459294, "distribution": "{\"name\": \"FloatDistribution\", \"attributes\": {\"step\": null, \"low\": 1e-05, \"high\": 0.1, \"log\": true}}"}
{"op_code": 5, "worker_id": "9d34be47-5855-458b-8f26-3a281b076ccb-139877134112576", "trial_id": 19, "param_name": "training.weight_decay", "param_value_internal": 5.564550804243485e-08, "distribution": "{\"name\": \"FloatDistribution\", \"attributes\": {\"step\": null, \"low\": 1e-08, \"high\": 0.1, \"log\": true}}"}
{"op_code": 5, "worker_id": "9d34be47-5855-458b-8f26-3a281b076ccb-139877134112576", "trial_id": 19, "param_name": "training.batch_size", "param_value_internal": 2, "distribution": "{\"name\": \"CategoricalDistribution\", \"attributes\": {\"choices\": [32, 64, 128, 256, 512]}}"}
{"op_code": 5, "worker_id": "9d34be47-5855-458b-8f26-3a281b076ccb-139877134112576", "trial_id": 19, "param_name": "training.gradient_clip_val", "param_value_internal": 0.7298654417834629, "distribution": "{\"name\": \"FloatDistribution\", \"attributes\": {\"step\": null, \"low\": 0.1, \"high\": 2.0, \"log\": false}}"}
{"op_code": 5, "worker_id": "9d34be47-5855-458b-8f26-3a281b076ccb-139877134112576", "trial_id": 19, "param_name": "training.early_stopping_patience", "param_value_internal": 17.0, "distribution": "{\"name\": \"IntDistribution\", \"attributes\": {\"log\": false, \"step\": 1, \"low\": 5, \"high\": 20}}"}
{"op_code": 5, "worker_id": "9d34be47-5855-458b-8f26-3a281b076ccb-139877134112576", "trial_id": 19, "param_name": "model.nhead", "param_value_internal": 0, "distribution": "{\"name\": \"CategoricalDistribution\", \"attributes\": {\"choices\": [1, 2, 4, 8, 16]}}"}
{"op_code": 5, "worker_id": "9d34be47-5855-458b-8f26-3a281b076ccb-139877134112576", "trial_id": 19, "param_name": "model.embedding_dim", "param_value_internal": 4, "distribution": "{\"name\": \"CategoricalDistribution\", \"attributes\": {\"choices\": [4, 8, 16, 32, 64, 128]}}"}
{"op_code": 5, "worker_id": "9d34be47-5855-458b-8f26-3a281b076ccb-139877134112576", "trial_id": 19, "param_name": "model.hidden_dim", "param_value_internal": 6, "distribution": "{\"name\": \"CategoricalDistribution\", \"attributes\": {\"choices\": [4, 8, 16, 32, 64, 128, 256]}}"}
{"op_code": 5, "worker_id": "9d34be47-5855-458b-8f26-3a281b076ccb-139877134112576", "trial_id": 19, "param_name": "model.nlayers", "param_value_internal": 3.0, "distribution": "{\"name\": \"IntDistribution\", \"attributes\": {\"log\": false, \"step\": 1, \"low\": 1, \"high\": 6}}"}
{"op_code": 5, "worker_id": "9d34be47-5855-458b-8f26-3a281b076ccb-139877134112576", "trial_id": 19, "param_name": "model.dropout", "param_value_internal": 0.2277647383960456, "distribution": "{\"name\": \"FloatDistribution\", \"attributes\": {\"step\": null, \"low\": 0.0, \"high\": 0.7, \"log\": false}}"}
{"op_code": 5, "worker_id": "9d34be47-5855-458b-8f26-3a281b076ccb-139877134112576", "trial_id": 19, "param_name": "training.epochs", "param_value_internal": 6.0, "distribution": "{\"name\": \"IntDistribution\", \"attributes\": {\"log\": false, \"step\": 1, \"low\": 6, \"high\": 25}}"}
{"op_code": 8, "worker_id": "9d34be47-5855-458b-8f26-3a281b076ccb-139877134112576", "trial_id": 19, "user_attr": {"seed": 61}}
{"op_code": 7, "worker_id": "9d34be47-5855-458b-8f26-3a281b076ccb-139877134112576", "trial_id": 19, "step": 0, "intermediate_value": 0.5411989688873291}
{"op_code": 7, "worker_id": "9d34be47-5855-458b-8f26-3a281b076ccb-139877134112576", "trial_id": 19, "step": 1, "intermediate_value": 0.5392411947250366}
{"op_code": 7, "worker_id": "9d34be47-5855-458b-8f26-3a281b076ccb-139877134112576", "trial_id": 19, "step": 2, "intermediate_value": 0.5826762318611145}
{"op_code": 7, "worker_id": "9d34be47-5855-458b-8f26-3a281b076ccb-139877134112576", "trial_id": 19, "step": 3, "intermediate_value": 0.5842719078063965}
{"op_code": 7, "worker_id": "9d34be47-5855-458b-8f26-3a281b076ccb-139877134112576", "trial_id": 19, "step": 4, "intermediate_value": 0.586747407913208}
{"op_code": 7, "worker_id": "9d34be47-5855-458b-8f26-3a281b076ccb-139877134112576", "trial_id": 19, "step": 5, "intermediate_value": 0.5868110060691833}
{"op_code": 6, "worker_id": "9d34be47-5855-458b-8f26-3a281b076ccb-139877134112576", "trial_id": 19, "state": 1, "values": [0.0], "datetime_complete": "2025-12-05T02:15:09.957305"}
{"op_code": 4, "worker_id": "9d34be47-5855-458b-8f26-3a281b076ccb-139877134112576", "study_id": 0, "datetime_start": "2025-12-05T02:15:09.958650"}
{"op_code": 5, "worker_id": "9d34be47-5855-458b-8f26-3a281b076ccb-139877134112576", "trial_id": 20, "param_name": "dataset.max_walk_length", "param_value_internal": 58.0, "distribution": "{\"name\": \"IntDistribution\", \"attributes\": {\"log\": false, \"step\": 1, \"low\": 10, \"high\": 100}}"}
{"op_code": 5, "worker_id": "9d34be47-5855-458b-8f26-3a281b076ccb-139877134112576", "trial_id": 20, "param_name": "dataset.num_walks", "param_value_internal": 2791850.0, "distribution": "{\"name\": \"IntDistribution\", \"attributes\": {\"log\": true, \"step\": 1, \"low\": 100000, \"high\": 5000000}}"}
{"op_code": 5, "worker_id": "9d34be47-5855-458b-8f26-3a281b076ccb-139877134112576", "trial_id": 20, "param_name": "training.lr", "param_value_internal": 0.0016044653593918314, "distribution": "{\"name\": \"FloatDistribution\", \"attributes\": {\"step\": null, \"low\": 1e-05, \"high\": 0.1, \"log\": true}}"}
{"op_code": 5, "worker_id": "9d34be47-5855-458b-8f26-3a281b076ccb-139877134112576", "trial_id": 20, "param_name": "training.weight_decay", "param_value_internal": 7.126818762878338e-05, "distribution": "{\"name\": \"FloatDistribution\", \"attributes\": {\"step\": null, \"low\": 1e-08, \"high\": 0.1, \"log\": true}}"}
{"op_code": 5, "worker_id": "9d34be47-5855-458b-8f26-3a281b076ccb-139877134112576", "trial_id": 20, "param_name": "training.batch_size", "param_value_internal": 3, "distribution": "{\"name\": \"CategoricalDistribution\", \"attributes\": {\"choices\": [32, 64, 128, 256, 512]}}"}
{"op_code": 5, "worker_id": "9d34be47-5855-458b-8f26-3a281b076ccb-139877134112576", "trial_id": 20, "param_name": "training.gradient_clip_val", "param_value_internal": 0.5615719805472917, "distribution": "{\"name\": \"FloatDistribution\", \"attributes\": {\"step\": null, \"low\": 0.1, \"high\": 2.0, \"log\": false}}"}
{"op_code": 5, "worker_id": "9d34be47-5855-458b-8f26-3a281b076ccb-139877134112576", "trial_id": 20, "param_name": "training.early_stopping_patience", "param_value_internal": 8.0, "distribution": "{\"name\": \"IntDistribution\", \"attributes\": {\"log\": false, \"step\": 1, \"low\": 5, \"high\": 20}}"}
{"op_code": 5, "worker_id": "9d34be47-5855-458b-8f26-3a281b076ccb-139877134112576", "trial_id": 20, "param_name": "model.nhead", "param_value_internal": 2, "distribution": "{\"name\": \"CategoricalDistribution\", \"attributes\": {\"choices\": [1, 2, 4, 8, 16]}}"}
{"op_code": 5, "worker_id": "9d34be47-5855-458b-8f26-3a281b076ccb-139877134112576", "trial_id": 20, "param_name": "model.embedding_dim", "param_value_internal": 4, "distribution": "{\"name\": \"CategoricalDistribution\", \"attributes\": {\"choices\": [4, 8, 16, 32, 64, 128]}}"}
{"op_code": 5, "worker_id": "9d34be47-5855-458b-8f26-3a281b076ccb-139877134112576", "trial_id": 20, "param_name": "model.hidden_dim", "param_value_internal": 3, "distribution": "{\"name\": \"CategoricalDistribution\", \"attributes\": {\"choices\": [4, 8, 16, 32, 64, 128, 256]}}"}
{"op_code": 5, "worker_id": "9d34be47-5855-458b-8f26-3a281b076ccb-139877134112576", "trial_id": 20, "param_name": "model.nlayers", "param_value_internal": 2.0, "distribution": "{\"name\": \"IntDistribution\", \"attributes\": {\"log\": false, \"step\": 1, \"low\": 1, \"high\": 6}}"}
{"op_code": 5, "worker_id": "9d34be47-5855-458b-8f26-3a281b076ccb-139877134112576", "trial_id": 20, "param_name": "model.dropout", "param_value_internal": 0.08584803643994565, "distribution": "{\"name\": \"FloatDistribution\", \"attributes\": {\"step\": null, \"low\": 0.0, \"high\": 0.7, \"log\": false}}"}
{"op_code": 5, "worker_id": "9d34be47-5855-458b-8f26-3a281b076ccb-139877134112576", "trial_id": 20, "param_name": "training.epochs", "param_value_internal": 19.0, "distribution": "{\"name\": \"IntDistribution\", \"attributes\": {\"log\": false, \"step\": 1, \"low\": 6, \"high\": 25}}"}
{"op_code": 8, "worker_id": "9d34be47-5855-458b-8f26-3a281b076ccb-139877134112576", "trial_id": 20, "user_attr": {"seed": 62}}
{"op_code": 7, "worker_id": "9d34be47-5855-458b-8f26-3a281b076ccb-139877134112576", "trial_id": 20, "step": 0, "intermediate_value": 0.8876621723175049}
{"op_code": 7, "worker_id": "9d34be47-5855-458b-8f26-3a281b076ccb-139877134112576", "trial_id": 20, "step": 1, "intermediate_value": 0.8923521041870117}
{"op_code": 7, "worker_id": "9d34be47-5855-458b-8f26-3a281b076ccb-139877134112576", "trial_id": 20, "step": 2, "intermediate_value": 0.892292857170105}
{"op_code": 7, "worker_id": "9d34be47-5855-458b-8f26-3a281b076ccb-139877134112576", "trial_id": 20, "step": 3, "intermediate_value": 0.8895198702812195}
{"op_code": 7, "worker_id": "9d34be47-5855-458b-8f26-3a281b076ccb-139877134112576", "trial_id": 20, "step": 4, "intermediate_value": 0.8941279649734497}
{"op_code": 7, "worker_id": "9d34be47-5855-458b-8f26-3a281b076ccb-139877134112576", "trial_id": 20, "step": 5, "intermediate_value": 0.8932784199714661}
{"op_code": 7, "worker_id": "9d34be47-5855-458b-8f26-3a281b076ccb-139877134112576", "trial_id": 20, "step": 6, "intermediate_value": 0.8901064395904541}
{"op_code": 7, "worker_id": "9d34be47-5855-458b-8f26-3a281b076ccb-139877134112576", "trial_id": 20, "step": 7, "intermediate_value": 0.8906510472297668}
{"op_code": 7, "worker_id": "9d34be47-5855-458b-8f26-3a281b076ccb-139877134112576", "trial_id": 20, "step": 8, "intermediate_value": 0.886867880821228}
{"op_code": 7, "worker_id": "9d34be47-5855-458b-8f26-3a281b076ccb-139877134112576", "trial_id": 20, "step": 9, "intermediate_value": 0.8846148252487183}
{"op_code": 7, "worker_id": "9d34be47-5855-458b-8f26-3a281b076ccb-139877134112576", "trial_id": 20, "step": 10, "intermediate_value": 0.8871047496795654}
{"op_code": 7, "worker_id": "9d34be47-5855-458b-8f26-3a281b076ccb-139877134112576", "trial_id": 20, "step": 11, "intermediate_value": 0.8896086812019348}
{"op_code": 7, "worker_id": "9d34be47-5855-458b-8f26-3a281b076ccb-139877134112576", "trial_id": 20, "step": 12, "intermediate_value": 0.8874707221984863}
{"op_code": 7, "worker_id": "9d34be47-5855-458b-8f26-3a281b076ccb-139877134112576", "trial_id": 20, "step": 13, "intermediate_value": 0.8941279649734497}
{"op_code": 6, "worker_id": "9d34be47-5855-458b-8f26-3a281b076ccb-139877134112576", "trial_id": 20, "state": 1, "values": [0.8941279649734497], "datetime_complete": "2025-12-05T03:50:31.120381"}
{"op_code": 4, "worker_id": "9d34be47-5855-458b-8f26-3a281b076ccb-139877134112576", "study_id": 0, "datetime_start": "2025-12-05T03:50:31.149117"}
{"op_code": 5, "worker_id": "9d34be47-5855-458b-8f26-3a281b076ccb-139877134112576", "trial_id": 21, "param_name": "dataset.max_walk_length", "param_value_internal": 59.0, "distribution": "{\"name\": \"IntDistribution\", \"attributes\": {\"log\": false, \"step\": 1, \"low\": 10, \"high\": 100}}"}
{"op_code": 5, "worker_id": "9d34be47-5855-458b-8f26-3a281b076ccb-139877134112576", "trial_id": 21, "param_name": "dataset.num_walks", "param_value_internal": 2784913.0, "distribution": "{\"name\": \"IntDistribution\", \"attributes\": {\"log\": true, \"step\": 1, \"low\": 100000, \"high\": 5000000}}"}
{"op_code": 5, "worker_id": "9d34be47-5855-458b-8f26-3a281b076ccb-139877134112576", "trial_id": 21, "param_name": "training.lr", "param_value_internal": 0.0016386792383368915, "distribution": "{\"name\": \"FloatDistribution\", \"attributes\": {\"step\": null, \"low\": 1e-05, \"high\": 0.1, \"log\": true}}"}
{"op_code": 5, "worker_id": "9d34be47-5855-458b-8f26-3a281b076ccb-139877134112576", "trial_id": 21, "param_name": "training.weight_decay", "param_value_internal": 6.575585655555447e-05, "distribution": "{\"name\": \"FloatDistribution\", \"attributes\": {\"step\": null, \"low\": 1e-08, \"high\": 0.1, \"log\": true}}"}
{"op_code": 5, "worker_id": "9d34be47-5855-458b-8f26-3a281b076ccb-139877134112576", "trial_id": 21, "param_name": "training.batch_size", "param_value_internal": 3, "distribution": "{\"name\": \"CategoricalDistribution\", \"attributes\": {\"choices\": [32, 64, 128, 256, 512]}}"}
{"op_code": 5, "worker_id": "9d34be47-5855-458b-8f26-3a281b076ccb-139877134112576", "trial_id": 21, "param_name": "training.gradient_clip_val", "param_value_internal": 0.589057270009967, "distribution": "{\"name\": \"FloatDistribution\", \"attributes\": {\"step\": null, \"low\": 0.1, \"high\": 2.0, \"log\": false}}"}
{"op_code": 5, "worker_id": "9d34be47-5855-458b-8f26-3a281b076ccb-139877134112576", "trial_id": 21, "param_name": "training.early_stopping_patience", "param_value_internal": 7.0, "distribution": "{\"name\": \"IntDistribution\", \"attributes\": {\"log\": false, \"step\": 1, \"low\": 5, \"high\": 20}}"}
{"op_code": 5, "worker_id": "9d34be47-5855-458b-8f26-3a281b076ccb-139877134112576", "trial_id": 21, "param_name": "model.nhead", "param_value_internal": 2, "distribution": "{\"name\": \"CategoricalDistribution\", \"attributes\": {\"choices\": [1, 2, 4, 8, 16]}}"}
{"op_code": 5, "worker_id": "9d34be47-5855-458b-8f26-3a281b076ccb-139877134112576", "trial_id": 21, "param_name": "model.embedding_dim", "param_value_internal": 4, "distribution": "{\"name\": \"CategoricalDistribution\", \"attributes\": {\"choices\": [4, 8, 16, 32, 64, 128]}}"}
{"op_code": 5, "worker_id": "9d34be47-5855-458b-8f26-3a281b076ccb-139877134112576", "trial_id": 21, "param_name": "model.hidden_dim", "param_value_internal": 3, "distribution": "{\"name\": \"CategoricalDistribution\", \"attributes\": {\"choices\": [4, 8, 16, 32, 64, 128, 256]}}"}
{"op_code": 5, "worker_id": "9d34be47-5855-458b-8f26-3a281b076ccb-139877134112576", "trial_id": 21, "param_name": "model.nlayers", "param_value_internal": 2.0, "distribution": "{\"name\": \"IntDistribution\", \"attributes\": {\"log\": false, \"step\": 1, \"low\": 1, \"high\": 6}}"}
{"op_code": 5, "worker_id": "9d34be47-5855-458b-8f26-3a281b076ccb-139877134112576", "trial_id": 21, "param_name": "model.dropout", "param_value_internal": 0.08956753340639305, "distribution": "{\"name\": \"FloatDistribution\", \"attributes\": {\"step\": null, \"low\": 0.0, \"high\": 0.7, \"log\": false}}"}
{"op_code": 5, "worker_id": "9d34be47-5855-458b-8f26-3a281b076ccb-139877134112576", "trial_id": 21, "param_name": "training.epochs", "param_value_internal": 19.0, "distribution": "{\"name\": \"IntDistribution\", \"attributes\": {\"log\": false, \"step\": 1, \"low\": 6, \"high\": 25}}"}
{"op_code": 8, "worker_id": "9d34be47-5855-458b-8f26-3a281b076ccb-139877134112576", "trial_id": 21, "user_attr": {"seed": 63}}
{"op_code": 7, "worker_id": "9d34be47-5855-458b-8f26-3a281b076ccb-139877134112576", "trial_id": 21, "step": 0, "intermediate_value": 0.8774963617324829}
{"op_code": 7, "worker_id": "9d34be47-5855-458b-8f26-3a281b076ccb-139877134112576", "trial_id": 21, "step": 1, "intermediate_value": 0.8921937942504883}
{"op_code": 7, "worker_id": "9d34be47-5855-458b-8f26-3a281b076ccb-139877134112576", "trial_id": 21, "step": 2, "intermediate_value": 0.8881769180297852}
{"op_code": 7, "worker_id": "9d34be47-5855-458b-8f26-3a281b076ccb-139877134112576", "trial_id": 21, "step": 3, "intermediate_value": 0.8875616788864136}
{"op_code": 7, "worker_id": "9d34be47-5855-458b-8f26-3a281b076ccb-139877134112576", "trial_id": 21, "step": 4, "intermediate_value": 0.8871040344238281}
{"op_code": 7, "worker_id": "9d34be47-5855-458b-8f26-3a281b076ccb-139877134112576", "trial_id": 21, "step": 5, "intermediate_value": 0.8859689235687256}
{"op_code": 7, "worker_id": "9d34be47-5855-458b-8f26-3a281b076ccb-139877134112576", "trial_id": 21, "step": 6, "intermediate_value": 0.8880356550216675}
{"op_code": 7, "worker_id": "9d34be47-5855-458b-8f26-3a281b076ccb-139877134112576", "trial_id": 21, "step": 7, "intermediate_value": 0.884550154209137}
{"op_code": 7, "worker_id": "9d34be47-5855-458b-8f26-3a281b076ccb-139877134112576", "trial_id": 21, "step": 8, "intermediate_value": 0.8861684799194336}
{"op_code": 7, "worker_id": "9d34be47-5855-458b-8f26-3a281b076ccb-139877134112576", "trial_id": 21, "step": 9, "intermediate_value": 0.8921937942504883}
{"op_code": 6, "worker_id": "9d34be47-5855-458b-8f26-3a281b076ccb-139877134112576", "trial_id": 21, "state": 1, "values": [0.8921937942504883], "datetime_complete": "2025-12-05T05:15:13.279766"}
{"op_code": 4, "worker_id": "9d34be47-5855-458b-8f26-3a281b076ccb-139877134112576", "study_id": 0, "datetime_start": "2025-12-05T05:15:13.281365"}
{"op_code": 5, "worker_id": "9d34be47-5855-458b-8f26-3a281b076ccb-139877134112576", "trial_id": 22, "param_name": "dataset.max_walk_length", "param_value_internal": 65.0, "distribution": "{\"name\": \"IntDistribution\", \"attributes\": {\"log\": false, \"step\": 1, \"low\": 10, \"high\": 100}}"}
{"op_code": 5, "worker_id": "9d34be47-5855-458b-8f26-3a281b076ccb-139877134112576", "trial_id": 22, "param_name": "dataset.num_walks", "param_value_internal": 4850752.0, "distribution": "{\"name\": \"IntDistribution\", \"attributes\": {\"log\": true, \"step\": 1, \"low\": 100000, \"high\": 5000000}}"}
{"op_code": 5, "worker_id": "9d34be47-5855-458b-8f26-3a281b076ccb-139877134112576", "trial_id": 22, "param_name": "training.lr", "param_value_internal": 0.0023905299203233945, "distribution": "{\"name\": \"FloatDistribution\", \"attributes\": {\"step\": null, \"low\": 1e-05, \"high\": 0.1, \"log\": true}}"}
{"op_code": 5, "worker_id": "9d34be47-5855-458b-8f26-3a281b076ccb-139877134112576", "trial_id": 22, "param_name": "training.weight_decay", "param_value_internal": 0.0001287392874839764, "distribution": "{\"name\": \"FloatDistribution\", \"attributes\": {\"step\": null, \"low\": 1e-08, \"high\": 0.1, \"log\": true}}"}
{"op_code": 5, "worker_id": "9d34be47-5855-458b-8f26-3a281b076ccb-139877134112576", "trial_id": 22, "param_name": "training.batch_size", "param_value_internal": 3, "distribution": "{\"name\": \"CategoricalDistribution\", \"attributes\": {\"choices\": [32, 64, 128, 256, 512]}}"}
{"op_code": 5, "worker_id": "9d34be47-5855-458b-8f26-3a281b076ccb-139877134112576", "trial_id": 22, "param_name": "training.gradient_clip_val", "param_value_internal": 0.521919813517131, "distribution": "{\"name\": \"FloatDistribution\", \"attributes\": {\"step\": null, \"low\": 0.1, \"high\": 2.0, \"log\": false}}"}
{"op_code": 5, "worker_id": "9d34be47-5855-458b-8f26-3a281b076ccb-139877134112576", "trial_id": 22, "param_name": "training.early_stopping_patience", "param_value_internal": 7.0, "distribution": "{\"name\": \"IntDistribution\", \"attributes\": {\"log\": false, \"step\": 1, \"low\": 5, \"high\": 20}}"}
{"op_code": 5, "worker_id": "9d34be47-5855-458b-8f26-3a281b076ccb-139877134112576", "trial_id": 22, "param_name": "model.nhead", "param_value_internal": 2, "distribution": "{\"name\": \"CategoricalDistribution\", \"attributes\": {\"choices\": [1, 2, 4, 8, 16]}}"}
{"op_code": 5, "worker_id": "9d34be47-5855-458b-8f26-3a281b076ccb-139877134112576", "trial_id": 22, "param_name": "model.embedding_dim", "param_value_internal": 4, "distribution": "{\"name\": \"CategoricalDistribution\", \"attributes\": {\"choices\": [4, 8, 16, 32, 64, 128]}}"}
{"op_code": 5, "worker_id": "9d34be47-5855-458b-8f26-3a281b076ccb-139877134112576", "trial_id": 22, "param_name": "model.hidden_dim", "param_value_internal": 3, "distribution": "{\"name\": \"CategoricalDistribution\", \"attributes\": {\"choices\": [4, 8, 16, 32, 64, 128, 256]}}"}
{"op_code": 5, "worker_id": "9d34be47-5855-458b-8f26-3a281b076ccb-139877134112576", "trial_id": 22, "param_name": "model.nlayers", "param_value_internal": 2.0, "distribution": "{\"name\": \"IntDistribution\", \"attributes\": {\"log\": false, \"step\": 1, \"low\": 1, \"high\": 6}}"}
{"op_code": 5, "worker_id": "9d34be47-5855-458b-8f26-3a281b076ccb-139877134112576", "trial_id": 22, "param_name": "model.dropout", "param_value_internal": 0.07615031995773697, "distribution": "{\"name\": \"FloatDistribution\", \"attributes\": {\"step\": null, \"low\": 0.0, \"high\": 0.7, \"log\": false}}"}
{"op_code": 5, "worker_id": "9d34be47-5855-458b-8f26-3a281b076ccb-139877134112576", "trial_id": 22, "param_name": "training.epochs", "param_value_internal": 22.0, "distribution": "{\"name\": \"IntDistribution\", \"attributes\": {\"log\": false, \"step\": 1, \"low\": 6, \"high\": 25}}"}
{"op_code": 8, "worker_id": "9d34be47-5855-458b-8f26-3a281b076ccb-139877134112576", "trial_id": 22, "user_attr": {"seed": 64}}
{"op_code": 7, "worker_id": "9d34be47-5855-458b-8f26-3a281b076ccb-139877134112576", "trial_id": 22, "step": 0, "intermediate_value": 0.9024447202682495}
{"op_code": 7, "worker_id": "9d34be47-5855-458b-8f26-3a281b076ccb-139877134112576", "trial_id": 22, "step": 1, "intermediate_value": 0.8884179592132568}
{"op_code": 7, "worker_id": "9d34be47-5855-458b-8f26-3a281b076ccb-139877134112576", "trial_id": 22, "step": 2, "intermediate_value": 0.8849716186523438}
{"op_code": 7, "worker_id": "9d34be47-5855-458b-8f26-3a281b076ccb-139877134112576", "trial_id": 22, "step": 3, "intermediate_value": 0.8773243427276611}
{"op_code": 7, "worker_id": "9d34be47-5855-458b-8f26-3a281b076ccb-139877134112576", "trial_id": 22, "step": 4, "intermediate_value": 0.8697062134742737}
{"op_code": 7, "worker_id": "9d34be47-5855-458b-8f26-3a281b076ccb-139877134112576", "trial_id": 22, "step": 5, "intermediate_value": 0.860542356967926}
{"op_code": 7, "worker_id": "9d34be47-5855-458b-8f26-3a281b076ccb-139877134112576", "trial_id": 22, "step": 6, "intermediate_value": 0.845123291015625}
{"op_code": 7, "worker_id": "9d34be47-5855-458b-8f26-3a281b076ccb-139877134112576", "trial_id": 22, "step": 7, "intermediate_value": 0.8490892648696899}
{"op_code": 7, "worker_id": "9d34be47-5855-458b-8f26-3a281b076ccb-139877134112576", "trial_id": 22, "step": 8, "intermediate_value": 0.9024447202682495}
{"op_code": 6, "worker_id": "9d34be47-5855-458b-8f26-3a281b076ccb-139877134112576", "trial_id": 22, "state": 1, "values": [0.9024447202682495], "datetime_complete": "2025-12-05T07:40:48.955782"}
{"op_code": 4, "worker_id": "9d34be47-5855-458b-8f26-3a281b076ccb-139877134112576", "study_id": 0, "datetime_start": "2025-12-05T07:40:48.957363"}
{"op_code": 5, "worker_id": "9d34be47-5855-458b-8f26-3a281b076ccb-139877134112576", "trial_id": 23, "param_name": "dataset.max_walk_length", "param_value_internal": 72.0, "distribution": "{\"name\": \"IntDistribution\", \"attributes\": {\"log\": false, \"step\": 1, \"low\": 10, \"high\": 100}}"}
{"op_code": 5, "worker_id": "9d34be47-5855-458b-8f26-3a281b076ccb-139877134112576", "trial_id": 23, "param_name": "dataset.num_walks", "param_value_internal": 4040675.0, "distribution": "{\"name\": \"IntDistribution\", \"attributes\": {\"log\": true, \"step\": 1, \"low\": 100000, \"high\": 5000000}}"}
{"op_code": 5, "worker_id": "9d34be47-5855-458b-8f26-3a281b076ccb-139877134112576", "trial_id": 23, "param_name": "training.lr", "param_value_internal": 0.008485922319726641, "distribution": "{\"name\": \"FloatDistribution\", \"attributes\": {\"step\": null, \"low\": 1e-05, \"high\": 0.1, \"log\": true}}"}
{"op_code": 5, "worker_id": "9d34be47-5855-458b-8f26-3a281b076ccb-139877134112576", "trial_id": 23, "param_name": "training.weight_decay", "param_value_internal": 0.00024251738158596528, "distribution": "{\"name\": \"FloatDistribution\", \"attributes\": {\"step\": null, \"low\": 1e-08, \"high\": 0.1, \"log\": true}}"}
{"op_code": 5, "worker_id": "9d34be47-5855-458b-8f26-3a281b076ccb-139877134112576", "trial_id": 23, "param_name": "training.batch_size", "param_value_internal": 3, "distribution": "{\"name\": \"CategoricalDistribution\", \"attributes\": {\"choices\": [32, 64, 128, 256, 512]}}"}
{"op_code": 5, "worker_id": "9d34be47-5855-458b-8f26-3a281b076ccb-139877134112576", "trial_id": 23, "param_name": "training.gradient_clip_val", "param_value_internal": 0.1335752053053807, "distribution": "{\"name\": \"FloatDistribution\", \"attributes\": {\"step\": null, \"low\": 0.1, \"high\": 2.0, \"log\": false}}"}
{"op_code": 5, "worker_id": "9d34be47-5855-458b-8f26-3a281b076ccb-139877134112576", "trial_id": 23, "param_name": "training.early_stopping_patience", "param_value_internal": 7.0, "distribution": "{\"name\": \"IntDistribution\", \"attributes\": {\"log\": false, \"step\": 1, \"low\": 5, \"high\": 20}}"}
{"op_code": 5, "worker_id": "9d34be47-5855-458b-8f26-3a281b076ccb-139877134112576", "trial_id": 23, "param_name": "model.nhead", "param_value_internal": 2, "distribution": "{\"name\": \"CategoricalDistribution\", \"attributes\": {\"choices\": [1, 2, 4, 8, 16]}}"}
{"op_code": 5, "worker_id": "9d34be47-5855-458b-8f26-3a281b076ccb-139877134112576", "trial_id": 23, "param_name": "model.embedding_dim", "param_value_internal": 4, "distribution": "{\"name\": \"CategoricalDistribution\", \"attributes\": {\"choices\": [4, 8, 16, 32, 64, 128]}}"}
{"op_code": 5, "worker_id": "9d34be47-5855-458b-8f26-3a281b076ccb-139877134112576", "trial_id": 23, "param_name": "model.hidden_dim", "param_value_internal": 3, "distribution": "{\"name\": \"CategoricalDistribution\", \"attributes\": {\"choices\": [4, 8, 16, 32, 64, 128, 256]}}"}
{"op_code": 5, "worker_id": "9d34be47-5855-458b-8f26-3a281b076ccb-139877134112576", "trial_id": 23, "param_name": "model.nlayers", "param_value_internal": 1.0, "distribution": "{\"name\": \"IntDistribution\", \"attributes\": {\"log\": false, \"step\": 1, \"low\": 1, \"high\": 6}}"}
{"op_code": 5, "worker_id": "9d34be47-5855-458b-8f26-3a281b076ccb-139877134112576", "trial_id": 23, "param_name": "model.dropout", "param_value_internal": 0.0051317710492996965, "distribution": "{\"name\": \"FloatDistribution\", \"attributes\": {\"step\": null, \"low\": 0.0, \"high\": 0.7, \"log\": false}}"}
{"op_code": 5, "worker_id": "9d34be47-5855-458b-8f26-3a281b076ccb-139877134112576", "trial_id": 23, "param_name": "training.epochs", "param_value_internal": 22.0, "distribution": "{\"name\": \"IntDistribution\", \"attributes\": {\"log\": false, \"step\": 1, \"low\": 6, \"high\": 25}}"}
{"op_code": 8, "worker_id": "9d34be47-5855-458b-8f26-3a281b076ccb-139877134112576", "trial_id": 23, "user_attr": {"seed": 65}}
{"op_code": 7, "worker_id": "9d34be47-5855-458b-8f26-3a281b076ccb-139877134112576", "trial_id": 23, "step": 0, "intermediate_value": 0.6992919445037842}
{"op_code": 7, "worker_id": "9d34be47-5855-458b-8f26-3a281b076ccb-139877134112576", "trial_id": 23, "step": 1, "intermediate_value": 0.6450933218002319}
{"op_code": 7, "worker_id": "9d34be47-5855-458b-8f26-3a281b076ccb-139877134112576", "trial_id": 23, "step": 2, "intermediate_value": 0.6472686529159546}
{"op_code": 7, "worker_id": "9d34be47-5855-458b-8f26-3a281b076ccb-139877134112576", "trial_id": 23, "step": 3, "intermediate_value": 0.6564622521400452}
{"op_code": 7, "worker_id": "9d34be47-5855-458b-8f26-3a281b076ccb-139877134112576", "trial_id": 23, "step": 4, "intermediate_value": 0.6562792062759399}
{"op_code": 7, "worker_id": "9d34be47-5855-458b-8f26-3a281b076ccb-139877134112576", "trial_id": 23, "step": 5, "intermediate_value": 0.6586993932723999}
{"op_code": 6, "worker_id": "9d34be47-5855-458b-8f26-3a281b076ccb-139877134112576", "trial_id": 23, "state": 1, "values": [0.0], "datetime_complete": "2025-12-05T09:30:47.145681"}
{"op_code": 4, "worker_id": "9d34be47-5855-458b-8f26-3a281b076ccb-139877134112576", "study_id": 0, "datetime_start": "2025-12-05T09:30:47.147325"}
{"op_code": 5, "worker_id": "9d34be47-5855-458b-8f26-3a281b076ccb-139877134112576", "trial_id": 24, "param_name": "dataset.max_walk_length", "param_value_internal": 84.0, "distribution": "{\"name\": \"IntDistribution\", \"attributes\": {\"log\": false, \"step\": 1, \"low\": 10, \"high\": 100}}"}
{"op_code": 5, "worker_id": "9d34be47-5855-458b-8f26-3a281b076ccb-139877134112576", "trial_id": 24, "param_name": "dataset.num_walks", "param_value_internal": 4888609.0, "distribution": "{\"name\": \"IntDistribution\", \"attributes\": {\"log\": true, \"step\": 1, \"low\": 100000, \"high\": 5000000}}"}
{"op_code": 5, "worker_id": "9d34be47-5855-458b-8f26-3a281b076ccb-139877134112576", "trial_id": 24, "param_name": "training.lr", "param_value_internal": 0.003913622077508914, "distribution": "{\"name\": \"FloatDistribution\", \"attributes\": {\"step\": null, \"low\": 1e-05, \"high\": 0.1, \"log\": true}}"}
{"op_code": 5, "worker_id": "9d34be47-5855-458b-8f26-3a281b076ccb-139877134112576", "trial_id": 24, "param_name": "training.weight_decay", "param_value_internal": 9.868459382118514e-06, "distribution": "{\"name\": \"FloatDistribution\", \"attributes\": {\"step\": null, \"low\": 1e-08, \"high\": 0.1, \"log\": true}}"}
{"op_code": 5, "worker_id": "9d34be47-5855-458b-8f26-3a281b076ccb-139877134112576", "trial_id": 24, "param_name": "training.batch_size", "param_value_internal": 3, "distribution": "{\"name\": \"CategoricalDistribution\", \"attributes\": {\"choices\": [32, 64, 128, 256, 512]}}"}
{"op_code": 5, "worker_id": "9d34be47-5855-458b-8f26-3a281b076ccb-139877134112576", "trial_id": 24, "param_name": "training.gradient_clip_val", "param_value_internal": 0.4080978737961824, "distribution": "{\"name\": \"FloatDistribution\", \"attributes\": {\"step\": null, \"low\": 0.1, \"high\": 2.0, \"log\": false}}"}
{"op_code": 5, "worker_id": "9d34be47-5855-458b-8f26-3a281b076ccb-139877134112576", "trial_id": 24, "param_name": "training.early_stopping_patience", "param_value_internal": 6.0, "distribution": "{\"name\": \"IntDistribution\", \"attributes\": {\"log\": false, \"step\": 1, \"low\": 5, \"high\": 20}}"}
{"op_code": 5, "worker_id": "9d34be47-5855-458b-8f26-3a281b076ccb-139877134112576", "trial_id": 24, "param_name": "model.nhead", "param_value_internal": 2, "distribution": "{\"name\": \"CategoricalDistribution\", \"attributes\": {\"choices\": [1, 2, 4, 8, 16]}}"}
{"op_code": 5, "worker_id": "9d34be47-5855-458b-8f26-3a281b076ccb-139877134112576", "trial_id": 24, "param_name": "model.embedding_dim", "param_value_internal": 4, "distribution": "{\"name\": \"CategoricalDistribution\", \"attributes\": {\"choices\": [4, 8, 16, 32, 64, 128]}}"}
{"op_code": 5, "worker_id": "9d34be47-5855-458b-8f26-3a281b076ccb-139877134112576", "trial_id": 24, "param_name": "model.hidden_dim", "param_value_internal": 3, "distribution": "{\"name\": \"CategoricalDistribution\", \"attributes\": {\"choices\": [4, 8, 16, 32, 64, 128, 256]}}"}
{"op_code": 5, "worker_id": "9d34be47-5855-458b-8f26-3a281b076ccb-139877134112576", "trial_id": 24, "param_name": "model.nlayers", "param_value_internal": 2.0, "distribution": "{\"name\": \"IntDistribution\", \"attributes\": {\"log\": false, \"step\": 1, \"low\": 1, \"high\": 6}}"}
{"op_code": 5, "worker_id": "9d34be47-5855-458b-8f26-3a281b076ccb-139877134112576", "trial_id": 24, "param_name": "model.dropout", "param_value_internal": 0.06637863446764887, "distribution": "{\"name\": \"FloatDistribution\", \"attributes\": {\"step\": null, \"low\": 0.0, \"high\": 0.7, \"log\": false}}"}
{"op_code": 5, "worker_id": "9d34be47-5855-458b-8f26-3a281b076ccb-139877134112576", "trial_id": 24, "param_name": "training.epochs", "param_value_internal": 25.0, "distribution": "{\"name\": \"IntDistribution\", \"attributes\": {\"log\": false, \"step\": 1, \"low\": 6, \"high\": 25}}"}
{"op_code": 8, "worker_id": "9d34be47-5855-458b-8f26-3a281b076ccb-139877134112576", "trial_id": 24, "user_attr": {"seed": 66}}
{"op_code": 7, "worker_id": "9d34be47-5855-458b-8f26-3a281b076ccb-139877134112576", "trial_id": 24, "step": 0, "intermediate_value": 0.8934067487716675}
{"op_code": 7, "worker_id": "9d34be47-5855-458b-8f26-3a281b076ccb-139877134112576", "trial_id": 24, "step": 1, "intermediate_value": 0.8917620182037354}
{"op_code": 7, "worker_id": "9d34be47-5855-458b-8f26-3a281b076ccb-139877134112576", "trial_id": 24, "step": 2, "intermediate_value": 0.8757114410400391}
{"op_code": 7, "worker_id": "9d34be47-5855-458b-8f26-3a281b076ccb-139877134112576", "trial_id": 24, "step": 3, "intermediate_value": 0.8760263919830322}
{"op_code": 7, "worker_id": "9d34be47-5855-458b-8f26-3a281b076ccb-139877134112576", "trial_id": 24, "step": 4, "intermediate_value": 0.8616411089897156}
{"op_code": 7, "worker_id": "9d34be47-5855-458b-8f26-3a281b076ccb-139877134112576", "trial_id": 24, "step": 5, "intermediate_value": 0.8549054861068726}
{"op_code": 7, "worker_id": "9d34be47-5855-458b-8f26-3a281b076ccb-139877134112576", "trial_id": 24, "step": 6, "intermediate_value": 0.858025074005127}
{"op_code": 7, "worker_id": "9d34be47-5855-458b-8f26-3a281b076ccb-139877134112576", "trial_id": 24, "step": 7, "intermediate_value": 0.8934067487716675}
{"op_code": 6, "worker_id": "9d34be47-5855-458b-8f26-3a281b076ccb-139877134112576", "trial_id": 24, "state": 1, "values": [0.8934067487716675], "datetime_complete": "2025-12-05T12:00:29.636902"}
{"op_code": 4, "worker_id": "9d34be47-5855-458b-8f26-3a281b076ccb-139877134112576", "study_id": 0, "datetime_start": "2025-12-05T12:00:29.638790"}
{"op_code": 5, "worker_id": "9d34be47-5855-458b-8f26-3a281b076ccb-139877134112576", "trial_id": 25, "param_name": "dataset.max_walk_length", "param_value_internal": 69.0, "distribution": "{\"name\": \"IntDistribution\", \"attributes\": {\"log\": false, \"step\": 1, \"low\": 10, \"high\": 100}}"}
{"op_code": 5, "worker_id": "9d34be47-5855-458b-8f26-3a281b076ccb-139877134112576", "trial_id": 25, "param_name": "dataset.num_walks", "param_value_internal": 3284329.0, "distribution": "{\"name\": \"IntDistribution\", \"attributes\": {\"log\": true, \"step\": 1, \"low\": 100000, \"high\": 5000000}}"}
{"op_code": 5, "worker_id": "9d34be47-5855-458b-8f26-3a281b076ccb-139877134112576", "trial_id": 25, "param_name": "training.lr", "param_value_internal": 0.002352923457027379, "distribution": "{\"name\": \"FloatDistribution\", \"attributes\": {\"step\": null, \"low\": 1e-05, \"high\": 0.1, \"log\": true}}"}
{"op_code": 5, "worker_id": "9d34be47-5855-458b-8f26-3a281b076ccb-139877134112576", "trial_id": 25, "param_name": "training.weight_decay", "param_value_internal": 3.572763837315454e-05, "distribution": "{\"name\": \"FloatDistribution\", \"attributes\": {\"step\": null, \"low\": 1e-08, \"high\": 0.1, \"log\": true}}"}
{"op_code": 5, "worker_id": "9d34be47-5855-458b-8f26-3a281b076ccb-139877134112576", "trial_id": 25, "param_name": "training.batch_size", "param_value_internal": 3, "distribution": "{\"name\": \"CategoricalDistribution\", \"attributes\": {\"choices\": [32, 64, 128, 256, 512]}}"}
{"op_code": 5, "worker_id": "9d34be47-5855-458b-8f26-3a281b076ccb-139877134112576", "trial_id": 25, "param_name": "training.gradient_clip_val", "param_value_internal": 0.5440946662065254, "distribution": "{\"name\": \"FloatDistribution\", \"attributes\": {\"step\": null, \"low\": 0.1, \"high\": 2.0, \"log\": false}}"}
{"op_code": 5, "worker_id": "9d34be47-5855-458b-8f26-3a281b076ccb-139877134112576", "trial_id": 25, "param_name": "training.early_stopping_patience", "param_value_internal": 9.0, "distribution": "{\"name\": \"IntDistribution\", \"attributes\": {\"log\": false, \"step\": 1, \"low\": 5, \"high\": 20}}"}
{"op_code": 5, "worker_id": "9d34be47-5855-458b-8f26-3a281b076ccb-139877134112576", "trial_id": 25, "param_name": "model.nhead", "param_value_internal": 2, "distribution": "{\"name\": \"CategoricalDistribution\", \"attributes\": {\"choices\": [1, 2, 4, 8, 16]}}"}
{"op_code": 5, "worker_id": "9d34be47-5855-458b-8f26-3a281b076ccb-139877134112576", "trial_id": 25, "param_name": "model.embedding_dim", "param_value_internal": 3, "distribution": "{\"name\": \"CategoricalDistribution\", \"attributes\": {\"choices\": [4, 8, 16, 32, 64, 128]}}"}
{"op_code": 5, "worker_id": "9d34be47-5855-458b-8f26-3a281b076ccb-139877134112576", "trial_id": 25, "param_name": "model.hidden_dim", "param_value_internal": 3, "distribution": "{\"name\": \"CategoricalDistribution\", \"attributes\": {\"choices\": [4, 8, 16, 32, 64, 128, 256]}}"}
{"op_code": 5, "worker_id": "9d34be47-5855-458b-8f26-3a281b076ccb-139877134112576", "trial_id": 25, "param_name": "model.nlayers", "param_value_internal": 1.0, "distribution": "{\"name\": \"IntDistribution\", \"attributes\": {\"log\": false, \"step\": 1, \"low\": 1, \"high\": 6}}"}
{"op_code": 5, "worker_id": "9d34be47-5855-458b-8f26-3a281b076ccb-139877134112576", "trial_id": 25, "param_name": "model.dropout", "param_value_internal": 0.16096586304740124, "distribution": "{\"name\": \"FloatDistribution\", \"attributes\": {\"step\": null, \"low\": 0.0, \"high\": 0.7, \"log\": false}}"}
{"op_code": 5, "worker_id": "9d34be47-5855-458b-8f26-3a281b076ccb-139877134112576", "trial_id": 25, "param_name": "training.epochs", "param_value_internal": 23.0, "distribution": "{\"name\": \"IntDistribution\", \"attributes\": {\"log\": false, \"step\": 1, \"low\": 6, \"high\": 25}}"}
{"op_code": 8, "worker_id": "9d34be47-5855-458b-8f26-3a281b076ccb-139877134112576", "trial_id": 25, "user_attr": {"seed": 67}}
{"op_code": 7, "worker_id": "9d34be47-5855-458b-8f26-3a281b076ccb-139877134112576", "trial_id": 25, "step": 0, "intermediate_value": 0.8637839555740356}
{"op_code": 7, "worker_id": "9d34be47-5855-458b-8f26-3a281b076ccb-139877134112576", "trial_id": 25, "step": 1, "intermediate_value": 0.8991974592208862}
{"op_code": 7, "worker_id": "9d34be47-5855-458b-8f26-3a281b076ccb-139877134112576", "trial_id": 25, "step": 2, "intermediate_value": 0.9017665982246399}
{"op_code": 7, "worker_id": "9d34be47-5855-458b-8f26-3a281b076ccb-139877134112576", "trial_id": 25, "step": 3, "intermediate_value": 0.8965139389038086}
{"op_code": 7, "worker_id": "9d34be47-5855-458b-8f26-3a281b076ccb-139877134112576", "trial_id": 25, "step": 4, "intermediate_value": 0.8939052820205688}
{"op_code": 7, "worker_id": "9d34be47-5855-458b-8f26-3a281b076ccb-139877134112576", "trial_id": 25, "step": 5, "intermediate_value": 0.888201117515564}
{"op_code": 7, "worker_id": "9d34be47-5855-458b-8f26-3a281b076ccb-139877134112576", "trial_id": 25, "step": 6, "intermediate_value": 0.8846374750137329}
{"op_code": 7, "worker_id": "9d34be47-5855-458b-8f26-3a281b076ccb-139877134112576", "trial_id": 25, "step": 7, "intermediate_value": 0.8912447690963745}
{"op_code": 7, "worker_id": "9d34be47-5855-458b-8f26-3a281b076ccb-139877134112576", "trial_id": 25, "step": 8, "intermediate_value": 0.8935815691947937}
{"op_code": 7, "worker_id": "9d34be47-5855-458b-8f26-3a281b076ccb-139877134112576", "trial_id": 25, "step": 9, "intermediate_value": 0.8885398507118225}
{"op_code": 7, "worker_id": "9d34be47-5855-458b-8f26-3a281b076ccb-139877134112576", "trial_id": 25, "step": 10, "intermediate_value": 0.8928977251052856}
{"op_code": 7, "worker_id": "9d34be47-5855-458b-8f26-3a281b076ccb-139877134112576", "trial_id": 25, "step": 11, "intermediate_value": 0.8855449557304382}
{"op_code": 7, "worker_id": "9d34be47-5855-458b-8f26-3a281b076ccb-139877134112576", "trial_id": 25, "step": 12, "intermediate_value": 0.9017665982246399}
{"op_code": 6, "worker_id": "9d34be47-5855-458b-8f26-3a281b076ccb-139877134112576", "trial_id": 25, "state": 1, "values": [0.9017665982246399], "datetime_complete": "2025-12-05T13:46:32.856038"}
{"op_code": 4, "worker_id": "9d34be47-5855-458b-8f26-3a281b076ccb-139877134112576", "study_id": 0, "datetime_start": "2025-12-05T13:46:32.889028"}
{"op_code": 5, "worker_id": "9d34be47-5855-458b-8f26-3a281b076ccb-139877134112576", "trial_id": 26, "param_name": "dataset.max_walk_length", "param_value_internal": 93.0, "distribution": "{\"name\": \"IntDistribution\", \"attributes\": {\"log\": false, \"step\": 1, \"low\": 10, \"high\": 100}}"}
{"op_code": 5, "worker_id": "9d34be47-5855-458b-8f26-3a281b076ccb-139877134112576", "trial_id": 26, "param_name": "dataset.num_walks", "param_value_internal": 3443240.0, "distribution": "{\"name\": \"IntDistribution\", \"attributes\": {\"log\": true, \"step\": 1, \"low\": 100000, \"high\": 5000000}}"}
{"op_code": 5, "worker_id": "9d34be47-5855-458b-8f26-3a281b076ccb-139877134112576", "trial_id": 26, "param_name": "training.lr", "param_value_internal": 0.012461364484398219, "distribution": "{\"name\": \"FloatDistribution\", \"attributes\": {\"step\": null, \"low\": 1e-05, \"high\": 0.1, \"log\": true}}"}
{"op_code": 5, "worker_id": "9d34be47-5855-458b-8f26-3a281b076ccb-139877134112576", "trial_id": 26, "param_name": "training.weight_decay", "param_value_internal": 2.1267600490633982e-06, "distribution": "{\"name\": \"FloatDistribution\", \"attributes\": {\"step\": null, \"low\": 1e-08, \"high\": 0.1, \"log\": true}}"}
{"op_code": 5, "worker_id": "9d34be47-5855-458b-8f26-3a281b076ccb-139877134112576", "trial_id": 26, "param_name": "training.batch_size", "param_value_internal": 3, "distribution": "{\"name\": \"CategoricalDistribution\", \"attributes\": {\"choices\": [32, 64, 128, 256, 512]}}"}
{"op_code": 5, "worker_id": "9d34be47-5855-458b-8f26-3a281b076ccb-139877134112576", "trial_id": 26, "param_name": "training.gradient_clip_val", "param_value_internal": 0.32938543581033697, "distribution": "{\"name\": \"FloatDistribution\", \"attributes\": {\"step\": null, \"low\": 0.1, \"high\": 2.0, \"log\": false}}"}
{"op_code": 5, "worker_id": "9d34be47-5855-458b-8f26-3a281b076ccb-139877134112576", "trial_id": 26, "param_name": "training.early_stopping_patience", "param_value_internal": 9.0, "distribution": "{\"name\": \"IntDistribution\", \"attributes\": {\"log\": false, \"step\": 1, \"low\": 5, \"high\": 20}}"}
{"op_code": 5, "worker_id": "9d34be47-5855-458b-8f26-3a281b076ccb-139877134112576", "trial_id": 26, "param_name": "model.nhead", "param_value_internal": 2, "distribution": "{\"name\": \"CategoricalDistribution\", \"attributes\": {\"choices\": [1, 2, 4, 8, 16]}}"}
{"op_code": 5, "worker_id": "9d34be47-5855-458b-8f26-3a281b076ccb-139877134112576", "trial_id": 26, "param_name": "model.embedding_dim", "param_value_internal": 3, "distribution": "{\"name\": \"CategoricalDistribution\", \"attributes\": {\"choices\": [4, 8, 16, 32, 64, 128]}}"}
{"op_code": 5, "worker_id": "9d34be47-5855-458b-8f26-3a281b076ccb-139877134112576", "trial_id": 26, "param_name": "model.hidden_dim", "param_value_internal": 3, "distribution": "{\"name\": \"CategoricalDistribution\", \"attributes\": {\"choices\": [4, 8, 16, 32, 64, 128, 256]}}"}
{"op_code": 5, "worker_id": "9d34be47-5855-458b-8f26-3a281b076ccb-139877134112576", "trial_id": 26, "param_name": "model.nlayers", "param_value_internal": 1.0, "distribution": "{\"name\": \"IntDistribution\", \"attributes\": {\"log\": false, \"step\": 1, \"low\": 1, \"high\": 6}}"}
{"op_code": 5, "worker_id": "9d34be47-5855-458b-8f26-3a281b076ccb-139877134112576", "trial_id": 26, "param_name": "model.dropout", "param_value_internal": 0.1648854901529223, "distribution": "{\"name\": \"FloatDistribution\", \"attributes\": {\"step\": null, \"low\": 0.0, \"high\": 0.7, \"log\": false}}"}
{"op_code": 5, "worker_id": "9d34be47-5855-458b-8f26-3a281b076ccb-139877134112576", "trial_id": 26, "param_name": "training.epochs", "param_value_internal": 23.0, "distribution": "{\"name\": \"IntDistribution\", \"attributes\": {\"log\": false, \"step\": 1, \"low\": 6, \"high\": 25}}"}
{"op_code": 8, "worker_id": "9d34be47-5855-458b-8f26-3a281b076ccb-139877134112576", "trial_id": 26, "user_attr": {"seed": 68}}
{"op_code": 7, "worker_id": "9d34be47-5855-458b-8f26-3a281b076ccb-139877134112576", "trial_id": 26, "step": 0, "intermediate_value": 0.8436503410339355}
{"op_code": 7, "worker_id": "9d34be47-5855-458b-8f26-3a281b076ccb-139877134112576", "trial_id": 26, "step": 1, "intermediate_value": 0.8344576358795166}
{"op_code": 7, "worker_id": "9d34be47-5855-458b-8f26-3a281b076ccb-139877134112576", "trial_id": 26, "step": 2, "intermediate_value": 0.8183778524398804}
{"op_code": 7, "worker_id": "9d34be47-5855-458b-8f26-3a281b076ccb-139877134112576", "trial_id": 26, "step": 3, "intermediate_value": 0.8005104064941406}
{"op_code": 7, "worker_id": "9d34be47-5855-458b-8f26-3a281b076ccb-139877134112576", "trial_id": 26, "step": 4, "intermediate_value": 0.787167489528656}
{"op_code": 7, "worker_id": "9d34be47-5855-458b-8f26-3a281b076ccb-139877134112576", "trial_id": 26, "step": 5, "intermediate_value": 0.7762815952301025}
{"op_code": 7, "worker_id": "9d34be47-5855-458b-8f26-3a281b076ccb-139877134112576", "trial_id": 26, "step": 6, "intermediate_value": 0.7659934163093567}
{"op_code": 6, "worker_id": "9d34be47-5855-458b-8f26-3a281b076ccb-139877134112576", "trial_id": 26, "state": 1, "values": [0.0], "datetime_complete": "2025-12-05T15:23:53.967744"}
{"op_code": 4, "worker_id": "9d34be47-5855-458b-8f26-3a281b076ccb-139877134112576", "study_id": 0, "datetime_start": "2025-12-05T15:23:53.969503"}
{"op_code": 5, "worker_id": "9d34be47-5855-458b-8f26-3a281b076ccb-139877134112576", "trial_id": 27, "param_name": "dataset.max_walk_length", "param_value_internal": 71.0, "distribution": "{\"name\": \"IntDistribution\", \"attributes\": {\"log\": false, \"step\": 1, \"low\": 10, \"high\": 100}}"}
{"op_code": 5, "worker_id": "9d34be47-5855-458b-8f26-3a281b076ccb-139877134112576", "trial_id": 27, "param_name": "dataset.num_walks", "param_value_internal": 1950123.0, "distribution": "{\"name\": \"IntDistribution\", \"attributes\": {\"log\": true, \"step\": 1, \"low\": 100000, \"high\": 5000000}}"}
{"op_code": 5, "worker_id": "9d34be47-5855-458b-8f26-3a281b076ccb-139877134112576", "trial_id": 27, "param_name": "training.lr", "param_value_internal": 0.029809830490488815, "distribution": "{\"name\": \"FloatDistribution\", \"attributes\": {\"step\": null, \"low\": 1e-05, \"high\": 0.1, \"log\": true}}"}
{"op_code": 5, "worker_id": "9d34be47-5855-458b-8f26-3a281b076ccb-139877134112576", "trial_id": 27, "param_name": "training.weight_decay", "param_value_internal": 5.158438136955593e-06, "distribution": "{\"name\": \"FloatDistribution\", \"attributes\": {\"step\": null, \"low\": 1e-08, \"high\": 0.1, \"log\": true}}"}
{"op_code": 5, "worker_id": "9d34be47-5855-458b-8f26-3a281b076ccb-139877134112576", "trial_id": 27, "param_name": "training.batch_size", "param_value_internal": 3, "distribution": "{\"name\": \"CategoricalDistribution\", \"attributes\": {\"choices\": [32, 64, 128, 256, 512]}}"}
{"op_code": 5, "worker_id": "9d34be47-5855-458b-8f26-3a281b076ccb-139877134112576", "trial_id": 27, "param_name": "training.gradient_clip_val", "param_value_internal": 0.23142626103315223, "distribution": "{\"name\": \"FloatDistribution\", \"attributes\": {\"step\": null, \"low\": 0.1, \"high\": 2.0, \"log\": false}}"}
{"op_code": 5, "worker_id": "9d34be47-5855-458b-8f26-3a281b076ccb-139877134112576", "trial_id": 27, "param_name": "training.early_stopping_patience", "param_value_internal": 13.0, "distribution": "{\"name\": \"IntDistribution\", \"attributes\": {\"log\": false, \"step\": 1, \"low\": 5, \"high\": 20}}"}
{"op_code": 5, "worker_id": "9d34be47-5855-458b-8f26-3a281b076ccb-139877134112576", "trial_id": 27, "param_name": "model.nhead", "param_value_internal": 2, "distribution": "{\"name\": \"CategoricalDistribution\", \"attributes\": {\"choices\": [1, 2, 4, 8, 16]}}"}
{"op_code": 5, "worker_id": "9d34be47-5855-458b-8f26-3a281b076ccb-139877134112576", "trial_id": 27, "param_name": "model.embedding_dim", "param_value_internal": 3, "distribution": "{\"name\": \"CategoricalDistribution\", \"attributes\": {\"choices\": [4, 8, 16, 32, 64, 128]}}"}
{"op_code": 5, "worker_id": "9d34be47-5855-458b-8f26-3a281b076ccb-139877134112576", "trial_id": 27, "param_name": "model.hidden_dim", "param_value_internal": 3, "distribution": "{\"name\": \"CategoricalDistribution\", \"attributes\": {\"choices\": [4, 8, 16, 32, 64, 128, 256]}}"}
{"op_code": 5, "worker_id": "9d34be47-5855-458b-8f26-3a281b076ccb-139877134112576", "trial_id": 27, "param_name": "model.nlayers", "param_value_internal": 1.0, "distribution": "{\"name\": \"IntDistribution\", \"attributes\": {\"log\": false, \"step\": 1, \"low\": 1, \"high\": 6}}"}
{"op_code": 5, "worker_id": "9d34be47-5855-458b-8f26-3a281b076ccb-139877134112576", "trial_id": 27, "param_name": "model.dropout", "param_value_internal": 0.23004890081526472, "distribution": "{\"name\": \"FloatDistribution\", \"attributes\": {\"step\": null, \"low\": 0.0, \"high\": 0.7, \"log\": false}}"}
{"op_code": 5, "worker_id": "9d34be47-5855-458b-8f26-3a281b076ccb-139877134112576", "trial_id": 27, "param_name": "training.epochs", "param_value_internal": 23.0, "distribution": "{\"name\": \"IntDistribution\", \"attributes\": {\"log\": false, \"step\": 1, \"low\": 6, \"high\": 25}}"}
{"op_code": 8, "worker_id": "9d34be47-5855-458b-8f26-3a281b076ccb-139877134112576", "trial_id": 27, "user_attr": {"seed": 69}}
{"op_code": 7, "worker_id": "9d34be47-5855-458b-8f26-3a281b076ccb-139877134112576", "trial_id": 27, "step": 0, "intermediate_value": 0.5884461402893066}
{"op_code": 7, "worker_id": "9d34be47-5855-458b-8f26-3a281b076ccb-139877134112576", "trial_id": 27, "step": 1, "intermediate_value": 0.5783346891403198}
{"op_code": 7, "worker_id": "9d34be47-5855-458b-8f26-3a281b076ccb-139877134112576", "trial_id": 27, "step": 2, "intermediate_value": 0.5769284963607788}
{"op_code": 7, "worker_id": "9d34be47-5855-458b-8f26-3a281b076ccb-139877134112576", "trial_id": 27, "step": 3, "intermediate_value": 0.5735698938369751}
{"op_code": 7, "worker_id": "9d34be47-5855-458b-8f26-3a281b076ccb-139877134112576", "trial_id": 27, "step": 4, "intermediate_value": 0.5741686820983887}
{"op_code": 7, "worker_id": "9d34be47-5855-458b-8f26-3a281b076ccb-139877134112576", "trial_id": 27, "step": 5, "intermediate_value": 0.5736274719238281}
{"op_code": 6, "worker_id": "9d34be47-5855-458b-8f26-3a281b076ccb-139877134112576", "trial_id": 27, "state": 1, "values": [0.0], "datetime_complete": "2025-12-05T16:16:07.585752"}
{"op_code": 4, "worker_id": "9d34be47-5855-458b-8f26-3a281b076ccb-139877134112576", "study_id": 0, "datetime_start": "2025-12-05T16:16:07.587340"}
{"op_code": 5, "worker_id": "9d34be47-5855-458b-8f26-3a281b076ccb-139877134112576", "trial_id": 28, "param_name": "dataset.max_walk_length", "param_value_internal": 66.0, "distribution": "{\"name\": \"IntDistribution\", \"attributes\": {\"log\": false, \"step\": 1, \"low\": 10, \"high\": 100}}"}
{"op_code": 5, "worker_id": "9d34be47-5855-458b-8f26-3a281b076ccb-139877134112576", "trial_id": 28, "param_name": "dataset.num_walks", "param_value_internal": 4709381.0, "distribution": "{\"name\": \"IntDistribution\", \"attributes\": {\"log\": true, \"step\": 1, \"low\": 100000, \"high\": 5000000}}"}
{"op_code": 5, "worker_id": "9d34be47-5855-458b-8f26-3a281b076ccb-139877134112576", "trial_id": 28, "param_name": "training.lr", "param_value_internal": 0.00307586997982733, "distribution": "{\"name\": \"FloatDistribution\", \"attributes\": {\"step\": null, \"low\": 1e-05, \"high\": 0.1, \"log\": true}}"}
{"op_code": 5, "worker_id": "9d34be47-5855-458b-8f26-3a281b076ccb-139877134112576", "trial_id": 28, "param_name": "training.weight_decay", "param_value_internal": 0.00027399646434097944, "distribution": "{\"name\": \"FloatDistribution\", \"attributes\": {\"step\": null, \"low\": 1e-08, \"high\": 0.1, \"log\": true}}"}
{"op_code": 5, "worker_id": "9d34be47-5855-458b-8f26-3a281b076ccb-139877134112576", "trial_id": 28, "param_name": "training.batch_size", "param_value_internal": 4, "distribution": "{\"name\": \"CategoricalDistribution\", \"attributes\": {\"choices\": [32, 64, 128, 256, 512]}}"}
{"op_code": 5, "worker_id": "9d34be47-5855-458b-8f26-3a281b076ccb-139877134112576", "trial_id": 28, "param_name": "training.gradient_clip_val", "param_value_internal": 0.12207197127742025, "distribution": "{\"name\": \"FloatDistribution\", \"attributes\": {\"step\": null, \"low\": 0.1, \"high\": 2.0, \"log\": false}}"}
{"op_code": 5, "worker_id": "9d34be47-5855-458b-8f26-3a281b076ccb-139877134112576", "trial_id": 28, "param_name": "training.early_stopping_patience", "param_value_internal": 9.0, "distribution": "{\"name\": \"IntDistribution\", \"attributes\": {\"log\": false, \"step\": 1, \"low\": 5, \"high\": 20}}"}
{"op_code": 5, "worker_id": "9d34be47-5855-458b-8f26-3a281b076ccb-139877134112576", "trial_id": 28, "param_name": "model.nhead", "param_value_internal": 3, "distribution": "{\"name\": \"CategoricalDistribution\", \"attributes\": {\"choices\": [1, 2, 4, 8, 16]}}"}
{"op_code": 5, "worker_id": "9d34be47-5855-458b-8f26-3a281b076ccb-139877134112576", "trial_id": 28, "param_name": "model.embedding_dim", "param_value_internal": 3, "distribution": "{\"name\": \"CategoricalDistribution\", \"attributes\": {\"choices\": [4, 8, 16, 32, 64, 128]}}"}
{"op_code": 5, "worker_id": "9d34be47-5855-458b-8f26-3a281b076ccb-139877134112576", "trial_id": 28, "param_name": "model.hidden_dim", "param_value_internal": 3, "distribution": "{\"name\": \"CategoricalDistribution\", \"attributes\": {\"choices\": [4, 8, 16, 32, 64, 128, 256]}}"}
{"op_code": 5, "worker_id": "9d34be47-5855-458b-8f26-3a281b076ccb-139877134112576", "trial_id": 28, "param_name": "model.nlayers", "param_value_internal": 3.0, "distribution": "{\"name\": \"IntDistribution\", \"attributes\": {\"log\": false, \"step\": 1, \"low\": 1, \"high\": 6}}"}
{"op_code": 5, "worker_id": "9d34be47-5855-458b-8f26-3a281b076ccb-139877134112576", "trial_id": 28, "param_name": "model.dropout", "param_value_internal": 0.0010619155842041816, "distribution": "{\"name\": \"FloatDistribution\", \"attributes\": {\"step\": null, \"low\": 0.0, \"high\": 0.7, \"log\": false}}"}
{"op_code": 5, "worker_id": "9d34be47-5855-458b-8f26-3a281b076ccb-139877134112576", "trial_id": 28, "param_name": "training.epochs", "param_value_internal": 25.0, "distribution": "{\"name\": \"IntDistribution\", \"attributes\": {\"log\": false, \"step\": 1, \"low\": 6, \"high\": 25}}"}
{"op_code": 8, "worker_id": "9d34be47-5855-458b-8f26-3a281b076ccb-139877134112576", "trial_id": 28, "user_attr": {"seed": 70}}
{"op_code": 7, "worker_id": "9d34be47-5855-458b-8f26-3a281b076ccb-139877134112576", "trial_id": 28, "step": 0, "intermediate_value": 0.8874298334121704}
{"op_code": 7, "worker_id": "9d34be47-5855-458b-8f26-3a281b076ccb-139877134112576", "trial_id": 28, "step": 1, "intermediate_value": 0.9070992469787598}
{"op_code": 7, "worker_id": "9d34be47-5855-458b-8f26-3a281b076ccb-139877134112576", "trial_id": 28, "step": 2, "intermediate_value": 0.9035310745239258}
{"op_code": 7, "worker_id": "9d34be47-5855-458b-8f26-3a281b076ccb-139877134112576", "trial_id": 28, "step": 3, "intermediate_value": 0.904197096824646}
{"op_code": 7, "worker_id": "9d34be47-5855-458b-8f26-3a281b076ccb-139877134112576", "trial_id": 28, "step": 4, "intermediate_value": 0.8967548608779907}
{"op_code": 7, "worker_id": "9d34be47-5855-458b-8f26-3a281b076ccb-139877134112576", "trial_id": 28, "step": 5, "intermediate_value": 0.9008496999740601}
{"op_code": 7, "worker_id": "9d34be47-5855-458b-8f26-3a281b076ccb-139877134112576", "trial_id": 28, "step": 6, "intermediate_value": 0.8955016136169434}
{"op_code": 7, "worker_id": "9d34be47-5855-458b-8f26-3a281b076ccb-139877134112576", "trial_id": 28, "step": 7, "intermediate_value": 0.9010155200958252}
{"op_code": 7, "worker_id": "9d34be47-5855-458b-8f26-3a281b076ccb-139877134112576", "trial_id": 28, "step": 8, "intermediate_value": 0.8993570804595947}
{"op_code": 7, "worker_id": "9d34be47-5855-458b-8f26-3a281b076ccb-139877134112576", "trial_id": 28, "step": 9, "intermediate_value": 0.9002346992492676}
{"op_code": 7, "worker_id": "9d34be47-5855-458b-8f26-3a281b076ccb-139877134112576", "trial_id": 28, "step": 10, "intermediate_value": 0.8996722102165222}
{"op_code": 7, "worker_id": "9d34be47-5855-458b-8f26-3a281b076ccb-139877134112576", "trial_id": 28, "step": 11, "intermediate_value": 0.9070992469787598}
{"op_code": 6, "worker_id": "9d34be47-5855-458b-8f26-3a281b076ccb-139877134112576", "trial_id": 28, "state": 1, "values": [0.9070992469787598], "datetime_complete": "2025-12-05T19:03:08.932115"}
{"op_code": 4, "worker_id": "9d34be47-5855-458b-8f26-3a281b076ccb-139877134112576", "study_id": 0, "datetime_start": "2025-12-05T19:03:08.933740"}
{"op_code": 5, "worker_id": "9d34be47-5855-458b-8f26-3a281b076ccb-139877134112576", "trial_id": 29, "param_name": "dataset.max_walk_length", "param_value_internal": 82.0, "distribution": "{\"name\": \"IntDistribution\", \"attributes\": {\"log\": false, \"step\": 1, \"low\": 10, \"high\": 100}}"}
{"op_code": 5, "worker_id": "9d34be47-5855-458b-8f26-3a281b076ccb-139877134112576", "trial_id": 29, "param_name": "dataset.num_walks", "param_value_internal": 4772583.0, "distribution": "{\"name\": \"IntDistribution\", \"attributes\": {\"log\": true, \"step\": 1, \"low\": 100000, \"high\": 5000000}}"}
{"op_code": 5, "worker_id": "9d34be47-5855-458b-8f26-3a281b076ccb-139877134112576", "trial_id": 29, "param_name": "training.lr", "param_value_internal": 0.0026922394387593183, "distribution": "{\"name\": \"FloatDistribution\", \"attributes\": {\"step\": null, \"low\": 1e-05, \"high\": 0.1, \"log\": true}}"}
{"op_code": 5, "worker_id": "9d34be47-5855-458b-8f26-3a281b076ccb-139877134112576", "trial_id": 29, "param_name": "training.weight_decay", "param_value_internal": 0.0006648181356003105, "distribution": "{\"name\": \"FloatDistribution\", \"attributes\": {\"step\": null, \"low\": 1e-08, \"high\": 0.1, \"log\": true}}"}
{"op_code": 5, "worker_id": "9d34be47-5855-458b-8f26-3a281b076ccb-139877134112576", "trial_id": 29, "param_name": "training.batch_size", "param_value_internal": 3, "distribution": "{\"name\": \"CategoricalDistribution\", \"attributes\": {\"choices\": [32, 64, 128, 256, 512]}}"}
{"op_code": 5, "worker_id": "9d34be47-5855-458b-8f26-3a281b076ccb-139877134112576", "trial_id": 29, "param_name": "training.gradient_clip_val", "param_value_internal": 0.10795152378289882, "distribution": "{\"name\": \"FloatDistribution\", \"attributes\": {\"step\": null, \"low\": 0.1, \"high\": 2.0, \"log\": false}}"}
{"op_code": 5, "worker_id": "9d34be47-5855-458b-8f26-3a281b076ccb-139877134112576", "trial_id": 29, "param_name": "training.early_stopping_patience", "param_value_internal": 9.0, "distribution": "{\"name\": \"IntDistribution\", \"attributes\": {\"log\": false, \"step\": 1, \"low\": 5, \"high\": 20}}"}
{"op_code": 5, "worker_id": "9d34be47-5855-458b-8f26-3a281b076ccb-139877134112576", "trial_id": 29, "param_name": "model.nhead", "param_value_internal": 3, "distribution": "{\"name\": \"CategoricalDistribution\", \"attributes\": {\"choices\": [1, 2, 4, 8, 16]}}"}
{"op_code": 5, "worker_id": "9d34be47-5855-458b-8f26-3a281b076ccb-139877134112576", "trial_id": 29, "param_name": "model.embedding_dim", "param_value_internal": 3, "distribution": "{\"name\": \"CategoricalDistribution\", \"attributes\": {\"choices\": [4, 8, 16, 32, 64, 128]}}"}
{"op_code": 5, "worker_id": "9d34be47-5855-458b-8f26-3a281b076ccb-139877134112576", "trial_id": 29, "param_name": "model.hidden_dim", "param_value_internal": 3, "distribution": "{\"name\": \"CategoricalDistribution\", \"attributes\": {\"choices\": [4, 8, 16, 32, 64, 128, 256]}}"}
{"op_code": 5, "worker_id": "9d34be47-5855-458b-8f26-3a281b076ccb-139877134112576", "trial_id": 29, "param_name": "model.nlayers", "param_value_internal": 3.0, "distribution": "{\"name\": \"IntDistribution\", \"attributes\": {\"log\": false, \"step\": 1, \"low\": 1, \"high\": 6}}"}
{"op_code": 5, "worker_id": "9d34be47-5855-458b-8f26-3a281b076ccb-139877134112576", "trial_id": 29, "param_name": "model.dropout", "param_value_internal": 0.011257618360602885, "distribution": "{\"name\": \"FloatDistribution\", \"attributes\": {\"step\": null, \"low\": 0.0, \"high\": 0.7, \"log\": false}}"}
{"op_code": 5, "worker_id": "9d34be47-5855-458b-8f26-3a281b076ccb-139877134112576", "trial_id": 29, "param_name": "training.epochs", "param_value_internal": 25.0, "distribution": "{\"name\": \"IntDistribution\", \"attributes\": {\"log\": false, \"step\": 1, \"low\": 6, \"high\": 25}}"}
{"op_code": 8, "worker_id": "9d34be47-5855-458b-8f26-3a281b076ccb-139877134112576", "trial_id": 29, "user_attr": {"seed": 71}}
{"op_code": 7, "worker_id": "9d34be47-5855-458b-8f26-3a281b076ccb-139877134112576", "trial_id": 29, "step": 0, "intermediate_value": 0.8927291631698608}
{"op_code": 7, "worker_id": "9d34be47-5855-458b-8f26-3a281b076ccb-139877134112576", "trial_id": 29, "step": 1, "intermediate_value": 0.900364875793457}
{"op_code": 7, "worker_id": "9d34be47-5855-458b-8f26-3a281b076ccb-139877134112576", "trial_id": 29, "step": 2, "intermediate_value": 0.8942663669586182}
{"op_code": 7, "worker_id": "9d34be47-5855-458b-8f26-3a281b076ccb-139877134112576", "trial_id": 29, "step": 3, "intermediate_value": 0.895323634147644}
{"op_code": 7, "worker_id": "9d34be47-5855-458b-8f26-3a281b076ccb-139877134112576", "trial_id": 29, "step": 4, "intermediate_value": 0.8954267501831055}
{"op_code": 7, "worker_id": "9d34be47-5855-458b-8f26-3a281b076ccb-139877134112576", "trial_id": 29, "step": 5, "intermediate_value": 0.8955205082893372}
{"op_code": 7, "worker_id": "9d34be47-5855-458b-8f26-3a281b076ccb-139877134112576", "trial_id": 29, "step": 6, "intermediate_value": 0.8936097621917725}
{"op_code": 7, "worker_id": "9d34be47-5855-458b-8f26-3a281b076ccb-139877134112576", "trial_id": 29, "step": 7, "intermediate_value": 0.8915039896965027}
{"op_code": 7, "worker_id": "9d34be47-5855-458b-8f26-3a281b076ccb-139877134112576", "trial_id": 29, "step": 8, "intermediate_value": 0.8949549794197083}
{"op_code": 7, "worker_id": "9d34be47-5855-458b-8f26-3a281b076ccb-139877134112576", "trial_id": 29, "step": 9, "intermediate_value": 0.8963072299957275}
{"op_code": 7, "worker_id": "9d34be47-5855-458b-8f26-3a281b076ccb-139877134112576", "trial_id": 29, "step": 10, "intermediate_value": 0.8909058570861816}
{"op_code": 7, "worker_id": "9d34be47-5855-458b-8f26-3a281b076ccb-139877134112576", "trial_id": 29, "step": 11, "intermediate_value": 0.900364875793457}
{"op_code": 6, "worker_id": "9d34be47-5855-458b-8f26-3a281b076ccb-139877134112576", "trial_id": 29, "state": 1, "values": [0.900364875793457], "datetime_complete": "2025-12-05T22:15:59.632918"}
{"op_code": 4, "worker_id": "9d34be47-5855-458b-8f26-3a281b076ccb-139877134112576", "study_id": 0, "datetime_start": "2025-12-05T22:15:59.634511"}
{"op_code": 5, "worker_id": "9d34be47-5855-458b-8f26-3a281b076ccb-139877134112576", "trial_id": 30, "param_name": "dataset.max_walk_length", "param_value_internal": 87.0, "distribution": "{\"name\": \"IntDistribution\", \"attributes\": {\"log\": false, \"step\": 1, \"low\": 10, \"high\": 100}}"}
{"op_code": 5, "worker_id": "9d34be47-5855-458b-8f26-3a281b076ccb-139877134112576", "trial_id": 30, "param_name": "dataset.num_walks", "param_value_internal": 3314070.0, "distribution": "{\"name\": \"IntDistribution\", \"attributes\": {\"log\": true, \"step\": 1, \"low\": 100000, \"high\": 5000000}}"}
{"op_code": 5, "worker_id": "9d34be47-5855-458b-8f26-3a281b076ccb-139877134112576", "trial_id": 30, "param_name": "training.lr", "param_value_internal": 0.0008780378170204675, "distribution": "{\"name\": \"FloatDistribution\", \"attributes\": {\"step\": null, \"low\": 1e-05, \"high\": 0.1, \"log\": true}}"}
{"op_code": 5, "worker_id": "9d34be47-5855-458b-8f26-3a281b076ccb-139877134112576", "trial_id": 30, "param_name": "training.weight_decay", "param_value_internal": 0.0012486771032523805, "distribution": "{\"name\": \"FloatDistribution\", \"attributes\": {\"step\": null, \"low\": 1e-08, \"high\": 0.1, \"log\": true}}"}
{"op_code": 5, "worker_id": "9d34be47-5855-458b-8f26-3a281b076ccb-139877134112576", "trial_id": 30, "param_name": "training.batch_size", "param_value_internal": 3, "distribution": "{\"name\": \"CategoricalDistribution\", \"attributes\": {\"choices\": [32, 64, 128, 256, 512]}}"}
{"op_code": 5, "worker_id": "9d34be47-5855-458b-8f26-3a281b076ccb-139877134112576", "trial_id": 30, "param_name": "training.gradient_clip_val", "param_value_internal": 0.3133558540010283, "distribution": "{\"name\": \"FloatDistribution\", \"attributes\": {\"step\": null, \"low\": 0.1, \"high\": 2.0, \"log\": false}}"}
{"op_code": 5, "worker_id": "9d34be47-5855-458b-8f26-3a281b076ccb-139877134112576", "trial_id": 30, "param_name": "training.early_stopping_patience", "param_value_internal": 6.0, "distribution": "{\"name\": \"IntDistribution\", \"attributes\": {\"log\": false, \"step\": 1, \"low\": 5, \"high\": 20}}"}
{"op_code": 5, "worker_id": "9d34be47-5855-458b-8f26-3a281b076ccb-139877134112576", "trial_id": 30, "param_name": "model.nhead", "param_value_internal": 2, "distribution": "{\"name\": \"CategoricalDistribution\", \"attributes\": {\"choices\": [1, 2, 4, 8, 16]}}"}
{"op_code": 5, "worker_id": "9d34be47-5855-458b-8f26-3a281b076ccb-139877134112576", "trial_id": 30, "param_name": "model.embedding_dim", "param_value_internal": 3, "distribution": "{\"name\": \"CategoricalDistribution\", \"attributes\": {\"choices\": [4, 8, 16, 32, 64, 128]}}"}
{"op_code": 5, "worker_id": "9d34be47-5855-458b-8f26-3a281b076ccb-139877134112576", "trial_id": 30, "param_name": "model.hidden_dim", "param_value_internal": 1, "distribution": "{\"name\": \"CategoricalDistribution\", \"attributes\": {\"choices\": [4, 8, 16, 32, 64, 128, 256]}}"}
{"op_code": 5, "worker_id": "9d34be47-5855-458b-8f26-3a281b076ccb-139877134112576", "trial_id": 30, "param_name": "model.nlayers", "param_value_internal": 3.0, "distribution": "{\"name\": \"IntDistribution\", \"attributes\": {\"log\": false, \"step\": 1, \"low\": 1, \"high\": 6}}"}
{"op_code": 5, "worker_id": "9d34be47-5855-458b-8f26-3a281b076ccb-139877134112576", "trial_id": 30, "param_name": "model.dropout", "param_value_internal": 0.1265691588282764, "distribution": "{\"name\": \"FloatDistribution\", \"attributes\": {\"step\": null, \"low\": 0.0, \"high\": 0.7, \"log\": false}}"}
{"op_code": 5, "worker_id": "9d34be47-5855-458b-8f26-3a281b076ccb-139877134112576", "trial_id": 30, "param_name": "training.epochs", "param_value_internal": 16.0, "distribution": "{\"name\": \"IntDistribution\", \"attributes\": {\"log\": false, \"step\": 1, \"low\": 6, \"high\": 25}}"}
{"op_code": 8, "worker_id": "9d34be47-5855-458b-8f26-3a281b076ccb-139877134112576", "trial_id": 30, "user_attr": {"seed": 72}}
{"op_code": 7, "worker_id": "9d34be47-5855-458b-8f26-3a281b076ccb-139877134112576", "trial_id": 30, "step": 0, "intermediate_value": 0.833096981048584}
{"op_code": 7, "worker_id": "9d34be47-5855-458b-8f26-3a281b076ccb-139877134112576", "trial_id": 30, "step": 1, "intermediate_value": 0.8783725500106812}
{"op_code": 7, "worker_id": "9d34be47-5855-458b-8f26-3a281b076ccb-139877134112576", "trial_id": 30, "step": 2, "intermediate_value": 0.8887827396392822}
{"op_code": 7, "worker_id": "9d34be47-5855-458b-8f26-3a281b076ccb-139877134112576", "trial_id": 30, "step": 3, "intermediate_value": 0.8902333974838257}
{"op_code": 7, "worker_id": "9d34be47-5855-458b-8f26-3a281b076ccb-139877134112576", "trial_id": 30, "step": 4, "intermediate_value": 0.8841925859451294}
{"op_code": 7, "worker_id": "9d34be47-5855-458b-8f26-3a281b076ccb-139877134112576", "trial_id": 30, "step": 5, "intermediate_value": 0.8836996555328369}
{"op_code": 7, "worker_id": "9d34be47-5855-458b-8f26-3a281b076ccb-139877134112576", "trial_id": 30, "step": 6, "intermediate_value": 0.8851858377456665}
{"op_code": 7, "worker_id": "9d34be47-5855-458b-8f26-3a281b076ccb-139877134112576", "trial_id": 30, "step": 7, "intermediate_value": 0.8869593143463135}
{"op_code": 7, "worker_id": "9d34be47-5855-458b-8f26-3a281b076ccb-139877134112576", "trial_id": 30, "step": 8, "intermediate_value": 0.882201075553894}
{"op_code": 7, "worker_id": "9d34be47-5855-458b-8f26-3a281b076ccb-139877134112576", "trial_id": 30, "step": 9, "intermediate_value": 0.8826490640640259}
{"op_code": 7, "worker_id": "9d34be47-5855-458b-8f26-3a281b076ccb-139877134112576", "trial_id": 30, "step": 10, "intermediate_value": 0.8902333974838257}
{"op_code": 6, "worker_id": "9d34be47-5855-458b-8f26-3a281b076ccb-139877134112576", "trial_id": 30, "state": 1, "values": [0.8902333974838257], "datetime_complete": "2025-12-06T00:12:15.755477"}
{"op_code": 4, "worker_id": "9d34be47-5855-458b-8f26-3a281b076ccb-139877134112576", "study_id": 0, "datetime_start": "2025-12-06T00:12:15.786538"}
{"op_code": 5, "worker_id": "9d34be47-5855-458b-8f26-3a281b076ccb-139877134112576", "trial_id": 31, "param_name": "dataset.max_walk_length", "param_value_internal": 79.0, "distribution": "{\"name\": \"IntDistribution\", \"attributes\": {\"log\": false, \"step\": 1, \"low\": 10, \"high\": 100}}"}
{"op_code": 5, "worker_id": "9d34be47-5855-458b-8f26-3a281b076ccb-139877134112576", "trial_id": 31, "param_name": "dataset.num_walks", "param_value_internal": 4966522.0, "distribution": "{\"name\": \"IntDistribution\", \"attributes\": {\"log\": true, \"step\": 1, \"low\": 100000, \"high\": 5000000}}"}
{"op_code": 5, "worker_id": "9d34be47-5855-458b-8f26-3a281b076ccb-139877134112576", "trial_id": 31, "param_name": "training.lr", "param_value_internal": 0.0029360086488279392, "distribution": "{\"name\": \"FloatDistribution\", \"attributes\": {\"step\": null, \"low\": 1e-05, \"high\": 0.1, \"log\": true}}"}
{"op_code": 5, "worker_id": "9d34be47-5855-458b-8f26-3a281b076ccb-139877134112576", "trial_id": 31, "param_name": "training.weight_decay", "param_value_internal": 0.000293331815434998, "distribution": "{\"name\": \"FloatDistribution\", \"attributes\": {\"step\": null, \"low\": 1e-08, \"high\": 0.1, \"log\": true}}"}
{"op_code": 5, "worker_id": "9d34be47-5855-458b-8f26-3a281b076ccb-139877134112576", "trial_id": 31, "param_name": "training.batch_size", "param_value_internal": 3, "distribution": "{\"name\": \"CategoricalDistribution\", \"attributes\": {\"choices\": [32, 64, 128, 256, 512]}}"}
{"op_code": 5, "worker_id": "9d34be47-5855-458b-8f26-3a281b076ccb-139877134112576", "trial_id": 31, "param_name": "training.gradient_clip_val", "param_value_internal": 0.10716747687591438, "distribution": "{\"name\": \"FloatDistribution\", \"attributes\": {\"step\": null, \"low\": 0.1, \"high\": 2.0, \"log\": false}}"}
{"op_code": 5, "worker_id": "9d34be47-5855-458b-8f26-3a281b076ccb-139877134112576", "trial_id": 31, "param_name": "training.early_stopping_patience", "param_value_internal": 9.0, "distribution": "{\"name\": \"IntDistribution\", \"attributes\": {\"log\": false, \"step\": 1, \"low\": 5, \"high\": 20}}"}
{"op_code": 5, "worker_id": "9d34be47-5855-458b-8f26-3a281b076ccb-139877134112576", "trial_id": 31, "param_name": "model.nhead", "param_value_internal": 3, "distribution": "{\"name\": \"CategoricalDistribution\", \"attributes\": {\"choices\": [1, 2, 4, 8, 16]}}"}
{"op_code": 5, "worker_id": "9d34be47-5855-458b-8f26-3a281b076ccb-139877134112576", "trial_id": 31, "param_name": "model.embedding_dim", "param_value_internal": 3, "distribution": "{\"name\": \"CategoricalDistribution\", \"attributes\": {\"choices\": [4, 8, 16, 32, 64, 128]}}"}
{"op_code": 5, "worker_id": "9d34be47-5855-458b-8f26-3a281b076ccb-139877134112576", "trial_id": 31, "param_name": "model.hidden_dim", "param_value_internal": 3, "distribution": "{\"name\": \"CategoricalDistribution\", \"attributes\": {\"choices\": [4, 8, 16, 32, 64, 128, 256]}}"}
{"op_code": 5, "worker_id": "9d34be47-5855-458b-8f26-3a281b076ccb-139877134112576", "trial_id": 31, "param_name": "model.nlayers", "param_value_internal": 3.0, "distribution": "{\"name\": \"IntDistribution\", \"attributes\": {\"log\": false, \"step\": 1, \"low\": 1, \"high\": 6}}"}
{"op_code": 5, "worker_id": "9d34be47-5855-458b-8f26-3a281b076ccb-139877134112576", "trial_id": 31, "param_name": "model.dropout", "param_value_internal": 0.0008612269926159544, "distribution": "{\"name\": \"FloatDistribution\", \"attributes\": {\"step\": null, \"low\": 0.0, \"high\": 0.7, \"log\": false}}"}
{"op_code": 5, "worker_id": "9d34be47-5855-458b-8f26-3a281b076ccb-139877134112576", "trial_id": 31, "param_name": "training.epochs", "param_value_internal": 25.0, "distribution": "{\"name\": \"IntDistribution\", \"attributes\": {\"log\": false, \"step\": 1, \"low\": 6, \"high\": 25}}"}
{"op_code": 8, "worker_id": "9d34be47-5855-458b-8f26-3a281b076ccb-139877134112576", "trial_id": 31, "user_attr": {"seed": 73}}
{"op_code": 7, "worker_id": "9d34be47-5855-458b-8f26-3a281b076ccb-139877134112576", "trial_id": 31, "step": 0, "intermediate_value": 0.9079331159591675}
{"op_code": 7, "worker_id": "9d34be47-5855-458b-8f26-3a281b076ccb-139877134112576", "trial_id": 31, "step": 1, "intermediate_value": 0.905234694480896}
{"op_code": 7, "worker_id": "9d34be47-5855-458b-8f26-3a281b076ccb-139877134112576", "trial_id": 31, "step": 2, "intermediate_value": 0.9014071226119995}
{"op_code": 7, "worker_id": "9d34be47-5855-458b-8f26-3a281b076ccb-139877134112576", "trial_id": 31, "step": 3, "intermediate_value": 0.909415602684021}
{"op_code": 7, "worker_id": "9d34be47-5855-458b-8f26-3a281b076ccb-139877134112576", "trial_id": 31, "step": 4, "intermediate_value": 0.9053676128387451}
{"op_code": 7, "worker_id": "9d34be47-5855-458b-8f26-3a281b076ccb-139877134112576", "trial_id": 31, "step": 5, "intermediate_value": 0.9059747457504272}
{"op_code": 7, "worker_id": "9d34be47-5855-458b-8f26-3a281b076ccb-139877134112576", "trial_id": 31, "step": 6, "intermediate_value": 0.9083300828933716}
{"op_code": 7, "worker_id": "9d34be47-5855-458b-8f26-3a281b076ccb-139877134112576", "trial_id": 31, "step": 7, "intermediate_value": 0.9017567038536072}
{"op_code": 7, "worker_id": "9d34be47-5855-458b-8f26-3a281b076ccb-139877134112576", "trial_id": 31, "step": 8, "intermediate_value": 0.9109304547309875}
{"op_code": 7, "worker_id": "9d34be47-5855-458b-8f26-3a281b076ccb-139877134112576", "trial_id": 31, "step": 9, "intermediate_value": 0.9132871627807617}
{"op_code": 7, "worker_id": "9d34be47-5855-458b-8f26-3a281b076ccb-139877134112576", "trial_id": 31, "step": 10, "intermediate_value": 0.9006848931312561}
{"op_code": 7, "worker_id": "9d34be47-5855-458b-8f26-3a281b076ccb-139877134112576", "trial_id": 31, "step": 11, "intermediate_value": 0.8967186808586121}
{"op_code": 7, "worker_id": "9d34be47-5855-458b-8f26-3a281b076ccb-139877134112576", "trial_id": 31, "step": 12, "intermediate_value": 0.9010456204414368}
{"op_code": 7, "worker_id": "9d34be47-5855-458b-8f26-3a281b076ccb-139877134112576", "trial_id": 31, "step": 13, "intermediate_value": 0.9080468416213989}
{"op_code": 7, "worker_id": "9d34be47-5855-458b-8f26-3a281b076ccb-139877134112576", "trial_id": 31, "step": 14, "intermediate_value": 0.8932230472564697}
{"op_code": 7, "worker_id": "9d34be47-5855-458b-8f26-3a281b076ccb-139877134112576", "trial_id": 31, "step": 15, "intermediate_value": 0.905413806438446}
{"op_code": 7, "worker_id": "9d34be47-5855-458b-8f26-3a281b076ccb-139877134112576", "trial_id": 31, "step": 16, "intermediate_value": 0.8986071348190308}
{"op_code": 7, "worker_id": "9d34be47-5855-458b-8f26-3a281b076ccb-139877134112576", "trial_id": 31, "step": 17, "intermediate_value": 0.9013023376464844}
{"op_code": 7, "worker_id": "9d34be47-5855-458b-8f26-3a281b076ccb-139877134112576", "trial_id": 31, "step": 18, "intermediate_value": 0.9016436338424683}
{"op_code": 7, "worker_id": "9d34be47-5855-458b-8f26-3a281b076ccb-139877134112576", "trial_id": 31, "step": 19, "intermediate_value": 0.9132871627807617}
{"op_code": 6, "worker_id": "9d34be47-5855-458b-8f26-3a281b076ccb-139877134112576", "trial_id": 31, "state": 1, "values": [0.9132871627807617], "datetime_complete": "2025-12-06T04:30:24.655855"}
{"op_code": 4, "worker_id": "9d34be47-5855-458b-8f26-3a281b076ccb-139877134112576", "study_id": 0, "datetime_start": "2025-12-06T04:30:24.657373"}
{"op_code": 5, "worker_id": "9d34be47-5855-458b-8f26-3a281b076ccb-139877134112576", "trial_id": 32, "param_name": "dataset.max_walk_length", "param_value_internal": 77.0, "distribution": "{\"name\": \"IntDistribution\", \"attributes\": {\"log\": false, \"step\": 1, \"low\": 10, \"high\": 100}}"}
{"op_code": 5, "worker_id": "9d34be47-5855-458b-8f26-3a281b076ccb-139877134112576", "trial_id": 32, "param_name": "dataset.num_walks", "param_value_internal": 4548046.0, "distribution": "{\"name\": \"IntDistribution\", \"attributes\": {\"log\": true, \"step\": 1, \"low\": 100000, \"high\": 5000000}}"}
{"op_code": 5, "worker_id": "9d34be47-5855-458b-8f26-3a281b076ccb-139877134112576", "trial_id": 32, "param_name": "training.lr", "param_value_internal": 0.003197745664954821, "distribution": "{\"name\": \"FloatDistribution\", \"attributes\": {\"step\": null, \"low\": 1e-05, \"high\": 0.1, \"log\": true}}"}
{"op_code": 5, "worker_id": "9d34be47-5855-458b-8f26-3a281b076ccb-139877134112576", "trial_id": 32, "param_name": "training.weight_decay", "param_value_internal": 2.5061078359662122e-05, "distribution": "{\"name\": \"FloatDistribution\", \"attributes\": {\"step\": null, \"low\": 1e-08, \"high\": 0.1, \"log\": true}}"}
{"op_code": 5, "worker_id": "9d34be47-5855-458b-8f26-3a281b076ccb-139877134112576", "trial_id": 32, "param_name": "training.batch_size", "param_value_internal": 3, "distribution": "{\"name\": \"CategoricalDistribution\", \"attributes\": {\"choices\": [32, 64, 128, 256, 512]}}"}
{"op_code": 5, "worker_id": "9d34be47-5855-458b-8f26-3a281b076ccb-139877134112576", "trial_id": 32, "param_name": "training.gradient_clip_val", "param_value_internal": 0.250686048452716, "distribution": "{\"name\": \"FloatDistribution\", \"attributes\": {\"step\": null, \"low\": 0.1, \"high\": 2.0, \"log\": false}}"}
{"op_code": 5, "worker_id": "9d34be47-5855-458b-8f26-3a281b076ccb-139877134112576", "trial_id": 32, "param_name": "training.early_stopping_patience", "param_value_internal": 10.0, "distribution": "{\"name\": \"IntDistribution\", \"attributes\": {\"log\": false, \"step\": 1, \"low\": 5, \"high\": 20}}"}
{"op_code": 5, "worker_id": "9d34be47-5855-458b-8f26-3a281b076ccb-139877134112576", "trial_id": 32, "param_name": "model.nhead", "param_value_internal": 3, "distribution": "{\"name\": \"CategoricalDistribution\", \"attributes\": {\"choices\": [1, 2, 4, 8, 16]}}"}
{"op_code": 5, "worker_id": "9d34be47-5855-458b-8f26-3a281b076ccb-139877134112576", "trial_id": 32, "param_name": "model.embedding_dim", "param_value_internal": 3, "distribution": "{\"name\": \"CategoricalDistribution\", \"attributes\": {\"choices\": [4, 8, 16, 32, 64, 128]}}"}
{"op_code": 5, "worker_id": "9d34be47-5855-458b-8f26-3a281b076ccb-139877134112576", "trial_id": 32, "param_name": "model.hidden_dim", "param_value_internal": 3, "distribution": "{\"name\": \"CategoricalDistribution\", \"attributes\": {\"choices\": [4, 8, 16, 32, 64, 128, 256]}}"}
{"op_code": 5, "worker_id": "9d34be47-5855-458b-8f26-3a281b076ccb-139877134112576", "trial_id": 32, "param_name": "model.nlayers", "param_value_internal": 3.0, "distribution": "{\"name\": \"IntDistribution\", \"attributes\": {\"log\": false, \"step\": 1, \"low\": 1, \"high\": 6}}"}
{"op_code": 5, "worker_id": "9d34be47-5855-458b-8f26-3a281b076ccb-139877134112576", "trial_id": 32, "param_name": "model.dropout", "param_value_internal": 0.0675801278815539, "distribution": "{\"name\": \"FloatDistribution\", \"attributes\": {\"step\": null, \"low\": 0.0, \"high\": 0.7, \"log\": false}}"}
{"op_code": 5, "worker_id": "9d34be47-5855-458b-8f26-3a281b076ccb-139877134112576", "trial_id": 32, "param_name": "training.epochs", "param_value_internal": 25.0, "distribution": "{\"name\": \"IntDistribution\", \"attributes\": {\"log\": false, \"step\": 1, \"low\": 6, \"high\": 25}}"}
{"op_code": 8, "worker_id": "9d34be47-5855-458b-8f26-3a281b076ccb-139877134112576", "trial_id": 32, "user_attr": {"seed": 74}}
{"op_code": 7, "worker_id": "9d34be47-5855-458b-8f26-3a281b076ccb-139877134112576", "trial_id": 32, "step": 0, "intermediate_value": 0.8821104764938354}
{"op_code": 7, "worker_id": "9d34be47-5855-458b-8f26-3a281b076ccb-139877134112576", "trial_id": 32, "step": 1, "intermediate_value": 0.8987661600112915}
{"op_code": 7, "worker_id": "9d34be47-5855-458b-8f26-3a281b076ccb-139877134112576", "trial_id": 32, "step": 2, "intermediate_value": 0.8979384899139404}
{"op_code": 7, "worker_id": "9d34be47-5855-458b-8f26-3a281b076ccb-139877134112576", "trial_id": 32, "step": 3, "intermediate_value": 0.8974381685256958}
{"op_code": 7, "worker_id": "9d34be47-5855-458b-8f26-3a281b076ccb-139877134112576", "trial_id": 32, "step": 4, "intermediate_value": 0.8870781660079956}
{"op_code": 7, "worker_id": "9d34be47-5855-458b-8f26-3a281b076ccb-139877134112576", "trial_id": 32, "step": 5, "intermediate_value": 0.8907994031906128}
{"op_code": 7, "worker_id": "9d34be47-5855-458b-8f26-3a281b076ccb-139877134112576", "trial_id": 32, "step": 6, "intermediate_value": 0.8900189995765686}
{"op_code": 7, "worker_id": "9d34be47-5855-458b-8f26-3a281b076ccb-139877134112576", "trial_id": 32, "step": 7, "intermediate_value": 0.893037736415863}
{"op_code": 7, "worker_id": "9d34be47-5855-458b-8f26-3a281b076ccb-139877134112576", "trial_id": 32, "step": 8, "intermediate_value": 0.889653205871582}
{"op_code": 7, "worker_id": "9d34be47-5855-458b-8f26-3a281b076ccb-139877134112576", "trial_id": 32, "step": 9, "intermediate_value": 0.887303352355957}
{"op_code": 7, "worker_id": "9d34be47-5855-458b-8f26-3a281b076ccb-139877134112576", "trial_id": 32, "step": 10, "intermediate_value": 0.88365238904953}
{"op_code": 7, "worker_id": "9d34be47-5855-458b-8f26-3a281b076ccb-139877134112576", "trial_id": 32, "step": 11, "intermediate_value": 0.8867396116256714}
{"op_code": 7, "worker_id": "9d34be47-5855-458b-8f26-3a281b076ccb-139877134112576", "trial_id": 32, "step": 12, "intermediate_value": 0.8987661600112915}
{"op_code": 6, "worker_id": "9d34be47-5855-458b-8f26-3a281b076ccb-139877134112576", "trial_id": 32, "state": 1, "values": [0.8987661600112915], "datetime_complete": "2025-12-06T07:37:07.480703"}
{"op_code": 4, "worker_id": "9d34be47-5855-458b-8f26-3a281b076ccb-139877134112576", "study_id": 0, "datetime_start": "2025-12-06T07:37:07.482329"}
{"op_code": 5, "worker_id": "9d34be47-5855-458b-8f26-3a281b076ccb-139877134112576", "trial_id": 33, "param_name": "dataset.max_walk_length", "param_value_internal": 67.0, "distribution": "{\"name\": \"IntDistribution\", \"attributes\": {\"log\": false, \"step\": 1, \"low\": 10, \"high\": 100}}"}
{"op_code": 5, "worker_id": "9d34be47-5855-458b-8f26-3a281b076ccb-139877134112576", "trial_id": 33, "param_name": "dataset.num_walks", "param_value_internal": 3171288.0, "distribution": "{\"name\": \"IntDistribution\", \"attributes\": {\"log\": true, \"step\": 1, \"low\": 100000, \"high\": 5000000}}"}
{"op_code": 5, "worker_id": "9d34be47-5855-458b-8f26-3a281b076ccb-139877134112576", "trial_id": 33, "param_name": "training.lr", "param_value_internal": 0.002245866837343514, "distribution": "{\"name\": \"FloatDistribution\", \"attributes\": {\"step\": null, \"low\": 1e-05, \"high\": 0.1, \"log\": true}}"}
{"op_code": 5, "worker_id": "9d34be47-5855-458b-8f26-3a281b076ccb-139877134112576", "trial_id": 33, "param_name": "training.weight_decay", "param_value_internal": 0.003899998767027701, "distribution": "{\"name\": \"FloatDistribution\", \"attributes\": {\"step\": null, \"low\": 1e-08, \"high\": 0.1, \"log\": true}}"}
{"op_code": 5, "worker_id": "9d34be47-5855-458b-8f26-3a281b076ccb-139877134112576", "trial_id": 33, "param_name": "training.batch_size", "param_value_internal": 3, "distribution": "{\"name\": \"CategoricalDistribution\", \"attributes\": {\"choices\": [32, 64, 128, 256, 512]}}"}
{"op_code": 5, "worker_id": "9d34be47-5855-458b-8f26-3a281b076ccb-139877134112576", "trial_id": 33, "param_name": "training.gradient_clip_val", "param_value_internal": 0.11971343108288078, "distribution": "{\"name\": \"FloatDistribution\", \"attributes\": {\"step\": null, \"low\": 0.1, \"high\": 2.0, \"log\": false}}"}
{"op_code": 5, "worker_id": "9d34be47-5855-458b-8f26-3a281b076ccb-139877134112576", "trial_id": 33, "param_name": "training.early_stopping_patience", "param_value_internal": 9.0, "distribution": "{\"name\": \"IntDistribution\", \"attributes\": {\"log\": false, \"step\": 1, \"low\": 5, \"high\": 20}}"}
{"op_code": 5, "worker_id": "9d34be47-5855-458b-8f26-3a281b076ccb-139877134112576", "trial_id": 33, "param_name": "model.nhead", "param_value_internal": 3, "distribution": "{\"name\": \"CategoricalDistribution\", \"attributes\": {\"choices\": [1, 2, 4, 8, 16]}}"}
{"op_code": 5, "worker_id": "9d34be47-5855-458b-8f26-3a281b076ccb-139877134112576", "trial_id": 33, "param_name": "model.embedding_dim", "param_value_internal": 3, "distribution": "{\"name\": \"CategoricalDistribution\", \"attributes\": {\"choices\": [4, 8, 16, 32, 64, 128]}}"}
{"op_code": 5, "worker_id": "9d34be47-5855-458b-8f26-3a281b076ccb-139877134112576", "trial_id": 33, "param_name": "model.hidden_dim", "param_value_internal": 3, "distribution": "{\"name\": \"CategoricalDistribution\", \"attributes\": {\"choices\": [4, 8, 16, 32, 64, 128, 256]}}"}
{"op_code": 5, "worker_id": "9d34be47-5855-458b-8f26-3a281b076ccb-139877134112576", "trial_id": 33, "param_name": "model.nlayers", "param_value_internal": 4.0, "distribution": "{\"name\": \"IntDistribution\", \"attributes\": {\"log\": false, \"step\": 1, \"low\": 1, \"high\": 6}}"}
{"op_code": 5, "worker_id": "9d34be47-5855-458b-8f26-3a281b076ccb-139877134112576", "trial_id": 33, "param_name": "model.dropout", "param_value_internal": 0.00407902103595266, "distribution": "{\"name\": \"FloatDistribution\", \"attributes\": {\"step\": null, \"low\": 0.0, \"high\": 0.7, \"log\": false}}"}
{"op_code": 5, "worker_id": "9d34be47-5855-458b-8f26-3a281b076ccb-139877134112576", "trial_id": 33, "param_name": "training.epochs", "param_value_internal": 24.0, "distribution": "{\"name\": \"IntDistribution\", \"attributes\": {\"log\": false, \"step\": 1, \"low\": 6, \"high\": 25}}"}
{"op_code": 8, "worker_id": "9d34be47-5855-458b-8f26-3a281b076ccb-139877134112576", "trial_id": 33, "user_attr": {"seed": 75}}
{"op_code": 7, "worker_id": "9d34be47-5855-458b-8f26-3a281b076ccb-139877134112576", "trial_id": 33, "step": 0, "intermediate_value": 0.8866223096847534}
{"op_code": 7, "worker_id": "9d34be47-5855-458b-8f26-3a281b076ccb-139877134112576", "trial_id": 33, "step": 1, "intermediate_value": 0.9013657569885254}
{"op_code": 7, "worker_id": "9d34be47-5855-458b-8f26-3a281b076ccb-139877134112576", "trial_id": 33, "step": 2, "intermediate_value": 0.9018996953964233}
{"op_code": 7, "worker_id": "9d34be47-5855-458b-8f26-3a281b076ccb-139877134112576", "trial_id": 33, "step": 3, "intermediate_value": 0.896193265914917}
{"op_code": 7, "worker_id": "9d34be47-5855-458b-8f26-3a281b076ccb-139877134112576", "trial_id": 33, "step": 4, "intermediate_value": 0.8932327032089233}
{"op_code": 7, "worker_id": "9d34be47-5855-458b-8f26-3a281b076ccb-139877134112576", "trial_id": 33, "step": 5, "intermediate_value": 0.8909279108047485}
{"op_code": 7, "worker_id": "9d34be47-5855-458b-8f26-3a281b076ccb-139877134112576", "trial_id": 33, "step": 6, "intermediate_value": 0.8812910318374634}
{"op_code": 7, "worker_id": "9d34be47-5855-458b-8f26-3a281b076ccb-139877134112576", "trial_id": 33, "step": 7, "intermediate_value": 0.8809216022491455}
{"op_code": 7, "worker_id": "9d34be47-5855-458b-8f26-3a281b076ccb-139877134112576", "trial_id": 33, "step": 8, "intermediate_value": 0.8764462471008301}
{"op_code": 7, "worker_id": "9d34be47-5855-458b-8f26-3a281b076ccb-139877134112576", "trial_id": 33, "step": 9, "intermediate_value": 0.8743346929550171}
{"op_code": 7, "worker_id": "9d34be47-5855-458b-8f26-3a281b076ccb-139877134112576", "trial_id": 33, "step": 10, "intermediate_value": 0.8765604496002197}
{"op_code": 7, "worker_id": "9d34be47-5855-458b-8f26-3a281b076ccb-139877134112576", "trial_id": 33, "step": 11, "intermediate_value": 0.873202919960022}
{"op_code": 7, "worker_id": "9d34be47-5855-458b-8f26-3a281b076ccb-139877134112576", "trial_id": 33, "step": 12, "intermediate_value": 0.9018996953964233}
{"op_code": 6, "worker_id": "9d34be47-5855-458b-8f26-3a281b076ccb-139877134112576", "trial_id": 33, "state": 1, "values": [0.9018996953964233], "datetime_complete": "2025-12-06T09:51:21.340063"}
{"op_code": 4, "worker_id": "9d34be47-5855-458b-8f26-3a281b076ccb-139877134112576", "study_id": 0, "datetime_start": "2025-12-06T09:51:21.341842"}
{"op_code": 5, "worker_id": "9d34be47-5855-458b-8f26-3a281b076ccb-139877134112576", "trial_id": 34, "param_name": "dataset.max_walk_length", "param_value_internal": 63.0, "distribution": "{\"name\": \"IntDistribution\", \"attributes\": {\"log\": false, \"step\": 1, \"low\": 10, \"high\": 100}}"}
{"op_code": 5, "worker_id": "9d34be47-5855-458b-8f26-3a281b076ccb-139877134112576", "trial_id": 34, "param_name": "dataset.num_walks", "param_value_internal": 4965575.0, "distribution": "{\"name\": \"IntDistribution\", \"attributes\": {\"log\": true, \"step\": 1, \"low\": 100000, \"high\": 5000000}}"}
{"op_code": 5, "worker_id": "9d34be47-5855-458b-8f26-3a281b076ccb-139877134112576", "trial_id": 34, "param_name": "training.lr", "param_value_internal": 0.0013181611968223928, "distribution": "{\"name\": \"FloatDistribution\", \"attributes\": {\"step\": null, \"low\": 1e-05, \"high\": 0.1, \"log\": true}}"}
{"op_code": 5, "worker_id": "9d34be47-5855-458b-8f26-3a281b076ccb-139877134112576", "trial_id": 34, "param_name": "training.weight_decay", "param_value_internal": 0.003521296125041929, "distribution": "{\"name\": \"FloatDistribution\", \"attributes\": {\"step\": null, \"low\": 1e-08, \"high\": 0.1, \"log\": true}}"}
{"op_code": 5, "worker_id": "9d34be47-5855-458b-8f26-3a281b076ccb-139877134112576", "trial_id": 34, "param_name": "training.batch_size", "param_value_internal": 4, "distribution": "{\"name\": \"CategoricalDistribution\", \"attributes\": {\"choices\": [32, 64, 128, 256, 512]}}"}
{"op_code": 5, "worker_id": "9d34be47-5855-458b-8f26-3a281b076ccb-139877134112576", "trial_id": 34, "param_name": "training.gradient_clip_val", "param_value_internal": 0.10672964383060386, "distribution": "{\"name\": \"FloatDistribution\", \"attributes\": {\"step\": null, \"low\": 0.1, \"high\": 2.0, \"log\": false}}"}
{"op_code": 5, "worker_id": "9d34be47-5855-458b-8f26-3a281b076ccb-139877134112576", "trial_id": 34, "param_name": "training.early_stopping_patience", "param_value_internal": 10.0, "distribution": "{\"name\": \"IntDistribution\", \"attributes\": {\"log\": false, \"step\": 1, \"low\": 5, \"high\": 20}}"}
{"op_code": 5, "worker_id": "9d34be47-5855-458b-8f26-3a281b076ccb-139877134112576", "trial_id": 34, "param_name": "model.nhead", "param_value_internal": 3, "distribution": "{\"name\": \"CategoricalDistribution\", \"attributes\": {\"choices\": [1, 2, 4, 8, 16]}}"}
{"op_code": 5, "worker_id": "9d34be47-5855-458b-8f26-3a281b076ccb-139877134112576", "trial_id": 34, "param_name": "model.embedding_dim", "param_value_internal": 3, "distribution": "{\"name\": \"CategoricalDistribution\", \"attributes\": {\"choices\": [4, 8, 16, 32, 64, 128]}}"}
{"op_code": 5, "worker_id": "9d34be47-5855-458b-8f26-3a281b076ccb-139877134112576", "trial_id": 34, "param_name": "model.hidden_dim", "param_value_internal": 4, "distribution": "{\"name\": \"CategoricalDistribution\", \"attributes\": {\"choices\": [4, 8, 16, 32, 64, 128, 256]}}"}
{"op_code": 5, "worker_id": "9d34be47-5855-458b-8f26-3a281b076ccb-139877134112576", "trial_id": 34, "param_name": "model.nlayers", "param_value_internal": 4.0, "distribution": "{\"name\": \"IntDistribution\", \"attributes\": {\"log\": false, \"step\": 1, \"low\": 1, \"high\": 6}}"}
{"op_code": 5, "worker_id": "9d34be47-5855-458b-8f26-3a281b076ccb-139877134112576", "trial_id": 34, "param_name": "model.dropout", "param_value_internal": 0.009290923799178012, "distribution": "{\"name\": \"FloatDistribution\", \"attributes\": {\"step\": null, \"low\": 0.0, \"high\": 0.7, \"log\": false}}"}
{"op_code": 5, "worker_id": "9d34be47-5855-458b-8f26-3a281b076ccb-139877134112576", "trial_id": 34, "param_name": "training.epochs", "param_value_internal": 24.0, "distribution": "{\"name\": \"IntDistribution\", \"attributes\": {\"log\": false, \"step\": 1, \"low\": 6, \"high\": 25}}"}
{"op_code": 8, "worker_id": "9d34be47-5855-458b-8f26-3a281b076ccb-139877134112576", "trial_id": 34, "user_attr": {"seed": 76}}
{"op_code": 7, "worker_id": "9d34be47-5855-458b-8f26-3a281b076ccb-139877134112576", "trial_id": 34, "step": 0, "intermediate_value": 0.8499318361282349}
{"op_code": 7, "worker_id": "9d34be47-5855-458b-8f26-3a281b076ccb-139877134112576", "trial_id": 34, "step": 1, "intermediate_value": 0.8734111785888672}
{"op_code": 7, "worker_id": "9d34be47-5855-458b-8f26-3a281b076ccb-139877134112576", "trial_id": 34, "step": 2, "intermediate_value": 0.8886958360671997}
{"op_code": 7, "worker_id": "9d34be47-5855-458b-8f26-3a281b076ccb-139877134112576", "trial_id": 34, "step": 3, "intermediate_value": 0.892777681350708}
{"op_code": 7, "worker_id": "9d34be47-5855-458b-8f26-3a281b076ccb-139877134112576", "trial_id": 34, "step": 4, "intermediate_value": 0.8981274366378784}
{"op_code": 7, "worker_id": "9d34be47-5855-458b-8f26-3a281b076ccb-139877134112576", "trial_id": 34, "step": 5, "intermediate_value": 0.9006741046905518}
{"op_code": 7, "worker_id": "9d34be47-5855-458b-8f26-3a281b076ccb-139877134112576", "trial_id": 34, "step": 6, "intermediate_value": 0.8978565335273743}
{"op_code": 7, "worker_id": "9d34be47-5855-458b-8f26-3a281b076ccb-139877134112576", "trial_id": 34, "step": 7, "intermediate_value": 0.8963898420333862}
{"op_code": 7, "worker_id": "9d34be47-5855-458b-8f26-3a281b076ccb-139877134112576", "trial_id": 34, "step": 8, "intermediate_value": 0.8968295454978943}
{"op_code": 7, "worker_id": "9d34be47-5855-458b-8f26-3a281b076ccb-139877134112576", "trial_id": 34, "step": 9, "intermediate_value": 0.8940448760986328}
{"op_code": 7, "worker_id": "9d34be47-5855-458b-8f26-3a281b076ccb-139877134112576", "trial_id": 34, "step": 10, "intermediate_value": 0.8940979242324829}
{"op_code": 7, "worker_id": "9d34be47-5855-458b-8f26-3a281b076ccb-139877134112576", "trial_id": 34, "step": 11, "intermediate_value": 0.8978032469749451}
{"op_code": 7, "worker_id": "9d34be47-5855-458b-8f26-3a281b076ccb-139877134112576", "trial_id": 34, "step": 12, "intermediate_value": 0.8977221250534058}
{"op_code": 7, "worker_id": "9d34be47-5855-458b-8f26-3a281b076ccb-139877134112576", "trial_id": 34, "step": 13, "intermediate_value": 0.8952937126159668}
{"op_code": 7, "worker_id": "9d34be47-5855-458b-8f26-3a281b076ccb-139877134112576", "trial_id": 34, "step": 14, "intermediate_value": 0.8895941972732544}
{"op_code": 7, "worker_id": "9d34be47-5855-458b-8f26-3a281b076ccb-139877134112576", "trial_id": 34, "step": 15, "intermediate_value": 0.8918132781982422}
{"op_code": 7, "worker_id": "9d34be47-5855-458b-8f26-3a281b076ccb-139877134112576", "trial_id": 34, "step": 16, "intermediate_value": 0.9006741046905518}
{"op_code": 6, "worker_id": "9d34be47-5855-458b-8f26-3a281b076ccb-139877134112576", "trial_id": 34, "state": 1, "values": [0.9006741046905518], "datetime_complete": "2025-12-06T13:09:00.845150"}
{"op_code": 4, "worker_id": "9d34be47-5855-458b-8f26-3a281b076ccb-139877134112576", "study_id": 0, "datetime_start": "2025-12-06T13:09:00.846895"}
{"op_code": 5, "worker_id": "9d34be47-5855-458b-8f26-3a281b076ccb-139877134112576", "trial_id": 35, "param_name": "dataset.max_walk_length", "param_value_internal": 89.0, "distribution": "{\"name\": \"IntDistribution\", \"attributes\": {\"log\": false, \"step\": 1, \"low\": 10, \"high\": 100}}"}
{"op_code": 5, "worker_id": "9d34be47-5855-458b-8f26-3a281b076ccb-139877134112576", "trial_id": 35, "param_name": "dataset.num_walks", "param_value_internal": 3798639.0, "distribution": "{\"name\": \"IntDistribution\", \"attributes\": {\"log\": true, \"step\": 1, \"low\": 100000, \"high\": 5000000}}"}
{"op_code": 5, "worker_id": "9d34be47-5855-458b-8f26-3a281b076ccb-139877134112576", "trial_id": 35, "param_name": "training.lr", "param_value_internal": 0.008994105633700285, "distribution": "{\"name\": \"FloatDistribution\", \"attributes\": {\"step\": null, \"low\": 1e-05, \"high\": 0.1, \"log\": true}}"}
{"op_code": 5, "worker_id": "9d34be47-5855-458b-8f26-3a281b076ccb-139877134112576", "trial_id": 35, "param_name": "training.weight_decay", "param_value_internal": 0.00663299607061396, "distribution": "{\"name\": \"FloatDistribution\", \"attributes\": {\"step\": null, \"low\": 1e-08, \"high\": 0.1, \"log\": true}}"}
{"op_code": 5, "worker_id": "9d34be47-5855-458b-8f26-3a281b076ccb-139877134112576", "trial_id": 35, "param_name": "training.batch_size", "param_value_internal": 2, "distribution": "{\"name\": \"CategoricalDistribution\", \"attributes\": {\"choices\": [32, 64, 128, 256, 512]}}"}
{"op_code": 5, "worker_id": "9d34be47-5855-458b-8f26-3a281b076ccb-139877134112576", "trial_id": 35, "param_name": "training.gradient_clip_val", "param_value_internal": 0.3874985596963866, "distribution": "{\"name\": \"FloatDistribution\", \"attributes\": {\"step\": null, \"low\": 0.1, \"high\": 2.0, \"log\": false}}"}
{"op_code": 5, "worker_id": "9d34be47-5855-458b-8f26-3a281b076ccb-139877134112576", "trial_id": 35, "param_name": "training.early_stopping_patience", "param_value_internal": 12.0, "distribution": "{\"name\": \"IntDistribution\", \"attributes\": {\"log\": false, \"step\": 1, \"low\": 5, \"high\": 20}}"}
{"op_code": 5, "worker_id": "9d34be47-5855-458b-8f26-3a281b076ccb-139877134112576", "trial_id": 35, "param_name": "model.nhead", "param_value_internal": 3, "distribution": "{\"name\": \"CategoricalDistribution\", \"attributes\": {\"choices\": [1, 2, 4, 8, 16]}}"}
{"op_code": 5, "worker_id": "9d34be47-5855-458b-8f26-3a281b076ccb-139877134112576", "trial_id": 35, "param_name": "model.embedding_dim", "param_value_internal": 2, "distribution": "{\"name\": \"CategoricalDistribution\", \"attributes\": {\"choices\": [4, 8, 16, 32, 64, 128]}}"}
{"op_code": 5, "worker_id": "9d34be47-5855-458b-8f26-3a281b076ccb-139877134112576", "trial_id": 35, "param_name": "model.hidden_dim", "param_value_internal": 0, "distribution": "{\"name\": \"CategoricalDistribution\", \"attributes\": {\"choices\": [4, 8, 16, 32, 64, 128, 256]}}"}
{"op_code": 5, "worker_id": "9d34be47-5855-458b-8f26-3a281b076ccb-139877134112576", "trial_id": 35, "param_name": "model.nlayers", "param_value_internal": 4.0, "distribution": "{\"name\": \"IntDistribution\", \"attributes\": {\"log\": false, \"step\": 1, \"low\": 1, \"high\": 6}}"}
{"op_code": 5, "worker_id": "9d34be47-5855-458b-8f26-3a281b076ccb-139877134112576", "trial_id": 35, "param_name": "model.dropout", "param_value_internal": 0.055844533340691505, "distribution": "{\"name\": \"FloatDistribution\", \"attributes\": {\"step\": null, \"low\": 0.0, \"high\": 0.7, \"log\": false}}"}
{"op_code": 5, "worker_id": "9d34be47-5855-458b-8f26-3a281b076ccb-139877134112576", "trial_id": 35, "param_name": "training.epochs", "param_value_internal": 21.0, "distribution": "{\"name\": \"IntDistribution\", \"attributes\": {\"log\": false, \"step\": 1, \"low\": 6, \"high\": 25}}"}
{"op_code": 8, "worker_id": "9d34be47-5855-458b-8f26-3a281b076ccb-139877134112576", "trial_id": 35, "user_attr": {"seed": 77}}
{"op_code": 7, "worker_id": "9d34be47-5855-458b-8f26-3a281b076ccb-139877134112576", "trial_id": 35, "step": 0, "intermediate_value": 0.8663179874420166}
{"op_code": 7, "worker_id": "9d34be47-5855-458b-8f26-3a281b076ccb-139877134112576", "trial_id": 35, "step": 1, "intermediate_value": 0.849976658821106}
{"op_code": 7, "worker_id": "9d34be47-5855-458b-8f26-3a281b076ccb-139877134112576", "trial_id": 35, "step": 2, "intermediate_value": 0.8649899959564209}
{"op_code": 7, "worker_id": "9d34be47-5855-458b-8f26-3a281b076ccb-139877134112576", "trial_id": 35, "step": 3, "intermediate_value": 0.8666185736656189}
{"op_code": 7, "worker_id": "9d34be47-5855-458b-8f26-3a281b076ccb-139877134112576", "trial_id": 35, "step": 4, "intermediate_value": 0.8693445920944214}
{"op_code": 7, "worker_id": "9d34be47-5855-458b-8f26-3a281b076ccb-139877134112576", "trial_id": 35, "step": 5, "intermediate_value": 0.875092625617981}
{"op_code": 7, "worker_id": "9d34be47-5855-458b-8f26-3a281b076ccb-139877134112576", "trial_id": 35, "step": 6, "intermediate_value": 0.8768976926803589}
{"op_code": 6, "worker_id": "9d34be47-5855-458b-8f26-3a281b076ccb-139877134112576", "trial_id": 35, "state": 1, "values": [0.0], "datetime_complete": "2025-12-06T16:40:02.983677"}
{"op_code": 4, "worker_id": "9d34be47-5855-458b-8f26-3a281b076ccb-139877134112576", "study_id": 0, "datetime_start": "2025-12-06T16:40:03.015936"}
{"op_code": 5, "worker_id": "9d34be47-5855-458b-8f26-3a281b076ccb-139877134112576", "trial_id": 36, "param_name": "dataset.max_walk_length", "param_value_internal": 51.0, "distribution": "{\"name\": \"IntDistribution\", \"attributes\": {\"log\": false, \"step\": 1, \"low\": 10, \"high\": 100}}"}
{"op_code": 5, "worker_id": "9d34be47-5855-458b-8f26-3a281b076ccb-139877134112576", "trial_id": 36, "param_name": "dataset.num_walks", "param_value_internal": 2197638.0, "distribution": "{\"name\": \"IntDistribution\", \"attributes\": {\"log\": true, \"step\": 1, \"low\": 100000, \"high\": 5000000}}"}
{"op_code": 5, "worker_id": "9d34be47-5855-458b-8f26-3a281b076ccb-139877134112576", "trial_id": 36, "param_name": "training.lr", "param_value_internal": 0.000747672900717013, "distribution": "{\"name\": \"FloatDistribution\", \"attributes\": {\"step\": null, \"low\": 1e-05, \"high\": 0.1, \"log\": true}}"}
{"op_code": 5, "worker_id": "9d34be47-5855-458b-8f26-3a281b076ccb-139877134112576", "trial_id": 36, "param_name": "training.weight_decay", "param_value_internal": 0.0002891071130923872, "distribution": "{\"name\": \"FloatDistribution\", \"attributes\": {\"step\": null, \"low\": 1e-08, \"high\": 0.1, \"log\": true}}"}
{"op_code": 5, "worker_id": "9d34be47-5855-458b-8f26-3a281b076ccb-139877134112576", "trial_id": 36, "param_name": "training.batch_size", "param_value_internal": 3, "distribution": "{\"name\": \"CategoricalDistribution\", \"attributes\": {\"choices\": [32, 64, 128, 256, 512]}}"}
{"op_code": 5, "worker_id": "9d34be47-5855-458b-8f26-3a281b076ccb-139877134112576", "trial_id": 36, "param_name": "training.gradient_clip_val", "param_value_internal": 0.21481819012477443, "distribution": "{\"name\": \"FloatDistribution\", \"attributes\": {\"step\": null, \"low\": 0.1, \"high\": 2.0, \"log\": false}}"}
{"op_code": 5, "worker_id": "9d34be47-5855-458b-8f26-3a281b076ccb-139877134112576", "trial_id": 36, "param_name": "training.early_stopping_patience", "param_value_internal": 7.0, "distribution": "{\"name\": \"IntDistribution\", \"attributes\": {\"log\": false, \"step\": 1, \"low\": 5, \"high\": 20}}"}
{"op_code": 5, "worker_id": "9d34be47-5855-458b-8f26-3a281b076ccb-139877134112576", "trial_id": 36, "param_name": "model.nhead", "param_value_internal": 3, "distribution": "{\"name\": \"CategoricalDistribution\", \"attributes\": {\"choices\": [1, 2, 4, 8, 16]}}"}
{"op_code": 5, "worker_id": "9d34be47-5855-458b-8f26-3a281b076ccb-139877134112576", "trial_id": 36, "param_name": "model.embedding_dim", "param_value_internal": 5, "distribution": "{\"name\": \"CategoricalDistribution\", \"attributes\": {\"choices\": [4, 8, 16, 32, 64, 128]}}"}
{"op_code": 5, "worker_id": "9d34be47-5855-458b-8f26-3a281b076ccb-139877134112576", "trial_id": 36, "param_name": "model.hidden_dim", "param_value_internal": 5, "distribution": "{\"name\": \"CategoricalDistribution\", \"attributes\": {\"choices\": [4, 8, 16, 32, 64, 128, 256]}}"}
{"op_code": 5, "worker_id": "9d34be47-5855-458b-8f26-3a281b076ccb-139877134112576", "trial_id": 36, "param_name": "model.nlayers", "param_value_internal": 3.0, "distribution": "{\"name\": \"IntDistribution\", \"attributes\": {\"log\": false, \"step\": 1, \"low\": 1, \"high\": 6}}"}
{"op_code": 5, "worker_id": "9d34be47-5855-458b-8f26-3a281b076ccb-139877134112576", "trial_id": 36, "param_name": "model.dropout", "param_value_internal": 0.003856629085026008, "distribution": "{\"name\": \"FloatDistribution\", \"attributes\": {\"step\": null, \"low\": 0.0, \"high\": 0.7, \"log\": false}}"}
{"op_code": 5, "worker_id": "9d34be47-5855-458b-8f26-3a281b076ccb-139877134112576", "trial_id": 36, "param_name": "training.epochs", "param_value_internal": 24.0, "distribution": "{\"name\": \"IntDistribution\", \"attributes\": {\"log\": false, \"step\": 1, \"low\": 6, \"high\": 25}}"}
{"op_code": 8, "worker_id": "9d34be47-5855-458b-8f26-3a281b076ccb-139877134112576", "trial_id": 36, "user_attr": {"seed": 78}}
{"op_code": 7, "worker_id": "9d34be47-5855-458b-8f26-3a281b076ccb-139877134112576", "trial_id": 36, "step": 0, "intermediate_value": 0.9043548703193665}
{"op_code": 7, "worker_id": "9d34be47-5855-458b-8f26-3a281b076ccb-139877134112576", "trial_id": 36, "step": 1, "intermediate_value": 0.9059211015701294}
{"op_code": 7, "worker_id": "9d34be47-5855-458b-8f26-3a281b076ccb-139877134112576", "trial_id": 36, "step": 2, "intermediate_value": 0.9020745754241943}
{"op_code": 7, "worker_id": "9d34be47-5855-458b-8f26-3a281b076ccb-139877134112576", "trial_id": 36, "step": 3, "intermediate_value": 0.9047966599464417}
{"op_code": 7, "worker_id": "9d34be47-5855-458b-8f26-3a281b076ccb-139877134112576", "trial_id": 36, "step": 4, "intermediate_value": 0.898329496383667}
{"op_code": 7, "worker_id": "9d34be47-5855-458b-8f26-3a281b076ccb-139877134112576", "trial_id": 36, "step": 5, "intermediate_value": 0.9020260572433472}
{"op_code": 7, "worker_id": "9d34be47-5855-458b-8f26-3a281b076ccb-139877134112576", "trial_id": 36, "step": 6, "intermediate_value": 0.9037103652954102}
{"op_code": 7, "worker_id": "9d34be47-5855-458b-8f26-3a281b076ccb-139877134112576", "trial_id": 36, "step": 7, "intermediate_value": 0.900529146194458}
{"op_code": 7, "worker_id": "9d34be47-5855-458b-8f26-3a281b076ccb-139877134112576", "trial_id": 36, "step": 8, "intermediate_value": 0.9005286693572998}
{"op_code": 7, "worker_id": "9d34be47-5855-458b-8f26-3a281b076ccb-139877134112576", "trial_id": 36, "step": 9, "intermediate_value": 0.9059211015701294}
{"op_code": 6, "worker_id": "9d34be47-5855-458b-8f26-3a281b076ccb-139877134112576", "trial_id": 36, "state": 1, "values": [0.9059211015701294], "datetime_complete": "2025-12-06T17:56:17.408919"}
{"op_code": 4, "worker_id": "9d34be47-5855-458b-8f26-3a281b076ccb-139877134112576", "study_id": 0, "datetime_start": "2025-12-06T17:56:17.410559"}
{"op_code": 5, "worker_id": "9d34be47-5855-458b-8f26-3a281b076ccb-139877134112576", "trial_id": 37, "param_name": "dataset.max_walk_length", "param_value_internal": 51.0, "distribution": "{\"name\": \"IntDistribution\", \"attributes\": {\"log\": false, \"step\": 1, \"low\": 10, \"high\": 100}}"}
{"op_code": 5, "worker_id": "9d34be47-5855-458b-8f26-3a281b076ccb-139877134112576", "trial_id": 37, "param_name": "dataset.num_walks", "param_value_internal": 2215141.0, "distribution": "{\"name\": \"IntDistribution\", \"attributes\": {\"log\": true, \"step\": 1, \"low\": 100000, \"high\": 5000000}}"}
{"op_code": 5, "worker_id": "9d34be47-5855-458b-8f26-3a281b076ccb-139877134112576", "trial_id": 37, "param_name": "training.lr", "param_value_internal": 0.0006383901669452404, "distribution": "{\"name\": \"FloatDistribution\", \"attributes\": {\"step\": null, \"low\": 1e-05, \"high\": 0.1, \"log\": true}}"}
{"op_code": 5, "worker_id": "9d34be47-5855-458b-8f26-3a281b076ccb-139877134112576", "trial_id": 37, "param_name": "training.weight_decay", "param_value_internal": 0.00020858053548773712, "distribution": "{\"name\": \"FloatDistribution\", \"attributes\": {\"step\": null, \"low\": 1e-08, \"high\": 0.1, \"log\": true}}"}
{"op_code": 5, "worker_id": "9d34be47-5855-458b-8f26-3a281b076ccb-139877134112576", "trial_id": 37, "param_name": "training.batch_size", "param_value_internal": 4, "distribution": "{\"name\": \"CategoricalDistribution\", \"attributes\": {\"choices\": [32, 64, 128, 256, 512]}}"}
{"op_code": 5, "worker_id": "9d34be47-5855-458b-8f26-3a281b076ccb-139877134112576", "trial_id": 37, "param_name": "training.gradient_clip_val", "param_value_internal": 0.23486985636579638, "distribution": "{\"name\": \"FloatDistribution\", \"attributes\": {\"step\": null, \"low\": 0.1, \"high\": 2.0, \"log\": false}}"}
{"op_code": 5, "worker_id": "9d34be47-5855-458b-8f26-3a281b076ccb-139877134112576", "trial_id": 37, "param_name": "training.early_stopping_patience", "param_value_internal": 7.0, "distribution": "{\"name\": \"IntDistribution\", \"attributes\": {\"log\": false, \"step\": 1, \"low\": 5, \"high\": 20}}"}
{"op_code": 5, "worker_id": "9d34be47-5855-458b-8f26-3a281b076ccb-139877134112576", "trial_id": 37, "param_name": "model.nhead", "param_value_internal": 3, "distribution": "{\"name\": \"CategoricalDistribution\", \"attributes\": {\"choices\": [1, 2, 4, 8, 16]}}"}
{"op_code": 5, "worker_id": "9d34be47-5855-458b-8f26-3a281b076ccb-139877134112576", "trial_id": 37, "param_name": "model.embedding_dim", "param_value_internal": 5, "distribution": "{\"name\": \"CategoricalDistribution\", \"attributes\": {\"choices\": [4, 8, 16, 32, 64, 128]}}"}
{"op_code": 5, "worker_id": "9d34be47-5855-458b-8f26-3a281b076ccb-139877134112576", "trial_id": 37, "param_name": "model.hidden_dim", "param_value_internal": 5, "distribution": "{\"name\": \"CategoricalDistribution\", \"attributes\": {\"choices\": [4, 8, 16, 32, 64, 128, 256]}}"}
{"op_code": 5, "worker_id": "9d34be47-5855-458b-8f26-3a281b076ccb-139877134112576", "trial_id": 37, "param_name": "model.nlayers", "param_value_internal": 3.0, "distribution": "{\"name\": \"IntDistribution\", \"attributes\": {\"log\": false, \"step\": 1, \"low\": 1, \"high\": 6}}"}
{"op_code": 5, "worker_id": "9d34be47-5855-458b-8f26-3a281b076ccb-139877134112576", "trial_id": 37, "param_name": "model.dropout", "param_value_internal": 0.04408719794957902, "distribution": "{\"name\": \"FloatDistribution\", \"attributes\": {\"step\": null, \"low\": 0.0, \"high\": 0.7, \"log\": false}}"}
{"op_code": 5, "worker_id": "9d34be47-5855-458b-8f26-3a281b076ccb-139877134112576", "trial_id": 37, "param_name": "training.epochs", "param_value_internal": 25.0, "distribution": "{\"name\": \"IntDistribution\", \"attributes\": {\"log\": false, \"step\": 1, \"low\": 6, \"high\": 25}}"}
{"op_code": 8, "worker_id": "9d34be47-5855-458b-8f26-3a281b076ccb-139877134112576", "trial_id": 37, "user_attr": {"seed": 79}}
{"op_code": 7, "worker_id": "9d34be47-5855-458b-8f26-3a281b076ccb-139877134112576", "trial_id": 37, "step": 0, "intermediate_value": 0.8705708980560303}
{"op_code": 7, "worker_id": "9d34be47-5855-458b-8f26-3a281b076ccb-139877134112576", "trial_id": 37, "step": 1, "intermediate_value": 0.8885400295257568}
{"op_code": 7, "worker_id": "9d34be47-5855-458b-8f26-3a281b076ccb-139877134112576", "trial_id": 37, "step": 2, "intermediate_value": 0.8963961601257324}
{"op_code": 7, "worker_id": "9d34be47-5855-458b-8f26-3a281b076ccb-139877134112576", "trial_id": 37, "step": 3, "intermediate_value": 0.8955515623092651}
{"op_code": 7, "worker_id": "9d34be47-5855-458b-8f26-3a281b076ccb-139877134112576", "trial_id": 37, "step": 4, "intermediate_value": 0.8949640989303589}
{"op_code": 7, "worker_id": "9d34be47-5855-458b-8f26-3a281b076ccb-139877134112576", "trial_id": 37, "step": 5, "intermediate_value": 0.8975821733474731}
{"op_code": 7, "worker_id": "9d34be47-5855-458b-8f26-3a281b076ccb-139877134112576", "trial_id": 37, "step": 6, "intermediate_value": 0.895817756652832}
{"op_code": 7, "worker_id": "9d34be47-5855-458b-8f26-3a281b076ccb-139877134112576", "trial_id": 37, "step": 7, "intermediate_value": 0.899671196937561}
{"op_code": 7, "worker_id": "9d34be47-5855-458b-8f26-3a281b076ccb-139877134112576", "trial_id": 37, "step": 8, "intermediate_value": 0.8973367810249329}
{"op_code": 7, "worker_id": "9d34be47-5855-458b-8f26-3a281b076ccb-139877134112576", "trial_id": 37, "step": 9, "intermediate_value": 0.897158145904541}
{"op_code": 7, "worker_id": "9d34be47-5855-458b-8f26-3a281b076ccb-139877134112576", "trial_id": 37, "step": 10, "intermediate_value": 0.8992512226104736}
{"op_code": 7, "worker_id": "9d34be47-5855-458b-8f26-3a281b076ccb-139877134112576", "trial_id": 37, "step": 11, "intermediate_value": 0.8981180191040039}
{"op_code": 7, "worker_id": "9d34be47-5855-458b-8f26-3a281b076ccb-139877134112576", "trial_id": 37, "step": 12, "intermediate_value": 0.8971216678619385}
{"op_code": 7, "worker_id": "9d34be47-5855-458b-8f26-3a281b076ccb-139877134112576", "trial_id": 37, "step": 13, "intermediate_value": 0.9007002115249634}
{"op_code": 7, "worker_id": "9d34be47-5855-458b-8f26-3a281b076ccb-139877134112576", "trial_id": 37, "step": 14, "intermediate_value": 0.8970327377319336}
{"op_code": 7, "worker_id": "9d34be47-5855-458b-8f26-3a281b076ccb-139877134112576", "trial_id": 37, "step": 15, "intermediate_value": 0.897598385810852}
{"op_code": 7, "worker_id": "9d34be47-5855-458b-8f26-3a281b076ccb-139877134112576", "trial_id": 37, "step": 16, "intermediate_value": 0.8965585827827454}
{"op_code": 7, "worker_id": "9d34be47-5855-458b-8f26-3a281b076ccb-139877134112576", "trial_id": 37, "step": 17, "intermediate_value": 0.8958300948143005}
{"op_code": 7, "worker_id": "9d34be47-5855-458b-8f26-3a281b076ccb-139877134112576", "trial_id": 37, "step": 18, "intermediate_value": 0.8973028659820557}
{"op_code": 7, "worker_id": "9d34be47-5855-458b-8f26-3a281b076ccb-139877134112576", "trial_id": 37, "step": 19, "intermediate_value": 0.896370530128479}
{"op_code": 7, "worker_id": "9d34be47-5855-458b-8f26-3a281b076ccb-139877134112576", "trial_id": 37, "step": 20, "intermediate_value": 0.8969084620475769}
{"op_code": 7, "worker_id": "9d34be47-5855-458b-8f26-3a281b076ccb-139877134112576", "trial_id": 37, "step": 21, "intermediate_value": 0.9007002115249634}
{"op_code": 6, "worker_id": "9d34be47-5855-458b-8f26-3a281b076ccb-139877134112576", "trial_id": 37, "state": 1, "values": [0.9007002115249634], "datetime_complete": "2025-12-06T19:40:39.196166"}
{"op_code": 4, "worker_id": "9d34be47-5855-458b-8f26-3a281b076ccb-139877134112576", "study_id": 0, "datetime_start": "2025-12-06T19:40:39.197927"}
{"op_code": 5, "worker_id": "9d34be47-5855-458b-8f26-3a281b076ccb-139877134112576", "trial_id": 38, "param_name": "dataset.max_walk_length", "param_value_internal": 43.0, "distribution": "{\"name\": \"IntDistribution\", \"attributes\": {\"log\": false, \"step\": 1, \"low\": 10, \"high\": 100}}"}
{"op_code": 5, "worker_id": "9d34be47-5855-458b-8f26-3a281b076ccb-139877134112576", "trial_id": 38, "param_name": "dataset.num_walks", "param_value_internal": 3962152.0, "distribution": "{\"name\": \"IntDistribution\", \"attributes\": {\"log\": true, \"step\": 1, \"low\": 100000, \"high\": 5000000}}"}
{"op_code": 5, "worker_id": "9d34be47-5855-458b-8f26-3a281b076ccb-139877134112576", "trial_id": 38, "param_name": "training.lr", "param_value_internal": 0.0004919105255713324, "distribution": "{\"name\": \"FloatDistribution\", \"attributes\": {\"step\": null, \"low\": 1e-05, \"high\": 0.1, \"log\": true}}"}
{"op_code": 5, "worker_id": "9d34be47-5855-458b-8f26-3a281b076ccb-139877134112576", "trial_id": 38, "param_name": "training.weight_decay", "param_value_internal": 0.0010232596118227434, "distribution": "{\"name\": \"FloatDistribution\", \"attributes\": {\"step\": null, \"low\": 1e-08, \"high\": 0.1, \"log\": true}}"}
{"op_code": 5, "worker_id": "9d34be47-5855-458b-8f26-3a281b076ccb-139877134112576", "trial_id": 38, "param_name": "training.batch_size", "param_value_internal": 3, "distribution": "{\"name\": \"CategoricalDistribution\", \"attributes\": {\"choices\": [32, 64, 128, 256, 512]}}"}
{"op_code": 5, "worker_id": "9d34be47-5855-458b-8f26-3a281b076ccb-139877134112576", "trial_id": 38, "param_name": "training.gradient_clip_val", "param_value_internal": 0.3879565600391173, "distribution": "{\"name\": \"FloatDistribution\", \"attributes\": {\"step\": null, \"low\": 0.1, \"high\": 2.0, \"log\": false}}"}
{"op_code": 5, "worker_id": "9d34be47-5855-458b-8f26-3a281b076ccb-139877134112576", "trial_id": 38, "param_name": "training.early_stopping_patience", "param_value_internal": 11.0, "distribution": "{\"name\": \"IntDistribution\", \"attributes\": {\"log\": false, \"step\": 1, \"low\": 5, \"high\": 20}}"}
{"op_code": 5, "worker_id": "9d34be47-5855-458b-8f26-3a281b076ccb-139877134112576", "trial_id": 38, "param_name": "model.nhead", "param_value_internal": 3, "distribution": "{\"name\": \"CategoricalDistribution\", \"attributes\": {\"choices\": [1, 2, 4, 8, 16]}}"}
{"op_code": 5, "worker_id": "9d34be47-5855-458b-8f26-3a281b076ccb-139877134112576", "trial_id": 38, "param_name": "model.embedding_dim", "param_value_internal": 5, "distribution": "{\"name\": \"CategoricalDistribution\", \"attributes\": {\"choices\": [4, 8, 16, 32, 64, 128]}}"}
{"op_code": 5, "worker_id": "9d34be47-5855-458b-8f26-3a281b076ccb-139877134112576", "trial_id": 38, "param_name": "model.hidden_dim", "param_value_internal": 5, "distribution": "{\"name\": \"CategoricalDistribution\", \"attributes\": {\"choices\": [4, 8, 16, 32, 64, 128, 256]}}"}
{"op_code": 5, "worker_id": "9d34be47-5855-458b-8f26-3a281b076ccb-139877134112576", "trial_id": 38, "param_name": "model.nlayers", "param_value_internal": 3.0, "distribution": "{\"name\": \"IntDistribution\", \"attributes\": {\"log\": false, \"step\": 1, \"low\": 1, \"high\": 6}}"}
{"op_code": 5, "worker_id": "9d34be47-5855-458b-8f26-3a281b076ccb-139877134112576", "trial_id": 38, "param_name": "model.dropout", "param_value_internal": 0.10670211326947468, "distribution": "{\"name\": \"FloatDistribution\", \"attributes\": {\"step\": null, \"low\": 0.0, \"high\": 0.7, \"log\": false}}"}
{"op_code": 5, "worker_id": "9d34be47-5855-458b-8f26-3a281b076ccb-139877134112576", "trial_id": 38, "param_name": "training.epochs", "param_value_internal": 21.0, "distribution": "{\"name\": \"IntDistribution\", \"attributes\": {\"log\": false, \"step\": 1, \"low\": 6, \"high\": 25}}"}
{"op_code": 8, "worker_id": "9d34be47-5855-458b-8f26-3a281b076ccb-139877134112576", "trial_id": 38, "user_attr": {"seed": 80}}
{"op_code": 7, "worker_id": "9d34be47-5855-458b-8f26-3a281b076ccb-139877134112576", "trial_id": 38, "step": 0, "intermediate_value": 0.8851147890090942}
{"op_code": 7, "worker_id": "9d34be47-5855-458b-8f26-3a281b076ccb-139877134112576", "trial_id": 38, "step": 1, "intermediate_value": 0.895526647567749}
{"op_code": 7, "worker_id": "9d34be47-5855-458b-8f26-3a281b076ccb-139877134112576", "trial_id": 38, "step": 2, "intermediate_value": 0.8961300849914551}
{"op_code": 7, "worker_id": "9d34be47-5855-458b-8f26-3a281b076ccb-139877134112576", "trial_id": 38, "step": 3, "intermediate_value": 0.8952608108520508}
{"op_code": 7, "worker_id": "9d34be47-5855-458b-8f26-3a281b076ccb-139877134112576", "trial_id": 38, "step": 4, "intermediate_value": 0.8983042240142822}
{"op_code": 7, "worker_id": "9d34be47-5855-458b-8f26-3a281b076ccb-139877134112576", "trial_id": 38, "step": 5, "intermediate_value": 0.8981341123580933}
{"op_code": 7, "worker_id": "9d34be47-5855-458b-8f26-3a281b076ccb-139877134112576", "trial_id": 38, "step": 6, "intermediate_value": 0.9017174243927002}
{"op_code": 7, "worker_id": "9d34be47-5855-458b-8f26-3a281b076ccb-139877134112576", "trial_id": 38, "step": 7, "intermediate_value": 0.8965252041816711}
{"op_code": 7, "worker_id": "9d34be47-5855-458b-8f26-3a281b076ccb-139877134112576", "trial_id": 38, "step": 8, "intermediate_value": 0.8989953994750977}
{"op_code": 7, "worker_id": "9d34be47-5855-458b-8f26-3a281b076ccb-139877134112576", "trial_id": 38, "step": 9, "intermediate_value": 0.8984320759773254}
{"op_code": 7, "worker_id": "9d34be47-5855-458b-8f26-3a281b076ccb-139877134112576", "trial_id": 38, "step": 10, "intermediate_value": 0.8965864181518555}
{"op_code": 7, "worker_id": "9d34be47-5855-458b-8f26-3a281b076ccb-139877134112576", "trial_id": 38, "step": 11, "intermediate_value": 0.8964809775352478}
{"op_code": 7, "worker_id": "9d34be47-5855-458b-8f26-3a281b076ccb-139877134112576", "trial_id": 38, "step": 12, "intermediate_value": 0.8956316709518433}
{"op_code": 7, "worker_id": "9d34be47-5855-458b-8f26-3a281b076ccb-139877134112576", "trial_id": 38, "step": 13, "intermediate_value": 0.8955487012863159}
{"op_code": 7, "worker_id": "9d34be47-5855-458b-8f26-3a281b076ccb-139877134112576", "trial_id": 38, "step": 14, "intermediate_value": 0.8988765478134155}
{"op_code": 7, "worker_id": "9d34be47-5855-458b-8f26-3a281b076ccb-139877134112576", "trial_id": 38, "step": 15, "intermediate_value": 0.897904634475708}
{"op_code": 7, "worker_id": "9d34be47-5855-458b-8f26-3a281b076ccb-139877134112576", "trial_id": 38, "step": 16, "intermediate_value": 0.8979530930519104}
{"op_code": 7, "worker_id": "9d34be47-5855-458b-8f26-3a281b076ccb-139877134112576", "trial_id": 38, "step": 17, "intermediate_value": 0.8964661359786987}
{"op_code": 7, "worker_id": "9d34be47-5855-458b-8f26-3a281b076ccb-139877134112576", "trial_id": 38, "step": 18, "intermediate_value": 0.9017174243927002}
{"op_code": 6, "worker_id": "9d34be47-5855-458b-8f26-3a281b076ccb-139877134112576", "trial_id": 38, "state": 1, "values": [0.9017174243927002], "datetime_complete": "2025-12-06T22:34:57.839590"}
{"op_code": 4, "worker_id": "9d34be47-5855-458b-8f26-3a281b076ccb-139877134112576", "study_id": 0, "datetime_start": "2025-12-06T22:34:57.841118"}
{"op_code": 5, "worker_id": "9d34be47-5855-458b-8f26-3a281b076ccb-139877134112576", "trial_id": 39, "param_name": "dataset.max_walk_length", "param_value_internal": 76.0, "distribution": "{\"name\": \"IntDistribution\", \"attributes\": {\"log\": false, \"step\": 1, \"low\": 10, \"high\": 100}}"}
{"op_code": 5, "worker_id": "9d34be47-5855-458b-8f26-3a281b076ccb-139877134112576", "trial_id": 39, "param_name": "dataset.num_walks", "param_value_internal": 2314469.0, "distribution": "{\"name\": \"IntDistribution\", \"attributes\": {\"log\": true, \"step\": 1, \"low\": 100000, \"high\": 5000000}}"}
{"op_code": 5, "worker_id": "9d34be47-5855-458b-8f26-3a281b076ccb-139877134112576", "trial_id": 39, "param_name": "training.lr", "param_value_internal": 0.0010058651320425127, "distribution": "{\"name\": \"FloatDistribution\", \"attributes\": {\"step\": null, \"low\": 1e-05, \"high\": 0.1, \"log\": true}}"}
{"op_code": 5, "worker_id": "9d34be47-5855-458b-8f26-3a281b076ccb-139877134112576", "trial_id": 39, "param_name": "training.weight_decay", "param_value_internal": 0.0005173112153536373, "distribution": "{\"name\": \"FloatDistribution\", \"attributes\": {\"step\": null, \"low\": 1e-08, \"high\": 0.1, \"log\": true}}"}
{"op_code": 5, "worker_id": "9d34be47-5855-458b-8f26-3a281b076ccb-139877134112576", "trial_id": 39, "param_name": "training.batch_size", "param_value_internal": 2, "distribution": "{\"name\": \"CategoricalDistribution\", \"attributes\": {\"choices\": [32, 64, 128, 256, 512]}}"}
{"op_code": 5, "worker_id": "9d34be47-5855-458b-8f26-3a281b076ccb-139877134112576", "trial_id": 39, "param_name": "training.gradient_clip_val", "param_value_internal": 0.21390338265162256, "distribution": "{\"name\": \"FloatDistribution\", \"attributes\": {\"step\": null, \"low\": 0.1, \"high\": 2.0, \"log\": false}}"}
{"op_code": 5, "worker_id": "9d34be47-5855-458b-8f26-3a281b076ccb-139877134112576", "trial_id": 39, "param_name": "training.early_stopping_patience", "param_value_internal": 6.0, "distribution": "{\"name\": \"IntDistribution\", \"attributes\": {\"log\": false, \"step\": 1, \"low\": 5, \"high\": 20}}"}
{"op_code": 5, "worker_id": "9d34be47-5855-458b-8f26-3a281b076ccb-139877134112576", "trial_id": 39, "param_name": "model.nhead", "param_value_internal": 0, "distribution": "{\"name\": \"CategoricalDistribution\", \"attributes\": {\"choices\": [1, 2, 4, 8, 16]}}"}
{"op_code": 5, "worker_id": "9d34be47-5855-458b-8f26-3a281b076ccb-139877134112576", "trial_id": 39, "param_name": "model.embedding_dim", "param_value_internal": 5, "distribution": "{\"name\": \"CategoricalDistribution\", \"attributes\": {\"choices\": [4, 8, 16, 32, 64, 128]}}"}
{"op_code": 5, "worker_id": "9d34be47-5855-458b-8f26-3a281b076ccb-139877134112576", "trial_id": 39, "param_name": "model.hidden_dim", "param_value_internal": 5, "distribution": "{\"name\": \"CategoricalDistribution\", \"attributes\": {\"choices\": [4, 8, 16, 32, 64, 128, 256]}}"}
{"op_code": 5, "worker_id": "9d34be47-5855-458b-8f26-3a281b076ccb-139877134112576", "trial_id": 39, "param_name": "model.nlayers", "param_value_internal": 3.0, "distribution": "{\"name\": \"IntDistribution\", \"attributes\": {\"log\": false, \"step\": 1, \"low\": 1, \"high\": 6}}"}
{"op_code": 5, "worker_id": "9d34be47-5855-458b-8f26-3a281b076ccb-139877134112576", "trial_id": 39, "param_name": "model.dropout", "param_value_internal": 0.04634736277506635, "distribution": "{\"name\": \"FloatDistribution\", \"attributes\": {\"step\": null, \"low\": 0.0, \"high\": 0.7, \"log\": false}}"}
{"op_code": 5, "worker_id": "9d34be47-5855-458b-8f26-3a281b076ccb-139877134112576", "trial_id": 39, "param_name": "training.epochs", "param_value_internal": 11.0, "distribution": "{\"name\": \"IntDistribution\", \"attributes\": {\"log\": false, \"step\": 1, \"low\": 6, \"high\": 25}}"}
{"op_code": 8, "worker_id": "9d34be47-5855-458b-8f26-3a281b076ccb-139877134112576", "trial_id": 39, "user_attr": {"seed": 81}}
{"op_code": 7, "worker_id": "9d34be47-5855-458b-8f26-3a281b076ccb-139877134112576", "trial_id": 39, "step": 0, "intermediate_value": 0.8769687414169312}
{"op_code": 7, "worker_id": "9d34be47-5855-458b-8f26-3a281b076ccb-139877134112576", "trial_id": 39, "step": 1, "intermediate_value": 0.8941260576248169}
{"op_code": 7, "worker_id": "9d34be47-5855-458b-8f26-3a281b076ccb-139877134112576", "trial_id": 39, "step": 2, "intermediate_value": 0.8947407007217407}
{"op_code": 7, "worker_id": "9d34be47-5855-458b-8f26-3a281b076ccb-139877134112576", "trial_id": 39, "step": 3, "intermediate_value": 0.8917106986045837}
{"op_code": 7, "worker_id": "9d34be47-5855-458b-8f26-3a281b076ccb-139877134112576", "trial_id": 39, "step": 4, "intermediate_value": 0.8933776021003723}
{"op_code": 7, "worker_id": "9d34be47-5855-458b-8f26-3a281b076ccb-139877134112576", "trial_id": 39, "step": 5, "intermediate_value": 0.8955405950546265}
{"op_code": 7, "worker_id": "9d34be47-5855-458b-8f26-3a281b076ccb-139877134112576", "trial_id": 39, "step": 6, "intermediate_value": 0.892642617225647}
{"op_code": 7, "worker_id": "9d34be47-5855-458b-8f26-3a281b076ccb-139877134112576", "trial_id": 39, "step": 7, "intermediate_value": 0.8937435746192932}
{"op_code": 7, "worker_id": "9d34be47-5855-458b-8f26-3a281b076ccb-139877134112576", "trial_id": 39, "step": 8, "intermediate_value": 0.8935083150863647}
{"op_code": 7, "worker_id": "9d34be47-5855-458b-8f26-3a281b076ccb-139877134112576", "trial_id": 39, "step": 9, "intermediate_value": 0.8918682336807251}
{"op_code": 7, "worker_id": "9d34be47-5855-458b-8f26-3a281b076ccb-139877134112576", "trial_id": 39, "step": 10, "intermediate_value": 0.8918604850769043}
{"op_code": 7, "worker_id": "9d34be47-5855-458b-8f26-3a281b076ccb-139877134112576", "trial_id": 39, "step": 11, "intermediate_value": 0.8955405950546265}
{"op_code": 6, "worker_id": "9d34be47-5855-458b-8f26-3a281b076ccb-139877134112576", "trial_id": 39, "state": 1, "values": [0.8955405950546265], "datetime_complete": "2025-12-07T00:17:04.853587"}
{"op_code": 4, "worker_id": "9d34be47-5855-458b-8f26-3a281b076ccb-139877134112576", "study_id": 0, "datetime_start": "2025-12-07T00:17:04.855281"}
{"op_code": 5, "worker_id": "9d34be47-5855-458b-8f26-3a281b076ccb-139877134112576", "trial_id": 40, "param_name": "dataset.max_walk_length", "param_value_internal": 51.0, "distribution": "{\"name\": \"IntDistribution\", \"attributes\": {\"log\": false, \"step\": 1, \"low\": 10, \"high\": 100}}"}
{"op_code": 5, "worker_id": "9d34be47-5855-458b-8f26-3a281b076ccb-139877134112576", "trial_id": 40, "param_name": "dataset.num_walks", "param_value_internal": 3072392.0, "distribution": "{\"name\": \"IntDistribution\", \"attributes\": {\"log\": true, \"step\": 1, \"low\": 100000, \"high\": 5000000}}"}
{"op_code": 5, "worker_id": "9d34be47-5855-458b-8f26-3a281b076ccb-139877134112576", "trial_id": 40, "param_name": "training.lr", "param_value_internal": 0.0044791296385680015, "distribution": "{\"name\": \"FloatDistribution\", \"attributes\": {\"step\": null, \"low\": 1e-05, \"high\": 0.1, \"log\": true}}"}
{"op_code": 5, "worker_id": "9d34be47-5855-458b-8f26-3a281b076ccb-139877134112576", "trial_id": 40, "param_name": "training.weight_decay", "param_value_internal": 0.0001547500866227899, "distribution": "{\"name\": \"FloatDistribution\", \"attributes\": {\"step\": null, \"low\": 1e-08, \"high\": 0.1, \"log\": true}}"}
{"op_code": 5, "worker_id": "9d34be47-5855-458b-8f26-3a281b076ccb-139877134112576", "trial_id": 40, "param_name": "training.batch_size", "param_value_internal": 0, "distribution": "{\"name\": \"CategoricalDistribution\", \"attributes\": {\"choices\": [32, 64, 128, 256, 512]}}"}
{"op_code": 5, "worker_id": "9d34be47-5855-458b-8f26-3a281b076ccb-139877134112576", "trial_id": 40, "param_name": "training.gradient_clip_val", "param_value_internal": 0.4455268347386482, "distribution": "{\"name\": \"FloatDistribution\", \"attributes\": {\"step\": null, \"low\": 0.1, \"high\": 2.0, \"log\": false}}"}
{"op_code": 5, "worker_id": "9d34be47-5855-458b-8f26-3a281b076ccb-139877134112576", "trial_id": 40, "param_name": "training.early_stopping_patience", "param_value_internal": 7.0, "distribution": "{\"name\": \"IntDistribution\", \"attributes\": {\"log\": false, \"step\": 1, \"low\": 5, \"high\": 20}}"}
{"op_code": 5, "worker_id": "9d34be47-5855-458b-8f26-3a281b076ccb-139877134112576", "trial_id": 40, "param_name": "model.nhead", "param_value_internal": 3, "distribution": "{\"name\": \"CategoricalDistribution\", \"attributes\": {\"choices\": [1, 2, 4, 8, 16]}}"}
{"op_code": 5, "worker_id": "9d34be47-5855-458b-8f26-3a281b076ccb-139877134112576", "trial_id": 40, "param_name": "model.embedding_dim", "param_value_internal": 5, "distribution": "{\"name\": \"CategoricalDistribution\", \"attributes\": {\"choices\": [4, 8, 16, 32, 64, 128]}}"}
{"op_code": 5, "worker_id": "9d34be47-5855-458b-8f26-3a281b076ccb-139877134112576", "trial_id": 40, "param_name": "model.hidden_dim", "param_value_internal": 0, "distribution": "{\"name\": \"CategoricalDistribution\", \"attributes\": {\"choices\": [4, 8, 16, 32, 64, 128, 256]}}"}
{"op_code": 5, "worker_id": "9d34be47-5855-458b-8f26-3a281b076ccb-139877134112576", "trial_id": 40, "param_name": "model.nlayers", "param_value_internal": 2.0, "distribution": "{\"name\": \"IntDistribution\", \"attributes\": {\"log\": false, \"step\": 1, \"low\": 1, \"high\": 6}}"}
{"op_code": 5, "worker_id": "9d34be47-5855-458b-8f26-3a281b076ccb-139877134112576", "trial_id": 40, "param_name": "model.dropout", "param_value_internal": 0.10051485557288087, "distribution": "{\"name\": \"FloatDistribution\", \"attributes\": {\"step\": null, \"low\": 0.0, \"high\": 0.7, \"log\": false}}"}
{"op_code": 5, "worker_id": "9d34be47-5855-458b-8f26-3a281b076ccb-139877134112576", "trial_id": 40, "param_name": "training.epochs", "param_value_internal": 22.0, "distribution": "{\"name\": \"IntDistribution\", \"attributes\": {\"log\": false, \"step\": 1, \"low\": 6, \"high\": 25}}"}
{"op_code": 8, "worker_id": "9d34be47-5855-458b-8f26-3a281b076ccb-139877134112576", "trial_id": 40, "user_attr": {"seed": 82}}
{"op_code": 7, "worker_id": "9d34be47-5855-458b-8f26-3a281b076ccb-139877134112576", "trial_id": 40, "step": 0, "intermediate_value": 0.6225486993789673}
{"op_code": 7, "worker_id": "9d34be47-5855-458b-8f26-3a281b076ccb-139877134112576", "trial_id": 40, "step": 1, "intermediate_value": 0.5917748212814331}
{"op_code": 7, "worker_id": "9d34be47-5855-458b-8f26-3a281b076ccb-139877134112576", "trial_id": 40, "step": 2, "intermediate_value": 0.6005336046218872}
{"op_code": 7, "worker_id": "9d34be47-5855-458b-8f26-3a281b076ccb-139877134112576", "trial_id": 40, "step": 3, "intermediate_value": 0.5971254706382751}
{"op_code": 7, "worker_id": "9d34be47-5855-458b-8f26-3a281b076ccb-139877134112576", "trial_id": 40, "step": 4, "intermediate_value": 0.6051092147827148}
{"op_code": 7, "worker_id": "9d34be47-5855-458b-8f26-3a281b076ccb-139877134112576", "trial_id": 40, "step": 5, "intermediate_value": 0.5994237661361694}
{"op_code": 6, "worker_id": "9d34be47-5855-458b-8f26-3a281b076ccb-139877134112576", "trial_id": 40, "state": 1, "values": [0.0], "datetime_complete": "2025-12-07T03:16:45.541604"}
{"op_code": 4, "worker_id": "9d34be47-5855-458b-8f26-3a281b076ccb-139877134112576", "study_id": 0, "datetime_start": "2025-12-07T03:16:45.581990"}
{"op_code": 5, "worker_id": "9d34be47-5855-458b-8f26-3a281b076ccb-139877134112576", "trial_id": 41, "param_name": "dataset.max_walk_length", "param_value_internal": 65.0, "distribution": "{\"name\": \"IntDistribution\", \"attributes\": {\"log\": false, \"step\": 1, \"low\": 10, \"high\": 100}}"}
{"op_code": 5, "worker_id": "9d34be47-5855-458b-8f26-3a281b076ccb-139877134112576", "trial_id": 41, "param_name": "dataset.num_walks", "param_value_internal": 3123066.0, "distribution": "{\"name\": \"IntDistribution\", \"attributes\": {\"log\": true, \"step\": 1, \"low\": 100000, \"high\": 5000000}}"}
{"op_code": 5, "worker_id": "9d34be47-5855-458b-8f26-3a281b076ccb-139877134112576", "trial_id": 41, "param_name": "training.lr", "param_value_internal": 0.002026866890767903, "distribution": "{\"name\": \"FloatDistribution\", \"attributes\": {\"step\": null, \"low\": 1e-05, \"high\": 0.1, \"log\": true}}"}
{"op_code": 5, "worker_id": "9d34be47-5855-458b-8f26-3a281b076ccb-139877134112576", "trial_id": 41, "param_name": "training.weight_decay", "param_value_internal": 0.001767512713953413, "distribution": "{\"name\": \"FloatDistribution\", \"attributes\": {\"step\": null, \"low\": 1e-08, \"high\": 0.1, \"log\": true}}"}
{"op_code": 5, "worker_id": "9d34be47-5855-458b-8f26-3a281b076ccb-139877134112576", "trial_id": 41, "param_name": "training.batch_size", "param_value_internal": 3, "distribution": "{\"name\": \"CategoricalDistribution\", \"attributes\": {\"choices\": [32, 64, 128, 256, 512]}}"}
{"op_code": 5, "worker_id": "9d34be47-5855-458b-8f26-3a281b076ccb-139877134112576", "trial_id": 41, "param_name": "training.gradient_clip_val", "param_value_internal": 0.1699519571036178, "distribution": "{\"name\": \"FloatDistribution\", \"attributes\": {\"step\": null, \"low\": 0.1, \"high\": 2.0, \"log\": false}}"}
{"op_code": 5, "worker_id": "9d34be47-5855-458b-8f26-3a281b076ccb-139877134112576", "trial_id": 41, "param_name": "training.early_stopping_patience", "param_value_internal": 9.0, "distribution": "{\"name\": \"IntDistribution\", \"attributes\": {\"log\": false, \"step\": 1, \"low\": 5, \"high\": 20}}"}
{"op_code": 5, "worker_id": "9d34be47-5855-458b-8f26-3a281b076ccb-139877134112576", "trial_id": 41, "param_name": "model.nhead", "param_value_internal": 3, "distribution": "{\"name\": \"CategoricalDistribution\", \"attributes\": {\"choices\": [1, 2, 4, 8, 16]}}"}
{"op_code": 5, "worker_id": "9d34be47-5855-458b-8f26-3a281b076ccb-139877134112576", "trial_id": 41, "param_name": "model.embedding_dim", "param_value_internal": 3, "distribution": "{\"name\": \"CategoricalDistribution\", \"attributes\": {\"choices\": [4, 8, 16, 32, 64, 128]}}"}
{"op_code": 5, "worker_id": "9d34be47-5855-458b-8f26-3a281b076ccb-139877134112576", "trial_id": 41, "param_name": "model.hidden_dim", "param_value_internal": 3, "distribution": "{\"name\": \"CategoricalDistribution\", \"attributes\": {\"choices\": [4, 8, 16, 32, 64, 128, 256]}}"}
{"op_code": 5, "worker_id": "9d34be47-5855-458b-8f26-3a281b076ccb-139877134112576", "trial_id": 41, "param_name": "model.nlayers", "param_value_internal": 4.0, "distribution": "{\"name\": \"IntDistribution\", \"attributes\": {\"log\": false, \"step\": 1, \"low\": 1, \"high\": 6}}"}
{"op_code": 5, "worker_id": "9d34be47-5855-458b-8f26-3a281b076ccb-139877134112576", "trial_id": 41, "param_name": "model.dropout", "param_value_internal": 0.002469305913733927, "distribution": "{\"name\": \"FloatDistribution\", \"attributes\": {\"step\": null, \"low\": 0.0, \"high\": 0.7, \"log\": false}}"}
{"op_code": 5, "worker_id": "9d34be47-5855-458b-8f26-3a281b076ccb-139877134112576", "trial_id": 41, "param_name": "training.epochs", "param_value_internal": 24.0, "distribution": "{\"name\": \"IntDistribution\", \"attributes\": {\"log\": false, \"step\": 1, \"low\": 6, \"high\": 25}}"}
{"op_code": 8, "worker_id": "9d34be47-5855-458b-8f26-3a281b076ccb-139877134112576", "trial_id": 41, "user_attr": {"seed": 83}}
{"op_code": 7, "worker_id": "9d34be47-5855-458b-8f26-3a281b076ccb-139877134112576", "trial_id": 41, "step": 0, "intermediate_value": 0.8684136867523193}
{"op_code": 7, "worker_id": "9d34be47-5855-458b-8f26-3a281b076ccb-139877134112576", "trial_id": 41, "step": 1, "intermediate_value": 0.9022268056869507}
{"op_code": 7, "worker_id": "9d34be47-5855-458b-8f26-3a281b076ccb-139877134112576", "trial_id": 41, "step": 2, "intermediate_value": 0.9103583097457886}
{"op_code": 7, "worker_id": "9d34be47-5855-458b-8f26-3a281b076ccb-139877134112576", "trial_id": 41, "step": 3, "intermediate_value": 0.9106131792068481}
{"op_code": 7, "worker_id": "9d34be47-5855-458b-8f26-3a281b076ccb-139877134112576", "trial_id": 41, "step": 4, "intermediate_value": 0.9078900814056396}
{"op_code": 7, "worker_id": "9d34be47-5855-458b-8f26-3a281b076ccb-139877134112576", "trial_id": 41, "step": 5, "intermediate_value": 0.9064048528671265}
{"op_code": 7, "worker_id": "9d34be47-5855-458b-8f26-3a281b076ccb-139877134112576", "trial_id": 41, "step": 6, "intermediate_value": 0.9064604043960571}
{"op_code": 7, "worker_id": "9d34be47-5855-458b-8f26-3a281b076ccb-139877134112576", "trial_id": 41, "step": 7, "intermediate_value": 0.9026650190353394}
{"op_code": 7, "worker_id": "9d34be47-5855-458b-8f26-3a281b076ccb-139877134112576", "trial_id": 41, "step": 8, "intermediate_value": 0.8997796773910522}
{"op_code": 7, "worker_id": "9d34be47-5855-458b-8f26-3a281b076ccb-139877134112576", "trial_id": 41, "step": 9, "intermediate_value": 0.8973199129104614}
{"op_code": 7, "worker_id": "9d34be47-5855-458b-8f26-3a281b076ccb-139877134112576", "trial_id": 41, "step": 10, "intermediate_value": 0.8952749371528625}
{"op_code": 7, "worker_id": "9d34be47-5855-458b-8f26-3a281b076ccb-139877134112576", "trial_id": 41, "step": 11, "intermediate_value": 0.8940157890319824}
{"op_code": 7, "worker_id": "9d34be47-5855-458b-8f26-3a281b076ccb-139877134112576", "trial_id": 41, "step": 12, "intermediate_value": 0.8950001001358032}
{"op_code": 7, "worker_id": "9d34be47-5855-458b-8f26-3a281b076ccb-139877134112576", "trial_id": 41, "step": 13, "intermediate_value": 0.9106131792068481}
{"op_code": 6, "worker_id": "9d34be47-5855-458b-8f26-3a281b076ccb-139877134112576", "trial_id": 41, "state": 1, "values": [0.9106131792068481], "datetime_complete": "2025-12-07T05:36:33.063004"}
{"op_code": 4, "worker_id": "9d34be47-5855-458b-8f26-3a281b076ccb-139877134112576", "study_id": 0, "datetime_start": "2025-12-07T05:36:33.064550"}
{"op_code": 5, "worker_id": "9d34be47-5855-458b-8f26-3a281b076ccb-139877134112576", "trial_id": 42, "param_name": "dataset.max_walk_length", "param_value_internal": 63.0, "distribution": "{\"name\": \"IntDistribution\", \"attributes\": {\"log\": false, \"step\": 1, \"low\": 10, \"high\": 100}}"}
{"op_code": 5, "worker_id": "9d34be47-5855-458b-8f26-3a281b076ccb-139877134112576", "trial_id": 42, "param_name": "dataset.num_walks", "param_value_internal": 3981531.0, "distribution": "{\"name\": \"IntDistribution\", \"attributes\": {\"log\": true, \"step\": 1, \"low\": 100000, \"high\": 5000000}}"}
{"op_code": 5, "worker_id": "9d34be47-5855-458b-8f26-3a281b076ccb-139877134112576", "trial_id": 42, "param_name": "training.lr", "param_value_internal": 0.0012425894866626103, "distribution": "{\"name\": \"FloatDistribution\", \"attributes\": {\"step\": null, \"low\": 1e-05, \"high\": 0.1, \"log\": true}}"}
{"op_code": 5, "worker_id": "9d34be47-5855-458b-8f26-3a281b076ccb-139877134112576", "trial_id": 42, "param_name": "training.weight_decay", "param_value_internal": 0.00046322018060588645, "distribution": "{\"name\": \"FloatDistribution\", \"attributes\": {\"step\": null, \"low\": 1e-08, \"high\": 0.1, \"log\": true}}"}
{"op_code": 5, "worker_id": "9d34be47-5855-458b-8f26-3a281b076ccb-139877134112576", "trial_id": 42, "param_name": "training.batch_size", "param_value_internal": 3, "distribution": "{\"name\": \"CategoricalDistribution\", \"attributes\": {\"choices\": [32, 64, 128, 256, 512]}}"}
{"op_code": 5, "worker_id": "9d34be47-5855-458b-8f26-3a281b076ccb-139877134112576", "trial_id": 42, "param_name": "training.gradient_clip_val", "param_value_internal": 0.3098399674967785, "distribution": "{\"name\": \"FloatDistribution\", \"attributes\": {\"step\": null, \"low\": 0.1, \"high\": 2.0, \"log\": false}}"}
{"op_code": 5, "worker_id": "9d34be47-5855-458b-8f26-3a281b076ccb-139877134112576", "trial_id": 42, "param_name": "training.early_stopping_patience", "param_value_internal": 5.0, "distribution": "{\"name\": \"IntDistribution\", \"attributes\": {\"log\": false, \"step\": 1, \"low\": 5, \"high\": 20}}"}
{"op_code": 5, "worker_id": "9d34be47-5855-458b-8f26-3a281b076ccb-139877134112576", "trial_id": 42, "param_name": "model.nhead", "param_value_internal": 3, "distribution": "{\"name\": \"CategoricalDistribution\", \"attributes\": {\"choices\": [1, 2, 4, 8, 16]}}"}
{"op_code": 5, "worker_id": "9d34be47-5855-458b-8f26-3a281b076ccb-139877134112576", "trial_id": 42, "param_name": "model.embedding_dim", "param_value_internal": 0, "distribution": "{\"name\": \"CategoricalDistribution\", \"attributes\": {\"choices\": [4, 8, 16, 32, 64, 128]}}"}
{"op_code": 6, "worker_id": "9d34be47-5855-458b-8f26-3a281b076ccb-139877134112576", "trial_id": 42, "state": 2, "values": null, "datetime_complete": "2025-12-07T05:36:33.095281"}
{"op_code": 4, "worker_id": "9d34be47-5855-458b-8f26-3a281b076ccb-139877134112576", "study_id": 0, "datetime_start": "2025-12-07T05:36:33.095917"}
{"op_code": 5, "worker_id": "9d34be47-5855-458b-8f26-3a281b076ccb-139877134112576", "trial_id": 43, "param_name": "dataset.max_walk_length", "param_value_internal": 76.0, "distribution": "{\"name\": \"IntDistribution\", \"attributes\": {\"log\": false, \"step\": 1, \"low\": 10, \"high\": 100}}"}
{"op_code": 5, "worker_id": "9d34be47-5855-458b-8f26-3a281b076ccb-139877134112576", "trial_id": 43, "param_name": "dataset.num_walks", "param_value_internal": 3846279.0, "distribution": "{\"name\": \"IntDistribution\", \"attributes\": {\"log\": true, \"step\": 1, \"low\": 100000, \"high\": 5000000}}"}
{"op_code": 5, "worker_id": "9d34be47-5855-458b-8f26-3a281b076ccb-139877134112576", "trial_id": 43, "param_name": "training.lr", "param_value_internal": 0.0055908001033687866, "distribution": "{\"name\": \"FloatDistribution\", \"attributes\": {\"step\": null, \"low\": 1e-05, \"high\": 0.1, \"log\": true}}"}
{"op_code": 5, "worker_id": "9d34be47-5855-458b-8f26-3a281b076ccb-139877134112576", "trial_id": 43, "param_name": "training.weight_decay", "param_value_internal": 0.0018588497470668753, "distribution": "{\"name\": \"FloatDistribution\", \"attributes\": {\"step\": null, \"low\": 1e-08, \"high\": 0.1, \"log\": true}}"}
{"op_code": 5, "worker_id": "9d34be47-5855-458b-8f26-3a281b076ccb-139877134112576", "trial_id": 43, "param_name": "training.batch_size", "param_value_internal": 3, "distribution": "{\"name\": \"CategoricalDistribution\", \"attributes\": {\"choices\": [32, 64, 128, 256, 512]}}"}
{"op_code": 5, "worker_id": "9d34be47-5855-458b-8f26-3a281b076ccb-139877134112576", "trial_id": 43, "param_name": "training.gradient_clip_val", "param_value_internal": 0.18318517655216146, "distribution": "{\"name\": \"FloatDistribution\", \"attributes\": {\"step\": null, \"low\": 0.1, \"high\": 2.0, \"log\": false}}"}
{"op_code": 5, "worker_id": "9d34be47-5855-458b-8f26-3a281b076ccb-139877134112576", "trial_id": 43, "param_name": "training.early_stopping_patience", "param_value_internal": 8.0, "distribution": "{\"name\": \"IntDistribution\", \"attributes\": {\"log\": false, \"step\": 1, \"low\": 5, \"high\": 20}}"}
{"op_code": 5, "worker_id": "9d34be47-5855-458b-8f26-3a281b076ccb-139877134112576", "trial_id": 43, "param_name": "model.nhead", "param_value_internal": 3, "distribution": "{\"name\": \"CategoricalDistribution\", \"attributes\": {\"choices\": [1, 2, 4, 8, 16]}}"}
{"op_code": 5, "worker_id": "9d34be47-5855-458b-8f26-3a281b076ccb-139877134112576", "trial_id": 43, "param_name": "model.embedding_dim", "param_value_internal": 1, "distribution": "{\"name\": \"CategoricalDistribution\", \"attributes\": {\"choices\": [4, 8, 16, 32, 64, 128]}}"}
{"op_code": 5, "worker_id": "9d34be47-5855-458b-8f26-3a281b076ccb-139877134112576", "trial_id": 43, "param_name": "model.hidden_dim", "param_value_internal": 6, "distribution": "{\"name\": \"CategoricalDistribution\", \"attributes\": {\"choices\": [4, 8, 16, 32, 64, 128, 256]}}"}
{"op_code": 5, "worker_id": "9d34be47-5855-458b-8f26-3a281b076ccb-139877134112576", "trial_id": 43, "param_name": "model.nlayers", "param_value_internal": 4.0, "distribution": "{\"name\": \"IntDistribution\", \"attributes\": {\"log\": false, \"step\": 1, \"low\": 1, \"high\": 6}}"}
{"op_code": 5, "worker_id": "9d34be47-5855-458b-8f26-3a281b076ccb-139877134112576", "trial_id": 43, "param_name": "model.dropout", "param_value_internal": 0.05070200850032976, "distribution": "{\"name\": \"FloatDistribution\", \"attributes\": {\"step\": null, \"low\": 0.0, \"high\": 0.7, \"log\": false}}"}
{"op_code": 5, "worker_id": "9d34be47-5855-458b-8f26-3a281b076ccb-139877134112576", "trial_id": 43, "param_name": "training.epochs", "param_value_internal": 25.0, "distribution": "{\"name\": \"IntDistribution\", \"attributes\": {\"log\": false, \"step\": 1, \"low\": 6, \"high\": 25}}"}
{"op_code": 8, "worker_id": "9d34be47-5855-458b-8f26-3a281b076ccb-139877134112576", "trial_id": 43, "user_attr": {"seed": 85}}
{"op_code": 7, "worker_id": "9d34be47-5855-458b-8f26-3a281b076ccb-139877134112576", "trial_id": 43, "step": 0, "intermediate_value": 0.7323400974273682}
{"op_code": 7, "worker_id": "9d34be47-5855-458b-8f26-3a281b076ccb-139877134112576", "trial_id": 43, "step": 1, "intermediate_value": 0.7552394866943359}
{"op_code": 7, "worker_id": "9d34be47-5855-458b-8f26-3a281b076ccb-139877134112576", "trial_id": 43, "step": 2, "intermediate_value": 0.7577584981918335}
{"op_code": 7, "worker_id": "9d34be47-5855-458b-8f26-3a281b076ccb-139877134112576", "trial_id": 43, "step": 3, "intermediate_value": 0.7789749503135681}
{"op_code": 7, "worker_id": "9d34be47-5855-458b-8f26-3a281b076ccb-139877134112576", "trial_id": 43, "step": 4, "intermediate_value": 0.7729382514953613}
{"op_code": 7, "worker_id": "9d34be47-5855-458b-8f26-3a281b076ccb-139877134112576", "trial_id": 43, "step": 5, "intermediate_value": 0.7825350761413574}
{"op_code": 6, "worker_id": "9d34be47-5855-458b-8f26-3a281b076ccb-139877134112576", "trial_id": 43, "state": 1, "values": [0.0], "datetime_complete": "2025-12-07T08:12:58.167827"}
{"op_code": 4, "worker_id": "9d34be47-5855-458b-8f26-3a281b076ccb-139877134112576", "study_id": 0, "datetime_start": "2025-12-07T08:12:58.169473"}
{"op_code": 5, "worker_id": "9d34be47-5855-458b-8f26-3a281b076ccb-139877134112576", "trial_id": 44, "param_name": "dataset.max_walk_length", "param_value_internal": 65.0, "distribution": "{\"name\": \"IntDistribution\", \"attributes\": {\"log\": false, \"step\": 1, \"low\": 10, \"high\": 100}}"}
{"op_code": 5, "worker_id": "9d34be47-5855-458b-8f26-3a281b076ccb-139877134112576", "trial_id": 44, "param_name": "dataset.num_walks", "param_value_internal": 3171094.0, "distribution": "{\"name\": \"IntDistribution\", \"attributes\": {\"log\": true, \"step\": 1, \"low\": 100000, \"high\": 5000000}}"}
{"op_code": 5, "worker_id": "9d34be47-5855-458b-8f26-3a281b076ccb-139877134112576", "trial_id": 44, "param_name": "training.lr", "param_value_internal": 0.0031822206983427442, "distribution": "{\"name\": \"FloatDistribution\", \"attributes\": {\"step\": null, \"low\": 1e-05, \"high\": 0.1, \"log\": true}}"}
{"op_code": 5, "worker_id": "9d34be47-5855-458b-8f26-3a281b076ccb-139877134112576", "trial_id": 44, "param_name": "training.weight_decay", "param_value_internal": 0.00010968751926655849, "distribution": "{\"name\": \"FloatDistribution\", \"attributes\": {\"step\": null, \"low\": 1e-08, \"high\": 0.1, \"log\": true}}"}
{"op_code": 5, "worker_id": "9d34be47-5855-458b-8f26-3a281b076ccb-139877134112576", "trial_id": 44, "param_name": "training.batch_size", "param_value_internal": 3, "distribution": "{\"name\": \"CategoricalDistribution\", \"attributes\": {\"choices\": [32, 64, 128, 256, 512]}}"}
{"op_code": 5, "worker_id": "9d34be47-5855-458b-8f26-3a281b076ccb-139877134112576", "trial_id": 44, "param_name": "training.gradient_clip_val", "param_value_internal": 0.4864720745275547, "distribution": "{\"name\": \"FloatDistribution\", \"attributes\": {\"step\": null, \"low\": 0.1, \"high\": 2.0, \"log\": false}}"}
{"op_code": 5, "worker_id": "9d34be47-5855-458b-8f26-3a281b076ccb-139877134112576", "trial_id": 44, "param_name": "training.early_stopping_patience", "param_value_internal": 11.0, "distribution": "{\"name\": \"IntDistribution\", \"attributes\": {\"log\": false, \"step\": 1, \"low\": 5, \"high\": 20}}"}
{"op_code": 5, "worker_id": "9d34be47-5855-458b-8f26-3a281b076ccb-139877134112576", "trial_id": 44, "param_name": "model.nhead", "param_value_internal": 3, "distribution": "{\"name\": \"CategoricalDistribution\", \"attributes\": {\"choices\": [1, 2, 4, 8, 16]}}"}
{"op_code": 5, "worker_id": "9d34be47-5855-458b-8f26-3a281b076ccb-139877134112576", "trial_id": 44, "param_name": "model.embedding_dim", "param_value_internal": 3, "distribution": "{\"name\": \"CategoricalDistribution\", \"attributes\": {\"choices\": [4, 8, 16, 32, 64, 128]}}"}
{"op_code": 5, "worker_id": "9d34be47-5855-458b-8f26-3a281b076ccb-139877134112576", "trial_id": 44, "param_name": "model.hidden_dim", "param_value_internal": 1, "distribution": "{\"name\": \"CategoricalDistribution\", \"attributes\": {\"choices\": [4, 8, 16, 32, 64, 128, 256]}}"}
{"op_code": 5, "worker_id": "9d34be47-5855-458b-8f26-3a281b076ccb-139877134112576", "trial_id": 44, "param_name": "model.nlayers", "param_value_internal": 5.0, "distribution": "{\"name\": \"IntDistribution\", \"attributes\": {\"log\": false, \"step\": 1, \"low\": 1, \"high\": 6}}"}
{"op_code": 5, "worker_id": "9d34be47-5855-458b-8f26-3a281b076ccb-139877134112576", "trial_id": 44, "param_name": "model.dropout", "param_value_internal": 0.036272101606446464, "distribution": "{\"name\": \"FloatDistribution\", \"attributes\": {\"step\": null, \"low\": 0.0, \"high\": 0.7, \"log\": false}}"}
{"op_code": 5, "worker_id": "9d34be47-5855-458b-8f26-3a281b076ccb-139877134112576", "trial_id": 44, "param_name": "training.epochs", "param_value_internal": 24.0, "distribution": "{\"name\": \"IntDistribution\", \"attributes\": {\"log\": false, \"step\": 1, \"low\": 6, \"high\": 25}}"}
{"op_code": 8, "worker_id": "9d34be47-5855-458b-8f26-3a281b076ccb-139877134112576", "trial_id": 44, "user_attr": {"seed": 86}}
{"op_code": 7, "worker_id": "9d34be47-5855-458b-8f26-3a281b076ccb-139877134112576", "trial_id": 44, "step": 0, "intermediate_value": 0.8810322284698486}
{"op_code": 7, "worker_id": "9d34be47-5855-458b-8f26-3a281b076ccb-139877134112576", "trial_id": 44, "step": 1, "intermediate_value": 0.9009400010108948}
{"op_code": 7, "worker_id": "9d34be47-5855-458b-8f26-3a281b076ccb-139877134112576", "trial_id": 44, "step": 2, "intermediate_value": 0.8981329202651978}
{"op_code": 7, "worker_id": "9d34be47-5855-458b-8f26-3a281b076ccb-139877134112576", "trial_id": 44, "step": 3, "intermediate_value": 0.9003644585609436}
{"op_code": 7, "worker_id": "9d34be47-5855-458b-8f26-3a281b076ccb-139877134112576", "trial_id": 44, "step": 4, "intermediate_value": 0.8994927406311035}
{"op_code": 7, "worker_id": "9d34be47-5855-458b-8f26-3a281b076ccb-139877134112576", "trial_id": 44, "step": 5, "intermediate_value": 0.8951919078826904}
{"op_code": 7, "worker_id": "9d34be47-5855-458b-8f26-3a281b076ccb-139877134112576", "trial_id": 44, "step": 6, "intermediate_value": 0.8949352502822876}
{"op_code": 7, "worker_id": "9d34be47-5855-458b-8f26-3a281b076ccb-139877134112576", "trial_id": 44, "step": 7, "intermediate_value": 0.893347978591919}
{"op_code": 7, "worker_id": "9d34be47-5855-458b-8f26-3a281b076ccb-139877134112576", "trial_id": 44, "step": 8, "intermediate_value": 0.8894511461257935}
{"op_code": 7, "worker_id": "9d34be47-5855-458b-8f26-3a281b076ccb-139877134112576", "trial_id": 44, "step": 9, "intermediate_value": 0.891667366027832}
{"op_code": 7, "worker_id": "9d34be47-5855-458b-8f26-3a281b076ccb-139877134112576", "trial_id": 44, "step": 10, "intermediate_value": 0.8836655616760254}
{"op_code": 7, "worker_id": "9d34be47-5855-458b-8f26-3a281b076ccb-139877134112576", "trial_id": 44, "step": 11, "intermediate_value": 0.88290935754776}
{"op_code": 7, "worker_id": "9d34be47-5855-458b-8f26-3a281b076ccb-139877134112576", "trial_id": 44, "step": 12, "intermediate_value": 0.8866314888000488}
{"op_code": 7, "worker_id": "9d34be47-5855-458b-8f26-3a281b076ccb-139877134112576", "trial_id": 44, "step": 13, "intermediate_value": 0.9009400010108948}
{"op_code": 6, "worker_id": "9d34be47-5855-458b-8f26-3a281b076ccb-139877134112576", "trial_id": 44, "state": 1, "values": [0.9009400010108948], "datetime_complete": "2025-12-07T10:48:33.451308"}
{"op_code": 4, "worker_id": "9d34be47-5855-458b-8f26-3a281b076ccb-139877134112576", "study_id": 0, "datetime_start": "2025-12-07T10:48:33.453038"}
{"op_code": 5, "worker_id": "9d34be47-5855-458b-8f26-3a281b076ccb-139877134112576", "trial_id": 45, "param_name": "dataset.max_walk_length", "param_value_internal": 54.0, "distribution": "{\"name\": \"IntDistribution\", \"attributes\": {\"log\": false, \"step\": 1, \"low\": 10, \"high\": 100}}"}
{"op_code": 5, "worker_id": "9d34be47-5855-458b-8f26-3a281b076ccb-139877134112576", "trial_id": 45, "param_name": "dataset.num_walks", "param_value_internal": 2198647.0, "distribution": "{\"name\": \"IntDistribution\", \"attributes\": {\"log\": true, \"step\": 1, \"low\": 100000, \"high\": 5000000}}"}
{"op_code": 5, "worker_id": "9d34be47-5855-458b-8f26-3a281b076ccb-139877134112576", "trial_id": 45, "param_name": "training.lr", "param_value_internal": 0.0019173062940156754, "distribution": "{\"name\": \"FloatDistribution\", \"attributes\": {\"step\": null, \"low\": 1e-05, \"high\": 0.1, \"log\": true}}"}
{"op_code": 5, "worker_id": "9d34be47-5855-458b-8f26-3a281b076ccb-139877134112576", "trial_id": 45, "param_name": "training.weight_decay", "param_value_internal": 0.00031410235209652096, "distribution": "{\"name\": \"FloatDistribution\", \"attributes\": {\"step\": null, \"low\": 1e-08, \"high\": 0.1, \"log\": true}}"}
{"op_code": 5, "worker_id": "9d34be47-5855-458b-8f26-3a281b076ccb-139877134112576", "trial_id": 45, "param_name": "training.batch_size", "param_value_internal": 4, "distribution": "{\"name\": \"CategoricalDistribution\", \"attributes\": {\"choices\": [32, 64, 128, 256, 512]}}"}
{"op_code": 5, "worker_id": "9d34be47-5855-458b-8f26-3a281b076ccb-139877134112576", "trial_id": 45, "param_name": "training.gradient_clip_val", "param_value_internal": 0.2020310376414855, "distribution": "{\"name\": \"FloatDistribution\", \"attributes\": {\"step\": null, \"low\": 0.1, \"high\": 2.0, \"log\": false}}"}
{"op_code": 5, "worker_id": "9d34be47-5855-458b-8f26-3a281b076ccb-139877134112576", "trial_id": 45, "param_name": "training.early_stopping_patience", "param_value_internal": 9.0, "distribution": "{\"name\": \"IntDistribution\", \"attributes\": {\"log\": false, \"step\": 1, \"low\": 5, \"high\": 20}}"}
{"op_code": 5, "worker_id": "9d34be47-5855-458b-8f26-3a281b076ccb-139877134112576", "trial_id": 45, "param_name": "model.nhead", "param_value_internal": 3, "distribution": "{\"name\": \"CategoricalDistribution\", \"attributes\": {\"choices\": [1, 2, 4, 8, 16]}}"}
{"op_code": 5, "worker_id": "9d34be47-5855-458b-8f26-3a281b076ccb-139877134112576", "trial_id": 45, "param_name": "model.embedding_dim", "param_value_internal": 5, "distribution": "{\"name\": \"CategoricalDistribution\", \"attributes\": {\"choices\": [4, 8, 16, 32, 64, 128]}}"}
{"op_code": 5, "worker_id": "9d34be47-5855-458b-8f26-3a281b076ccb-139877134112576", "trial_id": 45, "param_name": "model.hidden_dim", "param_value_internal": 3, "distribution": "{\"name\": \"CategoricalDistribution\", \"attributes\": {\"choices\": [4, 8, 16, 32, 64, 128, 256]}}"}
{"op_code": 5, "worker_id": "9d34be47-5855-458b-8f26-3a281b076ccb-139877134112576", "trial_id": 45, "param_name": "model.nlayers", "param_value_internal": 3.0, "distribution": "{\"name\": \"IntDistribution\", \"attributes\": {\"log\": false, \"step\": 1, \"low\": 1, \"high\": 6}}"}
{"op_code": 5, "worker_id": "9d34be47-5855-458b-8f26-3a281b076ccb-139877134112576", "trial_id": 45, "param_name": "model.dropout", "param_value_internal": 0.07925838211758764, "distribution": "{\"name\": \"FloatDistribution\", \"attributes\": {\"step\": null, \"low\": 0.0, \"high\": 0.7, \"log\": false}}"}
{"op_code": 5, "worker_id": "9d34be47-5855-458b-8f26-3a281b076ccb-139877134112576", "trial_id": 45, "param_name": "training.epochs", "param_value_internal": 24.0, "distribution": "{\"name\": \"IntDistribution\", \"attributes\": {\"log\": false, \"step\": 1, \"low\": 6, \"high\": 25}}"}
{"op_code": 8, "worker_id": "9d34be47-5855-458b-8f26-3a281b076ccb-139877134112576", "trial_id": 45, "user_attr": {"seed": 87}}
{"op_code": 7, "worker_id": "9d34be47-5855-458b-8f26-3a281b076ccb-139877134112576", "trial_id": 45, "step": 0, "intermediate_value": 0.879921019077301}
{"op_code": 7, "worker_id": "9d34be47-5855-458b-8f26-3a281b076ccb-139877134112576", "trial_id": 45, "step": 1, "intermediate_value": 0.8946529626846313}
{"op_code": 7, "worker_id": "9d34be47-5855-458b-8f26-3a281b076ccb-139877134112576", "trial_id": 45, "step": 2, "intermediate_value": 0.8937766551971436}
{"op_code": 7, "worker_id": "9d34be47-5855-458b-8f26-3a281b076ccb-139877134112576", "trial_id": 45, "step": 3, "intermediate_value": 0.8929421901702881}
{"op_code": 7, "worker_id": "9d34be47-5855-458b-8f26-3a281b076ccb-139877134112576", "trial_id": 45, "step": 4, "intermediate_value": 0.8880270719528198}
{"op_code": 7, "worker_id": "9d34be47-5855-458b-8f26-3a281b076ccb-139877134112576", "trial_id": 45, "step": 5, "intermediate_value": 0.8867394924163818}
{"op_code": 7, "worker_id": "9d34be47-5855-458b-8f26-3a281b076ccb-139877134112576", "trial_id": 45, "step": 6, "intermediate_value": 0.8859372735023499}
{"op_code": 7, "worker_id": "9d34be47-5855-458b-8f26-3a281b076ccb-139877134112576", "trial_id": 45, "step": 7, "intermediate_value": 0.8855280876159668}
{"op_code": 7, "worker_id": "9d34be47-5855-458b-8f26-3a281b076ccb-139877134112576", "trial_id": 45, "step": 8, "intermediate_value": 0.8808159828186035}
{"op_code": 7, "worker_id": "9d34be47-5855-458b-8f26-3a281b076ccb-139877134112576", "trial_id": 45, "step": 9, "intermediate_value": 0.8868179321289062}
{"op_code": 7, "worker_id": "9d34be47-5855-458b-8f26-3a281b076ccb-139877134112576", "trial_id": 45, "step": 10, "intermediate_value": 0.8810731768608093}
{"op_code": 7, "worker_id": "9d34be47-5855-458b-8f26-3a281b076ccb-139877134112576", "trial_id": 45, "step": 11, "intermediate_value": 0.8946529626846313}
{"op_code": 6, "worker_id": "9d34be47-5855-458b-8f26-3a281b076ccb-139877134112576", "trial_id": 45, "state": 1, "values": [0.8946529626846313], "datetime_complete": "2025-12-07T12:08:37.684147"}
{"op_code": 4, "worker_id": "9d34be47-5855-458b-8f26-3a281b076ccb-139877134112576", "study_id": 0, "datetime_start": "2025-12-07T12:08:37.701071"}
{"op_code": 5, "worker_id": "9d34be47-5855-458b-8f26-3a281b076ccb-139877134112576", "trial_id": 46, "param_name": "dataset.max_walk_length", "param_value_internal": 60.0, "distribution": "{\"name\": \"IntDistribution\", \"attributes\": {\"log\": false, \"step\": 1, \"low\": 10, \"high\": 100}}"}
{"op_code": 5, "worker_id": "9d34be47-5855-458b-8f26-3a281b076ccb-139877134112576", "trial_id": 46, "param_name": "dataset.num_walks", "param_value_internal": 2694025.0, "distribution": "{\"name\": \"IntDistribution\", \"attributes\": {\"log\": true, \"step\": 1, \"low\": 100000, \"high\": 5000000}}"}
{"op_code": 5, "worker_id": "9d34be47-5855-458b-8f26-3a281b076ccb-139877134112576", "trial_id": 46, "param_name": "training.lr", "param_value_internal": 0.0011508733849337448, "distribution": "{\"name\": \"FloatDistribution\", \"attributes\": {\"step\": null, \"low\": 1e-05, \"high\": 0.1, \"log\": true}}"}
{"op_code": 5, "worker_id": "9d34be47-5855-458b-8f26-3a281b076ccb-139877134112576", "trial_id": 46, "param_name": "training.weight_decay", "param_value_internal": 0.0009727964381445513, "distribution": "{\"name\": \"FloatDistribution\", \"attributes\": {\"step\": null, \"low\": 1e-08, \"high\": 0.1, \"log\": true}}"}
{"op_code": 5, "worker_id": "9d34be47-5855-458b-8f26-3a281b076ccb-139877134112576", "trial_id": 46, "param_name": "training.batch_size", "param_value_internal": 3, "distribution": "{\"name\": \"CategoricalDistribution\", \"attributes\": {\"choices\": [32, 64, 128, 256, 512]}}"}
{"op_code": 5, "worker_id": "9d34be47-5855-458b-8f26-3a281b076ccb-139877134112576", "trial_id": 46, "param_name": "training.gradient_clip_val", "param_value_internal": 0.28005045851772814, "distribution": "{\"name\": \"FloatDistribution\", \"attributes\": {\"step\": null, \"low\": 0.1, \"high\": 2.0, \"log\": false}}"}
{"op_code": 5, "worker_id": "9d34be47-5855-458b-8f26-3a281b076ccb-139877134112576", "trial_id": 46, "param_name": "training.early_stopping_patience", "param_value_internal": 10.0, "distribution": "{\"name\": \"IntDistribution\", \"attributes\": {\"log\": false, \"step\": 1, \"low\": 5, \"high\": 20}}"}
{"op_code": 5, "worker_id": "9d34be47-5855-458b-8f26-3a281b076ccb-139877134112576", "trial_id": 46, "param_name": "model.nhead", "param_value_internal": 3, "distribution": "{\"name\": \"CategoricalDistribution\", \"attributes\": {\"choices\": [1, 2, 4, 8, 16]}}"}
{"op_code": 5, "worker_id": "9d34be47-5855-458b-8f26-3a281b076ccb-139877134112576", "trial_id": 46, "param_name": "model.embedding_dim", "param_value_internal": 2, "distribution": "{\"name\": \"CategoricalDistribution\", \"attributes\": {\"choices\": [4, 8, 16, 32, 64, 128]}}"}
{"op_code": 5, "worker_id": "9d34be47-5855-458b-8f26-3a281b076ccb-139877134112576", "trial_id": 46, "param_name": "model.hidden_dim", "param_value_internal": 2, "distribution": "{\"name\": \"CategoricalDistribution\", \"attributes\": {\"choices\": [4, 8, 16, 32, 64, 128, 256]}}"}
{"op_code": 5, "worker_id": "9d34be47-5855-458b-8f26-3a281b076ccb-139877134112576", "trial_id": 46, "param_name": "model.nlayers", "param_value_internal": 4.0, "distribution": "{\"name\": \"IntDistribution\", \"attributes\": {\"log\": false, \"step\": 1, \"low\": 1, \"high\": 6}}"}
{"op_code": 5, "worker_id": "9d34be47-5855-458b-8f26-3a281b076ccb-139877134112576", "trial_id": 46, "param_name": "model.dropout", "param_value_internal": 0.0030584611951827655, "distribution": "{\"name\": \"FloatDistribution\", \"attributes\": {\"step\": null, \"low\": 0.0, \"high\": 0.7, \"log\": false}}"}
{"op_code": 5, "worker_id": "9d34be47-5855-458b-8f26-3a281b076ccb-139877134112576", "trial_id": 46, "param_name": "training.epochs", "param_value_internal": 22.0, "distribution": "{\"name\": \"IntDistribution\", \"attributes\": {\"log\": false, \"step\": 1, \"low\": 6, \"high\": 25}}"}
{"op_code": 8, "worker_id": "9d34be47-5855-458b-8f26-3a281b076ccb-139877134112576", "trial_id": 46, "user_attr": {"seed": 88}}
{"op_code": 7, "worker_id": "9d34be47-5855-458b-8f26-3a281b076ccb-139877134112576", "trial_id": 46, "step": 0, "intermediate_value": 0.8075230121612549}
{"op_code": 7, "worker_id": "9d34be47-5855-458b-8f26-3a281b076ccb-139877134112576", "trial_id": 46, "step": 1, "intermediate_value": 0.8280795216560364}
{"op_code": 7, "worker_id": "9d34be47-5855-458b-8f26-3a281b076ccb-139877134112576", "trial_id": 46, "step": 2, "intermediate_value": 0.835991621017456}
{"op_code": 7, "worker_id": "9d34be47-5855-458b-8f26-3a281b076ccb-139877134112576", "trial_id": 46, "step": 3, "intermediate_value": 0.8430311679840088}
{"op_code": 7, "worker_id": "9d34be47-5855-458b-8f26-3a281b076ccb-139877134112576", "trial_id": 46, "step": 4, "intermediate_value": 0.8521721363067627}
{"op_code": 7, "worker_id": "9d34be47-5855-458b-8f26-3a281b076ccb-139877134112576", "trial_id": 46, "step": 5, "intermediate_value": 0.8516042232513428}
{"op_code": 6, "worker_id": "9d34be47-5855-458b-8f26-3a281b076ccb-139877134112576", "trial_id": 46, "state": 1, "values": [0.0], "datetime_complete": "2025-12-07T13:49:25.570538"}
{"op_code": 4, "worker_id": "9d34be47-5855-458b-8f26-3a281b076ccb-139877134112576", "study_id": 0, "datetime_start": "2025-12-07T13:49:25.572412"}
{"op_code": 5, "worker_id": "9d34be47-5855-458b-8f26-3a281b076ccb-139877134112576", "trial_id": 47, "param_name": "dataset.max_walk_length", "param_value_internal": 46.0, "distribution": "{\"name\": \"IntDistribution\", \"attributes\": {\"log\": false, \"step\": 1, \"low\": 10, \"high\": 100}}"}
{"op_code": 5, "worker_id": "9d34be47-5855-458b-8f26-3a281b076ccb-139877134112576", "trial_id": 47, "param_name": "dataset.num_walks", "param_value_internal": 4281592.0, "distribution": "{\"name\": \"IntDistribution\", \"attributes\": {\"log\": true, \"step\": 1, \"low\": 100000, \"high\": 5000000}}"}
{"op_code": 5, "worker_id": "9d34be47-5855-458b-8f26-3a281b076ccb-139877134112576", "trial_id": 47, "param_name": "training.lr", "param_value_internal": 0.0006690079271742515, "distribution": "{\"name\": \"FloatDistribution\", \"attributes\": {\"step\": null, \"low\": 1e-05, \"high\": 0.1, \"log\": true}}"}
{"op_code": 5, "worker_id": "9d34be47-5855-458b-8f26-3a281b076ccb-139877134112576", "trial_id": 47, "param_name": "training.weight_decay", "param_value_internal": 0.00011150519755085931, "distribution": "{\"name\": \"FloatDistribution\", \"attributes\": {\"step\": null, \"low\": 1e-08, \"high\": 0.1, \"log\": true}}"}
{"op_code": 5, "worker_id": "9d34be47-5855-458b-8f26-3a281b076ccb-139877134112576", "trial_id": 47, "param_name": "training.batch_size", "param_value_internal": 1, "distribution": "{\"name\": \"CategoricalDistribution\", \"attributes\": {\"choices\": [32, 64, 128, 256, 512]}}"}
{"op_code": 5, "worker_id": "9d34be47-5855-458b-8f26-3a281b076ccb-139877134112576", "trial_id": 47, "param_name": "training.gradient_clip_val", "param_value_internal": 0.36899904084867147, "distribution": "{\"name\": \"FloatDistribution\", \"attributes\": {\"step\": null, \"low\": 0.1, \"high\": 2.0, \"log\": false}}"}
{"op_code": 5, "worker_id": "9d34be47-5855-458b-8f26-3a281b076ccb-139877134112576", "trial_id": 47, "param_name": "training.early_stopping_patience", "param_value_internal": 11.0, "distribution": "{\"name\": \"IntDistribution\", \"attributes\": {\"log\": false, \"step\": 1, \"low\": 5, \"high\": 20}}"}
{"op_code": 5, "worker_id": "9d34be47-5855-458b-8f26-3a281b076ccb-139877134112576", "trial_id": 47, "param_name": "model.nhead", "param_value_internal": 1, "distribution": "{\"name\": \"CategoricalDistribution\", \"attributes\": {\"choices\": [1, 2, 4, 8, 16]}}"}
{"op_code": 5, "worker_id": "9d34be47-5855-458b-8f26-3a281b076ccb-139877134112576", "trial_id": 47, "param_name": "model.embedding_dim", "param_value_internal": 3, "distribution": "{\"name\": \"CategoricalDistribution\", \"attributes\": {\"choices\": [4, 8, 16, 32, 64, 128]}}"}
{"op_code": 5, "worker_id": "9d34be47-5855-458b-8f26-3a281b076ccb-139877134112576", "trial_id": 47, "param_name": "model.hidden_dim", "param_value_internal": 5, "distribution": "{\"name\": \"CategoricalDistribution\", \"attributes\": {\"choices\": [4, 8, 16, 32, 64, 128, 256]}}"}
{"op_code": 5, "worker_id": "9d34be47-5855-458b-8f26-3a281b076ccb-139877134112576", "trial_id": 47, "param_name": "model.nlayers", "param_value_internal": 4.0, "distribution": "{\"name\": \"IntDistribution\", \"attributes\": {\"log\": false, \"step\": 1, \"low\": 1, \"high\": 6}}"}
{"op_code": 5, "worker_id": "9d34be47-5855-458b-8f26-3a281b076ccb-139877134112576", "trial_id": 47, "param_name": "model.dropout", "param_value_internal": 0.03994426865956845, "distribution": "{\"name\": \"FloatDistribution\", \"attributes\": {\"step\": null, \"low\": 0.0, \"high\": 0.7, \"log\": false}}"}
{"op_code": 5, "worker_id": "9d34be47-5855-458b-8f26-3a281b076ccb-139877134112576", "trial_id": 47, "param_name": "training.epochs", "param_value_internal": 24.0, "distribution": "{\"name\": \"IntDistribution\", \"attributes\": {\"log\": false, \"step\": 1, \"low\": 6, \"high\": 25}}"}
{"op_code": 8, "worker_id": "9d34be47-5855-458b-8f26-3a281b076ccb-139877134112576", "trial_id": 47, "user_attr": {"seed": 89}}
{"op_code": 7, "worker_id": "9d34be47-5855-458b-8f26-3a281b076ccb-139877134112576", "trial_id": 47, "step": 0, "intermediate_value": 0.9011964201927185}
{"op_code": 7, "worker_id": "9d34be47-5855-458b-8f26-3a281b076ccb-139877134112576", "trial_id": 47, "step": 1, "intermediate_value": 0.9066203832626343}
{"op_code": 7, "worker_id": "9d34be47-5855-458b-8f26-3a281b076ccb-139877134112576", "trial_id": 47, "step": 2, "intermediate_value": 0.9061022996902466}
{"op_code": 7, "worker_id": "9d34be47-5855-458b-8f26-3a281b076ccb-139877134112576", "trial_id": 47, "step": 3, "intermediate_value": 0.9058831930160522}
{"op_code": 7, "worker_id": "9d34be47-5855-458b-8f26-3a281b076ccb-139877134112576", "trial_id": 47, "step": 4, "intermediate_value": 0.9043076038360596}
{"op_code": 7, "worker_id": "9d34be47-5855-458b-8f26-3a281b076ccb-139877134112576", "trial_id": 47, "step": 5, "intermediate_value": 0.9050382971763611}
{"op_code": 7, "worker_id": "9d34be47-5855-458b-8f26-3a281b076ccb-139877134112576", "trial_id": 47, "step": 6, "intermediate_value": 0.9031251668930054}
{"op_code": 7, "worker_id": "9d34be47-5855-458b-8f26-3a281b076ccb-139877134112576", "trial_id": 47, "step": 7, "intermediate_value": 0.9019384384155273}
{"op_code": 7, "worker_id": "9d34be47-5855-458b-8f26-3a281b076ccb-139877134112576", "trial_id": 47, "step": 8, "intermediate_value": 0.9057793617248535}
{"op_code": 7, "worker_id": "9d34be47-5855-458b-8f26-3a281b076ccb-139877134112576", "trial_id": 47, "step": 9, "intermediate_value": 0.9067285060882568}
{"op_code": 7, "worker_id": "9d34be47-5855-458b-8f26-3a281b076ccb-139877134112576", "trial_id": 47, "step": 10, "intermediate_value": 0.9011523127555847}
{"op_code": 7, "worker_id": "9d34be47-5855-458b-8f26-3a281b076ccb-139877134112576", "trial_id": 47, "step": 11, "intermediate_value": 0.9050076603889465}
{"op_code": 7, "worker_id": "9d34be47-5855-458b-8f26-3a281b076ccb-139877134112576", "trial_id": 47, "step": 12, "intermediate_value": 0.9026758670806885}
{"op_code": 7, "worker_id": "9d34be47-5855-458b-8f26-3a281b076ccb-139877134112576", "trial_id": 47, "step": 13, "intermediate_value": 0.9049878120422363}
{"op_code": 7, "worker_id": "9d34be47-5855-458b-8f26-3a281b076ccb-139877134112576", "trial_id": 47, "step": 14, "intermediate_value": 0.9070072770118713}
{"op_code": 7, "worker_id": "9d34be47-5855-458b-8f26-3a281b076ccb-139877134112576", "trial_id": 47, "step": 15, "intermediate_value": 0.9042377471923828}
{"op_code": 7, "worker_id": "9d34be47-5855-458b-8f26-3a281b076ccb-139877134112576", "trial_id": 47, "step": 16, "intermediate_value": 0.9047590494155884}
{"op_code": 7, "worker_id": "9d34be47-5855-458b-8f26-3a281b076ccb-139877134112576", "trial_id": 47, "step": 17, "intermediate_value": 0.9034767746925354}
{"op_code": 7, "worker_id": "9d34be47-5855-458b-8f26-3a281b076ccb-139877134112576", "trial_id": 47, "step": 18, "intermediate_value": 0.9034406542778015}
{"op_code": 7, "worker_id": "9d34be47-5855-458b-8f26-3a281b076ccb-139877134112576", "trial_id": 47, "step": 19, "intermediate_value": 0.9035179018974304}
{"op_code": 7, "worker_id": "9d34be47-5855-458b-8f26-3a281b076ccb-139877134112576", "trial_id": 47, "step": 20, "intermediate_value": 0.9036847352981567}
{"op_code": 7, "worker_id": "9d34be47-5855-458b-8f26-3a281b076ccb-139877134112576", "trial_id": 47, "step": 21, "intermediate_value": 0.9023854732513428}
{"op_code": 7, "worker_id": "9d34be47-5855-458b-8f26-3a281b076ccb-139877134112576", "trial_id": 47, "step": 22, "intermediate_value": 0.9032177329063416}
{"op_code": 7, "worker_id": "9d34be47-5855-458b-8f26-3a281b076ccb-139877134112576", "trial_id": 47, "step": 23, "intermediate_value": 0.9034355878829956}
{"op_code": 7, "worker_id": "9d34be47-5855-458b-8f26-3a281b076ccb-139877134112576", "trial_id": 47, "step": 24, "intermediate_value": 0.9070072770118713}
{"op_code": 6, "worker_id": "9d34be47-5855-458b-8f26-3a281b076ccb-139877134112576", "trial_id": 47, "state": 1, "values": [0.9070072770118713], "datetime_complete": "2025-12-07T22:14:34.576452"}
{"op_code": 4, "worker_id": "9d34be47-5855-458b-8f26-3a281b076ccb-139877134112576", "study_id": 0, "datetime_start": "2025-12-07T22:14:34.578260"}
{"op_code": 5, "worker_id": "9d34be47-5855-458b-8f26-3a281b076ccb-139877134112576", "trial_id": 48, "param_name": "dataset.max_walk_length", "param_value_internal": 39.0, "distribution": "{\"name\": \"IntDistribution\", \"attributes\": {\"log\": false, \"step\": 1, \"low\": 10, \"high\": 100}}"}
{"op_code": 5, "worker_id": "9d34be47-5855-458b-8f26-3a281b076ccb-139877134112576", "trial_id": 48, "param_name": "dataset.num_walks", "param_value_internal": 1893881.0, "distribution": "{\"name\": \"IntDistribution\", \"attributes\": {\"log\": true, \"step\": 1, \"low\": 100000, \"high\": 5000000}}"}
{"op_code": 5, "worker_id": "9d34be47-5855-458b-8f26-3a281b076ccb-139877134112576", "trial_id": 48, "param_name": "training.lr", "param_value_internal": 0.00025958608960656345, "distribution": "{\"name\": \"FloatDistribution\", \"attributes\": {\"step\": null, \"low\": 1e-05, \"high\": 0.1, \"log\": true}}"}
{"op_code": 5, "worker_id": "9d34be47-5855-458b-8f26-3a281b076ccb-139877134112576", "trial_id": 48, "param_name": "training.weight_decay", "param_value_internal": 0.0005622968674647113, "distribution": "{\"name\": \"FloatDistribution\", \"attributes\": {\"step\": null, \"low\": 1e-08, \"high\": 0.1, \"log\": true}}"}
{"op_code": 5, "worker_id": "9d34be47-5855-458b-8f26-3a281b076ccb-139877134112576", "trial_id": 48, "param_name": "training.batch_size", "param_value_internal": 1, "distribution": "{\"name\": \"CategoricalDistribution\", \"attributes\": {\"choices\": [32, 64, 128, 256, 512]}}"}
{"op_code": 5, "worker_id": "9d34be47-5855-458b-8f26-3a281b076ccb-139877134112576", "trial_id": 48, "param_name": "training.gradient_clip_val", "param_value_internal": 0.10359623533089254, "distribution": "{\"name\": \"FloatDistribution\", \"attributes\": {\"step\": null, \"low\": 0.1, \"high\": 2.0, \"log\": false}}"}
{"op_code": 5, "worker_id": "9d34be47-5855-458b-8f26-3a281b076ccb-139877134112576", "trial_id": 48, "param_name": "training.early_stopping_patience", "param_value_internal": 10.0, "distribution": "{\"name\": \"IntDistribution\", \"attributes\": {\"log\": false, \"step\": 1, \"low\": 5, \"high\": 20}}"}
{"op_code": 5, "worker_id": "9d34be47-5855-458b-8f26-3a281b076ccb-139877134112576", "trial_id": 48, "param_name": "model.nhead", "param_value_internal": 1, "distribution": "{\"name\": \"CategoricalDistribution\", \"attributes\": {\"choices\": [1, 2, 4, 8, 16]}}"}
{"op_code": 5, "worker_id": "9d34be47-5855-458b-8f26-3a281b076ccb-139877134112576", "trial_id": 48, "param_name": "model.embedding_dim", "param_value_internal": 3, "distribution": "{\"name\": \"CategoricalDistribution\", \"attributes\": {\"choices\": [4, 8, 16, 32, 64, 128]}}"}
{"op_code": 5, "worker_id": "9d34be47-5855-458b-8f26-3a281b076ccb-139877134112576", "trial_id": 48, "param_name": "model.hidden_dim", "param_value_internal": 5, "distribution": "{\"name\": \"CategoricalDistribution\", \"attributes\": {\"choices\": [4, 8, 16, 32, 64, 128, 256]}}"}
{"op_code": 5, "worker_id": "9d34be47-5855-458b-8f26-3a281b076ccb-139877134112576", "trial_id": 48, "param_name": "model.nlayers", "param_value_internal": 5.0, "distribution": "{\"name\": \"IntDistribution\", \"attributes\": {\"log\": false, \"step\": 1, \"low\": 1, \"high\": 6}}"}
{"op_code": 5, "worker_id": "9d34be47-5855-458b-8f26-3a281b076ccb-139877134112576", "trial_id": 48, "param_name": "model.dropout", "param_value_internal": 0.030297346490618764, "distribution": "{\"name\": \"FloatDistribution\", \"attributes\": {\"step\": null, \"low\": 0.0, \"high\": 0.7, \"log\": false}}"}
{"op_code": 5, "worker_id": "9d34be47-5855-458b-8f26-3a281b076ccb-139877134112576", "trial_id": 48, "param_name": "training.epochs", "param_value_internal": 24.0, "distribution": "{\"name\": \"IntDistribution\", \"attributes\": {\"log\": false, \"step\": 1, \"low\": 6, \"high\": 25}}"}
{"op_code": 8, "worker_id": "9d34be47-5855-458b-8f26-3a281b076ccb-139877134112576", "trial_id": 48, "user_attr": {"seed": 90}}
{"op_code": 7, "worker_id": "9d34be47-5855-458b-8f26-3a281b076ccb-139877134112576", "trial_id": 48, "step": 0, "intermediate_value": 0.7891892194747925}
{"op_code": 7, "worker_id": "9d34be47-5855-458b-8f26-3a281b076ccb-139877134112576", "trial_id": 48, "step": 1, "intermediate_value": 0.8307459354400635}
{"op_code": 7, "worker_id": "9d34be47-5855-458b-8f26-3a281b076ccb-139877134112576", "trial_id": 48, "step": 2, "intermediate_value": 0.8569543361663818}
{"op_code": 7, "worker_id": "9d34be47-5855-458b-8f26-3a281b076ccb-139877134112576", "trial_id": 48, "step": 3, "intermediate_value": 0.8691391944885254}
{"op_code": 7, "worker_id": "9d34be47-5855-458b-8f26-3a281b076ccb-139877134112576", "trial_id": 48, "step": 4, "intermediate_value": 0.8913091421127319}
{"op_code": 7, "worker_id": "9d34be47-5855-458b-8f26-3a281b076ccb-139877134112576", "trial_id": 48, "step": 5, "intermediate_value": 0.8996710181236267}
{"op_code": 7, "worker_id": "9d34be47-5855-458b-8f26-3a281b076ccb-139877134112576", "trial_id": 48, "step": 6, "intermediate_value": 0.9042843580245972}
{"op_code": 7, "worker_id": "9d34be47-5855-458b-8f26-3a281b076ccb-139877134112576", "trial_id": 48, "step": 7, "intermediate_value": 0.9062879681587219}
{"op_code": 7, "worker_id": "9d34be47-5855-458b-8f26-3a281b076ccb-139877134112576", "trial_id": 48, "step": 8, "intermediate_value": 0.907339870929718}
{"op_code": 7, "worker_id": "9d34be47-5855-458b-8f26-3a281b076ccb-139877134112576", "trial_id": 48, "step": 9, "intermediate_value": 0.9097582101821899}
{"op_code": 7, "worker_id": "9d34be47-5855-458b-8f26-3a281b076ccb-139877134112576", "trial_id": 48, "step": 10, "intermediate_value": 0.9121041297912598}
{"op_code": 7, "worker_id": "9d34be47-5855-458b-8f26-3a281b076ccb-139877134112576", "trial_id": 48, "step": 11, "intermediate_value": 0.9115246534347534}
{"op_code": 7, "worker_id": "9d34be47-5855-458b-8f26-3a281b076ccb-139877134112576", "trial_id": 48, "step": 12, "intermediate_value": 0.9092438220977783}
{"op_code": 7, "worker_id": "9d34be47-5855-458b-8f26-3a281b076ccb-139877134112576", "trial_id": 48, "step": 13, "intermediate_value": 0.9120156764984131}
{"op_code": 7, "worker_id": "9d34be47-5855-458b-8f26-3a281b076ccb-139877134112576", "trial_id": 48, "step": 14, "intermediate_value": 0.9108498096466064}
{"op_code": 7, "worker_id": "9d34be47-5855-458b-8f26-3a281b076ccb-139877134112576", "trial_id": 48, "step": 15, "intermediate_value": 0.9093965291976929}
{"op_code": 7, "worker_id": "9d34be47-5855-458b-8f26-3a281b076ccb-139877134112576", "trial_id": 48, "step": 16, "intermediate_value": 0.9099464416503906}
{"op_code": 7, "worker_id": "9d34be47-5855-458b-8f26-3a281b076ccb-139877134112576", "trial_id": 48, "step": 17, "intermediate_value": 0.9088810682296753}
{"op_code": 7, "worker_id": "9d34be47-5855-458b-8f26-3a281b076ccb-139877134112576", "trial_id": 48, "step": 18, "intermediate_value": 0.9074362516403198}
{"op_code": 7, "worker_id": "9d34be47-5855-458b-8f26-3a281b076ccb-139877134112576", "trial_id": 48, "step": 19, "intermediate_value": 0.9091864824295044}
{"op_code": 7, "worker_id": "9d34be47-5855-458b-8f26-3a281b076ccb-139877134112576", "trial_id": 48, "step": 20, "intermediate_value": 0.9087381958961487}
{"op_code": 7, "worker_id": "9d34be47-5855-458b-8f26-3a281b076ccb-139877134112576", "trial_id": 48, "step": 21, "intermediate_value": 0.9121041297912598}
{"op_code": 6, "worker_id": "9d34be47-5855-458b-8f26-3a281b076ccb-139877134112576", "trial_id": 48, "state": 1, "values": [0.9121041297912598], "datetime_complete": "2025-12-08T01:54:59.064273"}
{"op_code": 4, "worker_id": "9d34be47-5855-458b-8f26-3a281b076ccb-139877134112576", "study_id": 0, "datetime_start": "2025-12-08T01:54:59.065808"}
{"op_code": 5, "worker_id": "9d34be47-5855-458b-8f26-3a281b076ccb-139877134112576", "trial_id": 49, "param_name": "dataset.max_walk_length", "param_value_internal": 38.0, "distribution": "{\"name\": \"IntDistribution\", \"attributes\": {\"log\": false, \"step\": 1, \"low\": 10, \"high\": 100}}"}
{"op_code": 5, "worker_id": "9d34be47-5855-458b-8f26-3a281b076ccb-139877134112576", "trial_id": 49, "param_name": "dataset.num_walks", "param_value_internal": 1332619.0, "distribution": "{\"name\": \"IntDistribution\", \"attributes\": {\"log\": true, \"step\": 1, \"low\": 100000, \"high\": 5000000}}"}
{"op_code": 5, "worker_id": "9d34be47-5855-458b-8f26-3a281b076ccb-139877134112576", "trial_id": 49, "param_name": "training.lr", "param_value_internal": 0.0002157363689413489, "distribution": "{\"name\": \"FloatDistribution\", \"attributes\": {\"step\": null, \"low\": 1e-05, \"high\": 0.1, \"log\": true}}"}
{"op_code": 5, "worker_id": "9d34be47-5855-458b-8f26-3a281b076ccb-139877134112576", "trial_id": 49, "param_name": "training.weight_decay", "param_value_internal": 0.00208626546974941, "distribution": "{\"name\": \"FloatDistribution\", \"attributes\": {\"step\": null, \"low\": 1e-08, \"high\": 0.1, \"log\": true}}"}
{"op_code": 5, "worker_id": "9d34be47-5855-458b-8f26-3a281b076ccb-139877134112576", "trial_id": 49, "param_name": "training.batch_size", "param_value_internal": 1, "distribution": "{\"name\": \"CategoricalDistribution\", \"attributes\": {\"choices\": [32, 64, 128, 256, 512]}}"}
{"op_code": 5, "worker_id": "9d34be47-5855-458b-8f26-3a281b076ccb-139877134112576", "trial_id": 49, "param_name": "training.gradient_clip_val", "param_value_internal": 0.10508255262938271, "distribution": "{\"name\": \"FloatDistribution\", \"attributes\": {\"step\": null, \"low\": 0.1, \"high\": 2.0, \"log\": false}}"}
{"op_code": 5, "worker_id": "9d34be47-5855-458b-8f26-3a281b076ccb-139877134112576", "trial_id": 49, "param_name": "training.early_stopping_patience", "param_value_internal": 12.0, "distribution": "{\"name\": \"IntDistribution\", \"attributes\": {\"log\": false, \"step\": 1, \"low\": 5, \"high\": 20}}"}
{"op_code": 5, "worker_id": "9d34be47-5855-458b-8f26-3a281b076ccb-139877134112576", "trial_id": 49, "param_name": "model.nhead", "param_value_internal": 1, "distribution": "{\"name\": \"CategoricalDistribution\", \"attributes\": {\"choices\": [1, 2, 4, 8, 16]}}"}
{"op_code": 5, "worker_id": "9d34be47-5855-458b-8f26-3a281b076ccb-139877134112576", "trial_id": 49, "param_name": "model.embedding_dim", "param_value_internal": 3, "distribution": "{\"name\": \"CategoricalDistribution\", \"attributes\": {\"choices\": [4, 8, 16, 32, 64, 128]}}"}
{"op_code": 5, "worker_id": "9d34be47-5855-458b-8f26-3a281b076ccb-139877134112576", "trial_id": 49, "param_name": "model.hidden_dim", "param_value_internal": 5, "distribution": "{\"name\": \"CategoricalDistribution\", \"attributes\": {\"choices\": [4, 8, 16, 32, 64, 128, 256]}}"}
{"op_code": 5, "worker_id": "9d34be47-5855-458b-8f26-3a281b076ccb-139877134112576", "trial_id": 49, "param_name": "model.nlayers", "param_value_internal": 5.0, "distribution": "{\"name\": \"IntDistribution\", \"attributes\": {\"log\": false, \"step\": 1, \"low\": 1, \"high\": 6}}"}
{"op_code": 5, "worker_id": "9d34be47-5855-458b-8f26-3a281b076ccb-139877134112576", "trial_id": 49, "param_name": "model.dropout", "param_value_internal": 0.03716051263163535, "distribution": "{\"name\": \"FloatDistribution\", \"attributes\": {\"step\": null, \"low\": 0.0, \"high\": 0.7, \"log\": false}}"}
{"op_code": 5, "worker_id": "9d34be47-5855-458b-8f26-3a281b076ccb-139877134112576", "trial_id": 49, "param_name": "training.epochs", "param_value_internal": 20.0, "distribution": "{\"name\": \"IntDistribution\", \"attributes\": {\"log\": false, \"step\": 1, \"low\": 6, \"high\": 25}}"}
{"op_code": 8, "worker_id": "9d34be47-5855-458b-8f26-3a281b076ccb-139877134112576", "trial_id": 49, "user_attr": {"seed": 91}}
{"op_code": 7, "worker_id": "9d34be47-5855-458b-8f26-3a281b076ccb-139877134112576", "trial_id": 49, "step": 0, "intermediate_value": 0.7383680939674377}
{"op_code": 7, "worker_id": "9d34be47-5855-458b-8f26-3a281b076ccb-139877134112576", "trial_id": 49, "step": 1, "intermediate_value": 0.8079404830932617}
{"op_code": 7, "worker_id": "9d34be47-5855-458b-8f26-3a281b076ccb-139877134112576", "trial_id": 49, "step": 2, "intermediate_value": 0.8355461955070496}
{"op_code": 7, "worker_id": "9d34be47-5855-458b-8f26-3a281b076ccb-139877134112576", "trial_id": 49, "step": 3, "intermediate_value": 0.8449140787124634}
{"op_code": 7, "worker_id": "9d34be47-5855-458b-8f26-3a281b076ccb-139877134112576", "trial_id": 49, "step": 4, "intermediate_value": 0.8563879728317261}
{"op_code": 7, "worker_id": "9d34be47-5855-458b-8f26-3a281b076ccb-139877134112576", "trial_id": 49, "step": 5, "intermediate_value": 0.8670943975448608}
{"op_code": 6, "worker_id": "9d34be47-5855-458b-8f26-3a281b076ccb-139877134112576", "trial_id": 49, "state": 1, "values": [0.0], "datetime_complete": "2025-12-08T02:56:04.622538"}
{"op_code": 4, "worker_id": "9d34be47-5855-458b-8f26-3a281b076ccb-139877134112576", "study_id": 0, "datetime_start": "2025-12-08T02:56:04.624044"}
{"op_code": 5, "worker_id": "9d34be47-5855-458b-8f26-3a281b076ccb-139877134112576", "trial_id": 50, "param_name": "dataset.max_walk_length", "param_value_internal": 45.0, "distribution": "{\"name\": \"IntDistribution\", \"attributes\": {\"log\": false, \"step\": 1, \"low\": 10, \"high\": 100}}"}
{"op_code": 5, "worker_id": "9d34be47-5855-458b-8f26-3a281b076ccb-139877134112576", "trial_id": 50, "param_name": "dataset.num_walks", "param_value_internal": 1862188.0, "distribution": "{\"name\": \"IntDistribution\", \"attributes\": {\"log\": true, \"step\": 1, \"low\": 100000, \"high\": 5000000}}"}
{"op_code": 5, "worker_id": "9d34be47-5855-458b-8f26-3a281b076ccb-139877134112576", "trial_id": 50, "param_name": "training.lr", "param_value_internal": 0.00033627364332261826, "distribution": "{\"name\": \"FloatDistribution\", \"attributes\": {\"step\": null, \"low\": 1e-05, \"high\": 0.1, \"log\": true}}"}
{"op_code": 5, "worker_id": "9d34be47-5855-458b-8f26-3a281b076ccb-139877134112576", "trial_id": 50, "param_name": "training.weight_decay", "param_value_internal": 0.0008873800266196993, "distribution": "{\"name\": \"FloatDistribution\", \"attributes\": {\"step\": null, \"low\": 1e-08, \"high\": 0.1, \"log\": true}}"}
{"op_code": 5, "worker_id": "9d34be47-5855-458b-8f26-3a281b076ccb-139877134112576", "trial_id": 50, "param_name": "training.batch_size", "param_value_internal": 1, "distribution": "{\"name\": \"CategoricalDistribution\", \"attributes\": {\"choices\": [32, 64, 128, 256, 512]}}"}
{"op_code": 5, "worker_id": "9d34be47-5855-458b-8f26-3a281b076ccb-139877134112576", "trial_id": 50, "param_name": "training.gradient_clip_val", "param_value_internal": 0.3265218934870706, "distribution": "{\"name\": \"FloatDistribution\", \"attributes\": {\"step\": null, \"low\": 0.1, \"high\": 2.0, \"log\": false}}"}
{"op_code": 5, "worker_id": "9d34be47-5855-458b-8f26-3a281b076ccb-139877134112576", "trial_id": 50, "param_name": "training.early_stopping_patience", "param_value_internal": 11.0, "distribution": "{\"name\": \"IntDistribution\", \"attributes\": {\"log\": false, \"step\": 1, \"low\": 5, \"high\": 20}}"}
{"op_code": 5, "worker_id": "9d34be47-5855-458b-8f26-3a281b076ccb-139877134112576", "trial_id": 50, "param_name": "model.nhead", "param_value_internal": 1, "distribution": "{\"name\": \"CategoricalDistribution\", \"attributes\": {\"choices\": [1, 2, 4, 8, 16]}}"}
{"op_code": 5, "worker_id": "9d34be47-5855-458b-8f26-3a281b076ccb-139877134112576", "trial_id": 50, "param_name": "model.embedding_dim", "param_value_internal": 3, "distribution": "{\"name\": \"CategoricalDistribution\", \"attributes\": {\"choices\": [4, 8, 16, 32, 64, 128]}}"}
{"op_code": 5, "worker_id": "9d34be47-5855-458b-8f26-3a281b076ccb-139877134112576", "trial_id": 50, "param_name": "model.hidden_dim", "param_value_internal": 5, "distribution": "{\"name\": \"CategoricalDistribution\", \"attributes\": {\"choices\": [4, 8, 16, 32, 64, 128, 256]}}"}
{"op_code": 5, "worker_id": "9d34be47-5855-458b-8f26-3a281b076ccb-139877134112576", "trial_id": 50, "param_name": "model.nlayers", "param_value_internal": 5.0, "distribution": "{\"name\": \"IntDistribution\", \"attributes\": {\"log\": false, \"step\": 1, \"low\": 1, \"high\": 6}}"}
{"op_code": 5, "worker_id": "9d34be47-5855-458b-8f26-3a281b076ccb-139877134112576", "trial_id": 50, "param_name": "model.dropout", "param_value_internal": 0.1245806712413121, "distribution": "{\"name\": \"FloatDistribution\", \"attributes\": {\"step\": null, \"low\": 0.0, \"high\": 0.7, \"log\": false}}"}
{"op_code": 5, "worker_id": "9d34be47-5855-458b-8f26-3a281b076ccb-139877134112576", "trial_id": 50, "param_name": "training.epochs", "param_value_internal": 21.0, "distribution": "{\"name\": \"IntDistribution\", \"attributes\": {\"log\": false, \"step\": 1, \"low\": 6, \"high\": 25}}"}
{"op_code": 8, "worker_id": "9d34be47-5855-458b-8f26-3a281b076ccb-139877134112576", "trial_id": 50, "user_attr": {"seed": 92}}
{"op_code": 7, "worker_id": "9d34be47-5855-458b-8f26-3a281b076ccb-139877134112576", "trial_id": 50, "step": 0, "intermediate_value": 0.8041164875030518}
{"op_code": 7, "worker_id": "9d34be47-5855-458b-8f26-3a281b076ccb-139877134112576", "trial_id": 50, "step": 1, "intermediate_value": 0.8358069658279419}
{"op_code": 7, "worker_id": "9d34be47-5855-458b-8f26-3a281b076ccb-139877134112576", "trial_id": 50, "step": 2, "intermediate_value": 0.8533024787902832}
{"op_code": 7, "worker_id": "9d34be47-5855-458b-8f26-3a281b076ccb-139877134112576", "trial_id": 50, "step": 3, "intermediate_value": 0.8720343112945557}
{"op_code": 7, "worker_id": "9d34be47-5855-458b-8f26-3a281b076ccb-139877134112576", "trial_id": 50, "step": 4, "intermediate_value": 0.8838210105895996}
{"op_code": 7, "worker_id": "9d34be47-5855-458b-8f26-3a281b076ccb-139877134112576", "trial_id": 50, "step": 5, "intermediate_value": 0.8891624212265015}
{"op_code": 7, "worker_id": "9d34be47-5855-458b-8f26-3a281b076ccb-139877134112576", "trial_id": 50, "step": 6, "intermediate_value": 0.892764687538147}
{"op_code": 7, "worker_id": "9d34be47-5855-458b-8f26-3a281b076ccb-139877134112576", "trial_id": 50, "step": 7, "intermediate_value": 0.8920990228652954}
{"op_code": 7, "worker_id": "9d34be47-5855-458b-8f26-3a281b076ccb-139877134112576", "trial_id": 50, "step": 8, "intermediate_value": 0.8997253179550171}
{"op_code": 7, "worker_id": "9d34be47-5855-458b-8f26-3a281b076ccb-139877134112576", "trial_id": 50, "step": 9, "intermediate_value": 0.8962234258651733}
{"op_code": 7, "worker_id": "9d34be47-5855-458b-8f26-3a281b076ccb-139877134112576", "trial_id": 50, "step": 10, "intermediate_value": 0.8994951844215393}
{"op_code": 7, "worker_id": "9d34be47-5855-458b-8f26-3a281b076ccb-139877134112576", "trial_id": 50, "step": 11, "intermediate_value": 0.8978590369224548}
{"op_code": 7, "worker_id": "9d34be47-5855-458b-8f26-3a281b076ccb-139877134112576", "trial_id": 50, "step": 12, "intermediate_value": 0.8994308710098267}
{"op_code": 7, "worker_id": "9d34be47-5855-458b-8f26-3a281b076ccb-139877134112576", "trial_id": 50, "step": 13, "intermediate_value": 0.8985670804977417}
{"op_code": 7, "worker_id": "9d34be47-5855-458b-8f26-3a281b076ccb-139877134112576", "trial_id": 50, "step": 14, "intermediate_value": 0.899691641330719}
{"op_code": 7, "worker_id": "9d34be47-5855-458b-8f26-3a281b076ccb-139877134112576", "trial_id": 50, "step": 15, "intermediate_value": 0.8976089358329773}
{"op_code": 7, "worker_id": "9d34be47-5855-458b-8f26-3a281b076ccb-139877134112576", "trial_id": 50, "step": 16, "intermediate_value": 0.897127628326416}
{"op_code": 7, "worker_id": "9d34be47-5855-458b-8f26-3a281b076ccb-139877134112576", "trial_id": 50, "step": 17, "intermediate_value": 0.8974680304527283}
{"op_code": 7, "worker_id": "9d34be47-5855-458b-8f26-3a281b076ccb-139877134112576", "trial_id": 50, "step": 18, "intermediate_value": 0.8980144262313843}
{"op_code": 7, "worker_id": "9d34be47-5855-458b-8f26-3a281b076ccb-139877134112576", "trial_id": 50, "step": 19, "intermediate_value": 0.897305428981781}
{"op_code": 6, "worker_id": "9d34be47-5855-458b-8f26-3a281b076ccb-139877134112576", "trial_id": 50, "state": 1, "values": [0.0], "datetime_complete": "2025-12-08T06:08:50.769262"}
{"op_code": 4, "worker_id": "9d34be47-5855-458b-8f26-3a281b076ccb-139877134112576", "study_id": 0, "datetime_start": "2025-12-08T06:08:50.828956"}
{"op_code": 5, "worker_id": "9d34be47-5855-458b-8f26-3a281b076ccb-139877134112576", "trial_id": 51, "param_name": "dataset.max_walk_length", "param_value_internal": 36.0, "distribution": "{\"name\": \"IntDistribution\", \"attributes\": {\"log\": false, \"step\": 1, \"low\": 10, \"high\": 100}}"}
{"op_code": 5, "worker_id": "9d34be47-5855-458b-8f26-3a281b076ccb-139877134112576", "trial_id": 51, "param_name": "dataset.num_walks", "param_value_internal": 4062158.0, "distribution": "{\"name\": \"IntDistribution\", \"attributes\": {\"log\": true, \"step\": 1, \"low\": 100000, \"high\": 5000000}}"}
{"op_code": 5, "worker_id": "9d34be47-5855-458b-8f26-3a281b076ccb-139877134112576", "trial_id": 51, "param_name": "training.lr", "param_value_internal": 0.0008072198172926611, "distribution": "{\"name\": \"FloatDistribution\", \"attributes\": {\"step\": null, \"low\": 1e-05, \"high\": 0.1, \"log\": true}}"}
{"op_code": 5, "worker_id": "9d34be47-5855-458b-8f26-3a281b076ccb-139877134112576", "trial_id": 51, "param_name": "training.weight_decay", "param_value_internal": 0.00033459832912002753, "distribution": "{\"name\": \"FloatDistribution\", \"attributes\": {\"step\": null, \"low\": 1e-08, \"high\": 0.1, \"log\": true}}"}
{"op_code": 5, "worker_id": "9d34be47-5855-458b-8f26-3a281b076ccb-139877134112576", "trial_id": 51, "param_name": "training.batch_size", "param_value_internal": 1, "distribution": "{\"name\": \"CategoricalDistribution\", \"attributes\": {\"choices\": [32, 64, 128, 256, 512]}}"}
{"op_code": 5, "worker_id": "9d34be47-5855-458b-8f26-3a281b076ccb-139877134112576", "trial_id": 51, "param_name": "training.gradient_clip_val", "param_value_internal": 0.18036191677449986, "distribution": "{\"name\": \"FloatDistribution\", \"attributes\": {\"step\": null, \"low\": 0.1, \"high\": 2.0, \"log\": false}}"}
{"op_code": 5, "worker_id": "9d34be47-5855-458b-8f26-3a281b076ccb-139877134112576", "trial_id": 51, "param_name": "training.early_stopping_patience", "param_value_internal": 10.0, "distribution": "{\"name\": \"IntDistribution\", \"attributes\": {\"log\": false, \"step\": 1, \"low\": 5, \"high\": 20}}"}
{"op_code": 5, "worker_id": "9d34be47-5855-458b-8f26-3a281b076ccb-139877134112576", "trial_id": 51, "param_name": "model.nhead", "param_value_internal": 1, "distribution": "{\"name\": \"CategoricalDistribution\", \"attributes\": {\"choices\": [1, 2, 4, 8, 16]}}"}
{"op_code": 5, "worker_id": "9d34be47-5855-458b-8f26-3a281b076ccb-139877134112576", "trial_id": 51, "param_name": "model.embedding_dim", "param_value_internal": 3, "distribution": "{\"name\": \"CategoricalDistribution\", \"attributes\": {\"choices\": [4, 8, 16, 32, 64, 128]}}"}
{"op_code": 5, "worker_id": "9d34be47-5855-458b-8f26-3a281b076ccb-139877134112576", "trial_id": 51, "param_name": "model.hidden_dim", "param_value_internal": 5, "distribution": "{\"name\": \"CategoricalDistribution\", \"attributes\": {\"choices\": [4, 8, 16, 32, 64, 128, 256]}}"}
{"op_code": 5, "worker_id": "9d34be47-5855-458b-8f26-3a281b076ccb-139877134112576", "trial_id": 51, "param_name": "model.nlayers", "param_value_internal": 4.0, "distribution": "{\"name\": \"IntDistribution\", \"attributes\": {\"log\": false, \"step\": 1, \"low\": 1, \"high\": 6}}"}
{"op_code": 5, "worker_id": "9d34be47-5855-458b-8f26-3a281b076ccb-139877134112576", "trial_id": 51, "param_name": "model.dropout", "param_value_internal": 0.03424696450289283, "distribution": "{\"name\": \"FloatDistribution\", \"attributes\": {\"step\": null, \"low\": 0.0, \"high\": 0.7, \"log\": false}}"}
{"op_code": 5, "worker_id": "9d34be47-5855-458b-8f26-3a281b076ccb-139877134112576", "trial_id": 51, "param_name": "training.epochs", "param_value_internal": 24.0, "distribution": "{\"name\": \"IntDistribution\", \"attributes\": {\"log\": false, \"step\": 1, \"low\": 6, \"high\": 25}}"}
{"op_code": 8, "worker_id": "9d34be47-5855-458b-8f26-3a281b076ccb-139877134112576", "trial_id": 51, "user_attr": {"seed": 93}}
{"op_code": 7, "worker_id": "9d34be47-5855-458b-8f26-3a281b076ccb-139877134112576", "trial_id": 51, "step": 0, "intermediate_value": 0.8886432647705078}
{"op_code": 7, "worker_id": "9d34be47-5855-458b-8f26-3a281b076ccb-139877134112576", "trial_id": 51, "step": 1, "intermediate_value": 0.896527886390686}
{"op_code": 7, "worker_id": "9d34be47-5855-458b-8f26-3a281b076ccb-139877134112576", "trial_id": 51, "step": 2, "intermediate_value": 0.8999184370040894}
{"op_code": 7, "worker_id": "9d34be47-5855-458b-8f26-3a281b076ccb-139877134112576", "trial_id": 51, "step": 3, "intermediate_value": 0.9027581214904785}
{"op_code": 7, "worker_id": "9d34be47-5855-458b-8f26-3a281b076ccb-139877134112576", "trial_id": 51, "step": 4, "intermediate_value": 0.9000747203826904}
{"op_code": 7, "worker_id": "9d34be47-5855-458b-8f26-3a281b076ccb-139877134112576", "trial_id": 51, "step": 5, "intermediate_value": 0.9001375436782837}
{"op_code": 7, "worker_id": "9d34be47-5855-458b-8f26-3a281b076ccb-139877134112576", "trial_id": 51, "step": 6, "intermediate_value": 0.8941909074783325}
{"op_code": 7, "worker_id": "9d34be47-5855-458b-8f26-3a281b076ccb-139877134112576", "trial_id": 51, "step": 7, "intermediate_value": 0.8913293480873108}
{"op_code": 7, "worker_id": "9d34be47-5855-458b-8f26-3a281b076ccb-139877134112576", "trial_id": 51, "step": 8, "intermediate_value": 0.8947525024414062}
{"op_code": 7, "worker_id": "9d34be47-5855-458b-8f26-3a281b076ccb-139877134112576", "trial_id": 51, "step": 9, "intermediate_value": 0.890715479850769}
{"op_code": 7, "worker_id": "9d34be47-5855-458b-8f26-3a281b076ccb-139877134112576", "trial_id": 51, "step": 10, "intermediate_value": 0.889098048210144}
{"op_code": 7, "worker_id": "9d34be47-5855-458b-8f26-3a281b076ccb-139877134112576", "trial_id": 51, "step": 11, "intermediate_value": 0.8908131718635559}
{"op_code": 7, "worker_id": "9d34be47-5855-458b-8f26-3a281b076ccb-139877134112576", "trial_id": 51, "step": 12, "intermediate_value": 0.8899174928665161}
{"op_code": 7, "worker_id": "9d34be47-5855-458b-8f26-3a281b076ccb-139877134112576", "trial_id": 51, "step": 13, "intermediate_value": 0.8851413726806641}
{"op_code": 7, "worker_id": "9d34be47-5855-458b-8f26-3a281b076ccb-139877134112576", "trial_id": 51, "step": 14, "intermediate_value": 0.9027581214904785}
{"op_code": 6, "worker_id": "9d34be47-5855-458b-8f26-3a281b076ccb-139877134112576", "trial_id": 51, "state": 1, "values": [0.9027581214904785], "datetime_complete": "2025-12-08T11:23:57.459306"}
{"op_code": 4, "worker_id": "9d34be47-5855-458b-8f26-3a281b076ccb-139877134112576", "study_id": 0, "datetime_start": "2025-12-08T11:23:57.460931"}
{"op_code": 5, "worker_id": "9d34be47-5855-458b-8f26-3a281b076ccb-139877134112576", "trial_id": 52, "param_name": "dataset.max_walk_length", "param_value_internal": 47.0, "distribution": "{\"name\": \"IntDistribution\", \"attributes\": {\"log\": false, \"step\": 1, \"low\": 10, \"high\": 100}}"}
{"op_code": 5, "worker_id": "9d34be47-5855-458b-8f26-3a281b076ccb-139877134112576", "trial_id": 52, "param_name": "dataset.num_walks", "param_value_internal": 2331342.0, "distribution": "{\"name\": \"IntDistribution\", \"attributes\": {\"log\": true, \"step\": 1, \"low\": 100000, \"high\": 5000000}}"}
{"op_code": 5, "worker_id": "9d34be47-5855-458b-8f26-3a281b076ccb-139877134112576", "trial_id": 52, "param_name": "training.lr", "param_value_internal": 0.00017774632497021518, "distribution": "{\"name\": \"FloatDistribution\", \"attributes\": {\"step\": null, \"low\": 1e-05, \"high\": 0.1, \"log\": true}}"}
{"op_code": 5, "worker_id": "9d34be47-5855-458b-8f26-3a281b076ccb-139877134112576", "trial_id": 52, "param_name": "training.weight_decay", "param_value_internal": 0.0003247537310276866, "distribution": "{\"name\": \"FloatDistribution\", \"attributes\": {\"step\": null, \"low\": 1e-08, \"high\": 0.1, \"log\": true}}"}
{"op_code": 5, "worker_id": "9d34be47-5855-458b-8f26-3a281b076ccb-139877134112576", "trial_id": 52, "param_name": "training.batch_size", "param_value_internal": 1, "distribution": "{\"name\": \"CategoricalDistribution\", \"attributes\": {\"choices\": [32, 64, 128, 256, 512]}}"}
{"op_code": 5, "worker_id": "9d34be47-5855-458b-8f26-3a281b076ccb-139877134112576", "trial_id": 52, "param_name": "training.gradient_clip_val", "param_value_internal": 0.17935805263366303, "distribution": "{\"name\": \"FloatDistribution\", \"attributes\": {\"step\": null, \"low\": 0.1, \"high\": 2.0, \"log\": false}}"}
{"op_code": 5, "worker_id": "9d34be47-5855-458b-8f26-3a281b076ccb-139877134112576", "trial_id": 52, "param_name": "training.early_stopping_patience", "param_value_internal": 12.0, "distribution": "{\"name\": \"IntDistribution\", \"attributes\": {\"log\": false, \"step\": 1, \"low\": 5, \"high\": 20}}"}
{"op_code": 5, "worker_id": "9d34be47-5855-458b-8f26-3a281b076ccb-139877134112576", "trial_id": 52, "param_name": "model.nhead", "param_value_internal": 1, "distribution": "{\"name\": \"CategoricalDistribution\", \"attributes\": {\"choices\": [1, 2, 4, 8, 16]}}"}
{"op_code": 5, "worker_id": "9d34be47-5855-458b-8f26-3a281b076ccb-139877134112576", "trial_id": 52, "param_name": "model.embedding_dim", "param_value_internal": 3, "distribution": "{\"name\": \"CategoricalDistribution\", \"attributes\": {\"choices\": [4, 8, 16, 32, 64, 128]}}"}
{"op_code": 5, "worker_id": "9d34be47-5855-458b-8f26-3a281b076ccb-139877134112576", "trial_id": 52, "param_name": "model.hidden_dim", "param_value_internal": 5, "distribution": "{\"name\": \"CategoricalDistribution\", \"attributes\": {\"choices\": [4, 8, 16, 32, 64, 128, 256]}}"}
{"op_code": 5, "worker_id": "9d34be47-5855-458b-8f26-3a281b076ccb-139877134112576", "trial_id": 52, "param_name": "model.nlayers", "param_value_internal": 5.0, "distribution": "{\"name\": \"IntDistribution\", \"attributes\": {\"log\": false, \"step\": 1, \"low\": 1, \"high\": 6}}"}
{"op_code": 5, "worker_id": "9d34be47-5855-458b-8f26-3a281b076ccb-139877134112576", "trial_id": 52, "param_name": "model.dropout", "param_value_internal": 0.03422985134820268, "distribution": "{\"name\": \"FloatDistribution\", \"attributes\": {\"step\": null, \"low\": 0.0, \"high\": 0.7, \"log\": false}}"}
{"op_code": 5, "worker_id": "9d34be47-5855-458b-8f26-3a281b076ccb-139877134112576", "trial_id": 52, "param_name": "training.epochs", "param_value_internal": 23.0, "distribution": "{\"name\": \"IntDistribution\", \"attributes\": {\"log\": false, \"step\": 1, \"low\": 6, \"high\": 25}}"}
{"op_code": 8, "worker_id": "9d34be47-5855-458b-8f26-3a281b076ccb-139877134112576", "trial_id": 52, "user_attr": {"seed": 94}}
{"op_code": 7, "worker_id": "9d34be47-5855-458b-8f26-3a281b076ccb-139877134112576", "trial_id": 52, "step": 0, "intermediate_value": 0.8070957064628601}
{"op_code": 7, "worker_id": "9d34be47-5855-458b-8f26-3a281b076ccb-139877134112576", "trial_id": 52, "step": 1, "intermediate_value": 0.8474359512329102}
{"op_code": 7, "worker_id": "9d34be47-5855-458b-8f26-3a281b076ccb-139877134112576", "trial_id": 52, "step": 2, "intermediate_value": 0.8617117404937744}
{"op_code": 7, "worker_id": "9d34be47-5855-458b-8f26-3a281b076ccb-139877134112576", "trial_id": 52, "step": 3, "intermediate_value": 0.8817476034164429}
{"op_code": 7, "worker_id": "9d34be47-5855-458b-8f26-3a281b076ccb-139877134112576", "trial_id": 52, "step": 4, "intermediate_value": 0.8921743631362915}
{"op_code": 7, "worker_id": "9d34be47-5855-458b-8f26-3a281b076ccb-139877134112576", "trial_id": 52, "step": 5, "intermediate_value": 0.895531415939331}
{"op_code": 7, "worker_id": "9d34be47-5855-458b-8f26-3a281b076ccb-139877134112576", "trial_id": 52, "step": 6, "intermediate_value": 0.8994811773300171}
{"op_code": 7, "worker_id": "9d34be47-5855-458b-8f26-3a281b076ccb-139877134112576", "trial_id": 52, "step": 7, "intermediate_value": 0.9026135206222534}
{"op_code": 7, "worker_id": "9d34be47-5855-458b-8f26-3a281b076ccb-139877134112576", "trial_id": 52, "step": 8, "intermediate_value": 0.9051886796951294}
{"op_code": 7, "worker_id": "9d34be47-5855-458b-8f26-3a281b076ccb-139877134112576", "trial_id": 52, "step": 9, "intermediate_value": 0.9044466018676758}
{"op_code": 7, "worker_id": "9d34be47-5855-458b-8f26-3a281b076ccb-139877134112576", "trial_id": 52, "step": 10, "intermediate_value": 0.902864933013916}
{"op_code": 7, "worker_id": "9d34be47-5855-458b-8f26-3a281b076ccb-139877134112576", "trial_id": 52, "step": 11, "intermediate_value": 0.9037553071975708}
{"op_code": 7, "worker_id": "9d34be47-5855-458b-8f26-3a281b076ccb-139877134112576", "trial_id": 52, "step": 12, "intermediate_value": 0.9045636653900146}
{"op_code": 7, "worker_id": "9d34be47-5855-458b-8f26-3a281b076ccb-139877134112576", "trial_id": 52, "step": 13, "intermediate_value": 0.9011581540107727}
{"op_code": 7, "worker_id": "9d34be47-5855-458b-8f26-3a281b076ccb-139877134112576", "trial_id": 52, "step": 14, "intermediate_value": 0.9027077555656433}
{"op_code": 7, "worker_id": "9d34be47-5855-458b-8f26-3a281b076ccb-139877134112576", "trial_id": 52, "step": 15, "intermediate_value": 0.9018012285232544}
{"op_code": 7, "worker_id": "9d34be47-5855-458b-8f26-3a281b076ccb-139877134112576", "trial_id": 52, "step": 16, "intermediate_value": 0.901445746421814}
{"op_code": 7, "worker_id": "9d34be47-5855-458b-8f26-3a281b076ccb-139877134112576", "trial_id": 52, "step": 17, "intermediate_value": 0.9026585817337036}
{"op_code": 7, "worker_id": "9d34be47-5855-458b-8f26-3a281b076ccb-139877134112576", "trial_id": 52, "step": 18, "intermediate_value": 0.9023290276527405}
{"op_code": 7, "worker_id": "9d34be47-5855-458b-8f26-3a281b076ccb-139877134112576", "trial_id": 52, "step": 19, "intermediate_value": 0.9027539491653442}
{"op_code": 7, "worker_id": "9d34be47-5855-458b-8f26-3a281b076ccb-139877134112576", "trial_id": 52, "step": 20, "intermediate_value": 0.9022156596183777}
{"op_code": 7, "worker_id": "9d34be47-5855-458b-8f26-3a281b076ccb-139877134112576", "trial_id": 52, "step": 21, "intermediate_value": 0.9051886796951294}
{"op_code": 6, "worker_id": "9d34be47-5855-458b-8f26-3a281b076ccb-139877134112576", "trial_id": 52, "state": 1, "values": [0.9051886796951294], "datetime_complete": "2025-12-08T16:20:26.476930"}
{"op_code": 4, "worker_id": "9d34be47-5855-458b-8f26-3a281b076ccb-139877134112576", "study_id": 0, "datetime_start": "2025-12-08T16:20:26.478639"}
{"op_code": 5, "worker_id": "9d34be47-5855-458b-8f26-3a281b076ccb-139877134112576", "trial_id": 53, "param_name": "dataset.max_walk_length", "param_value_internal": 39.0, "distribution": "{\"name\": \"IntDistribution\", \"attributes\": {\"log\": false, \"step\": 1, \"low\": 10, \"high\": 100}}"}
{"op_code": 5, "worker_id": "9d34be47-5855-458b-8f26-3a281b076ccb-139877134112576", "trial_id": 53, "param_name": "dataset.num_walks", "param_value_internal": 2821835.0, "distribution": "{\"name\": \"IntDistribution\", \"attributes\": {\"log\": true, \"step\": 1, \"low\": 100000, \"high\": 5000000}}"}
{"op_code": 5, "worker_id": "9d34be47-5855-458b-8f26-3a281b076ccb-139877134112576", "trial_id": 53, "param_name": "training.lr", "param_value_internal": 0.0005625227049355984, "distribution": "{\"name\": \"FloatDistribution\", \"attributes\": {\"step\": null, \"low\": 1e-05, \"high\": 0.1, \"log\": true}}"}
{"op_code": 5, "worker_id": "9d34be47-5855-458b-8f26-3a281b076ccb-139877134112576", "trial_id": 53, "param_name": "training.weight_decay", "param_value_internal": 0.00014786653051164294, "distribution": "{\"name\": \"FloatDistribution\", \"attributes\": {\"step\": null, \"low\": 1e-08, \"high\": 0.1, \"log\": true}}"}
{"op_code": 5, "worker_id": "9d34be47-5855-458b-8f26-3a281b076ccb-139877134112576", "trial_id": 53, "param_name": "training.batch_size", "param_value_internal": 1, "distribution": "{\"name\": \"CategoricalDistribution\", \"attributes\": {\"choices\": [32, 64, 128, 256, 512]}}"}
{"op_code": 5, "worker_id": "9d34be47-5855-458b-8f26-3a281b076ccb-139877134112576", "trial_id": 53, "param_name": "training.gradient_clip_val", "param_value_internal": 0.3673912849639097, "distribution": "{\"name\": \"FloatDistribution\", \"attributes\": {\"step\": null, \"low\": 0.1, \"high\": 2.0, \"log\": false}}"}
{"op_code": 5, "worker_id": "9d34be47-5855-458b-8f26-3a281b076ccb-139877134112576", "trial_id": 53, "param_name": "training.early_stopping_patience", "param_value_internal": 8.0, "distribution": "{\"name\": \"IntDistribution\", \"attributes\": {\"log\": false, \"step\": 1, \"low\": 5, \"high\": 20}}"}
{"op_code": 5, "worker_id": "9d34be47-5855-458b-8f26-3a281b076ccb-139877134112576", "trial_id": 53, "param_name": "model.nhead", "param_value_internal": 1, "distribution": "{\"name\": \"CategoricalDistribution\", \"attributes\": {\"choices\": [1, 2, 4, 8, 16]}}"}
{"op_code": 5, "worker_id": "9d34be47-5855-458b-8f26-3a281b076ccb-139877134112576", "trial_id": 53, "param_name": "model.embedding_dim", "param_value_internal": 3, "distribution": "{\"name\": \"CategoricalDistribution\", \"attributes\": {\"choices\": [4, 8, 16, 32, 64, 128]}}"}
{"op_code": 5, "worker_id": "9d34be47-5855-458b-8f26-3a281b076ccb-139877134112576", "trial_id": 53, "param_name": "model.hidden_dim", "param_value_internal": 5, "distribution": "{\"name\": \"CategoricalDistribution\", \"attributes\": {\"choices\": [4, 8, 16, 32, 64, 128, 256]}}"}
{"op_code": 5, "worker_id": "9d34be47-5855-458b-8f26-3a281b076ccb-139877134112576", "trial_id": 53, "param_name": "model.nlayers", "param_value_internal": 6.0, "distribution": "{\"name\": \"IntDistribution\", \"attributes\": {\"log\": false, \"step\": 1, \"low\": 1, \"high\": 6}}"}
{"op_code": 5, "worker_id": "9d34be47-5855-458b-8f26-3a281b076ccb-139877134112576", "trial_id": 53, "param_name": "model.dropout", "param_value_internal": 0.0012531064511856246, "distribution": "{\"name\": \"FloatDistribution\", \"attributes\": {\"step\": null, \"low\": 0.0, \"high\": 0.7, \"log\": false}}"}
{"op_code": 5, "worker_id": "9d34be47-5855-458b-8f26-3a281b076ccb-139877134112576", "trial_id": 53, "param_name": "training.epochs", "param_value_internal": 24.0, "distribution": "{\"name\": \"IntDistribution\", \"attributes\": {\"log\": false, \"step\": 1, \"low\": 6, \"high\": 25}}"}
{"op_code": 8, "worker_id": "9d34be47-5855-458b-8f26-3a281b076ccb-139877134112576", "trial_id": 53, "user_attr": {"seed": 95}}
{"op_code": 7, "worker_id": "9d34be47-5855-458b-8f26-3a281b076ccb-139877134112576", "trial_id": 53, "step": 0, "intermediate_value": 0.8722161054611206}
{"op_code": 7, "worker_id": "9d34be47-5855-458b-8f26-3a281b076ccb-139877134112576", "trial_id": 53, "step": 1, "intermediate_value": 0.8941076993942261}
{"op_code": 7, "worker_id": "9d34be47-5855-458b-8f26-3a281b076ccb-139877134112576", "trial_id": 53, "step": 2, "intermediate_value": 0.8957400321960449}
{"op_code": 7, "worker_id": "9d34be47-5855-458b-8f26-3a281b076ccb-139877134112576", "trial_id": 53, "step": 3, "intermediate_value": 0.8945676684379578}
{"op_code": 7, "worker_id": "9d34be47-5855-458b-8f26-3a281b076ccb-139877134112576", "trial_id": 53, "step": 4, "intermediate_value": 0.8956812620162964}
{"op_code": 7, "worker_id": "9d34be47-5855-458b-8f26-3a281b076ccb-139877134112576", "trial_id": 53, "step": 5, "intermediate_value": 0.8965301513671875}
{"op_code": 7, "worker_id": "9d34be47-5855-458b-8f26-3a281b076ccb-139877134112576", "trial_id": 53, "step": 6, "intermediate_value": 0.8910266160964966}
{"op_code": 7, "worker_id": "9d34be47-5855-458b-8f26-3a281b076ccb-139877134112576", "trial_id": 53, "step": 7, "intermediate_value": 0.8858140707015991}
{"op_code": 7, "worker_id": "9d34be47-5855-458b-8f26-3a281b076ccb-139877134112576", "trial_id": 53, "step": 8, "intermediate_value": 0.8931665420532227}
{"op_code": 7, "worker_id": "9d34be47-5855-458b-8f26-3a281b076ccb-139877134112576", "trial_id": 53, "step": 9, "intermediate_value": 0.8942535519599915}
{"op_code": 7, "worker_id": "9d34be47-5855-458b-8f26-3a281b076ccb-139877134112576", "trial_id": 53, "step": 10, "intermediate_value": 0.8940165042877197}
{"op_code": 7, "worker_id": "9d34be47-5855-458b-8f26-3a281b076ccb-139877134112576", "trial_id": 53, "step": 11, "intermediate_value": 0.892997682094574}
{"op_code": 7, "worker_id": "9d34be47-5855-458b-8f26-3a281b076ccb-139877134112576", "trial_id": 53, "step": 12, "intermediate_value": 0.8862634897232056}
{"op_code": 7, "worker_id": "9d34be47-5855-458b-8f26-3a281b076ccb-139877134112576", "trial_id": 53, "step": 13, "intermediate_value": 0.8935717344284058}
{"op_code": 7, "worker_id": "9d34be47-5855-458b-8f26-3a281b076ccb-139877134112576", "trial_id": 53, "step": 14, "intermediate_value": 0.8965301513671875}
{"op_code": 6, "worker_id": "9d34be47-5855-458b-8f26-3a281b076ccb-139877134112576", "trial_id": 53, "state": 1, "values": [0.8965301513671875], "datetime_complete": "2025-12-08T20:34:29.646750"}
{"op_code": 4, "worker_id": "9d34be47-5855-458b-8f26-3a281b076ccb-139877134112576", "study_id": 0, "datetime_start": "2025-12-08T20:34:29.648381"}
{"op_code": 5, "worker_id": "9d34be47-5855-458b-8f26-3a281b076ccb-139877134112576", "trial_id": 54, "param_name": "dataset.max_walk_length", "param_value_internal": 54.0, "distribution": "{\"name\": \"IntDistribution\", \"attributes\": {\"log\": false, \"step\": 1, \"low\": 10, \"high\": 100}}"}
{"op_code": 5, "worker_id": "9d34be47-5855-458b-8f26-3a281b076ccb-139877134112576", "trial_id": 54, "param_name": "dataset.num_walks", "param_value_internal": 3646023.0, "distribution": "{\"name\": \"IntDistribution\", \"attributes\": {\"log\": true, \"step\": 1, \"low\": 100000, \"high\": 5000000}}"}
{"op_code": 5, "worker_id": "9d34be47-5855-458b-8f26-3a281b076ccb-139877134112576", "trial_id": 54, "param_name": "training.lr", "param_value_internal": 0.0007247952430579521, "distribution": "{\"name\": \"FloatDistribution\", \"attributes\": {\"step\": null, \"low\": 1e-05, \"high\": 0.1, \"log\": true}}"}
{"op_code": 5, "worker_id": "9d34be47-5855-458b-8f26-3a281b076ccb-139877134112576", "trial_id": 54, "param_name": "training.weight_decay", "param_value_internal": 0.0005666062672116514, "distribution": "{\"name\": \"FloatDistribution\", \"attributes\": {\"step\": null, \"low\": 1e-08, \"high\": 0.1, \"log\": true}}"}
{"op_code": 5, "worker_id": "9d34be47-5855-458b-8f26-3a281b076ccb-139877134112576", "trial_id": 54, "param_name": "training.batch_size", "param_value_internal": 1, "distribution": "{\"name\": \"CategoricalDistribution\", \"attributes\": {\"choices\": [32, 64, 128, 256, 512]}}"}
{"op_code": 5, "worker_id": "9d34be47-5855-458b-8f26-3a281b076ccb-139877134112576", "trial_id": 54, "param_name": "training.gradient_clip_val", "param_value_internal": 0.2669220687682713, "distribution": "{\"name\": \"FloatDistribution\", \"attributes\": {\"step\": null, \"low\": 0.1, \"high\": 2.0, \"log\": false}}"}
{"op_code": 5, "worker_id": "9d34be47-5855-458b-8f26-3a281b076ccb-139877134112576", "trial_id": 54, "param_name": "training.early_stopping_patience", "param_value_internal": 10.0, "distribution": "{\"name\": \"IntDistribution\", \"attributes\": {\"log\": false, \"step\": 1, \"low\": 5, \"high\": 20}}"}
{"op_code": 5, "worker_id": "9d34be47-5855-458b-8f26-3a281b076ccb-139877134112576", "trial_id": 54, "param_name": "model.nhead", "param_value_internal": 1, "distribution": "{\"name\": \"CategoricalDistribution\", \"attributes\": {\"choices\": [1, 2, 4, 8, 16]}}"}
{"op_code": 5, "worker_id": "9d34be47-5855-458b-8f26-3a281b076ccb-139877134112576", "trial_id": 54, "param_name": "model.embedding_dim", "param_value_internal": 1, "distribution": "{\"name\": \"CategoricalDistribution\", \"attributes\": {\"choices\": [4, 8, 16, 32, 64, 128]}}"}
{"op_code": 5, "worker_id": "9d34be47-5855-458b-8f26-3a281b076ccb-139877134112576", "trial_id": 54, "param_name": "model.hidden_dim", "param_value_internal": 5, "distribution": "{\"name\": \"CategoricalDistribution\", \"attributes\": {\"choices\": [4, 8, 16, 32, 64, 128, 256]}}"}
{"op_code": 5, "worker_id": "9d34be47-5855-458b-8f26-3a281b076ccb-139877134112576", "trial_id": 54, "param_name": "model.nlayers", "param_value_internal": 4.0, "distribution": "{\"name\": \"IntDistribution\", \"attributes\": {\"log\": false, \"step\": 1, \"low\": 1, \"high\": 6}}"}
{"op_code": 5, "worker_id": "9d34be47-5855-458b-8f26-3a281b076ccb-139877134112576", "trial_id": 54, "param_name": "model.dropout", "param_value_internal": 0.06532773117446049, "distribution": "{\"name\": \"FloatDistribution\", \"attributes\": {\"step\": null, \"low\": 0.0, \"high\": 0.7, \"log\": false}}"}
{"op_code": 5, "worker_id": "9d34be47-5855-458b-8f26-3a281b076ccb-139877134112576", "trial_id": 54, "param_name": "training.epochs", "param_value_internal": 25.0, "distribution": "{\"name\": \"IntDistribution\", \"attributes\": {\"log\": false, \"step\": 1, \"low\": 6, \"high\": 25}}"}
{"op_code": 8, "worker_id": "9d34be47-5855-458b-8f26-3a281b076ccb-139877134112576", "trial_id": 54, "user_attr": {"seed": 96}}
{"op_code": 7, "worker_id": "9d34be47-5855-458b-8f26-3a281b076ccb-139877134112576", "trial_id": 54, "step": 0, "intermediate_value": 0.7684162259101868}
{"op_code": 7, "worker_id": "9d34be47-5855-458b-8f26-3a281b076ccb-139877134112576", "trial_id": 54, "step": 1, "intermediate_value": 0.7919149398803711}
{"op_code": 7, "worker_id": "9d34be47-5855-458b-8f26-3a281b076ccb-139877134112576", "trial_id": 54, "step": 2, "intermediate_value": 0.8008173108100891}
{"op_code": 7, "worker_id": "9d34be47-5855-458b-8f26-3a281b076ccb-139877134112576", "trial_id": 54, "step": 3, "intermediate_value": 0.8162868022918701}
{"op_code": 7, "worker_id": "9d34be47-5855-458b-8f26-3a281b076ccb-139877134112576", "trial_id": 54, "step": 4, "intermediate_value": 0.8219423294067383}
{"op_code": 7, "worker_id": "9d34be47-5855-458b-8f26-3a281b076ccb-139877134112576", "trial_id": 54, "step": 5, "intermediate_value": 0.8307727575302124}
{"op_code": 6, "worker_id": "9d34be47-5855-458b-8f26-3a281b076ccb-139877134112576", "trial_id": 54, "state": 1, "values": [0.0], "datetime_complete": "2025-12-08T23:34:44.603116"}
{"op_code": 4, "worker_id": "9d34be47-5855-458b-8f26-3a281b076ccb-139877134112576", "study_id": 0, "datetime_start": "2025-12-08T23:34:44.609941"}
{"op_code": 5, "worker_id": "9d34be47-5855-458b-8f26-3a281b076ccb-139877134112576", "trial_id": 55, "param_name": "dataset.max_walk_length", "param_value_internal": 27.0, "distribution": "{\"name\": \"IntDistribution\", \"attributes\": {\"log\": false, \"step\": 1, \"low\": 10, \"high\": 100}}"}
{"op_code": 5, "worker_id": "9d34be47-5855-458b-8f26-3a281b076ccb-139877134112576", "trial_id": 55, "param_name": "dataset.num_walks", "param_value_internal": 4222221.0, "distribution": "{\"name\": \"IntDistribution\", \"attributes\": {\"log\": true, \"step\": 1, \"low\": 100000, \"high\": 5000000}}"}
{"op_code": 5, "worker_id": "9d34be47-5855-458b-8f26-3a281b076ccb-139877134112576", "trial_id": 55, "param_name": "training.lr", "param_value_internal": 0.00036689989805496195, "distribution": "{\"name\": \"FloatDistribution\", \"attributes\": {\"step\": null, \"low\": 1e-05, \"high\": 0.1, \"log\": true}}"}
{"op_code": 5, "worker_id": "9d34be47-5855-458b-8f26-3a281b076ccb-139877134112576", "trial_id": 55, "param_name": "training.weight_decay", "param_value_internal": 4.32549764328215e-05, "distribution": "{\"name\": \"FloatDistribution\", \"attributes\": {\"step\": null, \"low\": 1e-08, \"high\": 0.1, \"log\": true}}"}
{"op_code": 5, "worker_id": "9d34be47-5855-458b-8f26-3a281b076ccb-139877134112576", "trial_id": 55, "param_name": "training.batch_size", "param_value_internal": 1, "distribution": "{\"name\": \"CategoricalDistribution\", \"attributes\": {\"choices\": [32, 64, 128, 256, 512]}}"}
{"op_code": 5, "worker_id": "9d34be47-5855-458b-8f26-3a281b076ccb-139877134112576", "trial_id": 55, "param_name": "training.gradient_clip_val", "param_value_internal": 0.4718281355641102, "distribution": "{\"name\": \"FloatDistribution\", \"attributes\": {\"step\": null, \"low\": 0.1, \"high\": 2.0, \"log\": false}}"}
{"op_code": 5, "worker_id": "9d34be47-5855-458b-8f26-3a281b076ccb-139877134112576", "trial_id": 55, "param_name": "training.early_stopping_patience", "param_value_internal": 11.0, "distribution": "{\"name\": \"IntDistribution\", \"attributes\": {\"log\": false, \"step\": 1, \"low\": 5, \"high\": 20}}"}
{"op_code": 5, "worker_id": "9d34be47-5855-458b-8f26-3a281b076ccb-139877134112576", "trial_id": 55, "param_name": "model.nhead", "param_value_internal": 0, "distribution": "{\"name\": \"CategoricalDistribution\", \"attributes\": {\"choices\": [1, 2, 4, 8, 16]}}"}
{"op_code": 5, "worker_id": "9d34be47-5855-458b-8f26-3a281b076ccb-139877134112576", "trial_id": 55, "param_name": "model.embedding_dim", "param_value_internal": 3, "distribution": "{\"name\": \"CategoricalDistribution\", \"attributes\": {\"choices\": [4, 8, 16, 32, 64, 128]}}"}
{"op_code": 5, "worker_id": "9d34be47-5855-458b-8f26-3a281b076ccb-139877134112576", "trial_id": 55, "param_name": "model.hidden_dim", "param_value_internal": 5, "distribution": "{\"name\": \"CategoricalDistribution\", \"attributes\": {\"choices\": [4, 8, 16, 32, 64, 128, 256]}}"}
{"op_code": 5, "worker_id": "9d34be47-5855-458b-8f26-3a281b076ccb-139877134112576", "trial_id": 55, "param_name": "model.nlayers", "param_value_internal": 3.0, "distribution": "{\"name\": \"IntDistribution\", \"attributes\": {\"log\": false, \"step\": 1, \"low\": 1, \"high\": 6}}"}
{"op_code": 5, "worker_id": "9d34be47-5855-458b-8f26-3a281b076ccb-139877134112576", "trial_id": 55, "param_name": "model.dropout", "param_value_internal": 0.028012755036231095, "distribution": "{\"name\": \"FloatDistribution\", \"attributes\": {\"step\": null, \"low\": 0.0, \"high\": 0.7, \"log\": false}}"}
{"op_code": 5, "worker_id": "9d34be47-5855-458b-8f26-3a281b076ccb-139877134112576", "trial_id": 55, "param_name": "training.epochs", "param_value_internal": 23.0, "distribution": "{\"name\": \"IntDistribution\", \"attributes\": {\"log\": false, \"step\": 1, \"low\": 6, \"high\": 25}}"}
{"op_code": 8, "worker_id": "9d34be47-5855-458b-8f26-3a281b076ccb-139877134112576", "trial_id": 55, "user_attr": {"seed": 97}}
{"op_code": 7, "worker_id": "9d34be47-5855-458b-8f26-3a281b076ccb-139877134112576", "trial_id": 55, "step": 0, "intermediate_value": 0.8335790634155273}
{"op_code": 7, "worker_id": "9d34be47-5855-458b-8f26-3a281b076ccb-139877134112576", "trial_id": 55, "step": 1, "intermediate_value": 0.8557112216949463}
{"op_code": 7, "worker_id": "9d34be47-5855-458b-8f26-3a281b076ccb-139877134112576", "trial_id": 55, "step": 2, "intermediate_value": 0.8754090070724487}
{"op_code": 7, "worker_id": "9d34be47-5855-458b-8f26-3a281b076ccb-139877134112576", "trial_id": 55, "step": 3, "intermediate_value": 0.8833062648773193}
{"op_code": 7, "worker_id": "9d34be47-5855-458b-8f26-3a281b076ccb-139877134112576", "trial_id": 55, "step": 4, "intermediate_value": 0.8836337327957153}
{"op_code": 7, "worker_id": "9d34be47-5855-458b-8f26-3a281b076ccb-139877134112576", "trial_id": 55, "step": 5, "intermediate_value": 0.8843287229537964}
{"op_code": 7, "worker_id": "9d34be47-5855-458b-8f26-3a281b076ccb-139877134112576", "trial_id": 55, "step": 6, "intermediate_value": 0.887848973274231}
{"op_code": 6, "worker_id": "9d34be47-5855-458b-8f26-3a281b076ccb-139877134112576", "trial_id": 55, "state": 1, "values": [0.0], "datetime_complete": "2025-12-09T03:11:38.564862"}
{"op_code": 4, "worker_id": "9d34be47-5855-458b-8f26-3a281b076ccb-139877134112576", "study_id": 0, "datetime_start": "2025-12-09T03:11:38.611875"}
{"op_code": 5, "worker_id": "9d34be47-5855-458b-8f26-3a281b076ccb-139877134112576", "trial_id": 56, "param_name": "dataset.max_walk_length", "param_value_internal": 50.0, "distribution": "{\"name\": \"IntDistribution\", \"attributes\": {\"log\": false, \"step\": 1, \"low\": 10, \"high\": 100}}"}
{"op_code": 5, "worker_id": "9d34be47-5855-458b-8f26-3a281b076ccb-139877134112576", "trial_id": 56, "param_name": "dataset.num_walks", "param_value_internal": 1991420.0, "distribution": "{\"name\": \"IntDistribution\", \"attributes\": {\"log\": true, \"step\": 1, \"low\": 100000, \"high\": 5000000}}"}
{"op_code": 5, "worker_id": "9d34be47-5855-458b-8f26-3a281b076ccb-139877134112576", "trial_id": 56, "param_name": "training.lr", "param_value_internal": 0.0015953927234869324, "distribution": "{\"name\": \"FloatDistribution\", \"attributes\": {\"step\": null, \"low\": 1e-05, \"high\": 0.1, \"log\": true}}"}
{"op_code": 5, "worker_id": "9d34be47-5855-458b-8f26-3a281b076ccb-139877134112576", "trial_id": 56, "param_name": "training.weight_decay", "param_value_internal": 9.064430203222717e-05, "distribution": "{\"name\": \"FloatDistribution\", \"attributes\": {\"step\": null, \"low\": 1e-08, \"high\": 0.1, \"log\": true}}"}
{"op_code": 5, "worker_id": "9d34be47-5855-458b-8f26-3a281b076ccb-139877134112576", "trial_id": 56, "param_name": "training.batch_size", "param_value_internal": 4, "distribution": "{\"name\": \"CategoricalDistribution\", \"attributes\": {\"choices\": [32, 64, 128, 256, 512]}}"}
{"op_code": 5, "worker_id": "9d34be47-5855-458b-8f26-3a281b076ccb-139877134112576", "trial_id": 56, "param_name": "training.gradient_clip_val", "param_value_internal": 0.16972809679662743, "distribution": "{\"name\": \"FloatDistribution\", \"attributes\": {\"step\": null, \"low\": 0.1, \"high\": 2.0, \"log\": false}}"}
{"op_code": 5, "worker_id": "9d34be47-5855-458b-8f26-3a281b076ccb-139877134112576", "trial_id": 56, "param_name": "training.early_stopping_patience", "param_value_internal": 9.0, "distribution": "{\"name\": \"IntDistribution\", \"attributes\": {\"log\": false, \"step\": 1, \"low\": 5, \"high\": 20}}"}
{"op_code": 5, "worker_id": "9d34be47-5855-458b-8f26-3a281b076ccb-139877134112576", "trial_id": 56, "param_name": "model.nhead", "param_value_internal": 1, "distribution": "{\"name\": \"CategoricalDistribution\", \"attributes\": {\"choices\": [1, 2, 4, 8, 16]}}"}
{"op_code": 5, "worker_id": "9d34be47-5855-458b-8f26-3a281b076ccb-139877134112576", "trial_id": 56, "param_name": "model.embedding_dim", "param_value_internal": 0, "distribution": "{\"name\": \"CategoricalDistribution\", \"attributes\": {\"choices\": [4, 8, 16, 32, 64, 128]}}"}
{"op_code": 5, "worker_id": "9d34be47-5855-458b-8f26-3a281b076ccb-139877134112576", "trial_id": 56, "param_name": "model.hidden_dim", "param_value_internal": 6, "distribution": "{\"name\": \"CategoricalDistribution\", \"attributes\": {\"choices\": [4, 8, 16, 32, 64, 128, 256]}}"}
{"op_code": 5, "worker_id": "9d34be47-5855-458b-8f26-3a281b076ccb-139877134112576", "trial_id": 56, "param_name": "model.nlayers", "param_value_internal": 4.0, "distribution": "{\"name\": \"IntDistribution\", \"attributes\": {\"log\": false, \"step\": 1, \"low\": 1, \"high\": 6}}"}
{"op_code": 5, "worker_id": "9d34be47-5855-458b-8f26-3a281b076ccb-139877134112576", "trial_id": 56, "param_name": "model.dropout", "param_value_internal": 0.10046768503928906, "distribution": "{\"name\": \"FloatDistribution\", \"attributes\": {\"step\": null, \"low\": 0.0, \"high\": 0.7, \"log\": false}}"}
{"op_code": 5, "worker_id": "9d34be47-5855-458b-8f26-3a281b076ccb-139877134112576", "trial_id": 56, "param_name": "training.epochs", "param_value_internal": 25.0, "distribution": "{\"name\": \"IntDistribution\", \"attributes\": {\"log\": false, \"step\": 1, \"low\": 6, \"high\": 25}}"}
{"op_code": 8, "worker_id": "9d34be47-5855-458b-8f26-3a281b076ccb-139877134112576", "trial_id": 56, "user_attr": {"seed": 98}}
{"op_code": 7, "worker_id": "9d34be47-5855-458b-8f26-3a281b076ccb-139877134112576", "trial_id": 56, "step": 0, "intermediate_value": 0.6505802869796753}
{"op_code": 7, "worker_id": "9d34be47-5855-458b-8f26-3a281b076ccb-139877134112576", "trial_id": 56, "step": 1, "intermediate_value": 0.680343508720398}
{"op_code": 7, "worker_id": "9d34be47-5855-458b-8f26-3a281b076ccb-139877134112576", "trial_id": 56, "step": 2, "intermediate_value": 0.6931980848312378}
{"op_code": 7, "worker_id": "9d34be47-5855-458b-8f26-3a281b076ccb-139877134112576", "trial_id": 56, "step": 3, "intermediate_value": 0.6971772313117981}
{"op_code": 7, "worker_id": "9d34be47-5855-458b-8f26-3a281b076ccb-139877134112576", "trial_id": 56, "step": 4, "intermediate_value": 0.6929062604904175}
{"op_code": 7, "worker_id": "9d34be47-5855-458b-8f26-3a281b076ccb-139877134112576", "trial_id": 56, "step": 5, "intermediate_value": 0.6940104961395264}
{"op_code": 6, "worker_id": "9d34be47-5855-458b-8f26-3a281b076ccb-139877134112576", "trial_id": 56, "state": 1, "values": [0.0], "datetime_complete": "2025-12-09T04:10:20.531783"}
{"op_code": 4, "worker_id": "9d34be47-5855-458b-8f26-3a281b076ccb-139877134112576", "study_id": 0, "datetime_start": "2025-12-09T04:10:20.533442"}
{"op_code": 5, "worker_id": "9d34be47-5855-458b-8f26-3a281b076ccb-139877134112576", "trial_id": 57, "param_name": "dataset.max_walk_length", "param_value_internal": 34.0, "distribution": "{\"name\": \"IntDistribution\", \"attributes\": {\"log\": false, \"step\": 1, \"low\": 10, \"high\": 100}}"}
{"op_code": 5, "worker_id": "9d34be47-5855-458b-8f26-3a281b076ccb-139877134112576", "trial_id": 57, "param_name": "dataset.num_walks", "param_value_internal": 1639517.0, "distribution": "{\"name\": \"IntDistribution\", \"attributes\": {\"log\": true, \"step\": 1, \"low\": 100000, \"high\": 5000000}}"}
{"op_code": 5, "worker_id": "9d34be47-5855-458b-8f26-3a281b076ccb-139877134112576", "trial_id": 57, "param_name": "training.lr", "param_value_internal": 0.0009601144668897209, "distribution": "{\"name\": \"FloatDistribution\", \"attributes\": {\"step\": null, \"low\": 1e-05, \"high\": 0.1, \"log\": true}}"}
{"op_code": 5, "worker_id": "9d34be47-5855-458b-8f26-3a281b076ccb-139877134112576", "trial_id": 57, "param_name": "training.weight_decay", "param_value_internal": 0.001522333725301388, "distribution": "{\"name\": \"FloatDistribution\", \"attributes\": {\"step\": null, \"low\": 1e-08, \"high\": 0.1, \"log\": true}}"}
{"op_code": 5, "worker_id": "9d34be47-5855-458b-8f26-3a281b076ccb-139877134112576", "trial_id": 57, "param_name": "training.batch_size", "param_value_internal": 0, "distribution": "{\"name\": \"CategoricalDistribution\", \"attributes\": {\"choices\": [32, 64, 128, 256, 512]}}"}
{"op_code": 5, "worker_id": "9d34be47-5855-458b-8f26-3a281b076ccb-139877134112576", "trial_id": 57, "param_name": "training.gradient_clip_val", "param_value_internal": 0.25121910267956554, "distribution": "{\"name\": \"FloatDistribution\", \"attributes\": {\"step\": null, \"low\": 0.1, \"high\": 2.0, \"log\": false}}"}
{"op_code": 5, "worker_id": "9d34be47-5855-458b-8f26-3a281b076ccb-139877134112576", "trial_id": 57, "param_name": "training.early_stopping_patience", "param_value_internal": 8.0, "distribution": "{\"name\": \"IntDistribution\", \"attributes\": {\"log\": false, \"step\": 1, \"low\": 5, \"high\": 20}}"}
{"op_code": 5, "worker_id": "9d34be47-5855-458b-8f26-3a281b076ccb-139877134112576", "trial_id": 57, "param_name": "model.nhead", "param_value_internal": 3, "distribution": "{\"name\": \"CategoricalDistribution\", \"attributes\": {\"choices\": [1, 2, 4, 8, 16]}}"}
{"op_code": 5, "worker_id": "9d34be47-5855-458b-8f26-3a281b076ccb-139877134112576", "trial_id": 57, "param_name": "model.embedding_dim", "param_value_internal": 3, "distribution": "{\"name\": \"CategoricalDistribution\", \"attributes\": {\"choices\": [4, 8, 16, 32, 64, 128]}}"}
{"op_code": 5, "worker_id": "9d34be47-5855-458b-8f26-3a281b076ccb-139877134112576", "trial_id": 57, "param_name": "model.hidden_dim", "param_value_internal": 4, "distribution": "{\"name\": \"CategoricalDistribution\", \"attributes\": {\"choices\": [4, 8, 16, 32, 64, 128, 256]}}"}
{"op_code": 5, "worker_id": "9d34be47-5855-458b-8f26-3a281b076ccb-139877134112576", "trial_id": 57, "param_name": "model.nlayers", "param_value_internal": 3.0, "distribution": "{\"name\": \"IntDistribution\", \"attributes\": {\"log\": false, \"step\": 1, \"low\": 1, \"high\": 6}}"}
{"op_code": 5, "worker_id": "9d34be47-5855-458b-8f26-3a281b076ccb-139877134112576", "trial_id": 57, "param_name": "model.dropout", "param_value_internal": 0.08077672326270254, "distribution": "{\"name\": \"FloatDistribution\", \"attributes\": {\"step\": null, \"low\": 0.0, \"high\": 0.7, \"log\": false}}"}
{"op_code": 5, "worker_id": "9d34be47-5855-458b-8f26-3a281b076ccb-139877134112576", "trial_id": 57, "param_name": "training.epochs", "param_value_internal": 6.0, "distribution": "{\"name\": \"IntDistribution\", \"attributes\": {\"log\": false, \"step\": 1, \"low\": 6, \"high\": 25}}"}
{"op_code": 8, "worker_id": "9d34be47-5855-458b-8f26-3a281b076ccb-139877134112576", "trial_id": 57, "user_attr": {"seed": 99}}
{"op_code": 7, "worker_id": "9d34be47-5855-458b-8f26-3a281b076ccb-139877134112576", "trial_id": 57, "step": 0, "intermediate_value": 0.8450087308883667}
{"op_code": 7, "worker_id": "9d34be47-5855-458b-8f26-3a281b076ccb-139877134112576", "trial_id": 57, "step": 1, "intermediate_value": 0.8851113319396973}
{"op_code": 7, "worker_id": "9d34be47-5855-458b-8f26-3a281b076ccb-139877134112576", "trial_id": 57, "step": 2, "intermediate_value": 0.8946666717529297}
{"op_code": 7, "worker_id": "9d34be47-5855-458b-8f26-3a281b076ccb-139877134112576", "trial_id": 57, "step": 3, "intermediate_value": 0.8981268405914307}
{"op_code": 7, "worker_id": "9d34be47-5855-458b-8f26-3a281b076ccb-139877134112576", "trial_id": 57, "step": 4, "intermediate_value": 0.9015547037124634}
{"op_code": 7, "worker_id": "9d34be47-5855-458b-8f26-3a281b076ccb-139877134112576", "trial_id": 57, "step": 5, "intermediate_value": 0.9060161113739014}
{"op_code": 7, "worker_id": "9d34be47-5855-458b-8f26-3a281b076ccb-139877134112576", "trial_id": 57, "step": 6, "intermediate_value": 0.9060161113739014}
{"op_code": 6, "worker_id": "9d34be47-5855-458b-8f26-3a281b076ccb-139877134112576", "trial_id": 57, "state": 1, "values": [0.9060161113739014], "datetime_complete": "2025-12-09T06:24:40.860040"}
{"op_code": 4, "worker_id": "9d34be47-5855-458b-8f26-3a281b076ccb-139877134112576", "study_id": 0, "datetime_start": "2025-12-09T06:24:40.861661"}
{"op_code": 5, "worker_id": "9d34be47-5855-458b-8f26-3a281b076ccb-139877134112576", "trial_id": 58, "param_name": "dataset.max_walk_length", "param_value_internal": 20.0, "distribution": "{\"name\": \"IntDistribution\", \"attributes\": {\"log\": false, \"step\": 1, \"low\": 10, \"high\": 100}}"}
{"op_code": 5, "worker_id": "9d34be47-5855-458b-8f26-3a281b076ccb-139877134112576", "trial_id": 58, "param_name": "dataset.num_walks", "param_value_internal": 1325571.0, "distribution": "{\"name\": \"IntDistribution\", \"attributes\": {\"log\": true, \"step\": 1, \"low\": 100000, \"high\": 5000000}}"}
{"op_code": 5, "worker_id": "9d34be47-5855-458b-8f26-3a281b076ccb-139877134112576", "trial_id": 58, "param_name": "training.lr", "param_value_internal": 0.001190513168591492, "distribution": "{\"name\": \"FloatDistribution\", \"attributes\": {\"step\": null, \"low\": 1e-05, \"high\": 0.1, \"log\": true}}"}
{"op_code": 5, "worker_id": "9d34be47-5855-458b-8f26-3a281b076ccb-139877134112576", "trial_id": 58, "param_name": "training.weight_decay", "param_value_internal": 0.0016624628269506039, "distribution": "{\"name\": \"FloatDistribution\", \"attributes\": {\"step\": null, \"low\": 1e-08, \"high\": 0.1, \"log\": true}}"}
{"op_code": 5, "worker_id": "9d34be47-5855-458b-8f26-3a281b076ccb-139877134112576", "trial_id": 58, "param_name": "training.batch_size", "param_value_internal": 0, "distribution": "{\"name\": \"CategoricalDistribution\", \"attributes\": {\"choices\": [32, 64, 128, 256, 512]}}"}
{"op_code": 5, "worker_id": "9d34be47-5855-458b-8f26-3a281b076ccb-139877134112576", "trial_id": 58, "param_name": "training.gradient_clip_val", "param_value_internal": 0.6217359223339377, "distribution": "{\"name\": \"FloatDistribution\", \"attributes\": {\"step\": null, \"low\": 0.1, \"high\": 2.0, \"log\": false}}"}
{"op_code": 5, "worker_id": "9d34be47-5855-458b-8f26-3a281b076ccb-139877134112576", "trial_id": 58, "param_name": "training.early_stopping_patience", "param_value_internal": 13.0, "distribution": "{\"name\": \"IntDistribution\", \"attributes\": {\"log\": false, \"step\": 1, \"low\": 5, \"high\": 20}}"}
{"op_code": 5, "worker_id": "9d34be47-5855-458b-8f26-3a281b076ccb-139877134112576", "trial_id": 58, "param_name": "model.nhead", "param_value_internal": 1, "distribution": "{\"name\": \"CategoricalDistribution\", \"attributes\": {\"choices\": [1, 2, 4, 8, 16]}}"}
{"op_code": 5, "worker_id": "9d34be47-5855-458b-8f26-3a281b076ccb-139877134112576", "trial_id": 58, "param_name": "model.embedding_dim", "param_value_internal": 3, "distribution": "{\"name\": \"CategoricalDistribution\", \"attributes\": {\"choices\": [4, 8, 16, 32, 64, 128]}}"}
{"op_code": 5, "worker_id": "9d34be47-5855-458b-8f26-3a281b076ccb-139877134112576", "trial_id": 58, "param_name": "model.hidden_dim", "param_value_internal": 4, "distribution": "{\"name\": \"CategoricalDistribution\", \"attributes\": {\"choices\": [4, 8, 16, 32, 64, 128, 256]}}"}
{"op_code": 5, "worker_id": "9d34be47-5855-458b-8f26-3a281b076ccb-139877134112576", "trial_id": 58, "param_name": "model.nlayers", "param_value_internal": 6.0, "distribution": "{\"name\": \"IntDistribution\", \"attributes\": {\"log\": false, \"step\": 1, \"low\": 1, \"high\": 6}}"}
{"op_code": 5, "worker_id": "9d34be47-5855-458b-8f26-3a281b076ccb-139877134112576", "trial_id": 58, "param_name": "model.dropout", "param_value_internal": 0.08340059338833751, "distribution": "{\"name\": \"FloatDistribution\", \"attributes\": {\"step\": null, \"low\": 0.0, \"high\": 0.7, \"log\": false}}"}
{"op_code": 5, "worker_id": "9d34be47-5855-458b-8f26-3a281b076ccb-139877134112576", "trial_id": 58, "param_name": "training.epochs", "param_value_internal": 8.0, "distribution": "{\"name\": \"IntDistribution\", \"attributes\": {\"log\": false, \"step\": 1, \"low\": 6, \"high\": 25}}"}
{"op_code": 8, "worker_id": "9d34be47-5855-458b-8f26-3a281b076ccb-139877134112576", "trial_id": 58, "user_attr": {"seed": 100}}
{"op_code": 7, "worker_id": "9d34be47-5855-458b-8f26-3a281b076ccb-139877134112576", "trial_id": 58, "step": 0, "intermediate_value": 0.8631329536437988}
{"op_code": 7, "worker_id": "9d34be47-5855-458b-8f26-3a281b076ccb-139877134112576", "trial_id": 58, "step": 1, "intermediate_value": 0.8973692655563354}
{"op_code": 7, "worker_id": "9d34be47-5855-458b-8f26-3a281b076ccb-139877134112576", "trial_id": 58, "step": 2, "intermediate_value": 0.8985642194747925}
{"op_code": 7, "worker_id": "9d34be47-5855-458b-8f26-3a281b076ccb-139877134112576", "trial_id": 58, "step": 3, "intermediate_value": 0.9012821912765503}
{"op_code": 7, "worker_id": "9d34be47-5855-458b-8f26-3a281b076ccb-139877134112576", "trial_id": 58, "step": 4, "intermediate_value": 0.8995522260665894}
{"op_code": 7, "worker_id": "9d34be47-5855-458b-8f26-3a281b076ccb-139877134112576", "trial_id": 58, "step": 5, "intermediate_value": 0.898901641368866}
{"op_code": 7, "worker_id": "9d34be47-5855-458b-8f26-3a281b076ccb-139877134112576", "trial_id": 58, "step": 6, "intermediate_value": 0.8955903053283691}
{"op_code": 7, "worker_id": "9d34be47-5855-458b-8f26-3a281b076ccb-139877134112576", "trial_id": 58, "step": 7, "intermediate_value": 0.8966954946517944}
{"op_code": 7, "worker_id": "9d34be47-5855-458b-8f26-3a281b076ccb-139877134112576", "trial_id": 58, "step": 8, "intermediate_value": 0.9012821912765503}
{"op_code": 6, "worker_id": "9d34be47-5855-458b-8f26-3a281b076ccb-139877134112576", "trial_id": 58, "state": 1, "values": [0.9012821912765503], "datetime_complete": "2025-12-09T08:32:47.977720"}
{"op_code": 4, "worker_id": "9d34be47-5855-458b-8f26-3a281b076ccb-139877134112576", "study_id": 0, "datetime_start": "2025-12-09T08:32:47.979232"}
{"op_code": 5, "worker_id": "9d34be47-5855-458b-8f26-3a281b076ccb-139877134112576", "trial_id": 59, "param_name": "dataset.max_walk_length", "param_value_internal": 42.0, "distribution": "{\"name\": \"IntDistribution\", \"attributes\": {\"log\": false, \"step\": 1, \"low\": 10, \"high\": 100}}"}
{"op_code": 5, "worker_id": "9d34be47-5855-458b-8f26-3a281b076ccb-139877134112576", "trial_id": 59, "param_name": "dataset.num_walks", "param_value_internal": 1594376.0, "distribution": "{\"name\": \"IntDistribution\", \"attributes\": {\"log\": true, \"step\": 1, \"low\": 100000, \"high\": 5000000}}"}
{"op_code": 5, "worker_id": "9d34be47-5855-458b-8f26-3a281b076ccb-139877134112576", "trial_id": 59, "param_name": "training.lr", "param_value_internal": 0.006443286319943264, "distribution": "{\"name\": \"FloatDistribution\", \"attributes\": {\"step\": null, \"low\": 1e-05, \"high\": 0.1, \"log\": true}}"}
{"op_code": 5, "worker_id": "9d34be47-5855-458b-8f26-3a281b076ccb-139877134112576", "trial_id": 59, "param_name": "training.weight_decay", "param_value_internal": 0.015563945455980822, "distribution": "{\"name\": \"FloatDistribution\", \"attributes\": {\"step\": null, \"low\": 1e-08, \"high\": 0.1, \"log\": true}}"}
{"op_code": 5, "worker_id": "9d34be47-5855-458b-8f26-3a281b076ccb-139877134112576", "trial_id": 59, "param_name": "training.batch_size", "param_value_internal": 0, "distribution": "{\"name\": \"CategoricalDistribution\", \"attributes\": {\"choices\": [32, 64, 128, 256, 512]}}"}
{"op_code": 5, "worker_id": "9d34be47-5855-458b-8f26-3a281b076ccb-139877134112576", "trial_id": 59, "param_name": "training.gradient_clip_val", "param_value_internal": 0.2854156763318645, "distribution": "{\"name\": \"FloatDistribution\", \"attributes\": {\"step\": null, \"low\": 0.1, \"high\": 2.0, \"log\": false}}"}
{"op_code": 5, "worker_id": "9d34be47-5855-458b-8f26-3a281b076ccb-139877134112576", "trial_id": 59, "param_name": "training.early_stopping_patience", "param_value_internal": 8.0, "distribution": "{\"name\": \"IntDistribution\", \"attributes\": {\"log\": false, \"step\": 1, \"low\": 5, \"high\": 20}}"}
{"op_code": 5, "worker_id": "9d34be47-5855-458b-8f26-3a281b076ccb-139877134112576", "trial_id": 59, "param_name": "model.nhead", "param_value_internal": 4, "distribution": "{\"name\": \"CategoricalDistribution\", \"attributes\": {\"choices\": [1, 2, 4, 8, 16]}}"}
{"op_code": 5, "worker_id": "9d34be47-5855-458b-8f26-3a281b076ccb-139877134112576", "trial_id": 59, "param_name": "model.embedding_dim", "param_value_internal": 3, "distribution": "{\"name\": \"CategoricalDistribution\", \"attributes\": {\"choices\": [4, 8, 16, 32, 64, 128]}}"}
{"op_code": 5, "worker_id": "9d34be47-5855-458b-8f26-3a281b076ccb-139877134112576", "trial_id": 59, "param_name": "model.hidden_dim", "param_value_internal": 4, "distribution": "{\"name\": \"CategoricalDistribution\", \"attributes\": {\"choices\": [4, 8, 16, 32, 64, 128, 256]}}"}
{"op_code": 5, "worker_id": "9d34be47-5855-458b-8f26-3a281b076ccb-139877134112576", "trial_id": 59, "param_name": "model.nlayers", "param_value_internal": 4.0, "distribution": "{\"name\": \"IntDistribution\", \"attributes\": {\"log\": false, \"step\": 1, \"low\": 1, \"high\": 6}}"}
{"op_code": 5, "worker_id": "9d34be47-5855-458b-8f26-3a281b076ccb-139877134112576", "trial_id": 59, "param_name": "model.dropout", "param_value_internal": 0.058256288212684706, "distribution": "{\"name\": \"FloatDistribution\", \"attributes\": {\"step\": null, \"low\": 0.0, \"high\": 0.7, \"log\": false}}"}
{"op_code": 5, "worker_id": "9d34be47-5855-458b-8f26-3a281b076ccb-139877134112576", "trial_id": 59, "param_name": "training.epochs", "param_value_internal": 12.0, "distribution": "{\"name\": \"IntDistribution\", \"attributes\": {\"log\": false, \"step\": 1, \"low\": 6, \"high\": 25}}"}
{"op_code": 8, "worker_id": "9d34be47-5855-458b-8f26-3a281b076ccb-139877134112576", "trial_id": 59, "user_attr": {"seed": 101}}
{"op_code": 7, "worker_id": "9d34be47-5855-458b-8f26-3a281b076ccb-139877134112576", "trial_id": 59, "step": 0, "intermediate_value": 0.5051219463348389}
{"op_code": 7, "worker_id": "9d34be47-5855-458b-8f26-3a281b076ccb-139877134112576", "trial_id": 59, "step": 1, "intermediate_value": 0.5}
{"op_code": 7, "worker_id": "9d34be47-5855-458b-8f26-3a281b076ccb-139877134112576", "trial_id": 59, "step": 2, "intermediate_value": 0.5000349283218384}
{"op_code": 7, "worker_id": "9d34be47-5855-458b-8f26-3a281b076ccb-139877134112576", "trial_id": 59, "step": 3, "intermediate_value": 0.5}
{"op_code": 7, "worker_id": "9d34be47-5855-458b-8f26-3a281b076ccb-139877134112576", "trial_id": 59, "step": 4, "intermediate_value": 0.49776729941368103}
{"op_code": 7, "worker_id": "9d34be47-5855-458b-8f26-3a281b076ccb-139877134112576", "trial_id": 59, "step": 5, "intermediate_value": 0.619796097278595}
{"op_code": 6, "worker_id": "9d34be47-5855-458b-8f26-3a281b076ccb-139877134112576", "trial_id": 59, "state": 1, "values": [0.0], "datetime_complete": "2025-12-09T10:21:55.315353"}
{"op_code": 4, "worker_id": "9d34be47-5855-458b-8f26-3a281b076ccb-139877134112576", "study_id": 0, "datetime_start": "2025-12-09T10:21:55.319081"}
{"op_code": 5, "worker_id": "9d34be47-5855-458b-8f26-3a281b076ccb-139877134112576", "trial_id": 60, "param_name": "dataset.max_walk_length", "param_value_internal": 35.0, "distribution": "{\"name\": \"IntDistribution\", \"attributes\": {\"log\": false, \"step\": 1, \"low\": 10, \"high\": 100}}"}
{"op_code": 5, "worker_id": "9d34be47-5855-458b-8f26-3a281b076ccb-139877134112576", "trial_id": 60, "param_name": "dataset.num_walks", "param_value_internal": 2958001.0, "distribution": "{\"name\": \"IntDistribution\", \"attributes\": {\"log\": true, \"step\": 1, \"low\": 100000, \"high\": 5000000}}"}
{"op_code": 5, "worker_id": "9d34be47-5855-458b-8f26-3a281b076ccb-139877134112576", "trial_id": 60, "param_name": "training.lr", "param_value_internal": 0.0032619465183228308, "distribution": "{\"name\": \"FloatDistribution\", \"attributes\": {\"step\": null, \"low\": 1e-05, \"high\": 0.1, \"log\": true}}"}
{"op_code": 5, "worker_id": "9d34be47-5855-458b-8f26-3a281b076ccb-139877134112576", "trial_id": 60, "param_name": "training.weight_decay", "param_value_internal": 0.0006223810380724423, "distribution": "{\"name\": \"FloatDistribution\", \"attributes\": {\"step\": null, \"low\": 1e-08, \"high\": 0.1, \"log\": true}}"}
{"op_code": 5, "worker_id": "9d34be47-5855-458b-8f26-3a281b076ccb-139877134112576", "trial_id": 60, "param_name": "training.batch_size", "param_value_internal": 0, "distribution": "{\"name\": \"CategoricalDistribution\", \"attributes\": {\"choices\": [32, 64, 128, 256, 512]}}"}
{"op_code": 5, "worker_id": "9d34be47-5855-458b-8f26-3a281b076ccb-139877134112576", "trial_id": 60, "param_name": "training.gradient_clip_val", "param_value_internal": 0.3594186048771581, "distribution": "{\"name\": \"FloatDistribution\", \"attributes\": {\"step\": null, \"low\": 0.1, \"high\": 2.0, \"log\": false}}"}
{"op_code": 5, "worker_id": "9d34be47-5855-458b-8f26-3a281b076ccb-139877134112576", "trial_id": 60, "param_name": "training.early_stopping_patience", "param_value_internal": 10.0, "distribution": "{\"name\": \"IntDistribution\", \"attributes\": {\"log\": false, \"step\": 1, \"low\": 5, \"high\": 20}}"}
{"op_code": 5, "worker_id": "9d34be47-5855-458b-8f26-3a281b076ccb-139877134112576", "trial_id": 60, "param_name": "model.nhead", "param_value_internal": 3, "distribution": "{\"name\": \"CategoricalDistribution\", \"attributes\": {\"choices\": [1, 2, 4, 8, 16]}}"}
{"op_code": 5, "worker_id": "9d34be47-5855-458b-8f26-3a281b076ccb-139877134112576", "trial_id": 60, "param_name": "model.embedding_dim", "param_value_internal": 3, "distribution": "{\"name\": \"CategoricalDistribution\", \"attributes\": {\"choices\": [4, 8, 16, 32, 64, 128]}}"}
{"op_code": 5, "worker_id": "9d34be47-5855-458b-8f26-3a281b076ccb-139877134112576", "trial_id": 60, "param_name": "model.hidden_dim", "param_value_internal": 4, "distribution": "{\"name\": \"CategoricalDistribution\", \"attributes\": {\"choices\": [4, 8, 16, 32, 64, 128, 256]}}"}
{"op_code": 5, "worker_id": "9d34be47-5855-458b-8f26-3a281b076ccb-139877134112576", "trial_id": 60, "param_name": "model.nlayers", "param_value_internal": 5.0, "distribution": "{\"name\": \"IntDistribution\", \"attributes\": {\"log\": false, \"step\": 1, \"low\": 1, \"high\": 6}}"}
{"op_code": 5, "worker_id": "9d34be47-5855-458b-8f26-3a281b076ccb-139877134112576", "trial_id": 60, "param_name": "model.dropout", "param_value_internal": 0.13953906889448278, "distribution": "{\"name\": \"FloatDistribution\", \"attributes\": {\"step\": null, \"low\": 0.0, \"high\": 0.7, \"log\": false}}"}
{"op_code": 5, "worker_id": "9d34be47-5855-458b-8f26-3a281b076ccb-139877134112576", "trial_id": 60, "param_name": "training.epochs", "param_value_internal": 6.0, "distribution": "{\"name\": \"IntDistribution\", \"attributes\": {\"log\": false, \"step\": 1, \"low\": 6, \"high\": 25}}"}
{"op_code": 8, "worker_id": "9d34be47-5855-458b-8f26-3a281b076ccb-139877134112576", "trial_id": 60, "user_attr": {"seed": 102}}
{"op_code": 7, "worker_id": "9d34be47-5855-458b-8f26-3a281b076ccb-139877134112576", "trial_id": 60, "step": 0, "intermediate_value": 0.4986969828605652}
{"op_code": 7, "worker_id": "9d34be47-5855-458b-8f26-3a281b076ccb-139877134112576", "trial_id": 60, "step": 1, "intermediate_value": 0.5030533075332642}
{"op_code": 7, "worker_id": "9d34be47-5855-458b-8f26-3a281b076ccb-139877134112576", "trial_id": 60, "step": 2, "intermediate_value": 0.4992585778236389}
{"op_code": 7, "worker_id": "9d34be47-5855-458b-8f26-3a281b076ccb-139877134112576", "trial_id": 60, "step": 3, "intermediate_value": 0.4990162253379822}
{"op_code": 7, "worker_id": "9d34be47-5855-458b-8f26-3a281b076ccb-139877134112576", "trial_id": 60, "step": 4, "intermediate_value": 0.5045655965805054}
{"op_code": 7, "worker_id": "9d34be47-5855-458b-8f26-3a281b076ccb-139877134112576", "trial_id": 60, "step": 5, "intermediate_value": 0.4954151511192322}
{"op_code": 6, "worker_id": "9d34be47-5855-458b-8f26-3a281b076ccb-139877134112576", "trial_id": 60, "state": 1, "values": [0.0], "datetime_complete": "2025-12-09T14:06:40.861938"}
{"op_code": 4, "worker_id": "9d34be47-5855-458b-8f26-3a281b076ccb-139877134112576", "study_id": 0, "datetime_start": "2025-12-09T14:06:40.907641"}
{"op_code": 5, "worker_id": "9d34be47-5855-458b-8f26-3a281b076ccb-139877134112576", "trial_id": 61, "param_name": "dataset.max_walk_length", "param_value_internal": 40.0, "distribution": "{\"name\": \"IntDistribution\", \"attributes\": {\"log\": false, \"step\": 1, \"low\": 10, \"high\": 100}}"}
{"op_code": 5, "worker_id": "9d34be47-5855-458b-8f26-3a281b076ccb-139877134112576", "trial_id": 61, "param_name": "dataset.num_walks", "param_value_internal": 2621314.0, "distribution": "{\"name\": \"IntDistribution\", \"attributes\": {\"log\": true, \"step\": 1, \"low\": 100000, \"high\": 5000000}}"}
{"op_code": 5, "worker_id": "9d34be47-5855-458b-8f26-3a281b076ccb-139877134112576", "trial_id": 61, "param_name": "training.lr", "param_value_internal": 0.0006131885076906265, "distribution": "{\"name\": \"FloatDistribution\", \"attributes\": {\"step\": null, \"low\": 1e-05, \"high\": 0.1, \"log\": true}}"}
{"op_code": 5, "worker_id": "9d34be47-5855-458b-8f26-3a281b076ccb-139877134112576", "trial_id": 61, "param_name": "training.weight_decay", "param_value_internal": 0.00021794674210348983, "distribution": "{\"name\": \"FloatDistribution\", \"attributes\": {\"step\": null, \"low\": 1e-08, \"high\": 0.1, \"log\": true}}"}
{"op_code": 5, "worker_id": "9d34be47-5855-458b-8f26-3a281b076ccb-139877134112576", "trial_id": 61, "param_name": "training.batch_size", "param_value_internal": 0, "distribution": "{\"name\": \"CategoricalDistribution\", \"attributes\": {\"choices\": [32, 64, 128, 256, 512]}}"}
{"op_code": 5, "worker_id": "9d34be47-5855-458b-8f26-3a281b076ccb-139877134112576", "trial_id": 61, "param_name": "training.gradient_clip_val", "param_value_internal": 0.16149627157577323, "distribution": "{\"name\": \"FloatDistribution\", \"attributes\": {\"step\": null, \"low\": 0.1, \"high\": 2.0, \"log\": false}}"}
{"op_code": 5, "worker_id": "9d34be47-5855-458b-8f26-3a281b076ccb-139877134112576", "trial_id": 61, "param_name": "training.early_stopping_patience", "param_value_internal": 8.0, "distribution": "{\"name\": \"IntDistribution\", \"attributes\": {\"log\": false, \"step\": 1, \"low\": 5, \"high\": 20}}"}
{"op_code": 5, "worker_id": "9d34be47-5855-458b-8f26-3a281b076ccb-139877134112576", "trial_id": 61, "param_name": "model.nhead", "param_value_internal": 3, "distribution": "{\"name\": \"CategoricalDistribution\", \"attributes\": {\"choices\": [1, 2, 4, 8, 16]}}"}
{"op_code": 5, "worker_id": "9d34be47-5855-458b-8f26-3a281b076ccb-139877134112576", "trial_id": 61, "param_name": "model.embedding_dim", "param_value_internal": 3, "distribution": "{\"name\": \"CategoricalDistribution\", \"attributes\": {\"choices\": [4, 8, 16, 32, 64, 128]}}"}
{"op_code": 5, "worker_id": "9d34be47-5855-458b-8f26-3a281b076ccb-139877134112576", "trial_id": 61, "param_name": "model.hidden_dim", "param_value_internal": 2, "distribution": "{\"name\": \"CategoricalDistribution\", \"attributes\": {\"choices\": [4, 8, 16, 32, 64, 128, 256]}}"}
{"op_code": 5, "worker_id": "9d34be47-5855-458b-8f26-3a281b076ccb-139877134112576", "trial_id": 61, "param_name": "model.nlayers", "param_value_internal": 3.0, "distribution": "{\"name\": \"IntDistribution\", \"attributes\": {\"log\": false, \"step\": 1, \"low\": 1, \"high\": 6}}"}
{"op_code": 5, "worker_id": "9d34be47-5855-458b-8f26-3a281b076ccb-139877134112576", "trial_id": 61, "param_name": "model.dropout", "param_value_internal": 0.0005882446516553561, "distribution": "{\"name\": \"FloatDistribution\", \"attributes\": {\"step\": null, \"low\": 0.0, \"high\": 0.7, \"log\": false}}"}
{"op_code": 5, "worker_id": "9d34be47-5855-458b-8f26-3a281b076ccb-139877134112576", "trial_id": 61, "param_name": "training.epochs", "param_value_internal": 9.0, "distribution": "{\"name\": \"IntDistribution\", \"attributes\": {\"log\": false, \"step\": 1, \"low\": 6, \"high\": 25}}"}
{"op_code": 8, "worker_id": "9d34be47-5855-458b-8f26-3a281b076ccb-139877134112576", "trial_id": 61, "user_attr": {"seed": 103}}
{"op_code": 7, "worker_id": "9d34be47-5855-458b-8f26-3a281b076ccb-139877134112576", "trial_id": 61, "step": 0, "intermediate_value": 0.8513524532318115}
{"op_code": 7, "worker_id": "9d34be47-5855-458b-8f26-3a281b076ccb-139877134112576", "trial_id": 61, "step": 1, "intermediate_value": 0.8870317935943604}
{"op_code": 7, "worker_id": "9d34be47-5855-458b-8f26-3a281b076ccb-139877134112576", "trial_id": 61, "step": 2, "intermediate_value": 0.9021691083908081}
{"op_code": 7, "worker_id": "9d34be47-5855-458b-8f26-3a281b076ccb-139877134112576", "trial_id": 61, "step": 3, "intermediate_value": 0.9027032852172852}
{"op_code": 7, "worker_id": "9d34be47-5855-458b-8f26-3a281b076ccb-139877134112576", "trial_id": 61, "step": 4, "intermediate_value": 0.9019702672958374}
{"op_code": 7, "worker_id": "9d34be47-5855-458b-8f26-3a281b076ccb-139877134112576", "trial_id": 61, "step": 5, "intermediate_value": 0.904252290725708}
{"op_code": 7, "worker_id": "9d34be47-5855-458b-8f26-3a281b076ccb-139877134112576", "trial_id": 61, "step": 6, "intermediate_value": 0.9020228385925293}
{"op_code": 7, "worker_id": "9d34be47-5855-458b-8f26-3a281b076ccb-139877134112576", "trial_id": 61, "step": 7, "intermediate_value": 0.9027279615402222}
{"op_code": 7, "worker_id": "9d34be47-5855-458b-8f26-3a281b076ccb-139877134112576", "trial_id": 61, "step": 8, "intermediate_value": 0.9008760452270508}
{"op_code": 7, "worker_id": "9d34be47-5855-458b-8f26-3a281b076ccb-139877134112576", "trial_id": 61, "step": 9, "intermediate_value": 0.904252290725708}
{"op_code": 6, "worker_id": "9d34be47-5855-458b-8f26-3a281b076ccb-139877134112576", "trial_id": 61, "state": 1, "values": [0.904252290725708], "datetime_complete": "2025-12-09T18:07:14.489988"}
{"op_code": 4, "worker_id": "9d34be47-5855-458b-8f26-3a281b076ccb-139877134112576", "study_id": 0, "datetime_start": "2025-12-09T18:07:14.491606"}
{"op_code": 5, "worker_id": "9d34be47-5855-458b-8f26-3a281b076ccb-139877134112576", "trial_id": 62, "param_name": "dataset.max_walk_length", "param_value_internal": 57.0, "distribution": "{\"name\": \"IntDistribution\", \"attributes\": {\"log\": false, \"step\": 1, \"low\": 10, \"high\": 100}}"}
{"op_code": 5, "worker_id": "9d34be47-5855-458b-8f26-3a281b076ccb-139877134112576", "trial_id": 62, "param_name": "dataset.num_walks", "param_value_internal": 3506056.0, "distribution": "{\"name\": \"IntDistribution\", \"attributes\": {\"log\": true, \"step\": 1, \"low\": 100000, \"high\": 5000000}}"}
{"op_code": 5, "worker_id": "9d34be47-5855-458b-8f26-3a281b076ccb-139877134112576", "trial_id": 62, "param_name": "training.lr", "param_value_internal": 0.0009445412059905102, "distribution": "{\"name\": \"FloatDistribution\", \"attributes\": {\"step\": null, \"low\": 1e-05, \"high\": 0.1, \"log\": true}}"}
{"op_code": 5, "worker_id": "9d34be47-5855-458b-8f26-3a281b076ccb-139877134112576", "trial_id": 62, "param_name": "training.weight_decay", "param_value_internal": 8.659062636911553e-05, "distribution": "{\"name\": \"FloatDistribution\", \"attributes\": {\"step\": null, \"low\": 1e-08, \"high\": 0.1, \"log\": true}}"}
{"op_code": 5, "worker_id": "9d34be47-5855-458b-8f26-3a281b076ccb-139877134112576", "trial_id": 62, "param_name": "training.batch_size", "param_value_internal": 1, "distribution": "{\"name\": \"CategoricalDistribution\", \"attributes\": {\"choices\": [32, 64, 128, 256, 512]}}"}
{"op_code": 5, "worker_id": "9d34be47-5855-458b-8f26-3a281b076ccb-139877134112576", "trial_id": 62, "param_name": "training.gradient_clip_val", "param_value_internal": 0.25774577859959313, "distribution": "{\"name\": \"FloatDistribution\", \"attributes\": {\"step\": null, \"low\": 0.1, \"high\": 2.0, \"log\": false}}"}
{"op_code": 5, "worker_id": "9d34be47-5855-458b-8f26-3a281b076ccb-139877134112576", "trial_id": 62, "param_name": "training.early_stopping_patience", "param_value_internal": 9.0, "distribution": "{\"name\": \"IntDistribution\", \"attributes\": {\"log\": false, \"step\": 1, \"low\": 5, \"high\": 20}}"}
{"op_code": 5, "worker_id": "9d34be47-5855-458b-8f26-3a281b076ccb-139877134112576", "trial_id": 62, "param_name": "model.nhead", "param_value_internal": 3, "distribution": "{\"name\": \"CategoricalDistribution\", \"attributes\": {\"choices\": [1, 2, 4, 8, 16]}}"}
{"op_code": 5, "worker_id": "9d34be47-5855-458b-8f26-3a281b076ccb-139877134112576", "trial_id": 62, "param_name": "model.embedding_dim", "param_value_internal": 3, "distribution": "{\"name\": \"CategoricalDistribution\", \"attributes\": {\"choices\": [4, 8, 16, 32, 64, 128]}}"}
{"op_code": 5, "worker_id": "9d34be47-5855-458b-8f26-3a281b076ccb-139877134112576", "trial_id": 62, "param_name": "model.hidden_dim", "param_value_internal": 4, "distribution": "{\"name\": \"CategoricalDistribution\", \"attributes\": {\"choices\": [4, 8, 16, 32, 64, 128, 256]}}"}
{"op_code": 5, "worker_id": "9d34be47-5855-458b-8f26-3a281b076ccb-139877134112576", "trial_id": 62, "param_name": "model.nlayers", "param_value_internal": 3.0, "distribution": "{\"name\": \"IntDistribution\", \"attributes\": {\"log\": false, \"step\": 1, \"low\": 1, \"high\": 6}}"}
{"op_code": 5, "worker_id": "9d34be47-5855-458b-8f26-3a281b076ccb-139877134112576", "trial_id": 62, "param_name": "model.dropout", "param_value_internal": 0.026979718610735465, "distribution": "{\"name\": \"FloatDistribution\", \"attributes\": {\"step\": null, \"low\": 0.0, \"high\": 0.7, \"log\": false}}"}
{"op_code": 5, "worker_id": "9d34be47-5855-458b-8f26-3a281b076ccb-139877134112576", "trial_id": 62, "param_name": "training.epochs", "param_value_internal": 14.0, "distribution": "{\"name\": \"IntDistribution\", \"attributes\": {\"log\": false, \"step\": 1, \"low\": 6, \"high\": 25}}"}
{"op_code": 8, "worker_id": "9d34be47-5855-458b-8f26-3a281b076ccb-139877134112576", "trial_id": 62, "user_attr": {"seed": 104}}
{"op_code": 7, "worker_id": "9d34be47-5855-458b-8f26-3a281b076ccb-139877134112576", "trial_id": 62, "step": 0, "intermediate_value": 0.8832793235778809}
{"op_code": 7, "worker_id": "9d34be47-5855-458b-8f26-3a281b076ccb-139877134112576", "trial_id": 62, "step": 1, "intermediate_value": 0.9076870679855347}
{"op_code": 7, "worker_id": "9d34be47-5855-458b-8f26-3a281b076ccb-139877134112576", "trial_id": 62, "step": 2, "intermediate_value": 0.9094372987747192}
{"op_code": 7, "worker_id": "9d34be47-5855-458b-8f26-3a281b076ccb-139877134112576", "trial_id": 62, "step": 3, "intermediate_value": 0.9101128578186035}
{"op_code": 7, "worker_id": "9d34be47-5855-458b-8f26-3a281b076ccb-139877134112576", "trial_id": 62, "step": 4, "intermediate_value": 0.9057178497314453}
{"op_code": 7, "worker_id": "9d34be47-5855-458b-8f26-3a281b076ccb-139877134112576", "trial_id": 62, "step": 5, "intermediate_value": 0.9045588970184326}
{"op_code": 7, "worker_id": "9d34be47-5855-458b-8f26-3a281b076ccb-139877134112576", "trial_id": 62, "step": 6, "intermediate_value": 0.9024496078491211}
{"op_code": 7, "worker_id": "9d34be47-5855-458b-8f26-3a281b076ccb-139877134112576", "trial_id": 62, "step": 7, "intermediate_value": 0.903667688369751}
{"op_code": 7, "worker_id": "9d34be47-5855-458b-8f26-3a281b076ccb-139877134112576", "trial_id": 62, "step": 8, "intermediate_value": 0.9025176763534546}
{"op_code": 7, "worker_id": "9d34be47-5855-458b-8f26-3a281b076ccb-139877134112576", "trial_id": 62, "step": 9, "intermediate_value": 0.9029234647750854}
{"op_code": 7, "worker_id": "9d34be47-5855-458b-8f26-3a281b076ccb-139877134112576", "trial_id": 62, "step": 10, "intermediate_value": 0.9008592367172241}
