term,n,beta,beta_std,se_naive,se_robust,z,p,odds_ratio,cov_method,pseudo_r2,base_rate,dataset,seed,scale,p_fdr
const,2339,6.246009551024572,,0.3301025434517415,0.3588602241869509,17.405131942877755,0.0,515.9498397783815,"cluster_2way(u,v)",0.43090511388358876,0.9486960239418555,bitcoin-alpha,42,raw,
src_out,2339,-3.6807843934439255,-1.0377090475871011,0.38611390381701133,0.48360851277857153,-7.611082717084503,2.708944180085382e-14,0.02520319785661037,"cluster_2way(u,v)",0.43090511388358876,0.9486960239418555,bitcoin-alpha,42,raw,5.417888360170764e-14
src_in,2339,-1.2724221511299219,-0.30773094056023886,0.38943928611466355,0.45747695913442077,-2.7813906814835785,0.00541265565117266,0.2801522282773959,"cluster_2way(u,v)",0.43090511388358876,0.9486960239418555,bitcoin-alpha,42,raw,0.007216874201563546
tgt_out,2339,0.2271368355365543,0.06332070459576551,0.3513970485191481,0.3328501759791357,0.6823996258027879,0.49498629231335345,1.2550015850067737,"cluster_2way(u,v)",0.43090511388358876,0.9486960239418555,bitcoin-alpha,42,raw,0.49498629231335345
tgt_in,2339,-4.327318613192892,-1.156012602091589,0.34977854557187926,0.38095446413254747,-11.359149243851007,0.0,0.013202902156787209,"cluster_2way(u,v)",0.43090511388358876,0.9486960239418555,bitcoin-alpha,42,raw,0.0
const,2339,4.542330820882899,,0.22054262234536093,0.242762273504074,18.711024391550158,0.0,93.9094312889955,"cluster_2way(u,v)",0.43090511388358865,0.9486960239418555,bitcoin-alpha,42,zscored,
src_out,2339,-1.037709047587101,-1.037709047587093,0.10885557222633414,0.13634184335663765,-7.611082717084162,2.708944180085382e-14,0.3542653580708947,"cluster_2way(u,v)",0.43090511388358865,0.9486960239418555,bitcoin-alpha,42,zscored,5.417888360170764e-14
src_in,2339,-0.3077309405602389,-0.30773094056024136,0.0941845579320924,0.11063923619536188,-2.781390681483567,0.00541265565117266,0.7351130805165458,"cluster_2way(u,v)",0.43090511388358865,0.9486960239418555,bitcoin-alpha,42,zscored,0.007216874201563546
tgt_out,2339,0.0633207045957657,0.06332070459576511,0.09796169191378873,0.09279123581182183,0.6823996258027905,0.4949862923133517,1.065368453008887,"cluster_2way(u,v)",0.43090511388358865,0.9486960239418555,bitcoin-alpha,42,zscored,0.4949862923133517
tgt_in,2339,-1.156012602091589,-1.1560126020915857,0.09344086783663534,0.10176929427328586,-11.35914924385045,0.0,0.3147386704522379,"cluster_2way(u,v)",0.43090511388358865,0.9486960239418555,bitcoin-alpha,42,zscored,0.0
const,2345,6.314910544705436,,0.3361555042234841,0.3037598433200819,20.78915526056288,0.0,552.7526117321659,"cluster_2way(u,v)",0.47144656812597563,0.9424307036247335,bitcoin-alpha,43,raw,
src_out,2345,-3.5890252728205634,-1.0316000939542345,0.37108431836246514,0.38294239836582816,-9.372232712116501,0.0,0.027625244380771952,"cluster_2way(u,v)",0.47144656812597563,0.9424307036247335,bitcoin-alpha,43,raw,0.0
src_in,2345,-1.4139893511220756,-0.3490471129228964,0.38804877670071014,0.4554514435430645,-3.1045885816549794,0.001905438618841293,0.2431712500526646,"cluster_2way(u,v)",0.47144656812597563,0.9424307036247335,bitcoin-alpha,43,raw,0.0025405848251217242
tgt_out,2345,0.6566168502276808,0.1809341304906371,0.35751203422922684,0.3543760165460886,1.8528817402130375,0.06389931085260159,1.9282577022089094,"cluster_2way(u,v)",0.47144656812597563,0.9424307036247335,bitcoin-alpha,43,raw,0.06389931085260159
tgt_in,2345,-5.047642944133612,-1.3269361015250163,0.36204865689578897,0.362585098101867,-13.921264195792995,0.0,0.006424458421458782,"cluster_2way(u,v)",0.47144656812597563,0.9424307036247335,bitcoin-alpha,43,raw,0.0
const,2345,4.55444830329063,,0.22299563992256907,0.19675060271578332,23.14833215464032,0.0,95.05429962280061,"cluster_2way(u,v)",0.47144656812597563,0.9424307036247335,bitcoin-alpha,43,zscored,
src_out,2345,-1.031600093954234,-1.0316000939542427,0.10666144387075427,0.11006983347955177,-9.372232712116164,0.0,0.3564361726688378,"cluster_2way(u,v)",0.47144656812597563,0.9424307036247335,bitcoin-alpha,43,zscored,0.0
src_in,2345,-0.34904711292289614,-0.34904711292290264,0.09579089479928553,0.11242942623232514,-3.104588581654968,0.001905438618841515,0.7053598979206392,"cluster_2way(u,v)",0.47144656812597563,0.9424307036247335,bitcoin-alpha,43,zscored,0.00254058482512202
tgt_out,2345,0.18093413049063714,0.18093413049063636,0.0985142690608298,0.09765012335316978,1.8528817402130187,0.06389931085260447,1.1983362428731068,"cluster_2way(u,v)",0.47144656812597563,0.9424307036247335,bitcoin-alpha,43,zscored,0.06389931085260447
tgt_in,2345,-1.3269361015250165,-1.3269361015250105,0.09517619187030708,0.09531721278057446,-13.921264195793233,0.0,0.2652888354328768,"cluster_2way(u,v)",0.47144656812597563,0.9424307036247335,bitcoin-alpha,43,zscored,0.0
const,2348,5.720392327716228,,0.2834954931675306,0.34972468625289876,16.356844548227294,0.0,305.02456907770886,"cluster_2way(u,v)",0.4090291081196167,0.9433560477001703,bitcoin-alpha,44,raw,
src_out,2348,-3.9330021499436927,-1.0907322469566907,0.37325784722697325,0.5115815917365383,-7.687927426382393,1.4876988529977098e-14,0.01958478773736619,"cluster_2way(u,v)",0.4090291081196167,0.9433560477001703,bitcoin-alpha,44,raw,2.9753977059954195e-14
src_in,2348,0.20446026712272988,0.050346070590867424,0.4163516827926437,0.5580293264886517,0.3663969928055168,0.7140688633594401,1.2268627080919132,"cluster_2way(u,v)",0.4090291081196167,0.9433560477001703,bitcoin-alpha,44,raw,0.7140688633594401
tgt_out,2348,0.34773261753351825,0.09700379783865289,0.3326758128724145,0.4021095333065696,0.8647708863654465,0.3871645535664907,1.4158536246890827,"cluster_2way(u,v)",0.4090291081196167,0.9433560477001703,bitcoin-alpha,44,raw,0.5162194047553209
tgt_in,2348,-4.213093624453407,-1.1277764346278607,0.327788894145393,0.35049475396055096,-12.020418499409555,0.0,0.014800510220422735,"cluster_2way(u,v)",0.4090291081196167,0.9433560477001703,bitcoin-alpha,44,raw,0.0
const,2348,4.214296918718527,,0.19006610883387332,0.22523303240720438,18.71082972900438,0.0,67.64658809752395,"cluster_2way(u,v)",0.4090291081196167,0.9433560477001703,bitcoin-alpha,44,zscored,
src_out,2348,-1.090732246956691,-1.0907322469566878,0.1035149117337547,0.14187598119275202,-7.687927426382535,1.4876988529977098e-14,0.3359703903176526,"cluster_2way(u,v)",0.4090291081196167,0.9433560477001703,bitcoin-alpha,44,zscored,2.9753977059954195e-14
src_in,2348,0.05034607059086742,0.05034607059086806,0.10252197900104719,0.13740852566874576,0.36639699280551175,0.7140688633594439,1.051634973345436,"cluster_2way(u,v)",0.4090291081196167,0.9433560477001703,bitcoin-alpha,44,zscored,0.7140688633594439
tgt_out,2348,0.09700379783865251,0.09700379783865018,0.0928035383237374,0.11217283024680916,0.864770886365434,0.3871645535664978,1.1018645583168736,"cluster_2way(u,v)",0.4090291081196167,0.9433560477001703,bitcoin-alpha,44,zscored,0.5162194047553305
tgt_in,2348,-1.1277764346278607,-1.1277764346278651,0.08774373970810091,0.09382172797754391,-12.020418499409777,0.0,0.32375234115496104,"cluster_2way(u,v)",0.4090291081196167,0.9433560477001703,bitcoin-alpha,44,zscored,0.0
const,2356,5.906093222063803,,0.30555066175118223,0.28177264667491775,20.960491700522255,0.0,367.26851244092956,"cluster_2way(u,v)",0.40056103961054323,0.950339558573854,bitcoin-alpha,45,raw,
src_out,2356,-3.381509978924107,-0.9708622112943073,0.3694154967099449,0.5141024234691541,-6.577502506418345,4.784150853254232e-11,0.03399608259071875,"cluster_2way(u,v)",0.40056103961054323,0.950339558573854,bitcoin-alpha,45,raw,9.568301706508464e-11
src_in,2356,-0.45504817497058925,-0.11223266988451296,0.39402493918287496,0.5138166842693488,-0.8856235869757153,0.37582039700384495,0.6344174041722422,"cluster_2way(u,v)",0.40056103961054323,0.950339558573854,bitcoin-alpha,45,raw,0.5010938626717932
tgt_out,2356,0.05734399937887573,0.016024260300264145,0.35153024551412015,0.35686501789736663,0.16068820563232594,0.8723389792566465,1.0590200499822233,"cluster_2way(u,v)",0.40056103961054323,0.950339558573854,bitcoin-alpha,45,raw,0.8723389792566465
tgt_in,2356,-4.287047368405615,-1.1176052632022293,0.34038785251758935,0.3862160489853559,-11.100127453709637,0.0,0.013745450691634575,"cluster_2way(u,v)",0.40056103961054323,0.950339558573854,bitcoin-alpha,45,raw,0.0
const,2356,4.3667352178062915,,0.2030428138204925,0.19876236157676375,21.969628370106786,0.0,78.7859922554444,"cluster_2way(u,v)",0.40056103961054323,0.950339558573854,bitcoin-alpha,45,zscored,
src_out,2356,-0.9708622112943069,-0.9708622112943186,0.10606254254979972,0.14760347264740328,-6.577502506418075,4.784150853254232e-11,0.37875632929271896,"cluster_2way(u,v)",0.40056103961054323,0.950339558573854,bitcoin-alpha,45,zscored,9.568301706508464e-11
src_in,2356,-0.11223266988451294,-0.11223266988451469,0.09718195425887671,0.12672728181029283,-0.8856235869757081,0.3758203970038487,0.8938362645240043,"cluster_2way(u,v)",0.40056103961054323,0.950339558573854,bitcoin-alpha,45,zscored,0.5010938626717983
tgt_out,2356,0.016024260300264243,0.016024260300264583,0.09823193740492986,0.09972269114094011,0.16068820563232525,0.8723389792566469,1.0161533372921396,"cluster_2way(u,v)",0.40056103961054323,0.950339558573854,bitcoin-alpha,45,zscored,0.8723389792566469
tgt_in,2356,-1.1176052632022289,-1.1176052632022448,0.088736891107699,0.10068400276149023,-11.100127453709977,0.0,0.3270620851697175,"cluster_2way(u,v)",0.40056103961054323,0.950339558573854,bitcoin-alpha,45,zscored,0.0
const,2347,5.308331343348374,,0.2526145447517605,0.24608438400099283,21.57118325446834,0.0,202.01285689046827,"cluster_2way(u,v)",0.33140511991314914,0.9475926714955262,bitcoin-alpha,46,raw,
src_out,2347,-2.9929202737792258,-0.8592168710171881,0.33940079506777365,0.5874711024023456,-5.094582970192537,3.49509745145582e-07,0.05014079785773231,"cluster_2way(u,v)",0.33140511991314914,0.9475926714955262,bitcoin-alpha,46,raw,6.99019490291164e-07
src_in,2347,-0.6625086397568722,-0.1697271021234982,0.3563434635298669,0.5697474741982733,-1.162811016738826,0.24490618637651362,0.5155563656698687,"cluster_2way(u,v)",0.33140511991314914,0.9475926714955262,bitcoin-alpha,46,raw,0.3265415818353515
tgt_out,2347,0.0538875618625173,0.01490165353776054,0.33196048407686973,0.455241863440212,0.11837127951128001,0.9057734813920679,1.0553659321039168,"cluster_2way(u,v)",0.33140511991314914,0.9475926714955262,bitcoin-alpha,46,raw,0.9057734813920679
tgt_in,2347,-3.3927498000758183,-0.9064957910437866,0.3032156842655785,0.3358090108850252,-10.103212510987186,0.0,0.03361611210294723,"cluster_2way(u,v)",0.33140511991314914,0.9475926714955262,bitcoin-alpha,46,raw,0.0
const,2347,3.9652842230420706,,0.16933765390291278,0.17946286310558365,22.095291217488093,0.0,52.73525583463762,"cluster_2way(u,v)",0.33140511991314914,0.9475926714955262,bitcoin-alpha,46,zscored,
src_out,2347,-0.8592168710171882,-0.8592168710171687,0.09743623701363958,0.16865303324027017,-5.094582970192489,3.49509745145582e-07,0.4234936026034677,"cluster_2way(u,v)",0.33140511991314914,0.9475926714955262,bitcoin-alpha,46,zscored,6.99019490291164e-07
src_in,2347,-0.16972710212349815,-0.16972710212349534,0.09129110142287315,0.14596275721527438,-1.1628110167388435,0.2449061863765063,0.8438950823514009,"cluster_2way(u,v)",0.33140511991314914,0.9475926714955262,bitcoin-alpha,46,zscored,0.3265415818353417
tgt_out,2347,0.014901653537760271,0.014901653537760014,0.09179780919688602,0.12588909741691415,0.11837127951127976,0.9057734813920681,1.01501323674598,"cluster_2way(u,v)",0.33140511991314914,0.9475926714955262,bitcoin-alpha,46,zscored,0.9057734813920681
tgt_in,2347,-0.9064957910437862,-0.9064957910437846,0.08101503434148381,0.08972352012371788,-10.103212510987511,0.0,0.40393722730804044,"cluster_2way(u,v)",0.33140511991314914,0.9475926714955262,bitcoin-alpha,46,zscored,0.0
const,2324,6.141512154291609,,0.33129291653724574,0.3592916138832094,17.09339132053318,0.0,464.7558222804233,"cluster_2way(u,v)",0.4023718116501326,0.9543889845094664,bitcoin-alpha,47,raw,
src_out,2324,-3.632729690893805,-1.0193240098513874,0.38790807960478824,0.4765563531262256,-7.622875378878022,2.4868995751603507e-14,0.026443902120809097,"cluster_2way(u,v)",0.4023718116501326,0.9543889845094664,bitcoin-alpha,47,raw,4.973799150320701e-14
src_in,2324,-0.9071538063225135,-0.21998937123122514,0.4046982475623727,0.4232483227764892,-2.1433134108403005,0.03208794068864007,0.403671517870847,"cluster_2way(u,v)",0.4023718116501326,0.9543889845094664,bitcoin-alpha,47,raw,0.04278392091818676
tgt_out,2324,-0.13342107497974984,-0.03598470871955159,0.3692937423467249,0.4127082808535591,-0.3232817977478177,0.7464818378188278,0.8750965332637395,"cluster_2way(u,v)",0.4023718116501326,0.9543889845094664,bitcoin-alpha,47,raw,0.7464818378188278
tgt_in,2324,-4.106480730482574,-1.0320229834300498,0.3659002709305402,0.4099960847972061,-10.015902304320145,0.0,0.016465619633591045,"cluster_2way(u,v)",0.4023718116501326,0.9543889845094664,bitcoin-alpha,47,raw,0.0
const,2324,4.519657516771702,,0.21935600022958668,0.24539686758718407,18.41774738695867,0.0,91.80415121139106,"cluster_2way(u,v)",0.4023718116501327,0.9543889845094664,bitcoin-alpha,47,zscored,
src_out,2324,-1.0193240098513887,-1.0193240098513834,0.10884487776441631,0.13371909669096577,-7.622875378878143,2.4868995751603507e-14,0.36083878120805757,"cluster_2way(u,v)",0.4023718116501327,0.9543889845094664,bitcoin-alpha,47,zscored,4.973799150320701e-14
src_in,2324,-0.2199893712312256,-0.219989371231222,0.09814136522288221,0.10263985197805466,-2.1433134108402783,0.03208794068864185,0.8025273277945498,"cluster_2way(u,v)",0.4023718116501327,0.9543889845094664,bitcoin-alpha,47,zscored,0.04278392091818913
tgt_out,2324,-0.035984708719552214,-0.035984708719552255,0.0996014141867549,0.11131065519384015,-0.3232817977478187,0.7464818378188272,0.9646550441811602,"cluster_2way(u,v)",0.4023718116501327,0.9543889845094664,bitcoin-alpha,47,zscored,0.7464818378188272
tgt_in,2324,-1.0320229834300514,-1.03202298343005,0.09195647417520576,0.10303844347452497,-10.015902304320104,0.0,0.3562854714298454,"cluster_2way(u,v)",0.4023718116501327,0.9543889845094664,bitcoin-alpha,47,zscored,0.0
const,2329,6.062446306774487,,0.31739812129125033,0.3649939541059932,16.609717061269375,0.0,429.42465742694327,"cluster_2way(u,v)",0.4194026334735337,0.9480463718334049,bitcoin-alpha,48,raw,
src_out,2329,-3.8549591167368473,-1.0897939200966977,0.37962973257314103,0.5535353368014753,-6.9642511696040525,3.3015812306302905e-12,0.021174468973808,"cluster_2way(u,v)",0.4194026334735337,0.9480463718334049,bitcoin-alpha,48,raw,6.603162461260581e-12
src_in,2329,-0.48014074634165743,-0.11770567902627051,0.40003298120377,0.5043589475629592,-0.951982211600839,0.34110600338998953,0.6186963064360832,"cluster_2way(u,v)",0.4194026334735337,0.9480463718334049,bitcoin-alpha,48,raw,0.45480800451998604
tgt_out,2329,0.15614574590497435,0.042507543877384625,0.3517347577300769,0.3720858585716889,0.41964977251316343,0.6747413225651278,1.1689965671372258,"cluster_2way(u,v)",0.4194026334735337,0.9480463718334049,bitcoin-alpha,48,raw,0.6747413225651278
tgt_in,2329,-4.438324942780376,-1.1535070564016343,0.35337702251962083,0.3567567467036212,-12.440759659879829,0.0,0.011815713949595729,"cluster_2way(u,v)",0.4194026334735337,0.9480463718334049,bitcoin-alpha,48,raw,0.0
const,2329,4.4328013491642135,,0.21108055334916787,0.2484559074963983,17.84140048764376,0.0,84.16686775091335,"cluster_2way(u,v)",0.4194026334735337,0.9480463718334049,bitcoin-alpha,48,zscored,
src_out,2329,-1.0897939200966973,-1.0897939200967217,0.10732102777690465,0.1564840057540133,-6.964251169603943,3.3015812306302905e-12,0.33628578830911243,"cluster_2way(u,v)",0.4194026334735337,0.9480463718334049,bitcoin-alpha,48,zscored,6.603162461260581e-12
src_in,2329,-0.11770567902627055,-0.11770567902627045,0.09806739803746607,0.12364272944589984,-0.951982211600828,0.3411060033899953,0.8889576529975237,"cluster_2way(u,v)",0.4194026334735337,0.9480463718334049,bitcoin-alpha,48,zscored,0.45480800451999376
tgt_out,2329,0.04250754387738469,0.04250754387738516,0.09575272487097691,0.10129290341996097,0.4196497725131657,0.674741322565126,1.0434239278061592,"cluster_2way(u,v)",0.4194026334735337,0.9480463718334049,bitcoin-alpha,48,zscored,0.674741322565126
tgt_in,2329,-1.153507056401634,-1.1535070564016319,0.0918416056286405,0.09271998559072336,-12.440759659879008,0.0,0.31552825132386003,"cluster_2way(u,v)",0.4194026334735337,0.9480463718334049,bitcoin-alpha,48,zscored,0.0
const,2355,5.755863726231106,,0.2875252862475005,0.28840111203339464,19.95784165202741,0.0,316.0384003285808,"cluster_2way(u,v)",0.37574262098400457,0.9498938428874735,bitcoin-alpha,49,raw,
src_out,2355,-3.2128715725719674,-0.8873274475710542,0.35384374344529923,0.4594877493142782,-6.9922899519448185,2.7042812433819563e-12,0.04024089255799462,"cluster_2way(u,v)",0.37574262098400457,0.9498938428874735,bitcoin-alpha,49,raw,5.408562486763913e-12
src_in,2355,-0.6744401369415586,-0.16126723379036503,0.3868171196843031,0.5279260170228217,-1.277527750469633,0.20141598964905105,0.5094415582899952,"cluster_2way(u,v)",0.37574262098400457,0.9498938428874735,bitcoin-alpha,49,raw,0.2685546528654014
tgt_out,2355,-0.19549961010618472,-0.0527162496688474,0.33845984877194424,0.3514847588082019,-0.5562107750249987,0.5780667740986152,0.8224236642220201,"cluster_2way(u,v)",0.37574262098400457,0.9498938428874735,bitcoin-alpha,49,raw,0.5780667740986152
tgt_in,2355,-4.030569594566251,-1.067105546195094,0.331198700289218,0.37388918886164985,-10.780118052725195,0.0,0.017764208674685485,"cluster_2way(u,v)",0.37574262098400457,0.9498938428874735,bitcoin-alpha,49,raw,0.0
const,2355,4.243922530348586,,0.1920752308785111,0.19181625914687658,22.124936380387602,0.0,69.68064090595377,"cluster_2way(u,v)",0.3757426209840047,0.9498938428874735,bitcoin-alpha,49,zscored,
src_out,2355,-0.8873274475710539,-0.8873274475710641,0.09772418804121694,0.12690083701752763,-6.992289951944884,2.7042812433819563e-12,0.41175471965103416,"cluster_2way(u,v)",0.3757426209840047,0.9498938428874735,bitcoin-alpha,49,zscored,5.408562486763913e-12
src_in,2355,-0.1612672337903651,-0.1612672337903645,0.09249290405094898,0.12623384011116995,-1.2775277504696236,0.2014159896490546,0.8510646074946168,"cluster_2way(u,v)",0.3757426209840047,0.9498938428874735,bitcoin-alpha,49,zscored,0.26855465286540614
tgt_out,2355,-0.0527162496688473,-0.052716249668846395,0.09126531700524249,0.0947774693262255,-0.556210775024992,0.5780667740986198,0.9486491538075629,"cluster_2way(u,v)",0.3757426209840047,0.9498938428874735,bitcoin-alpha,49,zscored,0.5780667740986198
tgt_in,2355,-1.067105546195094,-1.067105546195106,0.0876858621788084,0.09898829873438471,-10.780118052725184,0.0,0.3440027779535103,"cluster_2way(u,v)",0.3757426209840047,0.9498938428874735,bitcoin-alpha,49,zscored,0.0
const,2346,5.765814494866317,,0.29338126430393086,0.30882665992471287,18.67006720298025,0.0,319.1989240713929,"cluster_2way(u,v)",0.3920072150971501,0.9471440750213129,bitcoin-alpha,50,raw,
src_out,2346,-3.4513805365251793,-0.9797120841772334,0.35068936466430134,0.39100012008017426,-8.827057484835239,0.0,0.03170184060532072,"cluster_2way(u,v)",0.3920072150971501,0.9471440750213129,bitcoin-alpha,50,raw,0.0
src_in,2346,-0.970108042237734,-0.23820366613653884,0.3689145056035275,0.42033438365917214,-2.307943580043515,0.021002274738480597,0.3790420833361373,"cluster_2way(u,v)",0.3920072150971501,0.9471440750213129,bitcoin-alpha,50,raw,0.028003032984640797
tgt_out,2346,0.5056342109293491,0.1389060482529003,0.35560684484768207,0.35436771586674787,1.4268630811715413,0.1536193642024115,1.6580367320974196,"cluster_2way(u,v)",0.3920072150971501,0.9471440750213129,bitcoin-alpha,50,raw,0.1536193642024115
tgt_in,2346,-4.305815228668309,-1.1371231570519156,0.33301184471213574,0.3280515102505136,-13.125424191402782,0.0,0.013489883717971435,"cluster_2way(u,v)",0.3920072150971501,0.9471440750213129,bitcoin-alpha,50,raw,0.0
const,2346,4.2613342520572814,,0.19540369395282742,0.20828474310770018,20.45917616660873,0.0,70.9045248773952,"cluster_2way(u,v)",0.3920072150971501,0.9471440750213129,bitcoin-alpha,50,zscored,
src_out,2346,-0.9797120841772335,-0.9797120841772141,0.09954700871667901,0.11098965718308075,-8.82705748483545,0.0,0.37541917241251627,"cluster_2way(u,v)",0.3920072150971501,0.9471440750213129,bitcoin-alpha,50,zscored,0.0
src_in,2346,-0.23820366613653898,-0.23820366613653904,0.09058453687591846,0.10321035063259575,-2.30794358004351,0.02100227473848082,0.7880421772430385,"cluster_2way(u,v)",0.3920072150971501,0.9471440750213129,bitcoin-alpha,50,zscored,0.02800303298464109
tgt_out,2346,0.13890604825290018,0.13890604825289896,0.09769105903393074,0.09735064988776061,1.426863081171522,0.15361936420241706,1.149016142858236,"cluster_2way(u,v)",0.3920072150971501,0.9471440750213129,bitcoin-alpha,50,zscored,0.15361936420241706
tgt_in,2346,-1.1371231570519154,-1.1371231570519138,0.08794513003565659,0.08663515483154682,-13.125424191402841,0.0,0.3207404156310568,"cluster_2way(u,v)",0.3920072150971501,0.9471440750213129,bitcoin-alpha,50,zscored,0.0
const,2336,5.836501605661742,,0.2936759904747968,0.30159158584648377,19.352335673690312,0.0,342.5787662318359,"cluster_2way(u,v)",0.3971567275121015,0.9417808219178082,bitcoin-alpha,51,raw,
src_out,2336,-3.064336248532666,-0.8567335973540374,0.34537365687685806,0.5447296186873893,-5.62542616264682,1.8505054821815747e-08,0.04668481869978861,"cluster_2way(u,v)",0.3971567275121015,0.9417808219178082,bitcoin-alpha,51,raw,3.7010109643631495e-08
src_in,2336,-1.6190401158655559,-0.40652287529436626,0.3602305535976763,0.49386119148975977,-3.278330315815323,0.0010442312404164156,0.19808875010397936,"cluster_2way(u,v)",0.3971567275121015,0.9417808219178082,bitcoin-alpha,51,raw,0.0013923083205552207
tgt_out,2336,-0.12370584365222341,-0.03393587351989511,0.33101721580173754,0.3354044116485183,-0.36882592880697995,0.7122574767334637,0.8836397308927185,"cluster_2way(u,v)",0.3971567275121015,0.9417808219178082,bitcoin-alpha,51,raw,0.7122574767334637
tgt_in,2336,-4.211645845455579,-1.1191551615142723,0.3240536045939438,0.2810615704668153,-14.984780162084965,0.0,0.01482195360717393,"cluster_2way(u,v)",0.3971567275121015,0.9417808219178082,bitcoin-alpha,51,raw,0.0
const,2336,4.159402749221654,,0.18810692421532962,0.18530116307691327,22.446716902123292,0.0,64.03326725834742,"cluster_2way(u,v)",0.3971567275121014,0.9417808219178082,bitcoin-alpha,51,zscored,
src_out,2336,-0.856733597354038,-0.856733597354043,0.09656029609319648,0.1522966567480335,-5.625426162646872,1.8505054821815747e-08,0.4245465599628636,"cluster_2way(u,v)",0.3971567275121014,0.9417808219178082,bitcoin-alpha,51,zscored,3.7010109643631495e-08
src_in,2336,-0.4065228752943667,-0.40652287529437003,0.09044986531363293,0.12400302475110993,-3.278330315815365,0.0010442312404161935,0.665961861368206,"cluster_2way(u,v)",0.3971567275121014,0.9417808219178082,bitcoin-alpha,51,zscored,0.0013923083205549247
tgt_out,2336,-0.03393587351989531,-0.033935873519894924,0.09080701474326645,0.0920105417470677,-0.3688259288069763,0.7122574767334666,0.9666334894532813,"cluster_2way(u,v)",0.3971567275121014,0.9417808219178082,bitcoin-alpha,51,zscored,0.7122574767334666
tgt_in,2336,-1.1191551615142736,-1.1191551615142847,0.08611034201271694,0.07468612481523189,-14.984780162084768,0.0,0.3265555648248892,"cluster_2way(u,v)",0.3971567275121014,0.9417808219178082,bitcoin-alpha,51,zscored,0.0
const,3371,5.577934849672115,,0.21664883937469961,0.24439316408625003,22.823612397372855,0.0,264.5247579284926,"cluster_2way(u,v)",0.4315542215596003,0.9204983684366657,bitcoin-otc,42,raw,
src_out,3371,-2.1575927937032424,-0.6872376316263882,0.23173128150264663,0.3079719589721454,-7.005809233100948,2.4555912858659212e-12,0.11560306679777481,"cluster_2way(u,v)",0.4315542215596003,0.9204983684366657,bitcoin-otc,42,raw,4.9111825717318425e-12
src_in,3371,-1.8902051809422702,-0.5407140318935171,0.2520559246112567,0.30249347816035743,-6.248746890140346,4.1375880499572304e-10,0.15104081496006844,"cluster_2way(u,v)",0.4315542215596003,0.9204983684366657,bitcoin-otc,42,raw,5.51678406660964e-10
tgt_out,3371,0.3621023173471312,0.11227706605261505,0.22487953005916725,0.28326853382551004,1.278300531502669,0.20114348051672493,1.4363458975439705,"cluster_2way(u,v)",0.4315542215596003,0.9204983684366657,bitcoin-otc,42,raw,0.20114348051672493
tgt_in,3371,-4.210155315606839,-1.2920212955391983,0.24344298419879173,0.2714563425449158,-15.509511681091837,0.0,0.014844062644438789,"cluster_2way(u,v)",0.4315542215596003,0.9204983684366657,bitcoin-otc,42,raw,0.0
const,3371,3.8463131516290336,,0.1388943173425686,0.15465916211583675,24.86961069107706,0.0,46.820125925662055,"cluster_2way(u,v)",0.4315542215596003,0.9204983684366657,bitcoin-otc,42,zscored,
src_out,3371,-0.6872376316263886,-0.6872376316263866,0.07381117397981592,0.09809539608634224,-7.005809233100923,2.4555912858659212e-12,0.5029635223825171,"cluster_2way(u,v)",0.4315542215596003,0.9204983684366657,bitcoin-otc,42,zscored,4.9111825717318425e-12
src_in,3371,-0.5407140318935174,-0.5407140318935216,0.07210337620133914,0.08653159447803663,-6.248746890140351,4.1375880499572304e-10,0.5823323000551864,"cluster_2way(u,v)",0.4315542215596003,0.9204983684366657,bitcoin-otc,42,zscored,5.51678406660964e-10
tgt_out,3371,0.11227706605261498,0.11227706605261409,0.06972839620390821,0.08783307468442515,1.2783005315026768,0.20114348051672204,1.1188228055237626,"cluster_2way(u,v)",0.4315542215596003,0.9204983684366657,bitcoin-otc,42,zscored,0.20114348051672204
tgt_in,3371,-1.2920212955391992,-1.2920212955391766,0.07470829369845208,0.08330509187561184,-15.50951168109146,0.0,0.2747149414331988,"cluster_2way(u,v)",0.4315542215596003,0.9204983684366657,bitcoin-otc,42,zscored,0.0
const,3354,5.445230340266059,,0.2176693022095963,0.2313564832197156,23.53610438958311,0.0,231.65063203551028,"cluster_2way(u,v)",0.3851972726746258,0.9314251639833036,bitcoin-otc,43,raw,
src_out,3354,-2.290246510375325,-0.7515232704390398,0.2372991555728653,0.29914270475561366,-7.656033304393483,1.9095836023552692e-14,0.1012415016969592,"cluster_2way(u,v)",0.3851972726746258,0.9314251639833036,bitcoin-otc,43,raw,3.8191672047105385e-14
src_in,3354,-1.7431168986858763,-0.49046343723434005,0.24768535908288267,0.34682257816937656,-5.025961423522422,5.009165833236295e-07,0.1749741730212263,"cluster_2way(u,v)",0.3851972726746258,0.9314251639833036,bitcoin-otc,43,raw,6.678887777648393e-07
tgt_out,3354,0.6673174390672846,0.20161164526913797,0.2443307099623026,0.2718001391612185,2.455176958800101,0.014081525121455218,1.9490019851390976,"cluster_2way(u,v)",0.3851972726746258,0.9314251639833036,bitcoin-otc,43,raw,0.014081525121455218
tgt_in,3354,-3.6789392889621073,-1.120519775443822,0.2378171750457403,0.29353738353275644,-12.533120124890555,0.0,0.02524974331734587,"cluster_2way(u,v)",0.3851972726746258,0.9314251639833036,bitcoin-otc,43,raw,0.0
const,3354,3.892555467280033,,0.14074097673671937,0.1354610767461579,28.735601109788448,0.0,49.036036534152295,"cluster_2way(u,v)",0.3851972726746258,0.9314251639833036,bitcoin-otc,43,zscored,
src_out,3354,-0.7515232704390397,-0.7515232704390352,0.077867529395041,0.09816091970338711,-7.65603330439362,1.9095836023552692e-14,0.4716475584852078,"cluster_2way(u,v)",0.3851972726746258,0.9314251639833036,bitcoin-otc,43,zscored,3.8191672047105385e-14
src_in,3354,-0.4904634372343397,-0.49046343723434616,0.06969160396528502,0.09758599318707013,-5.025961423522456,5.009165833236295e-07,0.6123425460805821,"cluster_2way(u,v)",0.3851972726746258,0.9314251639833036,bitcoin-otc,43,zscored,6.678887777648393e-07
tgt_out,3354,0.20161164526913805,0.20161164526914047,0.07381781674120097,0.08211695069330963,2.4551769588001044,0.014081525121454996,1.2233728132256154,"cluster_2way(u,v)",0.3851972726746258,0.9314251639833036,bitcoin-otc,43,zscored,0.014081525121454996
tgt_in,3354,-1.1205197754438223,-1.1205197754437968,0.07243360834424438,0.08940469446378851,-12.533120124890816,0.0,0.3261102464652807,"cluster_2way(u,v)",0.3851972726746258,0.9314251639833036,bitcoin-otc,43,zscored,0.0
const,3384,5.765451479504281,,0.22958754971775475,0.27572957536481085,20.909804368559875,0.0,319.08307098790664,"cluster_2way(u,v)",0.41137169719105116,0.9264184397163121,bitcoin-otc,44,raw,
src_out,3384,-2.7572622366536637,-0.8764132453035289,0.23584906338220857,0.39650328822434927,-6.953945448980869,3.552047544985726e-12,0.06346528365671095,"cluster_2way(u,v)",0.41137169719105116,0.9264184397163121,bitcoin-otc,44,raw,7.104095089971452e-12
src_in,3384,-1.4798677144422148,-0.4195518656761469,0.23929126697637187,0.40682968493032823,-3.6375608006472047,0.0002752322336989632,0.22766780355425068,"cluster_2way(u,v)",0.41137169719105116,0.9264184397163121,bitcoin-otc,44,raw,0.0003669763115986176
tgt_out,3384,-0.1552632289600998,-0.047652056585439063,0.22679417975882774,0.2846297417456522,-0.545491936323522,0.5854152249641542,0.8561897738747111,"cluster_2way(u,v)",0.41137169719105116,0.9264184397163121,bitcoin-otc,44,raw,0.5854152249641542
tgt_in,3384,-3.7940227486552085,-1.137792562732601,0.23901926596584944,0.2918325219085979,-13.000685200683352,0.0,0.022504888005992308,"cluster_2way(u,v)",0.41137169719105116,0.9264184397163121,bitcoin-otc,44,raw,0.0
const,3384,3.934151327933341,,0.1439016118327846,0.16181712855870956,24.31232937436518,0.0,51.11874848853072,"cluster_2way(u,v)",0.41137169719105104,0.9264184397163121,bitcoin-otc,44,zscored,
src_out,3384,-0.8764132453035289,-0.8764132453035279,0.07496611685780744,0.12603107857740822,-6.953945448980954,3.552047544985726e-12,0.4162733074823357,"cluster_2way(u,v)",0.41137169719105104,0.9264184397163121,bitcoin-otc,44,zscored,7.104095089971452e-12
src_in,3384,-0.41955186567614666,-0.4195518656761486,0.0678405890743997,0.11533879120357148,-3.637560800647226,0.0002752322336989632,0.6573413310327585,"cluster_2way(u,v)",0.41137169719105104,0.9264184397163121,bitcoin-otc,44,zscored,0.0003669763115986176
tgt_out,3384,-0.047652056585438834,-0.04765205658543952,0.06960572158326775,0.08735611548467898,-0.5454919363235231,0.5854152249641535,0.953465481403996,"cluster_2way(u,v)",0.41137169719105104,0.9264184397163121,bitcoin-otc,44,zscored,0.5854152249641535
tgt_in,3384,-1.137792562732601,-1.1377925627325771,0.07167968174733283,0.08751789195486182,-13.000685200683632,0.0,0.32052578202130155,"cluster_2way(u,v)",0.41137169719105104,0.9264184397163121,bitcoin-otc,44,zscored,0.0
const,3357,5.228177975757619,,0.20203054195761927,0.241237751925666,21.672304330578445,0.0,186.4527723704199,"cluster_2way(u,v)",0.3558282417221258,0.9279118260351504,bitcoin-otc,45,raw,
src_out,3357,-2.031791965678338,-0.6470546121226521,0.23643988955699513,0.37812712606713544,-5.373303911863754,7.730686779616747e-08,0.13110038314478628,"cluster_2way(u,v)",0.3558282417221258,0.9279118260351504,bitcoin-otc,45,raw,1.5461373559233493e-07
src_in,3357,-1.3944245962655162,-0.3921251091503011,0.24736072645674184,0.35508071882862635,-3.9270636853095686,8.59892183491251e-05,0.24797568145720597,"cluster_2way(u,v)",0.3558282417221258,0.9279118260351504,bitcoin-otc,45,raw,0.0001146522911321668
tgt_out,3357,0.29636281573505563,0.09259423493399076,0.22110704691261096,0.27795990107174245,1.066207084519588,0.28633004032458076,1.3449580402608046,"cluster_2way(u,v)",0.3558282417221258,0.9279118260351504,bitcoin-otc,45,raw,0.28633004032458076
tgt_in,3357,-3.8104952777329006,-1.1568075732268213,0.22980957581935305,0.3073141749181067,-12.39934760167937,0.0,0.022137212173201692,"cluster_2way(u,v)",0.3558282417221258,0.9279118260351504,bitcoin-otc,45,raw,0.0
const,3357,3.695192979616742,,0.12936756514593323,0.14414287557288022,25.63562690788982,0.0,40.25333991258879,"cluster_2way(u,v)",0.3558282417221258,0.9279118260351504,bitcoin-otc,45,zscored,
src_out,3357,-0.6470546121226523,-0.6470546121226552,0.07529782753941879,0.12042025218302206,-5.373303911863754,7.730686779616747e-08,0.5235856707425868,"cluster_2way(u,v)",0.3558282417221258,0.9279118260351504,bitcoin-otc,45,zscored,1.5461373559233493e-07
src_in,3357,-0.39212510915030135,-0.39212510915029875,0.06956012689471949,0.09985198626066775,-3.927063685309599,8.59892183491251e-05,0.6756195824810144,"cluster_2way(u,v)",0.3558282417221258,0.9279118260351504,bitcoin-otc,45,zscored,0.0001146522911321668
tgt_out,3357,0.09259423493399078,0.09259423493399108,0.06908166868575712,0.08684451292659691,1.0662070845195906,0.28633004032457965,1.097016513968362,"cluster_2way(u,v)",0.3558282417221258,0.9279118260351504,bitcoin-otc,45,zscored,0.28633004032457965
tgt_in,3357,-1.1568075732268215,-1.1568075732268346,0.06976664142883846,0.09329584187720992,-12.399347601679166,0.0,0.31448856172186956,"cluster_2way(u,v)",0.3558282417221258,0.9279118260351504,bitcoin-otc,45,zscored,0.0
const,3377,5.526243972060063,,0.21750587041244776,0.22550746139220654,24.505814299637393,0.0,251.1986278152118,"cluster_2way(u,v)",0.3871852878414729,0.9307077287533314,bitcoin-otc,46,raw,
src_out,3377,-2.319328614774629,-0.7419808479960348,0.24302205105449606,0.3634690202376723,-6.381090232279,1.7583157152500917e-10,0.09833958719154653,"cluster_2way(u,v)",0.3871852878414729,0.9307077287533314,bitcoin-otc,46,raw,3.5166314305001833e-10
src_in,3377,-1.503299170475786,-0.41849938845297385,0.2602532542442426,0.3713298263473048,-4.048420201693548,5.156450874110874e-05,0.2223952287104765,"cluster_2way(u,v)",0.3871852878414729,0.9307077287533314,bitcoin-otc,46,raw,6.875267832147831e-05
tgt_out,3377,0.29803351677259776,0.09230630369737626,0.22919716441740623,0.28065907754196645,1.061905851693086,0.2882784282993085,1.3472069411515426,"cluster_2way(u,v)",0.3871852878414729,0.9307077287533314,bitcoin-otc,46,raw,0.2882784282993085
tgt_in,3377,-3.9061259482781865,-1.1867787444699094,0.23728624386958352,0.2967197481602035,-13.164361228054188,0.0,0.020118289580411217,"cluster_2way(u,v)",0.3871852878414729,0.9307077287533314,bitcoin-otc,46,raw,0.0
const,3377,3.884288839414305,,0.13961558187646156,0.14770227035928948,26.298098397307466,0.0,48.63234475190808,"cluster_2way(u,v)",0.3871852878414729,0.9307077287533314,bitcoin-otc,46,zscored,
src_out,3377,-0.7419808479960348,-0.7419808479960273,0.07774564862197053,0.11627806863515115,-6.38109023227904,1.7583157152500917e-10,0.47616976079980755,"cluster_2way(u,v)",0.3871852878414729,0.9307077287533314,bitcoin-otc,46,zscored,3.5166314305001833e-10
src_in,3377,-0.4184993884529743,-0.4184993884529724,0.07245119925772352,0.10337350561532713,-4.048420201693572,5.156450874110874e-05,0.6580335320105054,"cluster_2way(u,v)",0.3871852878414729,0.9307077287533314,bitcoin-otc,46,zscored,6.875267832147831e-05
tgt_out,3377,0.0923063036973764,0.09230630369737748,0.07098645579997984,0.08692512952085567,1.06190585169309,0.2882784282993067,1.096700694116291,"cluster_2way(u,v)",0.3871852878414729,0.9307077287533314,bitcoin-otc,46,zscored,0.2882784282993067
tgt_in,3377,-1.1867787444699098,-1.1867787444699103,0.07209349475883033,0.0901508796295254,-13.16436122805425,0.0,0.30520281856612247,"cluster_2way(u,v)",0.3871852878414729,0.9307077287533314,bitcoin-otc,46,zscored,0.0
const,3372,5.473405050413696,,0.21093566578008505,0.2511098786084716,21.796852759216943,0.0,238.27013485302822,"cluster_2way(u,v)",0.37983777131672625,0.9276393831553974,bitcoin-otc,47,raw,
src_out,3372,-2.6724239167009216,-0.8368259760523967,0.24216425265723174,0.40714791516779747,-6.56376667334656,5.246536538550117e-11,0.06908456696086607,"cluster_2way(u,v)",0.37983777131672625,0.9276393831553974,bitcoin-otc,47,raw,1.0493073077100235e-10
src_in,3372,-1.5967237435578883,-0.4457457721219443,0.24806410126540115,0.4047592080904829,-3.944873178032666,7.984222360346571e-05,0.20255906751079306,"cluster_2way(u,v)",0.37983777131672625,0.9276393831553974,bitcoin-otc,47,raw,0.00010645629813795428
tgt_out,3372,0.2691661825061099,0.08214846002975187,0.2325633256764842,0.26289630040611195,1.023849259538124,0.3059064795056634,1.3088726347087598,"cluster_2way(u,v)",0.37983777131672625,0.9276393831553974,bitcoin-otc,47,raw,0.3059064795056634
tgt_in,3372,-3.5163118880470736,-1.069565002654153,0.23102922316819577,0.25609756295717945,-13.730360599468161,0.0,0.02970880275451664,"cluster_2way(u,v)",0.37983777131672625,0.9276393831553974,bitcoin-otc,47,raw,0.0
const,3372,3.79040364750958,,0.13393900724239233,0.1421296487433971,26.668634454678976,0.0,44.27426786759958,"cluster_2way(u,v)",0.37983777131672636,0.9276393831553974,bitcoin-otc,47,zscored,
src_out,3372,-0.8368259760523967,-0.8368259760523856,0.07582978726857703,0.12749173115042298,-6.563766673346489,5.246536538550117e-11,0.43308295988976314,"cluster_2way(u,v)",0.37983777131672636,0.9276393831553974,bitcoin-otc,47,zscored,1.0493073077100235e-10
src_in,3372,-0.44574577212194444,-0.44574577212193817,0.06925025371508393,0.1129936887715716,-3.9448731780326733,7.984222360346571e-05,0.6403465453134565,"cluster_2way(u,v)",0.37983777131672636,0.9276393831553974,bitcoin-otc,47,zscored,0.00010645629813795428
tgt_out,3372,0.08214846002975178,0.08214846002975225,0.070977412117093,0.08023491667788117,1.0238492595381248,0.30590647950566296,1.0856169685938921,"cluster_2way(u,v)",0.37983777131672636,0.9276393831553974,bitcoin-otc,47,zscored,0.30590647950566296
tgt_in,3372,-1.0695650026541526,-1.0695650026541546,0.07027271173841079,0.07789780864863724,-13.73036059946808,0.0,0.3431577576705903,"cluster_2way(u,v)",0.37983777131672636,0.9276393831553974,bitcoin-otc,47,zscored,0.0
const,3376,5.612193140139172,,0.2231990231032314,0.22421151186367314,25.0307983452319,0.0,273.7439389706651,"cluster_2way(u,v)",0.4100361636758981,0.9289099526066351,bitcoin-otc,48,raw,
src_out,3376,-2.0786929849607176,-0.6559970643981161,0.23560745069754332,0.3081663649634595,-6.745359718953093,1.5264900454781127e-11,0.12509360461970245,"cluster_2way(u,v)",0.4100361636758981,0.9289099526066351,bitcoin-otc,48,raw,3.0529800909562255e-11
src_in,3376,-1.5423548126768742,-0.4314290896740675,0.2456513683035425,0.2854969222936727,-5.402351802203847,6.577279232367061e-08,0.2138768680122778,"cluster_2way(u,v)",0.4100361636758981,0.9289099526066351,bitcoin-otc,48,raw,8.769705643156082e-08
tgt_out,3376,0.173255524512856,0.054535206734358514,0.22615622898575652,0.25751242598725826,0.672804521368723,0.5010716609215811,1.1891699283318753,"cluster_2way(u,v)",0.4100361636758981,0.9289099526066351,bitcoin-otc,48,raw,0.5010716609215811
tgt_in,3376,-4.24212532910657,-1.2975680492197004,0.24971361703144263,0.26093368408250317,-16.257484517657275,0.0,0.01437700348549002,"cluster_2way(u,v)",0.4100361636758981,0.9289099526066351,bitcoin-otc,48,raw,0.0
const,3376,3.9318326654278066,,0.1436055814647974,0.1331377719012181,29.532059980281478,0.0,51.00035866913873,"cluster_2way(u,v)",0.41003616367589824,0.9289099526066351,bitcoin-otc,48,zscored,
src_out,3376,-0.6559970643981158,-0.6559970643981151,0.07435335430779459,0.0972516058046378,-6.745359718953166,1.5264900454781127e-11,0.5189244035121611,"cluster_2way(u,v)",0.41003616367589824,0.9289099526066351,bitcoin-otc,48,zscored,3.0529800909562255e-11
src_in,3376,-0.4314290896740674,-0.43142908967406807,0.06871385580886434,0.07985949554378731,-5.402351802203821,6.577279232367061e-08,0.6495801228433241,"cluster_2way(u,v)",0.41003616367589824,0.9289099526066351,bitcoin-otc,48,zscored,8.769705643156082e-08
tgt_out,3376,0.05453520673435875,0.054535206734359125,0.07118662874779487,0.08105654020192157,0.6728045213687261,0.5010716609215791,1.0560496558189403,"cluster_2way(u,v)",0.41003616367589824,0.9289099526066351,bitcoin-otc,48,zscored,0.5010716609215791
tgt_in,3376,-1.2975680492197004,-1.2975680492197266,0.07638162142261125,0.07981358049644384,-16.257484517656923,0.0,0.2731953835233816,"cluster_2way(u,v)",0.41003616367589824,0.9289099526066351,bitcoin-otc,48,zscored,0.0
const,3370,5.468088545722304,,0.2117448240562311,0.2743834671402573,19.9286371103663,0.0,237.00673198276903,"cluster_2way(u,v)",0.40111163449913945,0.9240356083086053,bitcoin-otc,49,raw,
src_out,3370,-2.2142788080979052,-0.699330064167711,0.23534492492546832,0.3882420241630888,-5.703346547481819,1.1747779860016294e-08,0.1092322632721911,"cluster_2way(u,v)",0.40111163449913945,0.9240356083086053,bitcoin-otc,49,raw,1.5663706480021727e-08
src_in,3370,-2.008422582548041,-0.5691318079297211,0.24334270485447473,0.31547619417742223,-6.366320564329219,1.9361645620108447e-10,0.13420019752865767,"cluster_2way(u,v)",0.40111163449913945,0.9240356083086053,bitcoin-otc,49,raw,3.8723291240216895e-10
tgt_out,3370,0.4000477498285473,0.1258492881343774,0.22554028516806549,0.2859081894111978,1.3992175273202552,0.16174776213475006,1.4918959337155469,"cluster_2way(u,v)",0.40111163449913945,0.9240356083086053,bitcoin-otc,49,raw,0.16174776213475006
tgt_in,3370,-3.8231274243624065,-1.1675791915248925,0.23629271345977745,0.3484756346501316,-10.971003548643548,0.0,0.021859330479360586,"cluster_2way(u,v)",0.40111163449913945,0.9240356083086053,bitcoin-otc,49,raw,0.0
const,3370,3.7971170475336486,,0.135118330276617,0.16088635543233826,23.601237266702515,0.0,44.5724986898743,"cluster_2way(u,v)",0.40111163449913945,0.9240356083086053,bitcoin-otc,49,zscored,
src_out,3370,-0.6993300641677105,-0.6993300641677178,0.07432839118893635,0.12261749454388009,-5.703346547481829,1.1747779860016294e-08,0.49691809554232025,"cluster_2way(u,v)",0.40111163449913945,0.9240356083086053,bitcoin-otc,49,zscored,1.5663706480021727e-08
src_in,3370,-0.5691318079297208,-0.5691318079297234,0.06895664028265955,0.08939729034673329,-6.36632056432925,1.9361645620108447e-10,0.5660166365971633,"cluster_2way(u,v)",0.40111163449913945,0.9240356083086053,bitcoin-otc,49,zscored,3.8723291240216895e-10
tgt_out,3370,0.1258492881343774,0.12584928813437868,0.07095174100139393,0.08994261841144935,1.399217527320255,0.16174776213475006,1.1341112313827337,"cluster_2way(u,v)",0.40111163449913945,0.9240356083086053,bitcoin-otc,49,zscored,0.16174776213475006
tgt_in,3370,-1.1675791915248919,-1.1675791915249147,0.07216355217106006,0.10642410116340072,-10.971003548643761,0.0,0.3111191903454,"cluster_2way(u,v)",0.40111163449913945,0.9240356083086053,bitcoin-otc,49,zscored,0.0
const,3353,5.6844084707993,,0.22550859926056194,0.24710436966197966,23.004079120798824,0.0,294.24373979747975,"cluster_2way(u,v)",0.3958714613793016,0.9278258276170593,bitcoin-otc,50,raw,
src_out,3353,-2.412716590187282,-0.7534694953297721,0.23334449244098165,0.3136038206376725,-7.6935178445254175,1.4210854715202004e-14,0.08957163433669554,"cluster_2way(u,v)",0.3958714613793016,0.9278258276170593,bitcoin-otc,50,raw,2.842170943040401e-14
src_in,3353,-1.6980379625232769,-0.47460985208247386,0.24411797471178817,0.3655776852221345,-4.6448074681897085,3.4039374938732436e-06,0.1830423078318187,"cluster_2way(u,v)",0.3958714613793016,0.9278258276170593,bitcoin-otc,50,raw,4.538583325164325e-06
tgt_out,3353,-0.04013999397969215,-0.012466514466973501,0.2232360611198039,0.22913844438429923,-0.1751779108370458,0.8609398405389088,0.9606549438295775,"cluster_2way(u,v)",0.3958714613793016,0.9278258276170593,bitcoin-otc,50,raw,0.8609398405389088
tgt_in,3353,-3.9621562945756796,-1.1906586278242097,0.2475124638618956,0.3268009893100173,-12.124064565841966,0.0,0.019022052887820152,"cluster_2way(u,v)",0.3958714613793016,0.9278258276170593,bitcoin-otc,50,raw,0.0
const,3353,3.9027471300410066,,0.1423547536268419,0.1547876385551847,25.213558178611297,0.0,49.538350641695985,"cluster_2way(u,v)",0.3958714613793016,0.9278258276170593,bitcoin-otc,50,zscored,
src_out,3353,-0.7534694953297719,-0.7534694953297761,0.07287136735104104,0.09793562718073509,-7.693517844525397,1.4210854715202004e-14,0.4707305189392887,"cluster_2way(u,v)",0.3958714613793016,0.9278258276170593,bitcoin-otc,50,zscored,2.842170943040401e-14
src_in,3353,-0.47460985208247375,-0.4746098520824775,0.06823215877721951,0.10218073737886268,-4.644807468189719,3.4039374938732436e-06,0.622127730961137,"cluster_2way(u,v)",0.3958714613793016,0.9278258276170593,bitcoin-otc,50,zscored,4.538583325164325e-06
tgt_out,3353,-0.012466514466973253,-0.01246651446697343,0.06933173898601507,0.07116487693799643,-0.17517791083703985,0.8609398405389135,0.9876108706166186,"cluster_2way(u,v)",0.3958714613793016,0.9278258276170593,bitcoin-otc,50,zscored,0.8609398405389135
tgt_in,3353,-1.1906586278242095,-1.1906586278241997,0.0743794107755539,0.09820622625012425,-12.12406456584216,0.0,0.30402096144715357,"cluster_2way(u,v)",0.3958714613793016,0.9278258276170593,bitcoin-otc,50,zscored,0.0
const,3355,5.554165825029773,,0.21791058372271072,0.25357693075297494,21.903277275804047,0.0,258.31139772035664,"cluster_2way(u,v)",0.39614593132743836,0.9284649776453056,bitcoin-otc,51,raw,
src_out,3355,-2.1635008268975273,-0.6856047762674677,0.23826276159815407,0.31315448271560853,-6.9087333770096855,4.8900883342639645e-12,0.1149220936285878,"cluster_2way(u,v)",0.39614593132743836,0.9284649776453056,bitcoin-otc,51,raw,9.780176668527929e-12
src_in,3355,-1.369861047207788,-0.39103707252005043,0.2488137091261901,0.30925852857380554,-4.429501276893213,9.4451253944694e-06,0.25414227087759744,"cluster_2way(u,v)",0.39614593132743836,0.9284649776453056,bitcoin-otc,51,raw,1.25935005259592e-05
tgt_out,3355,0.059599296249070816,0.018145254528859036,0.22740865285215542,0.23642440158878117,0.25208606154255325,0.8009745434155671,1.0614111498929943,"cluster_2way(u,v)",0.39614593132743836,0.9284649776453056,bitcoin-otc,51,raw,0.8009745434155671
tgt_in,3355,-4.055592145379162,-1.238448253665111,0.24778761729701765,0.2675607126000897,-15.157651906245531,0.0,0.01732521809760318,"cluster_2way(u,v)",0.39614593132743836,0.9284649776453056,bitcoin-otc,51,raw,0.0
const,3355,3.8820992368314116,,0.1408089233828636,0.15260710124358662,25.43852288128406,0.0,48.52597573965673,"cluster_2way(u,v)",0.39614593132743836,0.9284649776453056,bitcoin-otc,51,zscored,
src_out,3355,-0.685604776267468,-0.6856047762674722,0.07550451810671259,0.0992374055928938,-6.908733377009634,4.8900883342639645e-12,0.503785459935328,"cluster_2way(u,v)",0.39614593132743836,0.9284649776453056,bitcoin-otc,51,zscored,9.780176668527929e-12
src_in,3355,-0.39103707252005054,-0.39103707252005204,0.07102573258643995,0.08828015798526188,-4.429501276893196,9.4451253944694e-06,0.6763550813871858,"cluster_2way(u,v)",0.39614593132743836,0.9284649776453056,bitcoin-otc,51,zscored,1.25935005259592e-05
tgt_out,3355,0.01814525452885881,0.018145254528858505,0.06923551363463701,0.0719803959720165,0.2520860615425492,0.8009745434155702,1.018310879914799,"cluster_2way(u,v)",0.39614593132743836,0.9284649776453056,bitcoin-otc,51,zscored,0.8009745434155702
tgt_in,3355,-1.2384482536651118,-1.2384482536651196,0.07566642081378291,0.08170449231353823,-15.157651906245357,0.0,0.2898336174254386,"cluster_2way(u,v)",0.39614593132743836,0.9284649776453056,bitcoin-otc,51,zscored,0.0
const,70792,5.224003406891635,,0.05185878677071187,0.07100918190147959,73.56799877147697,0.0,185.67603483209652,"cluster_2way(u,v)",0.21746457302330358,0.9374788111651035,epinions,42,raw,
src_out,70792,-2.699682098839161,-0.9613662672082738,0.047273499101158356,0.06835329395130674,-39.496005865677084,0.0,0.06722688084655754,"cluster_2way(u,v)",0.21746457302330358,0.9374788111651035,epinions,42,raw,0.0
src_in,70792,-0.8611778950945077,-0.25043241687676154,0.05844001466615183,0.09667094364669661,-8.908342699558778,0.0,0.4226639352169139,"cluster_2way(u,v)",0.21746457302330358,0.9374788111651035,epinions,42,raw,0.0
tgt_out,70792,0.0653642465166225,0.02517814194089245,0.043923658396698026,0.0539714072558046,1.2110902761312121,0.225860807713131,1.0675478041430448,"cluster_2way(u,v)",0.21746457302330358,0.9374788111651035,epinions,42,raw,0.225860807713131
tgt_in,70792,-2.362888282907365,-0.628394927075184,0.05628106937186346,0.09401414298335004,-25.133327900737594,0.0,0.09414790433580096,"cluster_2way(u,v)",0.21746457302330358,0.9374788111651035,epinions,42,raw,0.0
const,70792,3.4935717162415023,,0.026073153614339373,0.03867770587971025,90.32520509635961,0.0,32.90325918509107,"cluster_2way(u,v)",0.21746457302330346,0.9374788111651035,epinions,42,zscored,
src_out,70792,-0.9613662672082751,-0.9613662672084246,0.016834258888591414,0.024340847793009802,-39.49600586567737,0.0,0.3823701091884345,"cluster_2way(u,v)",0.21746457302330346,0.9374788111651035,epinions,42,zscored,0.0
src_in,70792,-0.2504324168767618,-0.2504324168768812,0.01699448418093881,0.028112122009985682,-8.908342699558785,0.0,0.7784640892704567,"cluster_2way(u,v)",0.21746457302330346,0.9374788111651035,epinions,42,zscored,0.0
tgt_out,70792,0.025178141940892802,0.025178141940900997,0.0169192817880046,0.020789649159204754,1.2110902761312359,0.2258608077131219,1.0254977884199494,"cluster_2way(u,v)",0.21746457302330346,0.9374788111651035,epinions,42,zscored,0.2258608077131219
tgt_in,70792,-0.6283949270751816,-0.6283949270752768,0.014967588074087546,0.025002456083690353,-25.133327900737616,0.0,0.5334473361011083,"cluster_2way(u,v)",0.21746457302330346,0.9374788111651035,epinions,42,zscored,0.0
const,70819,5.157480633184389,,0.05052970645329315,0.0679730191042084,75.87540911310022,0.0,173.72622372042997,"cluster_2way(u,v)",0.22866317258013402,0.9329699656871744,epinions,43,raw,
src_out,70819,-2.705477429199277,-0.9673763984463476,0.046070493395694134,0.06984054544304807,-38.73791952849905,0.0,0.06683840562137697,"cluster_2way(u,v)",0.22866317258013402,0.9329699656871744,epinions,43,raw,0.0
src_in,70819,-0.8460762180142342,-0.2451642540845854,0.05784983503011022,0.11388737252453039,-7.429060827898162,1.0946799022804043e-13,0.4290953095208448,"cluster_2way(u,v)",0.22866317258013402,0.9329699656871744,epinions,43,raw,1.4595732030405392e-13
tgt_out,70819,0.27369327273195126,0.10549685073369759,0.0431561788909643,0.05633089415958789,4.858670838005273,1.1817641394351597e-06,1.314811451857979,"cluster_2way(u,v)",0.22866317258013402,0.9329699656871744,epinions,43,raw,1.1817641394351597e-06
tgt_in,70819,-2.5657405255276693,-0.6812222892037425,0.05528302768221163,0.08967392794992758,-28.611889589138283,0.0,0.0768622419096,"cluster_2way(u,v)",0.22866317258013402,0.9329699656871744,epinions,43,raw,0.0
const,70819,3.435381379619167,,0.025367890308711744,0.0396406046493013,86.66319320837398,0.0,31.043249570887344,"cluster_2way(u,v)",0.22866317258013402,0.9329699656871744,epinions,43,zscored,
src_out,70819,-0.9673763984463493,-0.9673763984467473,0.01647306589763833,0.024972337446636933,-38.73791952849922,0.0,0.3800789067611712,"cluster_2way(u,v)",0.22866317258013402,0.9329699656871744,epinions,43,zscored,0.0
src_in,70819,-0.24516425408458614,-0.24516425408457918,0.01676292437028963,0.03300070624861841,-7.429060827898193,1.0946799022804043e-13,0.7825759863823109,"cluster_2way(u,v)",0.22866317258013402,0.9329699656871744,epinions,43,zscored,1.4595732030405392e-13
tgt_out,70819,0.10549685073369798,0.10549685073370622,0.01663482962972114,0.021713109253766596,4.8586708380052634,1.1817641394351597e-06,1.1112626048554672,"cluster_2way(u,v)",0.22866317258013402,0.9329699656871744,epinions,43,zscored,1.1817641394351597e-06
tgt_in,70819,-0.6812222892037393,-0.6812222892036942,0.01467803556014105,0.023809063259574114,-28.611889589138112,0.0,0.505998138171837,"cluster_2way(u,v)",0.22866317258013402,0.9329699656871744,epinions,43,zscored,0.0
const,70463,5.138162783615791,,0.05071209309606457,0.07654621884515711,67.12497182923713,0.0,170.40241445229154,"cluster_2way(u,v)",0.21758613102219715,0.9359663937101741,epinions,44,raw,
src_out,70463,-2.588515435319081,-0.9243812129413614,0.046219252734125464,0.07073262457632119,-36.59577812676875,0.0,0.07513149489766782,"cluster_2way(u,v)",0.21758613102219715,0.9359663937101741,epinions,44,raw,0.0
src_in,70463,-0.723203208291325,-0.21077637876881267,0.05795374791498826,0.12253314954553761,-5.902102500210013,3.588980668212116e-09,0.4851955816049867,"cluster_2way(u,v)",0.21758613102219715,0.9359663937101741,epinions,44,raw,4.7853075576161546e-09
tgt_out,70463,0.14883069221336903,0.05749459946135712,0.04374082202624419,0.05426025849045118,2.742904224084383,0.006089844483045503,1.1604764948687605,"cluster_2way(u,v)",0.21758613102219715,0.9359663937101741,epinions,44,raw,0.006089844483045503
tgt_in,70463,-2.5509500048421176,-0.6784519254207064,0.05627687309296335,0.09719613503468877,-26.24538520931617,0.0,0.07800752326392733,"cluster_2way(u,v)",0.21758613102219715,0.9359663937101741,epinions,44,raw,0.0
const,70463,3.447850958320159,,0.025433939780117428,0.04330957848595819,79.60943234388715,0.0,31.432769341058844,"cluster_2way(u,v)",0.21758613102219715,0.9359663937101741,epinions,44,zscored,
src_out,70463,-0.9243812129413613,-0.9243812129410668,0.016505294239571623,0.025259230989413115,-36.59577812676865,0.0,0.39677686351655045,"cluster_2way(u,v)",0.21758613102219715,0.9359663937101741,epinions,44,zscored,0.0
src_in,70463,-0.2107763787688131,-0.2107763787688134,0.016890523965542525,0.035712083746650095,-5.902102500210019,3.588980668212116e-09,0.8099551698035701,"cluster_2way(u,v)",0.21758613102219715,0.9359663937101741,epinions,44,zscored,4.7853075576161546e-09
tgt_out,70463,0.05749459946135679,0.05749459946137461,0.016897462513337094,0.02096121292042173,2.7429042240843775,0.0060898444830457255,1.0591795504991937,"cluster_2way(u,v)",0.21758613102219715,0.9359663937101741,epinions,44,zscored,0.0060898444830457255
tgt_in,70463,-0.6784519254207049,-0.6784519254208092,0.014967425011898985,0.02585033216353335,-26.24538520931604,0.0,0.5074018806289428,"cluster_2way(u,v)",0.21758613102219715,0.9359663937101741,epinions,44,zscored,0.0
const,70652,5.118082226672184,,0.05030903474649617,0.06915006105226082,74.01413894348039,0.0,167.01476583340215,"cluster_2way(u,v)",0.21521760247730914,0.9345949159259469,epinions,45,raw,
src_out,70652,-2.721927456477833,-0.9713099271309831,0.046407085493772475,0.07231193907164962,-37.641466836905536,0.0,0.06574790599094854,"cluster_2way(u,v)",0.21521760247730914,0.9345949159259469,epinions,45,raw,0.0
src_in,70652,-0.8068501982999401,-0.23455581564913086,0.0574384986369987,0.10338109335398259,-7.804620478690822,5.995204332975845e-15,0.4462614900092197,"cluster_2way(u,v)",0.21521760247730914,0.9345949159259469,epinions,45,raw,7.993605777301127e-15
tgt_out,70652,0.09922599391728755,0.03820679122899823,0.04309897618344459,0.0531639818221963,1.8664138861747195,0.06198348181561708,1.104315840023116,"cluster_2way(u,v)",0.21521760247730914,0.9345949159259469,epinions,45,raw,0.06198348181561708
tgt_in,70652,-2.2887293477997157,-0.6121409441886334,0.05521332295731929,0.08585122900366382,-26.659249662017547,0.0,0.10139521809132757,"cluster_2way(u,v)",0.21521760247730914,0.9345949159259469,epinions,45,raw,0.0
const,70652,3.42673805232669,,0.025340453524860616,0.04035429074132608,84.91632461817576,0.0,30.77608884664544,"cluster_2way(u,v)",0.21521760247730914,0.9345949159259469,epinions,45,zscored,
src_out,70652,-0.9713099271309819,-0.9713099271308738,0.016560199913499933,0.025804252829452784,-37.641466836905884,0.0,0.378586792040942,"cluster_2way(u,v)",0.21521760247730914,0.9345949159259469,epinions,45,zscored,0.0
src_in,70652,-0.23455581564913086,-0.2345558156490039,0.016697689268528142,0.030053455679176933,-7.804620478690808,5.995204332975845e-15,0.790922086829653,"cluster_2way(u,v)",0.21521760247730914,0.9345949159259469,epinions,45,zscored,7.993605777301127e-15
tgt_out,70652,0.03820679122899806,0.038206791229007206,0.016595183582611077,0.020470695975855883,1.8664138861747044,0.06198348181561908,1.0389460555977048,"cluster_2way(u,v)",0.21521760247730914,0.9345949159259469,epinions,45,zscored,0.06198348181561908
tgt_in,70652,-0.6121409441886331,-0.6121409441884877,0.01476729246268356,0.0229616719130988,-26.659249662017377,0.0,0.5421888295636992,"cluster_2way(u,v)",0.21521760247730914,0.9345949159259469,epinions,45,zscored,0.0
const,70880,5.077306894936836,,0.04997697877539057,0.07324846798238518,69.31621963967667,0.0,160.3416570137564,"cluster_2way(u,v)",0.2068269484635551,0.9362302483069977,epinions,46,raw,
src_out,70880,-2.5853625325436553,-0.9243554304712288,0.04623567540382239,0.07149041576253146,-36.16376412093352,0.0,0.07536875102265718,"cluster_2way(u,v)",0.2068269484635551,0.9362302483069977,epinions,46,raw,0.0
src_in,70880,-0.7425993368772889,-0.2153130680776316,0.05802214226758618,0.11191572931216001,-6.635343766612108,3.237476953188434e-11,0.47587534615264154,"cluster_2way(u,v)",0.2068269484635551,0.9362302483069977,epinions,46,raw,4.3166359375845786e-11
tgt_out,70880,0.12522143081440062,0.04831087056444396,0.043232694724595566,0.05426051077792572,2.3077820134591,0.021011263819788573,1.1333993948337202,"cluster_2way(u,v)",0.2068269484635551,0.9362302483069977,epinions,46,raw,0.021011263819788573
tgt_in,70880,-2.3894557789203392,-0.6368471640826372,0.05556710658610603,0.09118475567371888,-26.20455317630493,0.0,0.0916795642547389,"cluster_2way(u,v)",0.2068269484635551,0.9362302483069977,epinions,46,raw,0.0
const,70880,3.421309428724875,,0.025083988642916333,0.04148924412832926,82.46256350543567,0.0,30.609469709838276,"cluster_2way(u,v)",0.2068269484635551,0.9362302483069977,epinions,46,zscored,
src_out,70880,-0.9243554304712283,-0.9243554304714415,0.016530833530328713,0.025560265999416933,-36.16376412093341,0.0,0.39678709353606056,"cluster_2way(u,v)",0.2068269484635551,0.9362302483069977,epinions,46,zscored,0.0
src_in,70880,-0.2153130680776323,-0.2153130680776808,0.016823238114654034,0.03244942171060516,-6.635343766612132,3.237476953188434e-11,0.8062889773202124,"cluster_2way(u,v)",0.2068269484635551,0.9362302483069977,epinions,46,zscored,4.3166359375845786e-11
tgt_out,70880,0.04831087056444541,0.04831087056444871,0.016679326417278574,0.02093389682504344,2.3077820134591764,0.021011263819784354,1.049496862299737,"cluster_2way(u,v)",0.2068269484635551,0.9362302483069977,epinions,46,zscored,0.021011263819784354
tgt_in,70880,-0.63684716408263,-0.6368471640825857,0.01480996407543012,0.02430292017566199,-26.204553176304987,0.0,0.5289575140349935,"cluster_2way(u,v)",0.2068269484635551,0.9362302483069977,epinions,46,zscored,0.0
const,70895,5.181655836257295,,0.050605108698904604,0.07731148818370434,67.0231030082471,0.0,177.97726835341334,"cluster_2way(u,v)",0.21889176629710305,0.9351858382114394,epinions,47,raw,
src_out,70895,-2.59886049584141,-0.9249439673274609,0.046157187404567,0.0714058255317055,-36.39563686141361,0.0,0.07435826150490014,"cluster_2way(u,v)",0.21889176629710305,0.9351858382114394,epinions,47,raw,0.0
src_in,70895,-0.8624166303504314,-0.25048479114488564,0.05747267210865823,0.1193981409663497,-7.223032313321266,5.084821452783217e-13,0.42214069064661003,"cluster_2way(u,v)",0.21889176629710305,0.9351858382114394,epinions,47,raw,6.77976193704429e-13
tgt_out,70895,0.12038249518597245,0.04643268773262354,0.0432248612789738,0.05370243143853939,2.2416581886752396,0.02498347210941798,1.1279281961856626,"cluster_2way(u,v)",0.21889176629710305,0.9351858382114394,epinions,47,raw,0.02498347210941798
tgt_in,70895,-2.5460212436605207,-0.6769937677643506,0.05567943601195892,0.092940383598347,-27.39413315382317,0.0,0.07839295278122509,"cluster_2way(u,v)",0.21889176629710305,0.9351858382114394,epinions,47,raw,0.0
const,70895,3.4430717429368376,,0.02534402981527399,0.042292202679509776,81.41150199786065,0.0,31.282903771456755,"cluster_2way(u,v)",0.21889176629710305,0.9351858382114394,epinions,47,zscored,
src_out,70895,-0.9249439673274616,-0.924943967327384,0.016427512021892916,0.025413594790206412,-36.395636861413465,0.0,0.3965536384126477,"cluster_2way(u,v)",0.21889176629710305,0.9351858382114394,epinions,47,zscored,0.0
src_in,70895,-0.25048479114488575,-0.25048479114484795,0.01669266310857913,0.03467861976512588,-7.223032313321266,5.084821452783217e-13,0.7784233188511902,"cluster_2way(u,v)",0.21889176629710305,0.9351858382114394,epinions,47,zscored,6.77976193704429e-13
tgt_out,70895,0.04643268773262373,0.046432687732602757,0.01667224527080938,0.020713544985225547,2.2416581886752365,0.024983472109418203,1.0475275652397822,"cluster_2way(u,v)",0.21889176629710305,0.9351858382114394,epinions,47,zscored,0.024983472109418203
tgt_in,70895,-0.6769937677643516,-0.6769937677642959,0.014805308976344208,0.02471309327303447,-27.394133153822917,0.0,0.5081422922532793,"cluster_2way(u,v)",0.21889176629710305,0.9351858382114394,epinions,47,zscored,0.0
const,70640,4.978843603130399,,0.048207586638164504,0.08946817625834114,55.64932483650823,0.0,145.306252764655,"cluster_2way(u,v)",0.20741976206039014,0.9321772366930917,epinions,48,raw,
src_out,70640,-2.5368858393248686,-0.9041756464611941,0.044612190921736614,0.0834269988646553,-30.40845138682852,0.0,0.07911238525181999,"cluster_2way(u,v)",0.20741976206039014,0.9321772366930917,epinions,48,raw,0.0
src_in,70640,-0.8499624383106662,-0.2466504830807153,0.056398029629840515,0.12291365064350208,-6.915118327873048,4.674705067486684e-12,0.42743098667713664,"cluster_2way(u,v)",0.20741976206039014,0.9321772366930917,epinions,48,raw,6.232940089982246e-12
tgt_out,70640,0.1675454364362587,0.06472738253756037,0.042260138631142675,0.05593761958898788,2.995219275817064,0.0027424761218071136,1.1823990129618116,"cluster_2way(u,v)",0.20741976206039014,0.9321772366930917,epinions,48,raw,0.0027424761218071136
tgt_in,70640,-2.3668961424139154,-0.6294149283325862,0.054357567831906206,0.08992364270781479,-26.321177291544718,0.0,0.09377132789918947,"cluster_2way(u,v)",0.20741976206039014,0.9321772366930917,epinions,48,raw,0.0
const,70640,3.3342769949516624,,0.02408798281099524,0.04784573646467133,69.68806922668333,0.0,28.058089748007824,"cluster_2way(u,v)",0.20741976206039014,0.9321772366930917,epinions,48,zscored,
src_out,70640,-0.9041756464611914,-0.9041756464606552,0.015900304200305016,0.02973435361633854,-30.408451386828254,0.0,0.4048755081303683,"cluster_2way(u,v)",0.20741976206039014,0.9321772366930917,epinions,48,zscored,0.0
src_in,70640,-0.2466504830807137,-0.24665048308075405,0.016366136462040017,0.03566829537631054,-6.915118327873024,4.674705067486684e-12,0.7814137631385527,"cluster_2way(u,v)",0.20741976206039014,0.9321772366930917,epinions,48,zscored,6.232940089982246e-12
tgt_out,70640,0.06472738253756137,0.06472738253754412,0.016326246882343225,0.02161023169827971,2.9952192758171132,0.0027424761218066696,1.0668681378511222,"cluster_2way(u,v)",0.20741976206039014,0.9321772366930917,epinions,48,zscored,0.0027424761218066696
tgt_in,70640,-0.6294149283325885,-0.6294149283324372,0.014454991939933522,0.023912871425199347,-26.32117729154484,0.0,0.5329034965531871,"cluster_2way(u,v)",0.20741976206039014,0.9321772366930917,epinions,48,zscored,0.0
const,70654,5.272674711308746,,0.05205302463869367,0.07055117370836919,74.73546412004299,0.0,194.93666507292048,"cluster_2way(u,v)",0.22946529944151306,0.9351345995980411,epinions,49,raw,
src_out,70654,-2.692087244357036,-0.960871839545739,0.04678694086752063,0.06946452416353092,-38.75485043299828,0.0,0.06773940302596161,"cluster_2way(u,v)",0.22946529944151306,0.9351345995980411,epinions,49,raw,0.0
src_in,70654,-0.7813144537445549,-0.22596340696941183,0.05847071172261976,0.10611222066947784,-7.363095869779421,1.7963408538435033e-13,0.45780385364803067,"cluster_2way(u,v)",0.22946529944151306,0.9351345995980411,epinions,49,raw,2.3951211384580045e-13
tgt_out,70654,0.08914981780986798,0.03439374739758151,0.04361804875657731,0.05334310460263547,1.671252891521118,0.09467173705212617,1.093244431544186,"cluster_2way(u,v)",0.22946529944151306,0.9351345995980411,epinions,49,raw,0.09467173705212617
tgt_in,70654,-2.6387017914854924,-0.7038716250327091,0.055959756878149546,0.08918847859525747,-29.58568004573859,0.0,0.07145397152435272,"cluster_2way(u,v)",0.22946529944151306,0.9351345995980411,epinions,49,raw,0.0
const,70654,3.4884791662324313,,0.02604720875775295,0.03907781973673075,89.2700562553001,0.0,32.73612362653325,"cluster_2way(u,v)",0.22946529944151306,0.9351345995980411,epinions,49,zscored,
src_out,70654,-0.9608718395457375,-0.9608718395463722,0.016699404535393987,0.024793589158780247,-38.75485043299834,0.0,0.3825592102923009,"cluster_2way(u,v)",0.22946529944151306,0.9351345995980411,epinions,49,zscored,0.0
src_in,70654,-0.22596340696941053,-0.2259634069693828,0.016910273661837498,0.03068864115933089,-7.3630958697793725,1.7963408538435033e-13,0.797747293122669,"cluster_2way(u,v)",0.22946529944151306,0.9351345995980411,epinions,49,zscored,2.3951211384580045e-13
tgt_out,70654,0.034393747397581505,0.0343937473975962,0.01682771976167805,0.020579618783054036,1.6712528915211247,0.09467173705212484,1.0349920519345757,"cluster_2way(u,v)",0.22946529944151306,0.9351345995980411,epinions,49,zscored,0.09467173705212484
tgt_in,70654,-0.7038716250327133,-0.7038716250327877,0.01492722108172903,0.0237909564338067,-29.585680045738684,0.0,0.4946664286777467,"cluster_2way(u,v)",0.22946529944151306,0.9351345995980411,epinions,49,zscored,0.0
const,70693,5.288179971965875,,0.05277231483732933,0.07475202357395933,70.74296746941938,0.0,197.98276312204655,"cluster_2way(u,v)",0.22768752136852521,0.9362313100306962,epinions,50,raw,
src_out,70693,-2.8119045445569397,-1.0026045728532527,0.047783916974581335,0.0713691795225329,-39.399423719998865,0.0,0.06009043842300817,"cluster_2way(u,v)",0.22768752136852521,0.9362313100306962,epinions,50,raw,0.0
src_in,70693,-0.6957390353143543,-0.20198695223981158,0.059424359607379684,0.11045802718988333,-6.298673378606892,3.002038617694325e-10,0.4987057506005579,"cluster_2way(u,v)",0.22768752136852521,0.9362313100306962,epinions,50,raw,4.0027181569257664e-10
tgt_out,70693,0.027432712598448913,0.010582624772383776,0.0435687262495327,0.05536756770990882,0.4954653731978809,0.6202716586930859,1.0278124539511333,"cluster_2way(u,v)",0.22768752136852521,0.9362313100306962,epinions,50,raw,0.6202716586930859
tgt_in,70693,-2.4924316757128655,-0.6639889269656788,0.05669330413729299,0.0951796742326456,-26.186595991289792,0.0,0.08270860134978483,"cluster_2way(u,v)",0.22768752136852521,0.9362313100306962,epinions,50,raw,0.0
const,70693,3.516798410960963,,0.02652249305834414,0.04076039147879548,86.2797996626329,0.0,33.67643757146202,"cluster_2way(u,v)",0.22768752136852521,0.9362313100306962,epinions,50,zscored,
src_out,70693,-1.002604572853253,-1.0026045728536024,0.017037695593291977,0.02544718877053877,-39.39942371999883,0.0,0.3669225190932949,"cluster_2way(u,v)",0.22768752136852521,0.9362313100306962,epinions,50,zscored,0.0
src_in,70693,-0.2019869522398121,-0.20198695223980656,0.017252079697488803,0.03206817374049767,-6.298673378606856,3.002038617694325e-10,0.8171055892704603,"cluster_2way(u,v)",0.22768752136852521,0.9362313100306962,epinions,50,zscored,4.0027181569257664e-10
tgt_out,70693,0.01058262477238328,0.010582624772384175,0.016807360192866293,0.021358959363961948,0.4954653731978575,0.6202716586931025,1.0106388187977449,"cluster_2way(u,v)",0.22768752136852521,0.9362313100306962,epinions,50,zscored,0.6202716586931025
tgt_in,70693,-0.6639889269656826,-0.6639889269655526,0.01510321287723703,0.025356061062176045,-26.186595991289956,0.0,0.5147937587542334,"cluster_2way(u,v)",0.22768752136852521,0.9362313100306962,epinions,50,zscored,0.0
const,70730,4.993010122774519,,0.048396254906060074,0.08171746746553966,61.10089161634967,0.0,147.3793865225453,"cluster_2way(u,v)",0.20405662774480282,0.9322635373957302,epinions,51,raw,
src_out,70730,-2.5052458528916914,-0.8927624727449296,0.044666871845647264,0.07695403683474962,-32.555093351001624,0.0,0.08165552027153127,"cluster_2way(u,v)",0.20405662774480282,0.9322635373957302,epinions,51,raw,0.0
src_in,70730,-0.9420614723073056,-0.2736955872260525,0.056124485978519226,0.1122140707966118,-8.395216977867184,0.0,0.38982339634272695,"cluster_2way(u,v)",0.20405662774480282,0.9322635373957302,epinions,51,raw,0.0
tgt_out,70730,0.17732007147614484,0.06851767402579699,0.04227775545916356,0.05505497551884276,3.2207819512235805,0.001278413731270911,1.1940132015408282,"cluster_2way(u,v)",0.20405662774480282,0.9322635373957302,epinions,51,raw,0.001278413731270911
tgt_in,70730,-2.3455525416003,-0.6250751959939176,0.054210524573218524,0.09459434699125133,-24.795906057866556,0.0,0.0957942571925366,"cluster_2way(u,v)",0.20405662774480282,0.9322635373957302,epinions,51,raw,0.0
const,70730,3.3273598762830887,,0.02399003174518372,0.04495607740638548,74.01357209627183,0.0,27.864678307721107,"cluster_2way(u,v)",0.20405662774480282,0.9322635373957302,epinions,51,zscored,
src_out,70730,-0.8927624727449303,-0.8927624727446917,0.015917362726166326,0.02742312740803316,-32.5550933510016,0.0,0.40952289289548605,"cluster_2way(u,v)",0.20405662774480282,0.9322635373957302,epinions,51,zscored,0.0
src_in,70730,-0.2736955872260523,-0.2736955872260502,0.0163057556212641,0.03260137146515853,-8.395216977867143,0.0,0.7605635652895069,"cluster_2way(u,v)",0.20405662774480282,0.9322635373957302,epinions,51,zscored,0.0
tgt_out,70730,0.06851767402579649,0.06851767402577938,0.016336410441178048,0.021273614626338443,3.2207819512235645,0.001278413731270911,1.0709195522435104,"cluster_2way(u,v)",0.20405662774480282,0.9322635373957302,epinions,51,zscored,0.001278413731270911
tgt_in,70730,-0.6250751959939219,-0.6250751959939048,0.014446768371864543,0.0252088064269631,-24.79590605786664,0.0,0.5352211805171279,"cluster_2way(u,v)",0.20405662774480282,0.9322635373957302,epinions,51,zscored,0.0
const,4117,5.545606098971403,,0.23051852094382239,0.2594403934685429,21.375260902245763,0.0,256.10975907259024,"cluster_2way(u,v)",0.22802212954304646,0.8727228564488705,wiki-elec,42,raw,
src_out,4117,-2.355848946226349,-0.6949128166798305,0.21494486764230422,0.24581058518416446,-9.584001211588658,0.0,0.09481298123600597,"cluster_2way(u,v)",0.22802212954304646,0.8727228564488705,wiki-elec,42,raw,0.0
src_in,4117,0.10574308577766732,0.035772856954932646,0.15296095127688458,0.15566456682299937,0.6793009349256984,0.4969472041840146,1.1115362703434692,"cluster_2way(u,v)",0.22802212954304646,0.8727228564488705,wiki-elec,42,raw,0.6625962722453528
tgt_out,4117,0.007819797584652892,0.0028003871609687805,0.14479179184875682,0.15138575529041662,0.05165477801825863,0.9588037710151802,1.007850452053603,"cluster_2way(u,v)",0.22802212954304646,0.8727228564488705,wiki-elec,42,raw,0.9588037710151802
tgt_in,4117,-3.4979110719745092,-1.243062166444226,0.1852325992140568,0.193101448242284,-18.114369953278068,0.0,0.03026052951370374,"cluster_2way(u,v)",0.22802212954304646,0.8727228564488705,wiki-elec,42,raw,0.0
const,4117,2.6680722312794405,,0.07958975256434246,0.08424180624228852,31.67159336073323,0.0,14.412159086206499,"cluster_2way(u,v)",0.22802212954304646,0.8727228564488705,wiki-elec,42,zscored,
src_out,4117,-0.6949128166798303,-0.6949128166798276,0.06340302235567698,0.07250758856745196,-9.58400121158864,0.0,0.4991179608492936,"cluster_2way(u,v)",0.22802212954304646,0.8727228564488705,wiki-elec,42,zscored,0.0
src_in,4117,0.03577285695493266,0.03577285695493278,0.051746647920067126,0.05266128031878163,0.6793009349256988,0.4969472041840146,1.0364204040658318,"cluster_2way(u,v)",0.22802212954304646,0.8727228564488705,wiki-elec,42,zscored,0.6625962722453528
tgt_out,4117,0.002800387160968686,0.002800387160968702,0.0518521189989246,0.05421351651107569,0.05165477801825627,0.958803771015182,1.0028043119078427,"cluster_2way(u,v)",0.22802212954304646,0.8727228564488705,wiki-elec,42,zscored,0.958803771015182
tgt_in,4117,-1.2430621664442256,-1.243062166444215,0.06582661232298045,0.06862298659299267,-18.11436995327684,0.0,0.2884994306717067,"cluster_2way(u,v)",0.22802212954304646,0.8727228564488705,wiki-elec,42,zscored,0.0
const,3993,5.639934200021075,,0.2365895753555078,0.30809004237849563,18.306122964832102,0.0,281.4441988436385,"cluster_2way(u,v)",0.22299254076098862,0.8665164037064863,wiki-elec,43,raw,
src_out,3993,-2.354390268317203,-0.6906566054783075,0.21819707960546028,0.2553811190379037,-9.219124253143256,0.0,0.09495138375504336,"cluster_2way(u,v)",0.22299254076098862,0.8665164037064863,wiki-elec,43,raw,0.0
src_in,3993,-0.07589872225749089,-0.025854857781027252,0.15137093739504645,0.15961348303208966,-0.4755157322281586,0.6344194225663777,0.9269100771659248,"cluster_2way(u,v)",0.22299254076098862,0.8665164037064863,wiki-elec,43,raw,0.6344194225663777
tgt_out,3993,-0.17258079175273544,-0.06198907003925842,0.1442634638240938,0.14022454324027372,-1.2307459718875284,0.21841788827720965,0.8414903005890719,"cluster_2way(u,v)",0.22299254076098862,0.8665164037064863,wiki-elec,43,raw,0.2912238510362795
tgt_in,3993,-3.426766770371967,-1.222328950451305,0.1828356855794882,0.22656621960069487,-15.124791226209156,0.0,0.0324918246548433,"cluster_2way(u,v)",0.22299254076098862,0.8665164037064863,wiki-elec,43,raw,0.0
const,3993,2.5858878072521256,,0.07811028687415934,0.1072616047522446,24.108233446861725,0.0,13.275069562829993,"cluster_2way(u,v)",0.22299254076098862,0.8665164037064863,wiki-elec,43,zscored,
src_out,3993,-0.6906566054783081,-0.6906566054783075,0.06400776300918753,0.07491564128152513,-9.21912425314352,0.0,0.5012468395700923,"cluster_2way(u,v)",0.22299254076098862,0.8665164037064863,wiki-elec,43,zscored,0.0
src_in,3993,-0.02585485778102749,-0.025854857781027835,0.05156442614741707,0.05437224476228636,-0.47551573222816285,0.6344194225663748,0.9744765170289744,"cluster_2way(u,v)",0.22299254076098862,0.8665164037064863,wiki-elec,43,zscored,0.6344194225663748
tgt_out,3993,-0.06198907003925852,-0.06198907003925736,0.051817805865153874,0.05036707123582117,-1.2307459718875169,0.2184178882772141,0.9398931597302844,"cluster_2way(u,v)",0.22299254076098862,0.8665164037064863,wiki-elec,43,zscored,0.29122385103628545
tgt_in,3993,-1.222328950451306,-1.222328950451305,0.06521755539119005,0.08081625274491108,-15.124791226208824,0.0,0.2945433905380279,"cluster_2way(u,v)",0.22299254076098862,0.8665164037064863,wiki-elec,43,zscored,0.0
const,3979,5.537652895027189,,0.23162991637104483,0.2675812344779116,20.695221418766245,0.0,254.0809444090908,"cluster_2way(u,v)",0.21819697909502878,0.8665493842674039,wiki-elec,44,raw,
src_out,3979,-2.369984914918352,-0.7022375510373646,0.21544238612009772,0.2659168281112399,-8.912504453937476,0.0,0.09348213645308318,"cluster_2way(u,v)",0.21819697909502878,0.8665493842674039,wiki-elec,44,raw,0.0
src_in,3979,-0.1853633118793805,-0.06214164451229556,0.15205253539836838,0.16598100676961283,-1.1167742351187864,0.2640908677860785,0.8308023886371778,"cluster_2way(u,v)",0.21819697909502878,0.8665493842674039,wiki-elec,44,raw,0.35212115704810465
tgt_out,3979,-0.11358863690463276,-0.04056179267973577,0.14476865193243574,0.1332649071614528,-0.8523522007711911,0.39401864139259857,0.8926250733811245,"cluster_2way(u,v)",0.21819697909502878,0.8665493842674039,wiki-elec,44,raw,0.39401864139259857
tgt_in,3979,-3.273567267909456,-1.169812500611012,0.17830396772256268,0.20468520027980652,-15.993180080604068,0.0,0.03787108950372246,"cluster_2way(u,v)",0.21819697909502878,0.8665493842674039,wiki-elec,44,raw,0.0
const,3979,2.562961432971168,,0.07710535444990016,0.09302439874838346,27.55149689173031,0.0,12.974182651596964,"cluster_2way(u,v)",0.21819697909502866,0.8665493842674039,wiki-elec,44,zscored,
src_out,3979,-0.7022375510373646,-0.7022375510373623,0.06383658084331777,0.07879239271820757,-8.912504453936828,0.0,0.495475411013708,"cluster_2way(u,v)",0.21819697909502866,0.8665493842674039,wiki-elec,44,zscored,0.0
src_in,3979,-0.062141644512295466,-0.062141644512295466,0.05097445932594864,0.05564387371963827,-1.1167742351187881,0.2640908677860776,0.9397497669660435,"cluster_2way(u,v)",0.21819697909502866,0.8665493842674039,wiki-elec,44,zscored,0.3521211570481035
tgt_out,3979,-0.040561792679735746,-0.040561792679735864,0.05169598127265477,0.04758806587586231,-0.8523522007711929,0.39401864139259746,0.9602498262681164,"cluster_2way(u,v)",0.21819697909502866,0.8665493842674039,wiki-elec,44,zscored,0.39401864139259746
tgt_in,3979,-1.1698125006110118,-1.1698125006110036,0.06371709920095764,0.07314445874524338,-15.993180080604334,0.0,0.31042514033330876,"cluster_2way(u,v)",0.21819697909502866,0.8665493842674039,wiki-elec,44,zscored,0.0
const,4048,5.937711122347269,,0.25296228274081095,0.3161886120005479,18.779016375001454,0.0,379.06629944166497,"cluster_2way(u,v)",0.23763057719586866,0.8794466403162056,wiki-elec,45,raw,
src_out,4048,-2.177105307348432,-0.6321327635117351,0.22636177930167187,0.25056690644397356,-8.688718467437479,0.0,0.11336922518719558,"cluster_2way(u,v)",0.23763057719586866,0.8794466403162056,wiki-elec,45,raw,0.0
src_in,4048,-0.0022218126423661794,-0.0007556403420315994,0.15629862868118152,0.166266890056252,-0.013362928972897056,0.9893382425942507,0.9977806537563793,"cluster_2way(u,v)",0.23763057719586866,0.8794466403162056,wiki-elec,45,raw,0.9893382425942507
tgt_out,4048,-0.3163751062090077,-0.11244419934872864,0.15028092169399374,0.15650168053280641,-2.0215444660524784,0.04322343417454144,0.7287860267257515,"cluster_2way(u,v)",0.23763057719586866,0.8794466403162056,wiki-elec,45,raw,0.057631245566055256
tgt_in,4048,-3.820381910414442,-1.3594191187465543,0.20034938036932515,0.26297001977481177,-14.527823033537954,0.0,0.021919428037676623,"cluster_2way(u,v)",0.23763057719586866,0.8794466403162056,wiki-elec,45,raw,0.0
const,4048,2.815735766712696,,0.08729223954580698,0.11245130517844337,25.039600583066115,0.0,16.705462582955562,"cluster_2way(u,v)",0.23763057719586866,0.8794466403162056,wiki-elec,45,zscored,
src_out,4048,-0.6321327635117353,-0.6321327635117375,0.06572520705379951,0.0727532795406812,-8.688718467437166,0.0,0.5314571190812732,"cluster_2way(u,v)",0.23763057719586866,0.8794466403162056,wiki-elec,45,zscored,0.0
src_in,4048,-0.00075564034203162,-0.0007556403420316162,0.05315729462675971,0.056547508675995374,-0.013362928972897299,0.9893382425942507,0.9992446450822344,"cluster_2way(u,v)",0.23763057719586866,0.8794466403162056,wiki-elec,45,zscored,0.9893382425942507
tgt_out,4048,-0.11244419934872874,-0.11244419934873016,0.05341197074496323,0.05562291665456277,-2.021544466052463,0.043223434174542996,0.8936472118136871,"cluster_2way(u,v)",0.23763057719586866,0.8794466403162056,wiki-elec,45,zscored,0.05763124556605733
tgt_in,4048,-1.3594191187465545,-1.359419118746558,0.0712909820247637,0.09357349105976272,-14.527823033537697,0.0,0.25680990969739714,"cluster_2way(u,v)",0.23763057719586866,0.8794466403162056,wiki-elec,45,zscored,0.0
const,4051,5.580065039033407,,0.2412093533915984,0.24751973712307246,22.543919543106462,0.0,265.0888463478995,"cluster_2way(u,v)",0.20534486883644432,0.8807701802024192,wiki-elec,46,raw,
src_out,4051,-2.503005113193974,-0.7319390265250073,0.22962971438765148,0.24772255757620182,-10.104066168556434,0.0,0.0818386941832275,"cluster_2way(u,v)",0.20534486883644432,0.8807701802024192,wiki-elec,46,raw,0.0
src_in,4051,-0.29287702090368917,-0.098285132625786,0.15716535411215904,0.1795238129427499,-1.6314104301978454,0.10280374553041138,0.7461138914675101,"cluster_2way(u,v)",0.20534486883644432,0.8807701802024192,wiki-elec,46,raw,0.1370716607072152
tgt_out,4051,0.12593734714535434,0.044907859213837414,0.1478083872947665,0.14188476240411427,0.8876030449743524,0.37475431516406843,1.1342111044934062,"cluster_2way(u,v)",0.20534486883644432,0.8807701802024192,wiki-elec,46,raw,0.37475431516406843
tgt_in,4051,-3.131353418647554,-1.1079581850382194,0.1795444561484808,0.18666306224634654,-16.77543152332401,0.0,0.0436586687925251,"cluster_2way(u,v)",0.20534486883644432,0.8807701802024192,wiki-elec,46,raw,0.0
const,4051,2.675384438472183,,0.0790357923044773,0.07937685700300685,33.704842185560935,0.0,14.51793001773989,"cluster_2way(u,v)",0.20534486883644432,0.8807701802024192,wiki-elec,46,zscored,
src_out,4051,-0.7319390265250074,-0.7319390265250095,0.06714926338909445,0.07244004684003118,-10.104066168556503,0.0,0.4809754611369711,"cluster_2way(u,v)",0.20534486883644432,0.8807701802024192,wiki-elec,46,zscored,0.0
src_in,4051,-0.0982851326257861,-0.098285132625785,0.05274233405348592,0.06024549727432261,-1.631410430197851,0.10280374553041005,0.9063904254233812,"cluster_2way(u,v)",0.20534486883644432,0.8807701802024192,wiki-elec,46,zscored,0.1370716607072134
tgt_out,4051,0.0449078592138374,0.044907859213837074,0.05270682921085018,0.05059453036817289,0.8876030449743485,0.37475431516407065,1.0459314825195694,"cluster_2way(u,v)",0.20534486883644432,0.8807701802024192,wiki-elec,46,zscored,0.37475431516407065
tgt_in,4051,-1.1079581850382196,-1.1079581850382316,0.0635277220971943,0.06604647895332591,-16.77543152332462,0.0,0.33023254692752146,"cluster_2way(u,v)",0.20534486883644432,0.8807701802024192,wiki-elec,46,zscored,0.0
const,4084,5.921567534578244,,0.24982228700351353,0.2864353125667176,20.673315316870962,0.0,372.9959398926393,"cluster_2way(u,v)",0.24824677192384992,0.8692458374142997,wiki-elec,47,raw,
src_out,4084,-2.514389025812863,-0.7252067776947915,0.22448965215632444,0.24824301479087416,-10.128740290763243,0.0,0.08091233245446922,"cluster_2way(u,v)",0.24824677192384992,0.8692458374142997,wiki-elec,47,raw,0.0
src_in,4084,0.053769645288933264,0.01824185103246152,0.15416880526520269,0.16801661659974976,0.32002575922013504,0.74894880357232,1.0552414943061095,"cluster_2way(u,v)",0.24824677192384992,0.8692458374142997,wiki-elec,47,raw,0.9172317749832601
tgt_out,4084,-0.014801535040387297,-0.005249763203784527,0.1459282421696892,0.1424301841067812,-0.10392133614943902,0.9172317749832601,0.9853074692066156,"cluster_2way(u,v)",0.24824677192384992,0.8692458374142997,wiki-elec,47,raw,0.9172317749832601
tgt_in,4084,-3.810575114013565,-1.366671956679266,0.19383070529705568,0.215002498258654,-17.723399238967616,0.0,0.022135444891065066,"cluster_2way(u,v)",0.24824677192384992,0.8692458374142997,wiki-elec,47,raw,0.0
const,4084,2.7350790072664917,,0.08419112659776802,0.09835943523776881,27.80698161447205,0.0,15.410960965731748,"cluster_2way(u,v)",0.24824677192384992,0.8692458374142997,wiki-elec,47,zscored,
src_out,4084,-0.725206777694791,-0.725206777694787,0.06474790320621901,0.07159891130352218,-10.128740290763552,0.0,0.48422443179088603,"cluster_2way(u,v)",0.24824677192384992,0.8692458374142997,wiki-elec,47,zscored,0.0
src_in,4084,0.018241851032461762,0.01824185103246176,0.052303197545534495,0.05700119601907902,0.3200257592201396,0.7489488035723166,1.0184092499364032,"cluster_2way(u,v)",0.24824677192384992,0.8692458374142997,wiki-elec,47,zscored,0.9172317749832615
tgt_out,4084,-0.005249763203784488,-0.005249763203784442,0.051757382869077724,0.05051670232795518,-0.10392133614943722,0.9172317749832615,0.994763992720754,"cluster_2way(u,v)",0.24824677192384992,0.8692458374142997,wiki-elec,47,zscored,0.9172317749832615
tgt_in,4084,-1.3666719566792653,-1.3666719566792422,0.06951785002181379,0.07711116463902892,-17.723399238967534,0.0,0.25495404731282023,"cluster_2way(u,v)",0.24824677192384992,0.8692458374142997,wiki-elec,47,zscored,0.0
const,4080,5.500774635154102,,0.23339484880148997,0.29286956983904155,18.78233589845909,0.0,244.88155267071173,"cluster_2way(u,v)",0.2065750708680888,0.8759803921568627,wiki-elec,48,raw,
src_out,4080,-2.3968690976677207,-0.7016128942576098,0.21829422907994833,0.2562740699308622,-9.352756985185234,0.0,0.0910024274389541,"cluster_2way(u,v)",0.2065750708680888,0.8759803921568627,wiki-elec,48,raw,0.0
src_in,4080,-0.04658134657230442,-0.01579480529816248,0.15274990931067364,0.15149739389091604,-0.30747292330219744,0.7584834295605898,0.9544869131731423,"cluster_2way(u,v)",0.2065750708680888,0.8759803921568627,wiki-elec,48,raw,0.9634759725379345
tgt_out,4080,-0.006489785909842257,-0.0023150461716559506,0.1452530684175801,0.14172289413313605,-0.045792078616075114,0.9634759725379345,0.9935312272691513,"cluster_2way(u,v)",0.2065750708680888,0.8759803921568627,wiki-elec,48,raw,0.9634759725379345
tgt_in,4080,-3.2442525145812833,-1.1573740793743665,0.17943967055716298,0.20268029272439425,-16.00674871233206,0.0,0.03899770368018339,"cluster_2way(u,v)",0.2065750708680888,0.8759803921568627,wiki-elec,48,raw,0.0
const,4080,2.625759238840077,,0.0773857154598152,0.0960776989785183,27.329539182939445,0.0,13.815059134746352,"cluster_2way(u,v)",0.2065750708680888,0.8759803921568627,wiki-elec,48,zscored,
src_out,4080,-0.7016128942576096,-0.701612894257614,0.06389921168976082,0.07501669244362465,-9.352756985185325,0.0,0.49578500977481516,"cluster_2way(u,v)",0.2065750708680888,0.8759803921568627,wiki-elec,48,zscored,0.0
src_in,4080,-0.015794805298162393,-0.01579480529816237,0.05179444679919458,0.05136974380875384,-0.30747292330219533,0.7584834295605913,0.9843292784869856,"cluster_2way(u,v)",0.2065750708680888,0.8759803921568627,wiki-elec,48,zscored,0.963475972537932
tgt_out,4080,-0.002315046171656052,-0.0023150461716560464,0.05181489260707671,0.05055560353714136,-0.04579207861607808,0.963475972537932,0.9976876314810373,"cluster_2way(u,v)",0.2065750708680888,0.8759803921568627,wiki-elec,48,zscored,0.963475972537932
tgt_in,4080,-1.1573740793743663,-1.1573740793743632,0.0640143831532609,0.0723053819469716,-16.006748712332072,0.0,0.31431045247307715,"cluster_2way(u,v)",0.2065750708680888,0.8759803921568627,wiki-elec,48,zscored,0.0
const,3970,5.936369445445139,,0.24429623360885513,0.2564221450553878,23.150767435327666,0.0,378.55805596883255,"cluster_2way(u,v)",0.240988609592374,0.8644836272040303,wiki-elec,49,raw,
src_out,3970,-2.7210938149784063,-0.7992425048211887,0.2255239192120711,0.25815544441507915,-10.540524609673753,0.0,0.06580273902625433,"cluster_2way(u,v)",0.240988609592374,0.8644836272040303,wiki-elec,49,raw,0.0
src_in,3970,-0.256955059223087,-0.08764354479588438,0.15077021211492822,0.16800786685723765,-1.5294227825738123,0.12615966810622492,0.7734029703148029,"cluster_2way(u,v)",0.240988609592374,0.8644836272040303,wiki-elec,49,raw,0.1682128908082999
tgt_out,3970,-0.10083095043332922,-0.035820160652999235,0.14558190049252553,0.15657229187105723,-0.6439897457486734,0.5195820834579066,0.9040858552902895,"cluster_2way(u,v)",0.240988609592374,0.8644836272040303,wiki-elec,49,raw,0.5195820834579066
tgt_in,3970,-3.4538099968066627,-1.2401626366136864,0.18276828713561533,0.2182010821954774,-15.828564927613584,0.0,0.03162491572352866,"cluster_2way(u,v)",0.240988609592374,0.8644836272040303,wiki-elec,49,raw,0.0
const,3970,2.6355280390060174,,0.08073879409545615,0.09276328778109721,28.411326312898005,0.0,13.95067702023208,"cluster_2way(u,v)",0.240988609592374,0.8644836272040303,wiki-elec,49,zscored,
src_out,3970,-0.7992425048211891,-0.7992425048211909,0.06624112005839575,0.075825685572389,-10.540524609674264,0.0,0.44966945758603977,"cluster_2way(u,v)",0.240988609592374,0.8644836272040303,wiki-elec,49,zscored,0.0
src_in,3970,-0.08764354479588436,-0.0876435447958834,0.051425474475314245,0.0573049818496835,-1.5294227825738056,0.12615966810622647,0.916087362638904,"cluster_2way(u,v)",0.240988609592374,0.8644836272040303,wiki-elec,49,zscored,0.16821289080830196
tgt_out,3970,-0.035820160652999505,-0.035820160652999686,0.05171792035481442,0.055622253132859616,-0.6439897457486894,0.5195820834578964,0.9648137893638188,"cluster_2way(u,v)",0.240988609592374,0.8644836272040303,wiki-elec,49,zscored,0.5195820834578964
tgt_in,3970,-1.240162636613687,-1.2401626366136778,0.06562677190495178,0.07834965723583642,-15.828564927613339,0.0,0.289337157296786,"cluster_2way(u,v)",0.240988609592374,0.8644836272040303,wiki-elec,49,zscored,0.0
const,3997,5.450562975290634,,0.23135109264198472,0.2784283445595222,19.576178509819126,0.0,232.88923989600772,"cluster_2way(u,v)",0.21149866158918118,0.8716537403052289,wiki-elec,50,raw,
src_out,3997,-2.0542386980740543,-0.5988990838609589,0.2132472792174169,0.2527197102351794,-8.128525852464742,4.440892098500626e-16,0.12819039002944135,"cluster_2way(u,v)",0.21149866158918118,0.8716537403052289,wiki-elec,50,raw,8.881784197001252e-16
src_in,3997,-0.1452203486842461,-0.049396027692021616,0.15193665410175217,0.17577298292393478,-0.8261812837703834,0.4087012636349012,0.8648317075850168,"cluster_2way(u,v)",0.21149866158918118,0.8716537403052289,wiki-elec,50,raw,0.4087012636349012
tgt_out,3997,-0.1282380471190156,-0.04643698897522404,0.14228980959085702,0.1397469834905652,-0.9176444737189865,0.3588050263197502,0.8796439575096796,"cluster_2way(u,v)",0.21149866158918118,0.8716537403052289,wiki-elec,50,raw,0.4087012636349012
tgt_in,3997,-3.4276055736798248,-1.2203511325754928,0.1844573686879895,0.21963605751807047,-15.605841829490224,0.0,0.0324645818321267,"cluster_2way(u,v)",0.21149866158918118,0.8716537403052289,wiki-elec,50,raw,0.0
const,3997,2.6002561422898753,,0.07821753538707717,0.09276361551346156,28.030991762201577,0.0,13.467187109400307,"cluster_2way(u,v)",0.21149866158918118,0.8716537403052289,wiki-elec,50,zscored,
src_out,3997,-0.5988990838609594,-0.5988990838609587,0.06217076928737066,0.07367868353144721,-8.128525852465046,4.440892098500626e-16,0.5494161643879151,"cluster_2way(u,v)",0.21149866158918118,0.8716537403052289,wiki-elec,50,zscored,8.881784197001252e-16
src_in,3997,-0.04939602769202138,-0.049396027692021886,0.05168054781194361,0.05978836444538793,-0.8261812837703706,0.40870126363490833,0.9518041142625281,"cluster_2way(u,v)",0.21149866158918118,0.8716537403052289,wiki-elec,50,zscored,0.40870126363490833
tgt_out,3997,-0.04643698897522397,-0.04643698897522353,0.05152535045332562,0.05060455362088792,-0.9176444737189873,0.35880502631975,0.9546247105561829,"cluster_2way(u,v)",0.21149866158918118,0.8716537403052289,wiki-elec,50,zscored,0.40870126363490833
tgt_in,3997,-1.2203511325754928,-1.2203511325754972,0.06567347203506103,0.07819835327751311,-15.60584182949054,0.0,0.2951265201930757,"cluster_2way(u,v)",0.21149866158918118,0.8716537403052289,wiki-elec,50,zscored,0.0
const,4089,5.718147667092847,,0.2372852007669605,0.2667670610234921,21.4349839337522,0.0,304.34066029704763,"cluster_2way(u,v)",0.228094030771837,0.8691611640988016,wiki-elec,51,raw,
src_out,4089,-2.395465491983712,-0.6954815628372399,0.22033290228008456,0.235042656033449,-10.191620246338658,0.0,0.0911302486476684,"cluster_2way(u,v)",0.228094030771837,0.8691611640988016,wiki-elec,51,raw,0.0
src_in,4089,0.0021976972211287193,0.0007409243692653908,0.15268451752168977,0.16863092749959052,0.01303258692646434,0.9896017944578466,1.0022001139277388,"cluster_2way(u,v)",0.228094030771837,0.8691611640988016,wiki-elec,51,raw,0.9896017944578466
tgt_out,4089,-0.25771889143448423,-0.09177931379659418,0.14341126110188945,0.17024960535226416,-1.513770859563739,0.1300839658453643,0.7728124457732306,"cluster_2way(u,v)",0.228094030771837,0.8691611640988016,wiki-elec,51,raw,0.17344528779381907
tgt_in,4089,-3.4418051958190365,-1.2219708361325277,0.18252967785639812,0.22112687392383903,-15.564843543189012,0.0,0.03200685450565202,"cluster_2way(u,v)",0.228094030771837,0.8691611640988016,wiki-elec,51,raw,0.0
const,4089,2.6307569363397967,,0.07882940266094904,0.09158182888055477,28.72575235171325,0.0,13.884275438248237,"cluster_2way(u,v)",0.228094030771837,0.8691611640988016,wiki-elec,51,zscored,
src_out,4089,-0.6954815628372397,-0.6954815628372424,0.06396980951510862,0.06824052957497699,-10.19162024633913,0.0,0.49883417013705494,"cluster_2way(u,v)",0.228094030771837,0.8691611640988016,wiki-elec,51,zscored,0.0
src_in,4089,0.0007409243692654809,0.0007409243692654813,0.05147555302602017,0.056851672921578555,0.013032586926465915,0.9896017944578452,1.0007411989215294,"cluster_2way(u,v)",0.228094030771837,0.8691611640988016,wiki-elec,51,zscored,0.9896017944578452
tgt_out,4089,-0.09177931379659408,-0.0917793137965951,0.05107187548950591,0.06062959477436547,-1.513770859563767,0.1300839658453572,0.9123064607801395,"cluster_2way(u,v)",0.228094030771837,0.8691611640988016,wiki-elec,51,zscored,0.1734452877938096
tgt_in,4089,-1.2219708361325277,-1.2219708361325285,0.06480492950040499,0.07850839186027089,-15.56484354318949,0.0,0.29464888963292185,"cluster_2way(u,v)",0.228094030771837,0.8691611640988016,wiki-elec,51,zscored,0.0
const,9820,5.952817538937916,,0.1605347971448912,0.1725853960010152,34.49201193653083,0.0,384.83610368592116,"cluster_2way(u,v)",0.24514172756052532,0.8679226069246436,wiki-rfa,42,raw,
src_out,9820,-2.154116762131916,-0.6121442754331339,0.1399106702657947,0.1536906523012767,-14.015925691493871,0.0,0.11600560592174143,"cluster_2way(u,v)",0.24514172756052532,0.8679226069246436,wiki-rfa,42,raw,0.0
src_in,9820,0.04799609696295713,0.01682082842084718,0.09681631311503991,0.11120386089627544,0.4316045915683191,0.6660288207232226,1.0491665603805298,"cluster_2way(u,v)",0.24514172756052532,0.8679226069246436,wiki-rfa,42,raw,0.6660288207232226
tgt_out,9820,-0.08768186589333832,-0.030853683133110415,0.09444989701517216,0.0925212149756947,-0.9476947088986275,0.3432848953337455,0.9160522578384356,"cluster_2way(u,v)",0.24514172756052532,0.8679226069246436,wiki-rfa,42,raw,0.45771319377832737
tgt_in,9820,-4.062272264173618,-1.4616228510831184,0.13560206182340184,0.16127126962494165,-25.189063579774544,0.0,0.017209869283405493,"cluster_2way(u,v)",0.24514172756052532,0.8679226069246436,wiki-rfa,42,raw,0.0
const,9820,2.7542859238171133,,0.056216094227581934,0.06638621115247852,41.48882540518782,0.0,15.709818889087924,"cluster_2way(u,v)",0.2451417275605252,0.8679226069246436,wiki-rfa,42,zscored,
src_out,9820,-0.6121442754331339,-0.6121442754331242,0.039758994210908116,0.04367490873647327,-14.015925691492681,0.0,0.5421870234031507,"cluster_2way(u,v)",0.2451417275605252,0.8679226069246436,wiki-rfa,42,zscored,0.0
src_in,9820,0.016820828420846985,0.01682082842084703,0.033930479649292654,0.038972774501135996,0.43160459156831865,0.6660288207232228,1.0169630951170674,"cluster_2way(u,v)",0.2451417275605252,0.8679226069246436,wiki-rfa,42,zscored,0.6660288207232228
tgt_out,9820,-0.03085368313311036,-0.030853683133110803,0.03323523244824558,0.03255656367330219,-0.9476947088986463,0.34328489533373574,0.9696174340824804,"cluster_2way(u,v)",0.2451417275605252,0.8679226069246436,wiki-rfa,42,zscored,0.4577131937783143
tgt_in,9820,-1.4616228510831184,-1.461622851083107,0.04879019901326065,0.05802608923726999,-25.189063579772014,0.0,0.2318596954884371,"cluster_2way(u,v)",0.2451417275605252,0.8679226069246436,wiki-rfa,42,zscored,0.0
const,9827,6.062955967003594,,0.16255444943015704,0.18948845572578996,31.99643980305238,0.0,429.6435738779973,"cluster_2way(u,v)",0.24248829494678192,0.8675078864353313,wiki-rfa,43,raw,
src_out,9827,-2.4289421211842455,-0.6936261643288364,0.14307105455570476,0.1710583364580445,-14.19949574793154,0.0,0.08813001416128674,"cluster_2way(u,v)",0.24248829494678192,0.8675078864353313,wiki-rfa,43,raw,0.0
src_in,9827,-0.16000546709824098,-0.055697676781934186,0.09618231178043583,0.1052831121793168,-1.5197638423313493,0.1285703396266329,0.8521391302251365,"cluster_2way(u,v)",0.24248829494678192,0.8675078864353313,wiki-rfa,43,raw,0.17142711950217718
tgt_out,9827,0.0002549962905908845,8.953060491983905e-05,0.09453448097859139,0.0997943761922682,0.0025552170404832984,0.9979612339924611,1.0002550288049086,"cluster_2way(u,v)",0.24248829494678192,0.8675078864353313,wiki-rfa,43,raw,0.9979612339924611
tgt_in,9827,-3.8797100008835934,-1.38659712039642,0.1331251967121454,0.1682237401362052,-23.06279718749756,0.0,0.020656814771214182,"cluster_2way(u,v)",0.24248829494678192,0.8675078864353313,wiki-rfa,43,raw,0.0
const,9827,2.7334285524125397,,0.05530257614749018,0.0674614275575285,40.5183917888719,0.0,15.38554684859729,"cluster_2way(u,v)",0.24248829494678192,0.8675078864353313,wiki-rfa,43,zscored,
src_out,9827,-0.6936261643288368,-0.6936261643288294,0.040856398319434925,0.048848647631018725,-14.199495747931138,0.0,0.4997605654627605,"cluster_2way(u,v)",0.24248829494678192,0.8675078864353313,wiki-rfa,43,zscored,0.0
src_in,9827,-0.05569767678193419,-0.055697676781932354,0.03348092668856598,0.036648902435060644,-1.5197638423313407,0.1285703396266351,0.9458250375399416,"cluster_2way(u,v)",0.24248829494678192,0.8675078864353313,wiki-rfa,43,zscored,0.17142711950218015
tgt_out,9827,8.953060491962198e-05,8.953060491962079e-05,0.03319157799583667,0.035038356234078014,0.002555217040477066,0.997961233992466,1.0000895346129037,"cluster_2way(u,v)",0.24248829494678192,0.8675078864353313,wiki-rfa,43,zscored,0.997961233992466
tgt_in,9827,-1.3865971203964198,-1.3865971203963947,0.04757855983339873,0.06012267762334612,-23.06279718749574,0.0,0.24992432163760891,"cluster_2way(u,v)",0.24248829494678192,0.8675078864353313,wiki-rfa,43,zscored,0.0
const,9738,5.79116815878332,,0.15474271643145404,0.22154114848681844,26.140372559853777,0.0,327.39525071972076,"cluster_2way(u,v)",0.23768174856634394,0.8610597658656809,wiki-rfa,44,raw,
src_out,9738,-2.3342672380321123,-0.6637852086210497,0.13945214749057816,0.18910749963964488,-12.343599500179483,0.0,0.09688144756321311,"cluster_2way(u,v)",0.23768174856634394,0.8610597658656809,wiki-rfa,44,raw,0.0
src_in,9738,-0.01128426693535362,-0.003956794905745069,0.09375684247915717,0.10650997132572224,-0.10594563865616648,0.9156254833960327,0.9887791615990933,"cluster_2way(u,v)",0.23768174856634394,0.8610597658656809,wiki-rfa,44,raw,0.9156254833960327
tgt_out,9738,0.10546803774538317,0.037074138022814236,0.09244698853563618,0.10399970069922763,1.0141186660758,0.31052613219921144,1.111230586520293,"cluster_2way(u,v)",0.23768174856634394,0.8610597658656809,wiki-rfa,44,raw,0.41403484293228193
tgt_in,9738,-3.8400312897522455,-1.380527674724937,0.12966055572123716,0.165899641028273,-23.14671246996742,0.0,0.021492928826150497,"cluster_2way(u,v)",0.23768174856634394,0.8610597658656809,wiki-rfa,44,raw,0.0
const,9738,2.6319089423669806,,0.05294415260661325,0.07580577240182458,34.719109890682056,0.0,13.900279423810161,"cluster_2way(u,v)",0.23768174856634383,0.8610597658656809,wiki-rfa,44,zscored,
src_out,9738,-0.66378520862105,-0.6637852086210393,0.03965538791210619,0.053775659896559434,-12.343599500180543,0.0,0.5148986423695895,"cluster_2way(u,v)",0.23768174856634383,0.8610597658656809,wiki-rfa,44,zscored,0.0
src_in,9738,-0.003956794905745022,-0.003956794905745017,0.03287556017821608,0.03734740717913219,-0.10594563865616555,0.9156254833960333,0.9960510228926773,"cluster_2way(u,v)",0.23768174856634383,0.8610597658656809,wiki-rfa,44,zscored,0.9156254833960333
tgt_out,9738,0.037074138022814195,0.0370741380228139,0.03249697715091612,0.03655798799786922,1.0141186660757988,0.31052613219921166,1.0377699561988927,"cluster_2way(u,v)",0.23768174856634383,0.8610597658656809,wiki-rfa,44,zscored,0.4140348429322822
tgt_in,9738,-1.3805276747249375,-1.3805276747249486,0.046614199725682356,0.05964249465301338,-23.146712469968556,0.0,0.2514458364346543,"cluster_2way(u,v)",0.23768174856634383,0.8610597658656809,wiki-rfa,44,zscored,0.0
const,9866,5.942199016635863,,0.1571291643070346,0.19342074756487151,30.72162160185481,0.0,380.77133206322765,"cluster_2way(u,v)",0.23832137184285251,0.8643827285627407,wiki-rfa,45,raw,
src_out,9866,-2.4165910594783253,-0.6916942782514273,0.13983074987358016,0.15826024552833598,-15.269728992336503,0.0,0.08922526322552228,"cluster_2way(u,v)",0.23832137184285251,0.8643827285627407,wiki-rfa,45,raw,0.0
src_in,9866,-0.10625470841689769,-0.03725019600317167,0.09463021819019997,0.10779251068581017,-0.9857336816896787,0.32426381672162363,0.8991955862209235,"cluster_2way(u,v)",0.23832137184285251,0.8643827285627407,wiki-rfa,45,raw,0.4323517556288315
tgt_out,9866,-0.04320235613989593,-0.015258894419970704,0.09354799934867927,0.09087811651275982,-0.4753878909212436,0.6345105237812059,0.9577175704267329,"cluster_2way(u,v)",0.23832137184285251,0.8643827285627407,wiki-rfa,45,raw,0.6345105237812059
tgt_in,9866,-3.7974968845645045,-1.3578803922782308,0.128725242116475,0.15475617241087672,-24.538581081484576,0.0,0.022426838622021966,"cluster_2way(u,v)",0.23832137184285251,0.8643827285627407,wiki-rfa,45,raw,0.0
const,9866,2.664837352544721,,0.053069426772026015,0.0646259516171963,41.234787045451185,0.0,14.36561282560148,"cluster_2way(u,v)",0.23832137184285251,0.8643827285627407,wiki-rfa,45,zscored,
src_out,9866,-0.6916942782514266,-0.6916942782514233,0.04002337475834398,0.045298399113606995,-15.269728992335438,0.0,0.5007269791412124,"cluster_2way(u,v)",0.23832137184285251,0.8643827285627407,wiki-rfa,45,zscored,0.0
src_in,9866,-0.03725019600317153,-0.037250196003171206,0.03317494563701846,0.03778931033311083,-0.9857336816896886,0.32426381672161875,0.9634350575912406,"cluster_2way(u,v)",0.23832137184285251,0.8643827285627407,wiki-rfa,45,zscored,0.432351755628825
tgt_out,9866,-0.01525889441997052,-0.015258894419970262,0.03304076843954361,0.0320977768079056,-0.47538789092122713,0.6345105237812176,0.9848569326302186,"cluster_2way(u,v)",0.23832137184285251,0.8643827285627407,wiki-rfa,45,zscored,0.6345105237812176
tgt_in,9866,-1.3578803922782308,-1.357880392278196,0.04602860451886503,0.05533654891329572,-24.538581081480718,0.0,0.2572053740805054,"cluster_2way(u,v)",0.23832137184285251,0.8643827285627407,wiki-rfa,45,zscored,0.0
const,9828,6.081244673106389,,0.16177533267677985,0.17500259607481441,34.74945406242219,0.0,437.573491869508,"cluster_2way(u,v)",0.24500101495674287,0.8649776149776149,wiki-rfa,46,raw,
src_out,9828,-2.6300300286523526,-0.7521899059077054,0.1445366993168142,0.1578701206235569,-16.65945410229773,0.0,0.07207629785217838,"cluster_2way(u,v)",0.24500101495674287,0.8649776149776149,wiki-rfa,46,raw,0.0
src_in,9828,0.07940395322975319,0.02773943820060664,0.09609785067436967,0.10770999511323315,0.7372013446503044,0.4609999158610538,1.0826415703094412,"cluster_2way(u,v)",0.24500101495674287,0.8649776149776149,wiki-rfa,46,raw,0.5561517094575956
tgt_out,9828,-0.05665467950825345,-0.020063659005779184,0.09358444681959562,0.09625865856793836,-0.5885670998445004,0.5561517094575956,0.9449203133811876,"cluster_2way(u,v)",0.24500101495674287,0.8649776149776149,wiki-rfa,46,raw,0.5561517094575956
tgt_in,9828,-3.852483851574435,-1.379138569801823,0.13013811330747516,0.14678329477293253,-26.246064700578238,0.0,0.02122694632007118,"cluster_2way(u,v)",0.24500101495674287,0.8649776149776149,wiki-rfa,46,raw,0.0
const,9828,2.706358833080756,,0.054381888948072665,0.06058095909614521,44.6734233570918,0.0,14.974650923030335,"cluster_2way(u,v)",0.24500101495674287,0.8649776149776149,wiki-rfa,46,zscored,
src_out,9828,-0.7521899059077054,-0.7521899059077042,0.041337568421237425,0.0451509335953556,-16.659454102297424,0.0,0.471333246271487,"cluster_2way(u,v)",0.24500101495674287,0.8649776149776149,wiki-rfa,46,zscored,0.0
src_in,9828,0.027739438200606644,0.027739438200605922,0.03357138129231021,0.03762803527408815,0.7372013446502984,0.4609999158610574,1.028127758698524,"cluster_2way(u,v)",0.24500101495674287,0.8649776149776149,wiki-rfa,46,zscored,0.5561517094576058
tgt_out,9828,-0.02006365900577903,-0.020063659005779638,0.03314194777078077,0.03408899174126514,-0.5885670998444852,0.5561517094576058,0.9801362768198169,"cluster_2way(u,v)",0.24500101495674287,0.8649776149776149,wiki-rfa,46,zscored,0.5561517094576058
tgt_in,9828,-1.3791385698018241,-1.3791385698018106,0.04658773362287561,0.052546489751336085,-26.24606470057797,0.0,0.2517953637928247,"cluster_2way(u,v)",0.24500101495674287,0.8649776149776149,wiki-rfa,46,zscored,0.0
const,9887,5.801345759926092,,0.1545230997434289,0.1845048931927377,31.442774549430972,0.0,330.7443630529728,"cluster_2way(u,v)",0.23237946145219013,0.8669970668554667,wiki-rfa,47,raw,
src_out,9887,-2.506496494100308,-0.7187440247084599,0.14100902373558807,0.15465509470669864,-16.20700888550646,0.0,0.08155346234519527,"cluster_2way(u,v)",0.23237946145219013,0.8669970668554667,wiki-rfa,47,raw,0.0
src_in,9887,0.08405470530104661,0.029478628742039607,0.09519600209562329,0.10093729504971957,0.832741805292514,0.4049903616821062,1.0876883945023759,"cluster_2way(u,v)",0.23237946145219013,0.8669970668554667,wiki-rfa,47,raw,0.4049903616821062
tgt_out,9887,0.10749625077389441,0.03788170551692671,0.09278890705644267,0.09511617546027598,1.1301574128029233,0.2584099011726937,1.1134866860253587,"cluster_2way(u,v)",0.23237946145219013,0.8669970668554667,wiki-rfa,47,raw,0.34454653489692494
tgt_in,9887,-3.70722424575933,-1.3215144966775603,0.1281291943548709,0.15565330129004823,-23.817189966637432,0.0,0.024545561245337078,"cluster_2way(u,v)",0.23237946145219013,0.8669970668554667,wiki-rfa,47,raw,0.0
const,9887,2.6679750466624372,,0.05274802457612298,0.06419071111546909,41.563257366991394,0.0,14.41075851410365,"cluster_2way(u,v)",0.23237946145219013,0.8669970668554667,wiki-rfa,47,zscored,
src_out,9887,-0.7187440247084602,-0.7187440247084541,0.040434683822012714,0.04434772818266582,-16.207008885505783,0.0,0.487363988846838,"cluster_2way(u,v)",0.23237946145219013,0.8669970668554667,wiki-rfa,47,zscored,0.0
src_in,9887,0.029478628742039603,0.02947862874204103,0.03338596683496252,0.035399482234093615,0.83274180529252,0.4049903616821027,1.0299174246057334,"cluster_2way(u,v)",0.23237946145219013,0.8669970668554667,wiki-rfa,47,zscored,0.4049903616821027
tgt_out,9887,0.03788170551692691,0.03788170551692661,0.03269883393182771,0.03351896389634468,1.130157412802906,0.258409901172701,1.0386083639717527,"cluster_2way(u,v)",0.23237946145219013,0.8669970668554667,wiki-rfa,47,zscored,0.3445465348969347
tgt_in,9887,-1.321514496677562,-1.321514496677544,0.04567422323623101,0.05548574363847005,-23.817189966637006,0.0,0.26673103264810555,"cluster_2way(u,v)",0.23237946145219013,0.8669970668554667,wiki-rfa,47,zscored,0.0
const,9869,6.209610212670074,,0.16595076249832308,0.1913389195691392,32.453461254265456,0.0,497.5072914489666,"cluster_2way(u,v)",0.25635804483612823,0.8649305907386766,wiki-rfa,48,raw,
src_out,9869,-2.468183363398295,-0.7046533368733582,0.1414451818500557,0.16606731290405766,-14.86254772379103,0.0,0.08473865860907814,"cluster_2way(u,v)",0.25635804483612823,0.8649305907386766,wiki-rfa,48,raw,0.0
src_in,9869,-0.017144331721611075,-0.005985718425628561,0.09599104669573072,0.10627534661843994,-0.1613199322996736,0.8718414251596995,0.9830017960540731,"cluster_2way(u,v)",0.25635804483612823,0.8649305907386766,wiki-rfa,48,raw,0.8910018209359905
tgt_out,9869,0.013030053747250926,0.004575444332154024,0.09392324037771704,0.09508444022262005,0.13703665622623237,0.8910018209359905,1.0131153148138843,"cluster_2way(u,v)",0.25635804483612823,0.8649305907386766,wiki-rfa,48,raw,0.8910018209359905
tgt_in,9869,-4.178694966147505,-1.503135907898778,0.13779392769797463,0.16231364756128355,-25.744569411945392,0.0,0.015318485670208,"cluster_2way(u,v)",0.25635804483612823,0.8649305907386766,wiki-rfa,48,raw,0.0
const,9869,2.780790867247129,,0.057200683061590644,0.06900454978179443,40.298659668681566,0.0,16.1317739960704,"cluster_2way(u,v)",0.25635804483612823,0.8649305907386766,wiki-rfa,48,zscored,
src_out,9869,-0.7046533368733578,-0.7046533368733666,0.04038185365534375,0.04741134225227331,-14.862547723790096,0.0,0.494279893172654,"cluster_2way(u,v)",0.25635804483612823,0.8649305907386766,wiki-rfa,48,zscored,0.0
src_in,9869,-0.005985718425628512,-0.00598571842562857,0.03351401420784099,0.03710464255904463,-0.1613199322996694,0.8718414251597029,0.9940321602967875,"cluster_2way(u,v)",0.25635804483612823,0.8649305907386766,wiki-rfa,48,zscored,0.8910018209359953
tgt_out,9869,0.00457544433215387,0.004575444332153852,0.032980720277875686,0.03338847034183702,0.13703665622622624,0.8910018209359953,1.004585927660102,"cluster_2way(u,v)",0.25635804483612823,0.8649305907386766,wiki-rfa,48,zscored,0.8910018209359953
tgt_in,9869,-1.5031359078987774,-1.5031359078987785,0.04956643217348483,0.05838652353615679,-25.744569411945488,0.0,0.22243154049272715,"cluster_2way(u,v)",0.25635804483612823,0.8649305907386766,wiki-rfa,48,zscored,0.0
const,9844,5.81457246333831,,0.15834949606792018,0.16488562848856766,35.26427692114758,0.0,335.1480797750861,"cluster_2way(u,v)",0.22097007504713406,0.8713937423811459,wiki-rfa,49,raw,
src_out,9844,-2.3289625158897445,-0.6636335865413492,0.14443654837000733,0.16361294148664143,-14.234586180824198,0.0,0.09739674226251815,"cluster_2way(u,v)",0.22097007504713406,0.8713937423811459,wiki-rfa,49,raw,0.0
src_in,9844,-0.043475159975358724,-0.015163161490000982,0.09616232849582577,0.10102100842374682,-0.430357612279973,0.6669355242967128,0.9574563370345861,"cluster_2way(u,v)",0.22097007504713406,0.8713937423811459,wiki-rfa,49,raw,0.8892473657289504
tgt_out,9844,-0.012200636093071985,-0.004303898390305498,0.09403189441563783,0.10069396093890087,-0.12116551955360155,0.903559934267502,0.9878734898997923,"cluster_2way(u,v)",0.22097007504713406,0.8713937423811459,wiki-rfa,49,raw,0.903559934267502
tgt_in,9844,-3.63347576782112,-1.3016891293117887,0.12859823480111984,0.14822322609620367,-24.51353855611554,0.0,0.026424180293483576,"cluster_2way(u,v)",0.22097007504713406,0.8713937423811459,wiki-rfa,49,raw,0.0
const,9844,2.6833432620042297,,0.053113931240286,0.056960796190436154,47.10859821960791,0.0,14.633936686756318,"cluster_2way(u,v)",0.22097007504713406,0.8713937423811459,wiki-rfa,49,zscored,
src_out,9844,-0.6636335865413482,-0.6636335865413431,0.04115692887646779,0.04662120683460754,-14.234586180826279,0.0,0.5149767182914484,"cluster_2way(u,v)",0.22097007504713406,0.8713937423811459,wiki-rfa,49,zscored,0.0
src_in,9844,-0.015163161490001138,-0.015163161490001303,0.03353926511284106,0.03523386378521074,-0.43035761227997393,0.6669355242967121,0.9849512203831293,"cluster_2way(u,v)",0.22097007504713406,0.8713937423811459,wiki-rfa,49,zscored,0.8892473657289495
tgt_out,9844,-0.004303898390305093,-0.004303898390305232,0.033170706504609196,0.035520818184593836,-0.12116551955359489,0.9035599342675071,0.9957053501074163,"cluster_2way(u,v)",0.22097007504713406,0.8713937423811459,wiki-rfa,49,zscored,0.9035599342675071
tgt_in,9844,-1.3016891293117887,-1.3016891293117951,0.04607019146014022,0.0531008253391063,-24.51353855611647,0.0,0.2720718401633023,"cluster_2way(u,v)",0.22097007504713406,0.8713937423811459,wiki-rfa,49,zscored,0.0
const,9858,5.756817655158092,,0.15430453516463297,0.15936104074485763,36.124372859580845,0.0,316.34002234080134,"cluster_2way(u,v)",0.24039083019857044,0.8677216473929803,wiki-rfa,50,raw,
src_out,9858,-2.3868030583524056,-0.6842621750907771,0.14094587253058455,0.1521374195370303,-15.688468133715498,0.0,0.09192308737708985,"cluster_2way(u,v)",0.24039083019857044,0.8677216473929803,wiki-rfa,50,raw,0.0
src_in,9858,0.167907058917792,0.058729315084857577,0.09614959789668197,0.09563350121487348,1.755734724597515,0.07913371468056307,1.1828266723480052,"cluster_2way(u,v)",0.24039083019857044,0.8677216473929803,wiki-rfa,50,raw,0.1055116195740841
tgt_out,9858,0.08981608210736598,0.0315228788747416,0.0945628587433838,0.09672044421715233,0.9286152770940032,0.353088501750336,1.093973063981298,"cluster_2way(u,v)",0.24039083019857044,0.8677216473929803,wiki-rfa,50,raw,0.353088501750336
tgt_in,9858,-3.7874700529407876,-1.367085529824016,0.12837654744690424,0.1511789894872925,-25.05288642149012,0.0,0.022652839901665094,"cluster_2way(u,v)",0.24039083019857044,0.8677216473929803,wiki-rfa,50,raw,0.0
const,9858,2.7018920798525294,,0.053904322245290806,0.05845622732701482,46.220774131345344,0.0,14.907912016754722,"cluster_2way(u,v)",0.24039083019857044,0.8677216473929803,wiki-rfa,50,zscored,
src_out,9858,-0.6842621750907774,-0.6842621750907824,0.04040715842488505,0.04361561430081651,-15.688468133715306,0.0,0.5044622971461836,"cluster_2way(u,v)",0.24039083019857044,0.8677216473929803,wiki-rfa,50,zscored,0.0
src_in,9858,0.058729315084857604,0.058729315084854156,0.03363051003663475,0.03344999347684559,1.7557347245974984,0.07913371468056574,1.0604881437423004,"cluster_2way(u,v)",0.24039083019857044,0.8677216473929803,wiki-rfa,50,zscored,0.10551161957408765
tgt_out,9858,0.03152287887474209,0.0315228788747416,0.033188861863887524,0.03394611272537763,0.9286152770940406,0.3530885017503169,1.0320249868959508,"cluster_2way(u,v)",0.24039083019857044,0.8677216473929803,wiki-rfa,50,zscored,0.3530885017503169
tgt_in,9858,-1.367085529824018,-1.3670855298239808,0.04633745427166059,0.05456798497483011,-25.052886421490484,0.0,0.2548486269667203,"cluster_2way(u,v)",0.24039083019857044,0.8677216473929803,wiki-rfa,50,zscored,0.0
const,9855,5.879754639292207,,0.15787699015057305,0.16118280522984718,36.47879580522041,0.0,357.72146014956513,"cluster_2way(u,v)",0.23225394016116518,0.8665651953323186,wiki-rfa,51,raw,
src_out,9855,-2.3463524514342855,-0.6717890564022928,0.14023774864904165,0.15797844716592324,-14.852357986339328,0.0,0.09571766106325168,"cluster_2way(u,v)",0.23225394016116518,0.8665651953323186,wiki-rfa,51,raw,0.0
src_in,9855,-0.09411436347824655,-0.032802873332716524,0.09562081047198291,0.09916613675312477,-0.9490574762687926,0.3425913803986498,0.9101786650904587,"cluster_2way(u,v)",0.23225394016116518,0.8665651953323186,wiki-rfa,51,raw,0.4567885071981997
tgt_out,9855,0.059757324779401044,0.020954482272672128,0.09343345851367206,0.09852116502251286,0.6065430180991671,0.544154225540797,1.061578896391105,"cluster_2way(u,v)",0.23225394016116518,0.8665651953323186,wiki-rfa,51,raw,0.544154225540797
tgt_in,9855,-3.799286208354091,-1.3526814652625736,0.13079752322499444,0.141802399404172,-26.79282032122167,0.0,0.022386745626522767,"cluster_2way(u,v)",0.23225394016116518,0.8665651953323186,wiki-rfa,51,raw,0.0
const,9855,2.6755889888700386,,0.0534152114674854,0.05802874340040615,46.107994626182304,0.0,14.520899969843143,"cluster_2way(u,v)",0.23225394016116518,0.8665651953323186,wiki-rfa,51,zscored,
src_out,9855,-0.6717890564022924,-0.6717890564022971,0.04015176184606668,0.04523113818157479,-14.852357986338497,0.0,0.5107939207098586,"cluster_2way(u,v)",0.23225394016116518,0.8665651953323186,wiki-rfa,51,zscored,0.0
src_in,9855,-0.03280287333271646,-0.03280287333271701,0.03332793441894916,0.03456363197483101,-0.9490574762687926,0.3425913803986498,0.9677293060407406,"cluster_2way(u,v)",0.23225394016116518,0.8665651953323186,wiki-rfa,51,zscored,0.4567885071981997
tgt_out,9855,0.020954482272672326,0.020954482272672433,0.03276334336128255,0.03454739671778111,0.6065430180991703,0.5441542255407947,1.0211755689885416,"cluster_2way(u,v)",0.23225394016116518,0.8665651953323186,wiki-rfa,51,zscored,0.5441542255407947
tgt_in,9855,-1.3526814652625732,-1.3526814652626182,0.0465685856937162,0.050486714315440155,-26.792820321224347,0.0,0.25854604806173753,"cluster_2way(u,v)",0.23225394016116518,0.8665651953323186,wiki-rfa,51,zscored,0.0
const,36692,4.695682742681872,,0.05731611041255893,0.0754735078660937,62.21630444172579,0.0,109.47352538106962,"cluster_2way(u,v)",0.21846049948230395,0.8275918456339256,slashdot090221,42,raw,
src_out,36692,-2.884415836752283,-1.1107321967000683,0.0515454450295591,0.0750952647110836,-38.41008947567583,0.0,0.0558874273837281,"cluster_2way(u,v)",0.21846049948230395,0.8275918456339256,slashdot090221,42,raw,0.0
src_in,36692,-0.2249126814800768,-0.08660506393739374,0.043929324151442094,0.054094454443879,-4.157777054825747,3.213594165307754e-05,0.7985859470579754,"cluster_2way(u,v)",0.21846049948230395,0.8275918456339256,slashdot090221,42,raw,4.2847922204103384e-05
tgt_out,36692,-0.07114787521181311,-0.02731780210162315,0.03999733582889263,0.045750422247196984,-1.555130460378913,0.1199150017641597,0.9313241621866709,"cluster_2way(u,v)",0.21846049948230395,0.8275918456339256,slashdot090221,42,raw,0.1199150017641597
tgt_in,36692,-1.9521595202955022,-0.6710204109912167,0.0572870184161642,0.07710776260383394,-25.317289133719946,0.0,0.1419671593522726,"cluster_2way(u,v)",0.21846049948230395,0.8275918456339256,slashdot090221,42,raw,0.0
const,36692,2.182205504549549,,0.021989867735648247,0.030931884698696885,70.54874042775292,0.0,8.865838358571319,"cluster_2way(u,v)",0.21846049948230384,0.8275918456339256,slashdot090221,42,zscored,
src_out,36692,-1.1107321967000692,-1.1107321966999164,0.01984914403050291,0.028917719585195772,-38.41008947568262,0.0,0.3293177474101128,"cluster_2way(u,v)",0.21846049948230384,0.8275918456339256,slashdot090221,42,zscored,0.0
src_in,36692,-0.08660506393739419,-0.08660506393739549,0.016915462044317955,0.02082965555761815,-4.1577770548260276,3.213594165307754e-05,0.9170391959745176,"cluster_2way(u,v)",0.21846049948230384,0.8275918456339256,slashdot090221,42,zscored,4.2847922204103384e-05
tgt_out,36692,-0.02731780210162351,-0.027317802101616613,0.015357300573108855,0.01756624463195665,-1.555130460378922,0.11991500176415748,0.9730519544247898,"cluster_2way(u,v)",0.21846049948230384,0.8275918456339256,slashdot090221,42,zscored,0.11991500176415748
tgt_in,36692,-0.671020410991216,-0.671020410991271,0.01969140238921407,0.026504433687468576,-25.317289133722472,0.0,0.5111866910442376,"cluster_2way(u,v)",0.21846049948230384,0.8275918456339256,slashdot090221,42,zscored,0.0
const,36703,4.654734258446924,,0.057111939299378814,0.07457833624005498,62.414026554093745,0.0,105.08129182253734,"cluster_2way(u,v)",0.2167037265680738,0.8279704656295126,slashdot090221,43,raw,
src_out,36703,-2.957007778317877,-1.1377773970290936,0.05230503792523428,0.07739174746498632,-38.20830870443506,0.0,0.05197420306928624,"cluster_2way(u,v)",0.2167037265680738,0.8279704656295126,slashdot090221,43,raw,0.0
src_in,36703,-0.1612066022408055,-0.06210843629898442,0.043535637150568296,0.05323832591520629,-3.0280178700127114,0.0024616353015014525,0.8511162104249115,"cluster_2way(u,v)",0.2167037265680738,0.8279704656295126,slashdot090221,43,raw,0.0032821804020019365
tgt_out,36703,-0.12890929245554505,-0.0495091276344024,0.03993191282302204,0.04502114453561609,-2.8633055375472587,0.004192460722587388,0.8790536987317837,"cluster_2way(u,v)",0.2167037265680738,0.8279704656295126,slashdot090221,43,raw,0.004192460722587388
tgt_in,36703,-1.8293548522865082,-0.6268578505779598,0.056973903073036035,0.07227015572618742,-25.312728800771534,0.0,0.16051709161212865,"cluster_2way(u,v)",0.2167037265680738,0.8279704656295126,slashdot090221,43,raw,0.0
const,36703,2.182948719577337,,0.022041875569764422,0.03246649761748629,67.23696363236951,0.0,8.872430032085335,"cluster_2way(u,v)",0.2167037265680738,0.8279704656295126,slashdot090221,43,zscored,
src_out,36703,-1.1377773970290934,-1.137777397028942,0.02012557773383355,0.029778271679877715,-38.208308704428,0.0,0.3205306430571387,"cluster_2way(u,v)",0.2167037265680738,0.8279704656295126,slashdot090221,43,zscored,0.0
src_in,36703,-0.062108436298984424,-0.06210843629899244,0.01677307448402605,0.020511251572872584,-3.028017870012707,0.0024616353015014525,0.9397809748949408,"cluster_2way(u,v)",0.2167037265680738,0.8279704656295126,slashdot090221,43,zscored,0.0032821804020019365
tgt_out,36703,-0.0495091276344025,-0.04950912763439231,0.01533632006647313,0.01729089927189974,-2.8633055375472654,0.004192460722587388,0.9516964713593646,"cluster_2way(u,v)",0.2167037265680738,0.8279704656295126,slashdot090221,43,zscored,0.004192460722587388
tgt_in,36703,-0.6268578505779587,-0.6268578505779413,0.01952302385442835,0.024764530743084708,-25.312728800766944,0.0,0.5342679159493761,"cluster_2way(u,v)",0.2167037265680738,0.8279704656295126,slashdot090221,43,zscored,0.0
const,36770,4.861392021554226,,0.05982840429402369,0.0757145157944921,64.20686932409693,0.0,129.20393164239968,"cluster_2way(u,v)",0.22611232450929253,0.8361435953222736,slashdot090221,44,raw,
src_out,36770,-3.0473042422814913,-1.1726951598934658,0.05440244029412598,0.07538883868712702,-40.421159091310315,0.0,0.047486764813091525,"cluster_2way(u,v)",0.22611232450929253,0.8361435953222736,slashdot090221,44,raw,0.0
src_in,36770,-0.18982694202170614,-0.07316945281117661,0.044917784136930504,0.05448602349523788,-3.4839566157419646,0.0004940595664930658,0.8271022582032546,"cluster_2way(u,v)",0.22611232450929253,0.8361435953222736,slashdot090221,44,raw,0.0006587460886574211
tgt_out,36770,-0.13064074460876327,-0.050006265738709844,0.040821247608587324,0.04444304104114055,-2.9395095733397323,0.003287321151544065,0.8775329762213705,"cluster_2way(u,v)",0.22611232450929253,0.8361435953222736,slashdot090221,44,raw,0.003287321151544065
tgt_in,36770,-1.9138384172039746,-0.6567357758448461,0.05878428229853062,0.07550075076105155,-25.348601145185743,0.0,0.14751308176482358,"cluster_2way(u,v)",0.22611232450929253,0.8361435953222736,slashdot090221,44,raw,0.0
const,36770,2.297885788926408,,0.023272989947649283,0.031127332049335203,73.82212472576765,0.0,9.953117203858755,"cluster_2way(u,v)",0.22611232450929253,0.8361435953222736,slashdot090221,44,zscored,
src_out,36770,-1.1726951598934647,-1.172695159893437,0.020935710171014466,0.029011913222085888,-40.42115909131865,0.0,0.3095315789562898,"cluster_2way(u,v)",0.22611232450929253,0.8361435953222736,slashdot090221,44,zscored,0.0
src_in,36770,-0.07316945281117643,-0.07316945281116494,0.01731371559688213,0.0210018266245232,-3.4839566157421116,0.0004940595664928438,0.9294433198975168,"cluster_2way(u,v)",0.22611232450929253,0.8361435953222736,slashdot090221,44,zscored,0.000658746088657125
tgt_out,36770,-0.05000626573870958,-0.05000626573871176,0.01562543264594749,0.017011771688803697,-2.9395095733398082,0.0032873211515433987,0.9512234643643596,"cluster_2way(u,v)",0.22611232450929253,0.8361435953222736,slashdot090221,44,zscored,0.0032873211515433987
tgt_in,36770,-0.6567357758448459,-0.656735775844916,0.02017189167892603,0.02590816637507084,-25.348601145188155,0.0,0.5185412096675643,"cluster_2way(u,v)",0.22611232450929253,0.8361435953222736,slashdot090221,44,zscored,0.0
const,36789,4.654335709508894,,0.05645175489694565,0.07096227329394292,65.58887551741061,0.0,105.03942012978824,"cluster_2way(u,v)",0.2124763646251263,0.8283726113784011,slashdot090221,45,raw,
src_out,36789,-2.797923524755359,-1.0750855736660143,0.05153111017288663,0.0754709474834199,-37.072855423870635,0.0,0.06093646440454939,"cluster_2way(u,v)",0.2124763646251263,0.8283726113784011,slashdot090221,45,raw,0.0
src_in,36789,-0.2973573203205893,-0.11409948152364362,0.043994699775189404,0.054090146985537116,-5.497439679727588,3.8534506252574374e-08,0.742778555066698,"cluster_2way(u,v)",0.2124763646251263,0.8283726113784011,slashdot090221,45,raw,5.1379341670099166e-08
tgt_out,36789,-0.11458334571465864,-0.04388649411339956,0.03995515587025545,0.04364920893173361,-2.6250955863567755,0.008662464514856083,0.89173761281218,"cluster_2way(u,v)",0.2124763646251263,0.8283726113784011,slashdot090221,45,raw,0.008662464514856083
tgt_in,36789,-1.869877187504858,-0.6433069521982602,0.05666333980783222,0.07429048316164016,-25.169807866727776,0.0,0.15414259128896352,"cluster_2way(u,v)",0.2124763646251263,0.8283726113784011,slashdot090221,45,raw,0.0
const,36789,2.1676716454327973,,0.021718380249271616,0.02959069903147394,73.25516856249894,0.0,8.737915372037063,"cluster_2way(u,v)",0.2124763646251263,0.8283726113784011,slashdot090221,45,zscored,
src_out,36789,-1.0750855736660145,-1.0750855736660583,0.01980052444310752,0.028999265402517956,-37.07285542387107,0.0,0.34126855045047094,"cluster_2way(u,v)",0.2124763646251263,0.8283726113784011,slashdot090221,45,zscored,0.0
src_in,36789,-0.11409948152364373,-0.11409948152363356,0.016881280839918317,0.02075502200495193,-5.497439679727672,3.8534506252574374e-08,0.8921691971164757,"cluster_2way(u,v)",0.2124763646251263,0.8283726113784011,slashdot090221,45,zscored,5.1379341670099166e-08
tgt_out,36789,-0.043886494113399524,-0.04388649411338605,0.015303198749900097,0.016718055655378084,-2.6250955863567507,0.00866246451485675,0.9570625835451582,"cluster_2way(u,v)",0.2124763646251263,0.8283726113784011,slashdot090221,45,zscored,0.00866246451485675
tgt_in,36789,-0.6433069521982602,-0.6433069521982291,0.01949428586900429,0.025558675521262435,-25.169807866729588,0.0,0.5255515732439073,"cluster_2way(u,v)",0.2124763646251263,0.8283726113784011,slashdot090221,45,zscored,0.0
const,36660,4.648910918737709,,0.056668484460009265,0.07233159084830486,64.27220615799105,0.0,104.4711460305158,"cluster_2way(u,v)",0.21427736672612252,0.8228587015821058,slashdot090221,46,raw,
src_out,36660,-2.789598935292771,-1.0737807034808564,0.050605972100696915,0.07098505719251885,-39.29839667138802,0.0,0.06144585273672724,"cluster_2way(u,v)",0.21427736672612252,0.8228587015821058,slashdot090221,46,raw,0.0
src_in,36660,-0.31963863235386414,-0.12284759880256989,0.04375564977963005,0.054893608844895636,-5.822875177637118,5.784375867179392e-09,0.7264114912603318,"cluster_2way(u,v)",0.21427736672612252,0.8228587015821058,slashdot090221,46,raw,7.71250115623919e-09
tgt_out,36660,-0.06553766527169162,-0.025169881957945252,0.03948670941233794,0.04505247725427596,-1.4546961513747036,0.14575339853216218,0.9365637701664209,"cluster_2way(u,v)",0.21427736672612252,0.8228587015821058,slashdot090221,46,raw,0.14575339853216218
tgt_in,36660,-1.9416238541924566,-0.6644965911915787,0.056857088461848004,0.07493305098773245,-25.911448000566885,0.0,0.14347078488051782,"cluster_2way(u,v)",0.21427736672612252,0.8228587015821058,slashdot090221,46,raw,0.0
const,36660,2.124016030638839,,0.021413180434152544,0.029632314128082506,71.67904678176693,0.0,8.36466286550738,"cluster_2way(u,v)",0.21427736672612252,0.8228587015821058,slashdot090221,46,zscored,
src_out,36660,-1.0737807034808562,-1.0737807034808968,0.019479401011784976,0.0273237789434436,-39.298396671391316,0.0,0.34171415227012375,"cluster_2way(u,v)",0.21427736672612252,0.8228587015821058,slashdot090221,46,zscored,0.0
src_in,36660,-0.12284759880256971,-0.12284759880257104,0.016816729786037845,0.02109741237015764,-5.822875177637331,5.784375867179392e-09,0.8843984356713701,"cluster_2way(u,v)",0.21427736672612252,0.8228587015821058,slashdot090221,46,zscored,7.71250115623919e-09
tgt_out,36660,-0.02516988195794553,-0.02516988195794814,0.015164956070620557,0.017302501236536417,-1.454696151374701,0.14575339853216285,0.97514423854374,"cluster_2way(u,v)",0.21427736672612252,0.8228587015821058,slashdot090221,46,zscored,0.14575339853216285
tgt_in,36660,-0.6644965911915773,-0.6644965911916316,0.019458630664426584,0.02564490379607045,-25.911448000573028,0.0,0.514532482705063,"cluster_2way(u,v)",0.21427736672612252,0.8228587015821058,slashdot090221,46,zscored,0.0
const,36624,4.616008856289059,,0.0564736140214563,0.0723716490772273,63.78200462674751,0.0,101.08976214795328,"cluster_2way(u,v)",0.20672775673944277,0.8298656618610747,slashdot090221,47,raw,
src_out,36624,-2.738129665147605,-1.0540968412824598,0.050938517780927436,0.0727624308452838,-37.63109111857112,0.0,0.0646912280722968,"cluster_2way(u,v)",0.20672775673944277,0.8298656618610747,slashdot090221,47,raw,0.0
src_in,36624,-0.270243188746627,-0.10377115247591737,0.04408255461380237,0.055091359687302104,-4.905364294519578,9.325409704441512e-07,0.763193871606019,"cluster_2way(u,v)",0.20672775673944277,0.8298656618610747,slashdot090221,47,raw,1.2433879605922016e-06
tgt_out,36624,-0.1164758332150245,-0.04475858528615485,0.03995999279571603,0.04605511470630921,-2.529053156371103,0.011437070404449745,0.8900516064025586,"cluster_2way(u,v)",0.20672775673944277,0.8298656618610747,slashdot090221,47,raw,0.011437070404449745
tgt_in,36624,-1.8844121533303462,-0.646399623062772,0.057185758325666546,0.07354523018056901,-25.622493106673513,0.0,0.15191833787482031,"cluster_2way(u,v)",0.20672775673944277,0.8298656618610747,slashdot090221,47,raw,0.0
const,36624,2.160249319955244,,0.02156584095876998,0.02979711106849478,72.49861622455504,0.0,8.673299815639641,"cluster_2way(u,v)",0.20672775673944277,0.8298656618610747,slashdot090221,47,zscored,
src_out,36624,-1.0540968412824598,-1.0540968412823923,0.019609783779027248,0.028011328131865246,-37.6310911185727,0.0,0.3485070423845901,"cluster_2way(u,v)",0.20672775673944277,0.8298656618610747,slashdot090221,47,zscored,0.0
src_in,36624,-0.10377115247591745,-0.10377115247592383,0.016927336883394616,0.021154627107278983,-4.905364294519348,9.325409704441512e-07,0.9014315642000807,"cluster_2way(u,v)",0.20672775673944277,0.8298656618610747,slashdot090221,47,zscored,1.2433879605922016e-06
tgt_out,36624,-0.04475858528615481,-0.04475858528616038,0.015355569444859362,0.01769776375534034,-2.529053156371172,0.011437070404447525,0.9562283015521306,"cluster_2way(u,v)",0.20672775673944277,0.8298656618610747,slashdot090221,47,zscored,0.011437070404447525
tgt_in,36624,-0.6463996230627724,-0.6463996230627345,0.019616118777913492,0.025227819181049604,-25.622493106670465,0.0,0.5239287259652774,"cluster_2way(u,v)",0.20672775673944277,0.8298656618610747,slashdot090221,47,zscored,0.0
const,36625,4.547371011877568,,0.05570577739657331,0.07303518098035802,62.26274722452638,0.0,94.38394758073122,"cluster_2way(u,v)",0.20671020782700456,0.8292423208191126,slashdot090221,48,raw,
src_out,36625,-2.835784829859493,-1.0901158777612474,0.0515428387843248,0.07937299075931105,-35.72732742878073,0.0,0.058672459860832575,"cluster_2way(u,v)",0.20671020782700456,0.8292423208191126,slashdot090221,48,raw,0.0
src_in,36625,-0.2662395307561286,-0.10219257810173603,0.04408159197803943,0.05726719073234715,-4.649076152529763,3.3342510079581444e-06,0.7662555637427428,"cluster_2way(u,v)",0.20671020782700456,0.8292423208191126,slashdot090221,48,raw,4.445668010610859e-06
tgt_out,36625,-0.1919927822371352,-0.07383956091660279,0.03988160717335184,0.046571908931544115,-4.122501882397493,3.7477954742737296e-05,0.8253128253824475,"cluster_2way(u,v)",0.20671020782700456,0.8292423208191126,slashdot090221,48,raw,3.7477954742737296e-05
tgt_in,36625,-1.6740436700612242,-0.576285357886065,0.05549068012822742,0.0760956068317486,-21.999215720332227,0.0,0.18748739358201927,"cluster_2way(u,v)",0.20671020782700456,0.8292423208191126,slashdot090221,48,raw,0.0
const,36625,2.1538505462896764,,0.021551328590173176,0.031266516507656064,68.88680885708118,0.0,8.617978516180367,"cluster_2way(u,v)",0.20671020782700456,0.8292423208191126,slashdot090221,48,zscored,
src_out,36625,-1.0901158777612483,-1.0901158777611168,0.019813797701451516,0.030512102533679315,-35.72732742877933,0.0,0.3361775359493603,"cluster_2way(u,v)",0.20671020782700456,0.8292423208191126,slashdot090221,48,zscored,0.0
src_in,36625,-0.10219257810173626,-0.10219257810172162,0.016920145247667804,0.021981265685684825,-4.6490761525296795,3.3342510079581444e-06,0.9028556646959537,"cluster_2way(u,v)",0.20671020782700456,0.8292423208191126,slashdot090221,48,zscored,4.445668010610859e-06
tgt_out,36625,-0.07383956091660286,-0.07383956091660732,0.015338286825238924,0.017911346804204396,-4.122501882397265,3.747795474295934e-05,0.9288207010295927,"cluster_2way(u,v)",0.20671020782700456,0.8292423208191126,slashdot090221,48,zscored,3.747795474295934e-05
tgt_in,36625,-0.5762853578860658,-0.576285357886057,0.019102528224885007,0.02619572284812763,-21.999215720334917,0.0,0.5619820563021996,"cluster_2way(u,v)",0.20671020782700456,0.8292423208191126,slashdot090221,48,zscored,0.0
const,36770,4.770728151644438,,0.058667689139379454,0.07239880794657826,65.89512019541358,0.0,118.00513631887921,"cluster_2way(u,v)",0.216198706729673,0.8334511830296437,slashdot090221,49,raw,
src_out,36770,-2.8883502898609055,-1.111881763336341,0.05283639055109783,0.07127566642800644,-40.52365182412356,0.0,0.05566797292106644,"cluster_2way(u,v)",0.216198706729673,0.8334511830296437,slashdot090221,49,raw,0.0
src_in,36770,-0.28509598406310455,-0.1096245592081302,0.04467426258344274,0.05429142742045647,-5.251215479290994,1.5109879170083218e-07,0.751942076399761,"cluster_2way(u,v)",0.216198706729673,0.8334511830296437,slashdot090221,49,raw,2.0146505560110958e-07
tgt_out,36770,-0.09371462315502715,-0.03605048019776992,0.04037759559802787,0.045720730815674494,-2.049718398702823,0.040391918535823024,0.910542572933703,"cluster_2way(u,v)",0.216198706729673,0.8334511830296437,slashdot090221,49,raw,0.040391918535823024
tgt_in,36770,-1.9007922839172766,-0.6493814533677159,0.05842829239720221,0.07352012134860805,-25.854041710627072,0.0,0.1494501653418443,"cluster_2way(u,v)",0.216198706729673,0.8334511830296437,slashdot090221,49,raw,0.0
const,36770,2.236110812056669,,0.022504245548347748,0.02975106170882046,75.16070632846414,0.0,9.356869805389172,"cluster_2way(u,v)",0.216198706729673,0.8334511830296437,slashdot090221,49,zscored,
src_out,36770,-1.1118817633363414,-1.1118817633361755,0.020339575604977365,0.027437847116101168,-40.523651824120826,0.0,0.32893939222887086,"cluster_2way(u,v)",0.216198706729673,0.8334511830296437,slashdot090221,49,zscored,0.0
src_in,36770,-0.10962455920813048,-0.10962455920810803,0.017178061486036667,0.020876035203744998,-5.2512154792910435,1.5109879170083218e-07,0.8961705311180731,"cluster_2way(u,v)",0.216198706729673,0.8334511830296437,slashdot090221,49,zscored,2.0146505560110958e-07
tgt_out,36770,-0.03605048019776972,-0.03605048019776894,0.015532599518991564,0.017588016100447783,-2.0497183987028467,0.0403919185358208,0.9645915994793832,"cluster_2way(u,v)",0.216198706729673,0.8334511830296437,slashdot090221,49,zscored,0.0403919185358208
tgt_in,36770,-0.6493814533677174,-0.6493814533677182,0.019961281280295267,0.02511721225779378,-25.8540417106288,0.0,0.5223687863060634,"cluster_2way(u,v)",0.216198706729673,0.8334511830296437,slashdot090221,49,zscored,0.0
const,36782,4.698164785453192,,0.05755796866859025,0.07428361976665476,63.24630921610197,0.0,109.74558084036836,"cluster_2way(u,v)",0.2157007530789289,0.8308955467348159,slashdot090221,50,raw,
src_out,36782,-2.87920585221753,-1.1089062424593261,0.05197373362918371,0.06966079547679908,-41.33179692408861,0.0,0.05617935983751976,"cluster_2way(u,v)",0.2157007530789289,0.8308955467348159,slashdot090221,50,raw,0.0
src_in,36782,-0.22029978482589338,-0.08483501726953419,0.04386494824628672,0.05325516542387135,-4.13668388920533,3.523609942512884e-05,0.802278251062312,"cluster_2way(u,v)",0.2157007530789289,0.8308955467348159,slashdot090221,50,raw,4.698146590017179e-05
tgt_out,36782,-0.12435431341542648,-0.04779707156118552,0.0400844994955162,0.04439570686983274,-2.801043663524283,0.005093762645131061,0.8830669029965282,"cluster_2way(u,v)",0.2157007530789289,0.8308955467348159,slashdot090221,50,raw,0.005093762645131061
tgt_in,36782,-1.8896276810791515,-0.6489282412645008,0.05757249797933183,0.07303204784602513,-25.873951735039526,0.0,0.1511280662013983,"cluster_2way(u,v)",0.2157007530789289,0.8308955467348159,slashdot090221,50,raw,0.0
const,36782,2.2066013862545932,,0.02217974313450553,0.030628014694691893,72.0451981054135,0.0,9.084788180302038,"cluster_2way(u,v)",0.2157007530789289,0.8308955467348159,slashdot090221,50,zscored,
src_out,36782,-1.1089062424593261,-1.108906242459262,0.02001732443719782,0.026829374113490848,-41.331796924093176,0.0,0.3299196158724593,"cluster_2way(u,v)",0.2157007530789289,0.8308955467348159,slashdot090221,50,zscored,0.0
src_in,36782,-0.0848350172695341,-0.0848350172695192,0.016891907747172558,0.02050797680985764,-4.136683889205305,3.523609942512884e-05,0.9186638355674231,"cluster_2way(u,v)",0.2157007530789289,0.8308955467348159,slashdot090221,50,zscored,4.698146590017179e-05
tgt_out,36782,-0.047797071561185296,-0.047797071561184,0.015406958056058899,0.017064022308401445,-2.8010436635243074,0.005093762645130617,0.9533272246552269,"cluster_2way(u,v)",0.2157007530789289,0.8308955467348159,slashdot090221,50,zscored,0.005093762645130617
tgt_in,36782,-0.6489282412645005,-0.6489282412644852,0.019771312747488046,0.025080368391718018,-25.87395173504661,0.0,0.5226055838180561,"cluster_2way(u,v)",0.2157007530789289,0.8308955467348159,slashdot090221,50,zscored,0.0
const,36785,4.494702773709614,,0.054912482442327375,0.07147466515529909,62.88525820923527,0.0,89.54155092653065,"cluster_2way(u,v)",0.204804166322905,0.8238412396357211,slashdot090221,51,raw,
src_out,36785,-2.762129359733262,-1.0615422895236122,0.04995991689816904,0.06959875611940067,-39.68647593348752,0.0,0.06315714080276676,"cluster_2way(u,v)",0.204804166322905,0.8238412396357211,slashdot090221,51,raw,0.0
src_in,36785,-0.26143788834963255,-0.10067192120572666,0.04315010727365935,0.05423870861961166,-4.820134826276113,1.4346123251574028e-06,0.7699436964128796,"cluster_2way(u,v)",0.204804166322905,0.8238412396357211,slashdot090221,51,raw,1.912816433543204e-06
tgt_out,36785,-0.06027631450347895,-0.0231739886819325,0.039383639856282654,0.04560517700848014,-1.3216989486143373,0.18626841891662593,0.9415043463331683,"cluster_2way(u,v)",0.204804166322905,0.8238412396357211,slashdot090221,51,raw,0.18626841891662593
tgt_in,36785,-1.8121199280297036,-0.6209319476697869,0.055600787490379056,0.07652711004133592,-23.67945068160671,0.0,0.16330756928980372,"cluster_2way(u,v)",0.204804166322905,0.8238412396357211,slashdot090221,51,raw,0.0
const,36785,2.0981882758053194,,0.020967228357311095,0.02906346944997697,72.19331743640063,0.0,8.151388458960897,"cluster_2way(u,v)",0.204804166322905,0.8238412396357211,slashdot090221,51,zscored,
src_out,36785,-1.061542289523612,-1.061542289523643,0.01920060853833901,0.026748212446544187,-39.686475933488445,0.0,0.345921887001404,"cluster_2way(u,v)",0.204804166322905,0.8238412396357211,slashdot090221,51,zscored,0.0
src_in,36785,-0.1006719212057266,-0.10067192120573627,0.01661581734344127,0.020885706486244236,-4.820134826276106,1.4346123251574028e-06,0.904229642798448,"cluster_2way(u,v)",0.204804166322905,0.8238412396357211,slashdot090221,51,zscored,1.912816433543204e-06
tgt_out,36785,-0.023173988681932538,-0.023173988681932458,0.015141536635092758,0.017533484993861797,-1.3216989486143453,0.18626841891662327,0.9770924659528404,"cluster_2way(u,v)",0.204804166322905,0.8238412396357211,slashdot090221,51,zscored,0.18626841891662327
tgt_in,36785,-0.620931947669786,-0.620931947669783,0.01905188764515897,0.026222396626460413,-23.679450681606195,0.0,0.5374433350665189,"cluster_2way(u,v)",0.204804166322905,0.8238412396357211,slashdot090221,51,zscored,0.0
